session_id,experiment_id,scenario_id,trial_id,event_id,condition_id,variant_id,variant_label,candidate_count,has_pose_count,vcd_score_count,vcd_score_min,vcd_score_p50,vcd_score_p95,visibility_score_count,visibility_score_min,visibility_score_p50,visibility_score_p95,geometry_core_score_count,geometry_core_score_min,geometry_core_score_p50,geometry_core_score_p95,color_projection_score_count,color_projection_score_min,color_projection_score_p50,color_projection_score_p95,depth_alignment_score_count,depth_alignment_score_min,depth_alignment_score_p50,depth_alignment_score_p95,depth_abs_score_count,depth_abs_score_min,depth_abs_score_p50,depth_abs_score_p95,depth_struct_score_count,depth_struct_score_min,depth_struct_score_p50,depth_struct_score_p95,depth_alpha_count,depth_alpha_min,depth_alpha_p50,depth_alpha_p95,render_quality_mask_iou_count,render_quality_mask_iou_min,render_quality_mask_iou_p50,render_quality_mask_iou_p95,render_quality_area_ratio_score_count,render_quality_area_ratio_score_min,render_quality_area_ratio_score_p50,render_quality_area_ratio_score_p95,render_quality_render_visible_ratio_count,render_quality_render_visible_ratio_min,render_quality_render_visible_ratio_p50,render_quality_render_visible_ratio_p95,render_quality_observed_visible_ratio_count,render_quality_observed_visible_ratio_min,render_quality_observed_visible_ratio_p50,render_quality_observed_visible_ratio_p95,render_quality_render_area_px_count,render_quality_render_area_px_min,render_quality_render_area_px_p50,render_quality_render_area_px_p95,render_quality_depth_inlier_count,render_quality_depth_inlier_min,render_quality_depth_inlier_p50,render_quality_depth_inlier_p95,render_quality_depth_alignment_count,render_quality_depth_alignment_min,render_quality_depth_alignment_p50,render_quality_depth_alignment_p95,render_quality_depth_absolute_count,render_quality_depth_absolute_min,render_quality_depth_absolute_p50,render_quality_depth_absolute_p95,render_quality_depth_structural_count,render_quality_depth_structural_min,render_quality_depth_structural_p50,render_quality_depth_structural_p95,render_quality_depth_alpha_count,render_quality_depth_alpha_min,render_quality_depth_alpha_p50,render_quality_depth_alpha_p95,render_quality_depth_residual_m_count,render_quality_depth_residual_m_min,render_quality_depth_residual_m_p50,render_quality_depth_residual_m_p95,render_quality_ms_count,render_quality_ms_min,render_quality_ms_p50,render_quality_ms_p95,render_quality_evaluated_count,render_quality_valid_count
20260717_203329_controller_right,exp1_system_characterization,static_head_motion,trial_001,,exp1_system_characterization/static_head_motion,Arrival-Hold,Arrival-Hold,155,155,155,0.8113540410995483,0.9116385579109192,0.9306263864040375,155,0.9890219560878244,0.991869918699187,0.9938475811499597,155,0.8186598667689198,0.9194976270092913,0.9386887289967156,155,0.9405664930097187,0.9507347166075992,0.9596613295197752,155,0.7905443219963564,0.9116104073187622,0.9353517740119468,155,0.7905443219963564,0.9116104073187622,0.9353517740119468,155,0.0,0.0,0.0,155,0.0,0.0,0.0,155,0.8026056060007896,0.8162863886703383,0.8266296651453356,155,1.0,1.0,1.0,155,0.9890219560878244,0.991869918699187,0.9938475811499597,155,0.8080286168521462,0.8217620787657328,0.8335814722911498,155,1995.0,2073.0,2120.3,155,0.8109826589595376,0.9509641873278237,0.9804268687255756,155,0.7905443219963564,0.9116104073187622,0.9353517740119468,155,0.7905443219963564,0.9116104073187622,0.9353517740119468,155,0.0,0.0,0.0,155,0.0,0.0,0.0,155,0.0016880333423614502,0.0025090277194976807,0.0032234668731689455,155,3.2691999986127485,3.6168999977235217,4.245999998602201,155,155
20260717_203329_controller_right,exp1_system_characterization,static_head_motion,trial_001,,exp1_system_characterization/static_head_motion,Capture-Hold,Capture-Hold,155,155,155,0.8113540410995483,0.9116385579109192,0.9306263864040375,155,0.9890219560878244,0.991869918699187,0.9938475811499597,155,0.8186598667689198,0.9194976270092913,0.9386887289967156,155,0.9405664930097187,0.9507347166075992,0.9596613295197752,155,0.7905443219963564,0.9116104073187622,0.9353517740119468,155,0.7905443219963564,0.9116104073187622,0.9353517740119468,155,0.0,0.0,0.0,155,0.0,0.0,0.0,155,0.8026056060007896,0.8162863886703383,0.8266296651453356,155,1.0,1.0,1.0,155,0.9890219560878244,0.991869918699187,0.9938475811499597,155,0.8080286168521462,0.8217620787657328,0.8335814722911498,155,1995.0,2073.0,2120.3,155,0.8109826589595376,0.9509641873278237,0.9804268687255756,155,0.7905443219963564,0.9116104073187622,0.9353517740119468,155,0.7905443219963564,0.9116104073187622,0.9353517740119468,155,0.0,0.0,0.0,155,0.0,0.0,0.0,155,0.0016880333423614502,0.0025090277194976807,0.0032234668731689455,155,3.2691999986127485,3.6168999977235217,4.245999998602201,155,155
20260717_203329_controller_right,exp1_system_characterization,static_head_motion,trial_001,,exp1_system_characterization/static_head_motion,EgoAnchor,EgoAnchor,155,155,155,0.8113540410995483,0.9116385579109192,0.9306263864040375,155,0.9890219560878244,0.991869918699187,0.9938475811499597,155,0.8186598667689198,0.9194976270092913,0.9386887289967156,155,0.9405664930097187,0.9507347166075992,0.9596613295197752,155,0.7905443219963564,0.9116104073187622,0.9353517740119468,155,0.7905443219963564,0.9116104073187622,0.9353517740119468,155,0.0,0.0,0.0,155,0.0,0.0,0.0,155,0.8026056060007896,0.8162863886703383,0.8266296651453356,155,1.0,1.0,1.0,155,0.9890219560878244,0.991869918699187,0.9938475811499597,155,0.8080286168521462,0.8217620787657328,0.8335814722911498,155,1995.0,2073.0,2120.3,155,0.8109826589595376,0.9509641873278237,0.9804268687255756,155,0.7905443219963564,0.9116104073187622,0.9353517740119468,155,0.7905443219963564,0.9116104073187622,0.9353517740119468,155,0.0,0.0,0.0,155,0.0,0.0,0.0,155,0.0016880333423614502,0.0025090277194976807,0.0032234668731689455,155,3.2691999986127485,3.6168999977235217,4.245999998602201,155,155
20260717_203329_controller_right,exp1_system_characterization,static_head_motion,trial_001,,exp1_system_characterization/static_head_motion,One-Euro Anchor,One-Euro Anchor,155,155,155,0.8113540410995483,0.9116385579109192,0.9306263864040375,155,0.9890219560878244,0.991869918699187,0.9938475811499597,155,0.8186598667689198,0.9194976270092913,0.9386887289967156,155,0.9405664930097187,0.9507347166075992,0.9596613295197752,155,0.7905443219963564,0.9116104073187622,0.9353517740119468,155,0.7905443219963564,0.9116104073187622,0.9353517740119468,155,0.0,0.0,0.0,155,0.0,0.0,0.0,155,0.8026056060007896,0.8162863886703383,0.8266296651453356,155,1.0,1.0,1.0,155,0.9890219560878244,0.991869918699187,0.9938475811499597,155,0.8080286168521462,0.8217620787657328,0.8335814722911498,155,1995.0,2073.0,2120.3,155,0.8109826589595376,0.9509641873278237,0.9804268687255756,155,0.7905443219963564,0.9116104073187622,0.9353517740119468,155,0.7905443219963564,0.9116104073187622,0.9353517740119468,155,0.0,0.0,0.0,155,0.0,0.0,0.0,155,0.0016880333423614502,0.0025090277194976807,0.0032234668731689455,155,3.2691999986127485,3.6168999977235217,4.245999998602201,155,155
20260717_203329_controller_right,exp1_system_characterization,static_head_motion,trial_001,event_001,exp1_system_characterization/static_head_motion,Arrival-Hold,Arrival-Hold,153,153,153,0.25346115231513977,0.9055871963500977,0.9332891225814819,153,0.9735963581183612,0.9896856581532416,0.9922918227270352,153,0.2588142420363238,0.9149687881680113,0.9431928576831952,153,0.8897141286661097,0.9513821693238106,0.9624268597898499,153,0.1900739464639044,0.9055142819126949,0.9404538149794701,153,0.1900739464639044,0.9040734374946243,0.9404538149794701,153,0.0,0.0,0.9697475219247527,153,0.0,0.0,0.35,153,0.6640625,0.8329268292682926,0.8639053801525198,153,1.0,1.0,1.0,153,0.9735963581183612,0.9896856581532416,0.9922918227270352,153,0.6656225528582616,0.8396856581532417,0.8737301627116295,153,1706.0,2256.0,2714.2000000000003,153,0.2104887620406707,0.9455919395465995,0.9834343329153021,153,0.1900739464639044,0.9055142819126949,0.9404538149794701,153,0.1900739464639044,0.9040734374946243,0.9404538149794701,153,0.0,0.0,0.9697475219247527,153,0.0,0.0,0.35,153,0.001241043210029602,0.00256231427192688,0.004131367802619934,153,3.264099999796599,3.7015999987488613,4.513859997678082,153,153
20260717_203329_controller_right,exp1_system_characterization,static_head_motion,trial_001,event_001,exp1_system_characterization/static_head_motion,Capture-Hold,Capture-Hold,153,153,153,0.25346115231513977,0.9055871963500977,0.9332891225814819,153,0.9735963581183612,0.9896856581532416,0.9922918227270352,153,0.2588142420363238,0.9149687881680113,0.9431928576831952,153,0.8897141286661097,0.9513821693238106,0.9624268597898499,153,0.1900739464639044,0.9055142819126949,0.9404538149794701,153,0.1900739464639044,0.9040734374946243,0.9404538149794701,153,0.0,0.0,0.9697475219247527,153,0.0,0.0,0.35,153,0.6640625,0.8329268292682926,0.8639053801525198,153,1.0,1.0,1.0,153,0.9735963581183612,0.9896856581532416,0.9922918227270352,153,0.6656225528582616,0.8396856581532417,0.8737301627116295,153,1706.0,2256.0,2714.2000000000003,153,0.2104887620406707,0.9455919395465995,0.9834343329153021,153,0.1900739464639044,0.9055142819126949,0.9404538149794701,153,0.1900739464639044,0.9040734374946243,0.9404538149794701,153,0.0,0.0,0.9697475219247527,153,0.0,0.0,0.35,153,0.001241043210029602,0.00256231427192688,0.004131367802619934,153,3.264099999796599,3.7015999987488613,4.513859997678082,153,153
20260717_203329_controller_right,exp1_system_characterization,static_head_motion,trial_001,event_001,exp1_system_characterization/static_head_motion,EgoAnchor,EgoAnchor,153,153,153,0.25346115231513977,0.9055871963500977,0.9332891225814819,153,0.9735963581183612,0.9896856581532416,0.9922918227270352,153,0.2588142420363238,0.9149687881680113,0.9431928576831952,153,0.8897141286661097,0.9513821693238106,0.9624268597898499,153,0.1900739464639044,0.9055142819126949,0.9404538149794701,153,0.1900739464639044,0.9040734374946243,0.9404538149794701,153,0.0,0.0,0.9697475219247527,153,0.0,0.0,0.35,153,0.6640625,0.8329268292682926,0.8639053801525198,153,1.0,1.0,1.0,153,0.9735963581183612,0.9896856581532416,0.9922918227270352,153,0.6656225528582616,0.8396856581532417,0.8737301627116295,153,1706.0,2256.0,2714.2000000000003,153,0.2104887620406707,0.9455919395465995,0.9834343329153021,153,0.1900739464639044,0.9055142819126949,0.9404538149794701,153,0.1900739464639044,0.9040734374946243,0.9404538149794701,153,0.0,0.0,0.9697475219247527,153,0.0,0.0,0.35,153,0.001241043210029602,0.00256231427192688,0.004131367802619934,153,3.264099999796599,3.7015999987488613,4.513859997678082,153,153
20260717_203329_controller_right,exp1_system_characterization,static_head_motion,trial_001,event_001,exp1_system_characterization/static_head_motion,One-Euro Anchor,One-Euro Anchor,153,153,153,0.25346115231513977,0.9055871963500977,0.9332891225814819,153,0.9735963581183612,0.9896856581532416,0.9922918227270352,153,0.2588142420363238,0.9149687881680113,0.9431928576831952,153,0.8897141286661097,0.9513821693238106,0.9624268597898499,153,0.1900739464639044,0.9055142819126949,0.9404538149794701,153,0.1900739464639044,0.9040734374946243,0.9404538149794701,153,0.0,0.0,0.9697475219247527,153,0.0,0.0,0.35,153,0.6640625,0.8329268292682926,0.8639053801525198,153,1.0,1.0,1.0,153,0.9735963581183612,0.9896856581532416,0.9922918227270352,153,0.6656225528582616,0.8396856581532417,0.8737301627116295,153,1706.0,2256.0,2714.2000000000003,153,0.2104887620406707,0.9455919395465995,0.9834343329153021,153,0.1900739464639044,0.9055142819126949,0.9404538149794701,153,0.1900739464639044,0.9040734374946243,0.9404538149794701,153,0.0,0.0,0.9697475219247527,153,0.0,0.0,0.35,153,0.001241043210029602,0.00256231427192688,0.004131367802619934,153,3.264099999796599,3.7015999987488613,4.513859997678082,153,153
20260717_203329_controller_right,exp1_system_characterization,static_head_motion,trial_001,event_002,exp1_system_characterization/static_head_motion,Arrival-Hold,Arrival-Hold,169,169,169,0.5385659337043762,0.9122867584228516,0.9313842296600342,169,0.9825823551684968,0.9887031179394488,0.9924938532716457,169,0.5481127463934171,0.9225748942116722,0.9435842654229663,169,0.9395067234531428,0.9520369386596166,0.9580459364656752,169,0.47777292964666734,0.9156871303279042,0.9405036939311998,169,0.47777292964666734,0.9156871303279042,0.9405036939311998,169,0.0,0.0,0.0,169,0.0,0.0,0.0,169,0.8104395604395604,0.8436507936507937,0.8661118062446966,169,1.0,1.0,1.0,169,0.9825823551684968,0.9887031179394488,0.9924938532716457,169,0.8155608214849921,0.8516836927733636,0.8776911345933153,169,2035.0,2219.0,2814.2,169,0.45023902651021297,0.95578231292517,0.9769752180569584,169,0.47777292964666734,0.9156871303279042,0.9405036939311998,169,0.47777292964666734,0.9156871303279042,0.9405036939311998,169,0.0,0.0,0.0,169,0.0,0.0,0.0,169,0.0012993812561035156,0.0023005008697509766,0.0033162832260131827,169,3.2838000006449874,3.6595999990822747,4.330240000126651,169,169
20260717_203329_controller_right,exp1_system_characterization,static_head_motion,trial_001,event_002,exp1_system_characterization/static_head_motion,Capture-Hold,Capture-Hold,169,169,169,0.5385659337043762,0.9122867584228516,0.9313842296600342,169,0.9825823551684968,0.9887031179394488,0.9924938532716457,169,0.5481127463934171,0.9225748942116722,0.9435842654229663,169,0.9395067234531428,0.9520369386596166,0.9580459364656752,169,0.47777292964666734,0.9156871303279042,0.9405036939311998,169,0.47777292964666734,0.9156871303279042,0.9405036939311998,169,0.0,0.0,0.0,169,0.0,0.0,0.0,169,0.8104395604395604,0.8436507936507937,0.8661118062446966,169,1.0,1.0,1.0,169,0.9825823551684968,0.9887031179394488,0.9924938532716457,169,0.8155608214849921,0.8516836927733636,0.8776911345933153,169,2035.0,2219.0,2814.2,169,0.45023902651021297,0.95578231292517,0.9769752180569584,169,0.47777292964666734,0.9156871303279042,0.9405036939311998,169,0.47777292964666734,0.9156871303279042,0.9405036939311998,169,0.0,0.0,0.0,169,0.0,0.0,0.0,169,0.0012993812561035156,0.0023005008697509766,0.0033162832260131827,169,3.2838000006449874,3.6595999990822747,4.330240000126651,169,169
20260717_203329_controller_right,exp1_system_characterization,static_head_motion,trial_001,event_002,exp1_system_characterization/static_head_motion,EgoAnchor,EgoAnchor,169,169,169,0.5385659337043762,0.9122867584228516,0.9313842296600342,169,0.9825823551684968,0.9887031179394488,0.9924938532716457,169,0.5481127463934171,0.9225748942116722,0.9435842654229663,169,0.9395067234531428,0.9520369386596166,0.9580459364656752,169,0.47777292964666734,0.9156871303279042,0.9405036939311998,169,0.47777292964666734,0.9156871303279042,0.9405036939311998,169,0.0,0.0,0.0,169,0.0,0.0,0.0,169,0.8104395604395604,0.8436507936507937,0.8661118062446966,169,1.0,1.0,1.0,169,0.9825823551684968,0.9887031179394488,0.9924938532716457,169,0.8155608214849921,0.8516836927733636,0.8776911345933153,169,2035.0,2219.0,2814.2,169,0.45023902651021297,0.95578231292517,0.9769752180569584,169,0.47777292964666734,0.9156871303279042,0.9405036939311998,169,0.47777292964666734,0.9156871303279042,0.9405036939311998,169,0.0,0.0,0.0,169,0.0,0.0,0.0,169,0.0012993812561035156,0.0023005008697509766,0.0033162832260131827,169,3.2838000006449874,3.6595999990822747,4.330240000126651,169,169
20260717_203329_controller_right,exp1_system_characterization,static_head_motion,trial_001,event_002,exp1_system_characterization/static_head_motion,One-Euro Anchor,One-Euro Anchor,169,169,169,0.5385659337043762,0.9122867584228516,0.9313842296600342,169,0.9825823551684968,0.9887031179394488,0.9924938532716457,169,0.5481127463934171,0.9225748942116722,0.9435842654229663,169,0.9395067234531428,0.9520369386596166,0.9580459364656752,169,0.47777292964666734,0.9156871303279042,0.9405036939311998,169,0.47777292964666734,0.9156871303279042,0.9405036939311998,169,0.0,0.0,0.0,169,0.0,0.0,0.0,169,0.8104395604395604,0.8436507936507937,0.8661118062446966,169,1.0,1.0,1.0,169,0.9825823551684968,0.9887031179394488,0.9924938532716457,169,0.8155608214849921,0.8516836927733636,0.8776911345933153,169,2035.0,2219.0,2814.2,169,0.45023902651021297,0.95578231292517,0.9769752180569584,169,0.47777292964666734,0.9156871303279042,0.9405036939311998,169,0.47777292964666734,0.9156871303279042,0.9405036939311998,169,0.0,0.0,0.0,169,0.0,0.0,0.0,169,0.0012993812561035156,0.0023005008697509766,0.0033162832260131827,169,3.2838000006449874,3.6595999990822747,4.330240000126651,169,169
20260717_203329_controller_right,exp1_system_characterization,static_head_motion,trial_001,event_003,exp1_system_characterization/static_head_motion,Arrival-Hold,Arrival-Hold,193,193,193,0.7909881472587585,0.9003947973251343,0.927360463142395,193,0.9819689866570501,0.9905737704918033,0.99467470106393,193,0.7981908371161451,0.9103167444273882,0.9366451668948167,193,0.9297545483902065,0.9489157738986796,0.956122101692872,193,0.7645707906044884,0.9008787881283864,0.9334229287381103,193,0.7645707906044884,0.9008787881283864,0.9334229287381103,193,0.0,0.0,0.0,193,0.0,0.0,0.0,193,0.7200572041473007,0.8427480916030534,0.8549444119074648,193,1.0,1.0,1.0,193,0.9819689866570501,0.9905737704918033,0.99467470106393,193,0.7221226245966296,0.8501228501228502,0.8629714221364552,193,2022.0,2406.0,2544.7999999999997,193,0.7868162692847125,0.945429104477612,0.9811647446751354,193,0.7645707906044884,0.9008787881283864,0.9334229287381103,193,0.7645707906044884,0.9008787881283864,0.9334229287381103,193,0.0,0.0,0.0,193,0.0,0.0,0.0,193,0.0014423280954360962,0.0025617480278015137,0.0033705949783325194,193,3.0430000006163027,3.440600001340499,4.1912399996363074,193,193
20260717_203329_controller_right,exp1_system_characterization,static_head_motion,trial_001,event_003,exp1_system_characterization/static_head_motion,Capture-Hold,Capture-Hold,193,193,193,0.7909881472587585,0.9003947973251343,0.927360463142395,193,0.9819689866570501,0.9905737704918033,0.99467470106393,193,0.7981908371161451,0.9103167444273882,0.9366451668948167,193,0.9297545483902065,0.9489157738986796,0.956122101692872,193,0.7645707906044884,0.9008787881283864,0.9334229287381103,193,0.7645707906044884,0.9008787881283864,0.9334229287381103,193,0.0,0.0,0.0,193,0.0,0.0,0.0,193,0.7200572041473007,0.8427480916030534,0.8549444119074648,193,1.0,1.0,1.0,193,0.9819689866570501,0.9905737704918033,0.99467470106393,193,0.7221226245966296,0.8501228501228502,0.8629714221364552,193,2022.0,2406.0,2544.7999999999997,193,0.7868162692847125,0.945429104477612,0.9811647446751354,193,0.7645707906044884,0.9008787881283864,0.9334229287381103,193,0.7645707906044884,0.9008787881283864,0.9334229287381103,193,0.0,0.0,0.0,193,0.0,0.0,0.0,193,0.0014423280954360962,0.0025617480278015137,0.0033705949783325194,193,3.0430000006163027,3.440600001340499,4.1912399996363074,193,193
20260717_203329_controller_right,exp1_system_characterization,static_head_motion,trial_001,event_003,exp1_system_characterization/static_head_motion,EgoAnchor,EgoAnchor,193,193,193,0.7909881472587585,0.9003947973251343,0.927360463142395,193,0.9819689866570501,0.9905737704918033,0.99467470106393,193,0.7981908371161451,0.9103167444273882,0.9366451668948167,193,0.9297545483902065,0.9489157738986796,0.956122101692872,193,0.7645707906044884,0.9008787881283864,0.9334229287381103,193,0.7645707906044884,0.9008787881283864,0.9334229287381103,193,0.0,0.0,0.0,193,0.0,0.0,0.0,193,0.7200572041473007,0.8427480916030534,0.8549444119074648,193,1.0,1.0,1.0,193,0.9819689866570501,0.9905737704918033,0.99467470106393,193,0.7221226245966296,0.8501228501228502,0.8629714221364552,193,2022.0,2406.0,2544.7999999999997,193,0.7868162692847125,0.945429104477612,0.9811647446751354,193,0.7645707906044884,0.9008787881283864,0.9334229287381103,193,0.7645707906044884,0.9008787881283864,0.9334229287381103,193,0.0,0.0,0.0,193,0.0,0.0,0.0,193,0.0014423280954360962,0.0025617480278015137,0.0033705949783325194,193,3.0430000006163027,3.440600001340499,4.1912399996363074,193,193
20260717_203329_controller_right,exp1_system_characterization,static_head_motion,trial_001,event_003,exp1_system_characterization/static_head_motion,One-Euro Anchor,One-Euro Anchor,193,193,193,0.7909881472587585,0.9003947973251343,0.927360463142395,193,0.9819689866570501,0.9905737704918033,0.99467470106393,193,0.7981908371161451,0.9103167444273882,0.9366451668948167,193,0.9297545483902065,0.9489157738986796,0.956122101692872,193,0.7645707906044884,0.9008787881283864,0.9334229287381103,193,0.7645707906044884,0.9008787881283864,0.9334229287381103,193,0.0,0.0,0.0,193,0.0,0.0,0.0,193,0.7200572041473007,0.8427480916030534,0.8549444119074648,193,1.0,1.0,1.0,193,0.9819689866570501,0.9905737704918033,0.99467470106393,193,0.7221226245966296,0.8501228501228502,0.8629714221364552,193,2022.0,2406.0,2544.7999999999997,193,0.7868162692847125,0.945429104477612,0.9811647446751354,193,0.7645707906044884,0.9008787881283864,0.9334229287381103,193,0.7645707906044884,0.9008787881283864,0.9334229287381103,193,0.0,0.0,0.0,193,0.0,0.0,0.0,193,0.0014423280954360962,0.0025617480278015137,0.0033705949783325194,193,3.0430000006163027,3.440600001340499,4.1912399996363074,193,193
20260717_203329_controller_right,exp1_system_characterization,static_head_motion,trial_001,event_004,exp1_system_characterization/static_head_motion,Arrival-Hold,Arrival-Hold,194,194,194,0.6775224208831787,0.8971851170063019,0.9256581038236618,194,0.9840785169029443,0.9885266298730425,0.9918472056893447,194,0.6829892794826306,0.9084087242987826,0.9353182332533543,194,0.9395849558114402,0.9525944329370175,0.9594413401186338,194,0.6306426593751618,0.8969835425906614,0.9314177219932359,194,0.6306426593751618,0.8969835425906614,0.9314177219932359,194,0.0,0.0,0.0,194,0.0,0.0,0.0,194,0.8274797375530684,0.8635763655563022,0.8859064046233565,194,1.0,1.0,1.0,194,0.9840785169029443,0.9885266298730425,0.9918472056893447,194,0.8342412451361868,0.8709686703438317,0.896484261173273,194,1943.0,2999.0,4928.2,194,0.6161616161616161,0.929462727847822,0.974772302121491,194,0.6306426593751618,0.8969835425906614,0.9314177219932359,194,0.6306426593751618,0.8969835425906614,0.9314177219932359,194,0.0,0.0,0.0,194,0.0,0.0,0.0,194,0.001322418451309204,0.00216095894575119,0.003440530598163605,194,3.0813999983365647,3.5608500002126675,4.171434998715995,194,194
20260717_203329_controller_right,exp1_system_characterization,static_head_motion,trial_001,event_004,exp1_system_characterization/static_head_motion,Capture-Hold,Capture-Hold,194,194,194,0.6775224208831787,0.8971851170063019,0.9256581038236618,194,0.9840785169029443,0.9885266298730425,0.9918472056893447,194,0.6829892794826306,0.9084087242987826,0.9353182332533543,194,0.9395849558114402,0.9525944329370175,0.9594413401186338,194,0.6306426593751618,0.8969835425906614,0.9314177219932359,194,0.6306426593751618,0.8969835425906614,0.9314177219932359,194,0.0,0.0,0.0,194,0.0,0.0,0.0,194,0.8274797375530684,0.8635763655563022,0.8859064046233565,194,1.0,1.0,1.0,194,0.9840785169029443,0.9885266298730425,0.9918472056893447,194,0.8342412451361868,0.8709686703438317,0.896484261173273,194,1943.0,2999.0,4928.2,194,0.6161616161616161,0.929462727847822,0.974772302121491,194,0.6306426593751618,0.8969835425906614,0.9314177219932359,194,0.6306426593751618,0.8969835425906614,0.9314177219932359,194,0.0,0.0,0.0,194,0.0,0.0,0.0,194,0.001322418451309204,0.00216095894575119,0.003440530598163605,194,3.0813999983365647,3.5608500002126675,4.171434998715995,194,194
20260717_203329_controller_right,exp1_system_characterization,static_head_motion,trial_001,event_004,exp1_system_characterization/static_head_motion,EgoAnchor,EgoAnchor,194,194,194,0.6775224208831787,0.8971851170063019,0.9256581038236618,194,0.9840785169029443,0.9885266298730425,0.9918472056893447,194,0.6829892794826306,0.9084087242987826,0.9353182332533543,194,0.9395849558114402,0.9525944329370175,0.9594413401186338,194,0.6306426593751618,0.8969835425906614,0.9314177219932359,194,0.6306426593751618,0.8969835425906614,0.9314177219932359,194,0.0,0.0,0.0,194,0.0,0.0,0.0,194,0.8274797375530684,0.8635763655563022,0.8859064046233565,194,1.0,1.0,1.0,194,0.9840785169029443,0.9885266298730425,0.9918472056893447,194,0.8342412451361868,0.8709686703438317,0.896484261173273,194,1943.0,2999.0,4928.2,194,0.6161616161616161,0.929462727847822,0.974772302121491,194,0.6306426593751618,0.8969835425906614,0.9314177219932359,194,0.6306426593751618,0.8969835425906614,0.9314177219932359,194,0.0,0.0,0.0,194,0.0,0.0,0.0,194,0.001322418451309204,0.00216095894575119,0.003440530598163605,194,3.0813999983365647,3.5608500002126675,4.171434998715995,194,194
20260717_203329_controller_right,exp1_system_characterization,static_head_motion,trial_001,event_004,exp1_system_characterization/static_head_motion,One-Euro Anchor,One-Euro Anchor,194,194,194,0.6775224208831787,0.8971851170063019,0.9256581038236618,194,0.9840785169029443,0.9885266298730425,0.9918472056893447,194,0.6829892794826306,0.9084087242987826,0.9353182332533543,194,0.9395849558114402,0.9525944329370175,0.9594413401186338,194,0.6306426593751618,0.8969835425906614,0.9314177219932359,194,0.6306426593751618,0.8969835425906614,0.9314177219932359,194,0.0,0.0,0.0,194,0.0,0.0,0.0,194,0.8274797375530684,0.8635763655563022,0.8859064046233565,194,1.0,1.0,1.0,194,0.9840785169029443,0.9885266298730425,0.9918472056893447,194,0.8342412451361868,0.8709686703438317,0.896484261173273,194,1943.0,2999.0,4928.2,194,0.6161616161616161,0.929462727847822,0.974772302121491,194,0.6306426593751618,0.8969835425906614,0.9314177219932359,194,0.6306426593751618,0.8969835425906614,0.9314177219932359,194,0.0,0.0,0.0,194,0.0,0.0,0.0,194,0.001322418451309204,0.00216095894575119,0.003440530598163605,194,3.0813999983365647,3.5608500002126675,4.171434998715995,194,194
20260717_203749_controller_right,exp1_system_characterization,start_stop_6dof,trial_001,,exp1_system_characterization/start_stop_6dof,Arrival-Hold,Arrival-Hold,89,89,89,0.7035154104232788,0.925399661064148,0.9430417776107788,89,0.7825656265477959,0.9950617283950617,1.0,89,0.8699790686343922,0.9297077115696063,0.9462509191835473,89,0.9461168482955173,0.9540400770789972,0.9571686586655701,89,0.8501520247087566,0.923800577560971,0.9447365946883279,89,0.8501520247087566,0.923800577560971,0.9447365946883279,89,0.0,0.0,0.0,89,0.0,0.0,0.0,89,0.6126405583559519,0.7868157286044719,0.8112863404212546,89,1.0,1.0,1.0,89,0.7825656265477959,0.9950617283950617,1.0,89,0.7383177570093458,0.7945259817532725,0.8122306187715113,89,1976.0,2026.0,2049.2,89,0.8835616438356164,0.9586129753914989,0.9761822926973528,89,0.8501520247087566,0.923800577560971,0.9447365946883279,89,0.8501520247087566,0.923800577560971,0.9447365946883279,89,0.0,0.0,0.0,89,0.0,0.0,0.0,89,0.001497507095336914,0.0021718591451644897,0.0029687404632568358,89,3.2696999987820163,3.6862999986624345,4.254079999373062,89,89
20260717_203749_controller_right,exp1_system_characterization,start_stop_6dof,trial_001,,exp1_system_characterization/start_stop_6dof,Capture-Hold,Capture-Hold,89,89,89,0.7035154104232788,0.925399661064148,0.9430417776107788,89,0.7825656265477959,0.9950617283950617,1.0,89,0.8699790686343922,0.9297077115696063,0.9462509191835473,89,0.9461168482955173,0.9540400770789972,0.9571686586655701,89,0.8501520247087566,0.923800577560971,0.9447365946883279,89,0.8501520247087566,0.923800577560971,0.9447365946883279,89,0.0,0.0,0.0,89,0.0,0.0,0.0,89,0.6126405583559519,0.7868157286044719,0.8112863404212546,89,1.0,1.0,1.0,89,0.7825656265477959,0.9950617283950617,1.0,89,0.7383177570093458,0.7945259817532725,0.8122306187715113,89,1976.0,2026.0,2049.2,89,0.8835616438356164,0.9586129753914989,0.9761822926973528,89,0.8501520247087566,0.923800577560971,0.9447365946883279,89,0.8501520247087566,0.923800577560971,0.9447365946883279,89,0.0,0.0,0.0,89,0.0,0.0,0.0,89,0.001497507095336914,0.0021718591451644897,0.0029687404632568358,89,3.2696999987820163,3.6862999986624345,4.254079999373062,89,89
20260717_203749_controller_right,exp1_system_characterization,start_stop_6dof,trial_001,,exp1_system_characterization/start_stop_6dof,EgoAnchor,EgoAnchor,89,89,89,0.7035154104232788,0.925399661064148,0.9430417776107788,89,0.7825656265477959,0.9950617283950617,1.0,89,0.8699790686343922,0.9297077115696063,0.9462509191835473,89,0.9461168482955173,0.9540400770789972,0.9571686586655701,89,0.8501520247087566,0.923800577560971,0.9447365946883279,89,0.8501520247087566,0.923800577560971,0.9447365946883279,89,0.0,0.0,0.0,89,0.0,0.0,0.0,89,0.6126405583559519,0.7868157286044719,0.8112863404212546,89,1.0,1.0,1.0,89,0.7825656265477959,0.9950617283950617,1.0,89,0.7383177570093458,0.7945259817532725,0.8122306187715113,89,1976.0,2026.0,2049.2,89,0.8835616438356164,0.9586129753914989,0.9761822926973528,89,0.8501520247087566,0.923800577560971,0.9447365946883279,89,0.8501520247087566,0.923800577560971,0.9447365946883279,89,0.0,0.0,0.0,89,0.0,0.0,0.0,89,0.001497507095336914,0.0021718591451644897,0.0029687404632568358,89,3.2696999987820163,3.6862999986624345,4.254079999373062,89,89
20260717_203749_controller_right,exp1_system_characterization,start_stop_6dof,trial_001,,exp1_system_characterization/start_stop_6dof,One-Euro Anchor,One-Euro Anchor,89,89,89,0.7035154104232788,0.925399661064148,0.9430417776107788,89,0.7825656265477959,0.9950617283950617,1.0,89,0.8699790686343922,0.9297077115696063,0.9462509191835473,89,0.9461168482955173,0.9540400770789972,0.9571686586655701,89,0.8501520247087566,0.923800577560971,0.9447365946883279,89,0.8501520247087566,0.923800577560971,0.9447365946883279,89,0.0,0.0,0.0,89,0.0,0.0,0.0,89,0.6126405583559519,0.7868157286044719,0.8112863404212546,89,1.0,1.0,1.0,89,0.7825656265477959,0.9950617283950617,1.0,89,0.7383177570093458,0.7945259817532725,0.8122306187715113,89,1976.0,2026.0,2049.2,89,0.8835616438356164,0.9586129753914989,0.9761822926973528,89,0.8501520247087566,0.923800577560971,0.9447365946883279,89,0.8501520247087566,0.923800577560971,0.9447365946883279,89,0.0,0.0,0.0,89,0.0,0.0,0.0,89,0.001497507095336914,0.0021718591451644897,0.0029687404632568358,89,3.2696999987820163,3.6862999986624345,4.254079999373062,89,89
20260717_203749_controller_right,exp1_system_characterization,start_stop_6dof,trial_001,event_001,exp1_system_characterization/start_stop_6dof,Arrival-Hold,Arrival-Hold,153,153,153,0.8764787912368774,0.9367824196815491,0.9496393322944641,153,0.986639260020555,0.9942252165543792,0.9971007312119025,153,0.8848467150693045,0.9422011391574545,0.9549591637532462,153,0.947433973859573,0.9546681937406338,0.9594428437560305,153,0.868372722252106,0.9392690189239634,0.9549023746723693,153,0.868372722252106,0.9392690189239634,0.9549023746723693,153,0.0,0.0,0.0,153,0.0,0.0,0.0,153,0.7528779739063699,0.8007936507936508,0.831168540960775,153,1.0,1.0,1.0,153,0.986639260020555,0.9942252165543792,0.9971007312119025,153,0.7551963048498845,0.8054123711340206,0.834826149083115,153,1645.0,1894.0,2059.8,153,0.8942364824717766,0.969751966122202,0.9834355316432764,153,0.868372722252106,0.9392690189239634,0.9549023746723693,153,0.868372722252106,0.9392690189239634,0.9549023746723693,153,0.0,0.0,0.0,153,0.0,0.0,0.0,153,0.0010730177164077759,0.001880258321762085,0.002983111143112183,153,3.260299999965355,3.8512000028276816,4.536359999474371,153,153
20260717_203749_controller_right,exp1_system_characterization,start_stop_6dof,trial_001,event_001,exp1_system_characterization/start_stop_6dof,Capture-Hold,Capture-Hold,153,153,153,0.8764787912368774,0.9367824196815491,0.9496393322944641,153,0.986639260020555,0.9942252165543792,0.9971007312119025,153,0.8848467150693045,0.9422011391574545,0.9549591637532462,153,0.947433973859573,0.9546681937406338,0.9594428437560305,153,0.868372722252106,0.9392690189239634,0.9549023746723693,153,0.868372722252106,0.9392690189239634,0.9549023746723693,153,0.0,0.0,0.0,153,0.0,0.0,0.0,153,0.7528779739063699,0.8007936507936508,0.831168540960775,153,1.0,1.0,1.0,153,0.986639260020555,0.9942252165543792,0.9971007312119025,153,0.7551963048498845,0.8054123711340206,0.834826149083115,153,1645.0,1894.0,2059.8,153,0.8942364824717766,0.969751966122202,0.9834355316432764,153,0.868372722252106,0.9392690189239634,0.9549023746723693,153,0.868372722252106,0.9392690189239634,0.9549023746723693,153,0.0,0.0,0.0,153,0.0,0.0,0.0,153,0.0010730177164077759,0.001880258321762085,0.002983111143112183,153,3.260299999965355,3.8512000028276816,4.536359999474371,153,153
20260717_203749_controller_right,exp1_system_characterization,start_stop_6dof,trial_001,event_001,exp1_system_characterization/start_stop_6dof,EgoAnchor,EgoAnchor,153,153,153,0.8764787912368774,0.9367824196815491,0.9496393322944641,153,0.986639260020555,0.9942252165543792,0.9971007312119025,153,0.8848467150693045,0.9422011391574545,0.9549591637532462,153,0.947433973859573,0.9546681937406338,0.9594428437560305,153,0.868372722252106,0.9392690189239634,0.9549023746723693,153,0.868372722252106,0.9392690189239634,0.9549023746723693,153,0.0,0.0,0.0,153,0.0,0.0,0.0,153,0.7528779739063699,0.8007936507936508,0.831168540960775,153,1.0,1.0,1.0,153,0.986639260020555,0.9942252165543792,0.9971007312119025,153,0.7551963048498845,0.8054123711340206,0.834826149083115,153,1645.0,1894.0,2059.8,153,0.8942364824717766,0.969751966122202,0.9834355316432764,153,0.868372722252106,0.9392690189239634,0.9549023746723693,153,0.868372722252106,0.9392690189239634,0.9549023746723693,153,0.0,0.0,0.0,153,0.0,0.0,0.0,153,0.0010730177164077759,0.001880258321762085,0.002983111143112183,153,3.260299999965355,3.8512000028276816,4.536359999474371,153,153
20260717_203749_controller_right,exp1_system_characterization,start_stop_6dof,trial_001,event_001,exp1_system_characterization/start_stop_6dof,One-Euro Anchor,One-Euro Anchor,153,153,153,0.8764787912368774,0.9367824196815491,0.9496393322944641,153,0.986639260020555,0.9942252165543792,0.9971007312119025,153,0.8848467150693045,0.9422011391574545,0.9549591637532462,153,0.947433973859573,0.9546681937406338,0.9594428437560305,153,0.868372722252106,0.9392690189239634,0.9549023746723693,153,0.868372722252106,0.9392690189239634,0.9549023746723693,153,0.0,0.0,0.0,153,0.0,0.0,0.0,153,0.7528779739063699,0.8007936507936508,0.831168540960775,153,1.0,1.0,1.0,153,0.986639260020555,0.9942252165543792,0.9971007312119025,153,0.7551963048498845,0.8054123711340206,0.834826149083115,153,1645.0,1894.0,2059.8,153,0.8942364824717766,0.969751966122202,0.9834355316432764,153,0.868372722252106,0.9392690189239634,0.9549023746723693,153,0.868372722252106,0.9392690189239634,0.9549023746723693,153,0.0,0.0,0.0,153,0.0,0.0,0.0,153,0.0010730177164077759,0.001880258321762085,0.002983111143112183,153,3.260299999965355,3.8512000028276816,4.536359999474371,153,153
20260717_203749_controller_right,exp1_system_characterization,start_stop_6dof,trial_001,event_002,exp1_system_characterization/start_stop_6dof,Arrival-Hold,Arrival-Hold,189,189,189,0.5782943964004517,0.9426414370536804,0.9609303593635559,189,0.6689342403628118,0.9944567627494457,0.9977829502383685,189,0.7827224205406039,0.9475411106352623,0.9649803906175269,189,0.5327902465866322,0.9546218256658667,0.9616605447002877,189,0.8217357108630047,0.9476639546548264,0.9671509908042177,189,0.8217357108630047,0.9476639546548264,0.9671509908042177,189,0.0,0.0,0.0,189,0.0,0.0,0.0,189,0.587942202291978,0.8375232774674115,0.8591242541242541,189,0.8066893424036281,1.0,1.0,189,0.6689342403628118,0.9944567627494457,0.9977829502383685,189,0.7854945054945055,0.845380564863571,0.8650317894612523,189,1449.0,1788.0,1914.6,189,0.8226141078838174,0.9771386430678466,0.9943074003795066,189,0.8217357108630047,0.9476639546548264,0.9671509908042177,189,0.8217357108630047,0.9476639546548264,0.9671509908042177,189,0.0,0.0,0.0,189,0.0,0.0,0.0,189,0.0007168501615524292,0.0018172860145568848,0.003012537956237793,189,3.193100001226412,3.560600001947023,4.389600000286008,189,189
20260717_203749_controller_right,exp1_system_characterization,start_stop_6dof,trial_001,event_002,exp1_system_characterization/start_stop_6dof,Capture-Hold,Capture-Hold,189,189,189,0.5782943964004517,0.9426414370536804,0.9609303593635559,189,0.6689342403628118,0.9944567627494457,0.9977829502383685,189,0.7827224205406039,0.9475411106352623,0.9649803906175269,189,0.5327902465866322,0.9546218256658667,0.9616605447002877,189,0.8217357108630047,0.9476639546548264,0.9671509908042177,189,0.8217357108630047,0.9476639546548264,0.9671509908042177,189,0.0,0.0,0.0,189,0.0,0.0,0.0,189,0.587942202291978,0.8375232774674115,0.8591242541242541,189,0.8066893424036281,1.0,1.0,189,0.6689342403628118,0.9944567627494457,0.9977829502383685,189,0.7854945054945055,0.845380564863571,0.8650317894612523,189,1449.0,1788.0,1914.6,189,0.8226141078838174,0.9771386430678466,0.9943074003795066,189,0.8217357108630047,0.9476639546548264,0.9671509908042177,189,0.8217357108630047,0.9476639546548264,0.9671509908042177,189,0.0,0.0,0.0,189,0.0,0.0,0.0,189,0.0007168501615524292,0.0018172860145568848,0.003012537956237793,189,3.193100001226412,3.560600001947023,4.389600000286008,189,189
20260717_203749_controller_right,exp1_system_characterization,start_stop_6dof,trial_001,event_002,exp1_system_characterization/start_stop_6dof,EgoAnchor,EgoAnchor,189,189,189,0.5782943964004517,0.9426414370536804,0.9609303593635559,189,0.6689342403628118,0.9944567627494457,0.9977829502383685,189,0.7827224205406039,0.9475411106352623,0.9649803906175269,189,0.5327902465866322,0.9546218256658667,0.9616605447002877,189,0.8217357108630047,0.9476639546548264,0.9671509908042177,189,0.8217357108630047,0.9476639546548264,0.9671509908042177,189,0.0,0.0,0.0,189,0.0,0.0,0.0,189,0.587942202291978,0.8375232774674115,0.8591242541242541,189,0.8066893424036281,1.0,1.0,189,0.6689342403628118,0.9944567627494457,0.9977829502383685,189,0.7854945054945055,0.845380564863571,0.8650317894612523,189,1449.0,1788.0,1914.6,189,0.8226141078838174,0.9771386430678466,0.9943074003795066,189,0.8217357108630047,0.9476639546548264,0.9671509908042177,189,0.8217357108630047,0.9476639546548264,0.9671509908042177,189,0.0,0.0,0.0,189,0.0,0.0,0.0,189,0.0007168501615524292,0.0018172860145568848,0.003012537956237793,189,3.193100001226412,3.560600001947023,4.389600000286008,189,189
20260717_203749_controller_right,exp1_system_characterization,start_stop_6dof,trial_001,event_002,exp1_system_characterization/start_stop_6dof,One-Euro Anchor,One-Euro Anchor,189,189,189,0.5782943964004517,0.9426414370536804,0.9609303593635559,189,0.6689342403628118,0.9944567627494457,0.9977829502383685,189,0.7827224205406039,0.9475411106352623,0.9649803906175269,189,0.5327902465866322,0.9546218256658667,0.9616605447002877,189,0.8217357108630047,0.9476639546548264,0.9671509908042177,189,0.8217357108630047,0.9476639546548264,0.9671509908042177,189,0.0,0.0,0.0,189,0.0,0.0,0.0,189,0.587942202291978,0.8375232774674115,0.8591242541242541,189,0.8066893424036281,1.0,1.0,189,0.6689342403628118,0.9944567627494457,0.9977829502383685,189,0.7854945054945055,0.845380564863571,0.8650317894612523,189,1449.0,1788.0,1914.6,189,0.8226141078838174,0.9771386430678466,0.9943074003795066,189,0.8217357108630047,0.9476639546548264,0.9671509908042177,189,0.8217357108630047,0.9476639546548264,0.9671509908042177,189,0.0,0.0,0.0,189,0.0,0.0,0.0,189,0.0007168501615524292,0.0018172860145568848,0.003012537956237793,189,3.193100001226412,3.560600001947023,4.389600000286008,189,189
20260717_203749_controller_right,exp1_system_characterization,start_stop_6dof,trial_001,event_003,exp1_system_characterization/start_stop_6dof,Arrival-Hold,Arrival-Hold,139,139,139,0.9243065714836121,0.9531519412994385,0.960235321521759,139,0.9893020886398369,0.9916883116883117,0.9948676812575432,139,0.9334964463831623,0.9605084710577775,0.9685510296909331,139,0.9463456913416922,0.956555367256855,0.9604589795057022,139,0.9280019388728593,0.9613762833231645,0.9716236067879517,139,0.9280019388728593,0.9613762833231645,0.9716236067879517,139,0.0,0.0,0.0,139,0.0,0.0,0.0,139,0.8299912816041848,0.8429752066115702,0.864295885405256,139,1.0,1.0,1.0,139,0.9893020886398369,0.9916883116883117,0.9948676812575432,139,0.8343443770415305,0.8493743984600578,0.8696426342276493,139,1773.0,1944.0,1984.3,139,0.9530041641879834,0.9853458382180539,0.995001522286271,139,0.9280019388728593,0.9613762833231645,0.9716236067879517,139,0.9280019388728593,0.9613762833231645,0.9716236067879517,139,0.0,0.0,0.0,139,0.0,0.0,0.0,139,0.0007123649120330811,0.0012319684028625488,0.0018480539321899412,139,3.070599999773549,3.488199999992503,4.424390001076972,139,139
20260717_203749_controller_right,exp1_system_characterization,start_stop_6dof,trial_001,event_003,exp1_system_characterization/start_stop_6dof,Capture-Hold,Capture-Hold,139,139,139,0.9243065714836121,0.9531519412994385,0.960235321521759,139,0.9893020886398369,0.9916883116883117,0.9948676812575432,139,0.9334964463831623,0.9605084710577775,0.9685510296909331,139,0.9463456913416922,0.956555367256855,0.9604589795057022,139,0.9280019388728593,0.9613762833231645,0.9716236067879517,139,0.9280019388728593,0.9613762833231645,0.9716236067879517,139,0.0,0.0,0.0,139,0.0,0.0,0.0,139,0.8299912816041848,0.8429752066115702,0.864295885405256,139,1.0,1.0,1.0,139,0.9893020886398369,0.9916883116883117,0.9948676812575432,139,0.8343443770415305,0.8493743984600578,0.8696426342276493,139,1773.0,1944.0,1984.3,139,0.9530041641879834,0.9853458382180539,0.995001522286271,139,0.9280019388728593,0.9613762833231645,0.9716236067879517,139,0.9280019388728593,0.9613762833231645,0.9716236067879517,139,0.0,0.0,0.0,139,0.0,0.0,0.0,139,0.0007123649120330811,0.0012319684028625488,0.0018480539321899412,139,3.070599999773549,3.488199999992503,4.424390001076972,139,139
20260717_203749_controller_right,exp1_system_characterization,start_stop_6dof,trial_001,event_003,exp1_system_characterization/start_stop_6dof,EgoAnchor,EgoAnchor,139,139,139,0.9243065714836121,0.9531519412994385,0.960235321521759,139,0.9893020886398369,0.9916883116883117,0.9948676812575432,139,0.9334964463831623,0.9605084710577775,0.9685510296909331,139,0.9463456913416922,0.956555367256855,0.9604589795057022,139,0.9280019388728593,0.9613762833231645,0.9716236067879517,139,0.9280019388728593,0.9613762833231645,0.9716236067879517,139,0.0,0.0,0.0,139,0.0,0.0,0.0,139,0.8299912816041848,0.8429752066115702,0.864295885405256,139,1.0,1.0,1.0,139,0.9893020886398369,0.9916883116883117,0.9948676812575432,139,0.8343443770415305,0.8493743984600578,0.8696426342276493,139,1773.0,1944.0,1984.3,139,0.9530041641879834,0.9853458382180539,0.995001522286271,139,0.9280019388728593,0.9613762833231645,0.9716236067879517,139,0.9280019388728593,0.9613762833231645,0.9716236067879517,139,0.0,0.0,0.0,139,0.0,0.0,0.0,139,0.0007123649120330811,0.0012319684028625488,0.0018480539321899412,139,3.070599999773549,3.488199999992503,4.424390001076972,139,139
20260717_203749_controller_right,exp1_system_characterization,start_stop_6dof,trial_001,event_003,exp1_system_characterization/start_stop_6dof,One-Euro Anchor,One-Euro Anchor,139,139,139,0.9243065714836121,0.9531519412994385,0.960235321521759,139,0.9893020886398369,0.9916883116883117,0.9948676812575432,139,0.9334964463831623,0.9605084710577775,0.9685510296909331,139,0.9463456913416922,0.956555367256855,0.9604589795057022,139,0.9280019388728593,0.9613762833231645,0.9716236067879517,139,0.9280019388728593,0.9613762833231645,0.9716236067879517,139,0.0,0.0,0.0,139,0.0,0.0,0.0,139,0.8299912816041848,0.8429752066115702,0.864295885405256,139,1.0,1.0,1.0,139,0.9893020886398369,0.9916883116883117,0.9948676812575432,139,0.8343443770415305,0.8493743984600578,0.8696426342276493,139,1773.0,1944.0,1984.3,139,0.9530041641879834,0.9853458382180539,0.995001522286271,139,0.9280019388728593,0.9613762833231645,0.9716236067879517,139,0.9280019388728593,0.9613762833231645,0.9716236067879517,139,0.0,0.0,0.0,139,0.0,0.0,0.0,139,0.0007123649120330811,0.0012319684028625488,0.0018480539321899412,139,3.070599999773549,3.488199999992503,4.424390001076972,139,139
20260717_203749_controller_right,exp1_system_characterization,start_stop_6dof,trial_001,event_004,exp1_system_characterization/start_stop_6dof,Arrival-Hold,Arrival-Hold,185,185,185,0.6311603784561157,0.9238005876541138,0.9546178221702576,185,0.7385665529010239,0.9716129032258064,0.9936770606074098,185,0.8449091694840423,0.9511031568210466,0.9683711289924115,185,0.8654901417511196,0.9441912053747927,0.960852210772769,185,0.8266711388144605,0.9531485134247212,0.9737270527887879,185,0.8266711388144605,0.9531485134247212,0.9737270527887879,185,0.0,0.0,0.0,185,0.0,0.0,0.0,185,0.6514148103552077,0.8331283312833129,0.8691740493995725,185,0.8723549488054607,1.0,1.0,185,0.7385665529010239,0.9716129032258064,0.9936770606074098,185,0.8205645161290323,0.8544627629334849,0.8788692248787544,185,1456.0,1553.0,2056.7999999999997,185,0.8121516164994426,0.982281284606866,0.9990597450129068,185,0.8266711388144605,0.9531485134247212,0.9737270527887879,185,0.8266711388144605,0.9531485134247212,0.9737270527887879,185,0.0,0.0,0.0,185,0.0,0.0,0.0,185,0.0007399618625640869,0.001714453101158142,0.002465713024139403,185,3.0164000017975923,3.329300001496449,3.982859998359344,185,185
20260717_203749_controller_right,exp1_system_characterization,start_stop_6dof,trial_001,event_004,exp1_system_characterization/start_stop_6dof,Capture-Hold,Capture-Hold,185,185,185,0.6311603784561157,0.9238005876541138,0.9546178221702576,185,0.7385665529010239,0.9716129032258064,0.9936770606074098,185,0.8449091694840423,0.9511031568210466,0.9683711289924115,185,0.8654901417511196,0.9441912053747927,0.960852210772769,185,0.8266711388144605,0.9531485134247212,0.9737270527887879,185,0.8266711388144605,0.9531485134247212,0.9737270527887879,185,0.0,0.0,0.0,185,0.0,0.0,0.0,185,0.6514148103552077,0.8331283312833129,0.8691740493995725,185,0.8723549488054607,1.0,1.0,185,0.7385665529010239,0.9716129032258064,0.9936770606074098,185,0.8205645161290323,0.8544627629334849,0.8788692248787544,185,1456.0,1553.0,2056.7999999999997,185,0.8121516164994426,0.982281284606866,0.9990597450129068,185,0.8266711388144605,0.9531485134247212,0.9737270527887879,185,0.8266711388144605,0.9531485134247212,0.9737270527887879,185,0.0,0.0,0.0,185,0.0,0.0,0.0,185,0.0007399618625640869,0.001714453101158142,0.002465713024139403,185,3.0164000017975923,3.329300001496449,3.982859998359344,185,185
20260717_203749_controller_right,exp1_system_characterization,start_stop_6dof,trial_001,event_004,exp1_system_characterization/start_stop_6dof,EgoAnchor,EgoAnchor,185,185,185,0.6311603784561157,0.9238005876541138,0.9546178221702576,185,0.7385665529010239,0.9716129032258064,0.9936770606074098,185,0.8449091694840423,0.9511031568210466,0.9683711289924115,185,0.8654901417511196,0.9441912053747927,0.960852210772769,185,0.8266711388144605,0.9531485134247212,0.9737270527887879,185,0.8266711388144605,0.9531485134247212,0.9737270527887879,185,0.0,0.0,0.0,185,0.0,0.0,0.0,185,0.6514148103552077,0.8331283312833129,0.8691740493995725,185,0.8723549488054607,1.0,1.0,185,0.7385665529010239,0.9716129032258064,0.9936770606074098,185,0.8205645161290323,0.8544627629334849,0.8788692248787544,185,1456.0,1553.0,2056.7999999999997,185,0.8121516164994426,0.982281284606866,0.9990597450129068,185,0.8266711388144605,0.9531485134247212,0.9737270527887879,185,0.8266711388144605,0.9531485134247212,0.9737270527887879,185,0.0,0.0,0.0,185,0.0,0.0,0.0,185,0.0007399618625640869,0.001714453101158142,0.002465713024139403,185,3.0164000017975923,3.329300001496449,3.982859998359344,185,185
20260717_203749_controller_right,exp1_system_characterization,start_stop_6dof,trial_001,event_004,exp1_system_characterization/start_stop_6dof,One-Euro Anchor,One-Euro Anchor,185,185,185,0.6311603784561157,0.9238005876541138,0.9546178221702576,185,0.7385665529010239,0.9716129032258064,0.9936770606074098,185,0.8449091694840423,0.9511031568210466,0.9683711289924115,185,0.8654901417511196,0.9441912053747927,0.960852210772769,185,0.8266711388144605,0.9531485134247212,0.9737270527887879,185,0.8266711388144605,0.9531485134247212,0.9737270527887879,185,0.0,0.0,0.0,185,0.0,0.0,0.0,185,0.6514148103552077,0.8331283312833129,0.8691740493995725,185,0.8723549488054607,1.0,1.0,185,0.7385665529010239,0.9716129032258064,0.9936770606074098,185,0.8205645161290323,0.8544627629334849,0.8788692248787544,185,1456.0,1553.0,2056.7999999999997,185,0.8121516164994426,0.982281284606866,0.9990597450129068,185,0.8266711388144605,0.9531485134247212,0.9737270527887879,185,0.8266711388144605,0.9531485134247212,0.9737270527887879,185,0.0,0.0,0.0,185,0.0,0.0,0.0,185,0.0007399618625640869,0.001714453101158142,0.002465713024139403,185,3.0164000017975923,3.329300001496449,3.982859998359344,185,185
20260717_203749_controller_right,exp1_system_characterization,start_stop_6dof,trial_001,event_005,exp1_system_characterization/start_stop_6dof,Arrival-Hold,Arrival-Hold,131,131,131,0.7454084157943726,0.8917166590690613,0.932869553565979,131,0.8335183129855716,0.9722536806342016,0.9818352251483234,131,0.8645009329583634,0.9314170300633243,0.9599451079446827,131,0.8923136135288052,0.9132307636158026,0.9472775321830674,131,0.8544457808838769,0.935578808635243,0.963769542975778,131,0.8544457808838769,0.935578808635243,0.963769542975778,131,0.0,0.0,0.0,131,0.0,0.0,0.0,131,0.760506329113924,0.8397058823529412,0.8585208916661895,131,0.9295227524972253,1.0,1.0,131,0.8335183129855716,0.9722536806342016,0.9818352251483234,131,0.8214665249734325,0.8694331983805668,0.9062567170899041,131,1522.0,1768.0,1974.0,131,0.8368600682593856,0.9643591501028101,0.9915998460452884,131,0.8544457808838769,0.935578808635243,0.963769542975778,131,0.8544457808838769,0.935578808635243,0.963769542975778,131,0.0,0.0,0.0,131,0.0,0.0,0.0,131,0.0008026361465454102,0.0016901791095733643,0.002489522099494934,131,3.0048000007809605,3.357099998538615,3.949500000089756,131,131
20260717_203749_controller_right,exp1_system_characterization,start_stop_6dof,trial_001,event_005,exp1_system_characterization/start_stop_6dof,Capture-Hold,Capture-Hold,131,131,131,0.7454084157943726,0.8917166590690613,0.932869553565979,131,0.8335183129855716,0.9722536806342016,0.9818352251483234,131,0.8645009329583634,0.9314170300633243,0.9599451079446827,131,0.8923136135288052,0.9132307636158026,0.9472775321830674,131,0.8544457808838769,0.935578808635243,0.963769542975778,131,0.8544457808838769,0.935578808635243,0.963769542975778,131,0.0,0.0,0.0,131,0.0,0.0,0.0,131,0.760506329113924,0.8397058823529412,0.8585208916661895,131,0.9295227524972253,1.0,1.0,131,0.8335183129855716,0.9722536806342016,0.9818352251483234,131,0.8214665249734325,0.8694331983805668,0.9062567170899041,131,1522.0,1768.0,1974.0,131,0.8368600682593856,0.9643591501028101,0.9915998460452884,131,0.8544457808838769,0.935578808635243,0.963769542975778,131,0.8544457808838769,0.935578808635243,0.963769542975778,131,0.0,0.0,0.0,131,0.0,0.0,0.0,131,0.0008026361465454102,0.0016901791095733643,0.002489522099494934,131,3.0048000007809605,3.357099998538615,3.949500000089756,131,131
20260717_203749_controller_right,exp1_system_characterization,start_stop_6dof,trial_001,event_005,exp1_system_characterization/start_stop_6dof,EgoAnchor,EgoAnchor,131,131,131,0.7454084157943726,0.8917166590690613,0.932869553565979,131,0.8335183129855716,0.9722536806342016,0.9818352251483234,131,0.8645009329583634,0.9314170300633243,0.9599451079446827,131,0.8923136135288052,0.9132307636158026,0.9472775321830674,131,0.8544457808838769,0.935578808635243,0.963769542975778,131,0.8544457808838769,0.935578808635243,0.963769542975778,131,0.0,0.0,0.0,131,0.0,0.0,0.0,131,0.760506329113924,0.8397058823529412,0.8585208916661895,131,0.9295227524972253,1.0,1.0,131,0.8335183129855716,0.9722536806342016,0.9818352251483234,131,0.8214665249734325,0.8694331983805668,0.9062567170899041,131,1522.0,1768.0,1974.0,131,0.8368600682593856,0.9643591501028101,0.9915998460452884,131,0.8544457808838769,0.935578808635243,0.963769542975778,131,0.8544457808838769,0.935578808635243,0.963769542975778,131,0.0,0.0,0.0,131,0.0,0.0,0.0,131,0.0008026361465454102,0.0016901791095733643,0.002489522099494934,131,3.0048000007809605,3.357099998538615,3.949500000089756,131,131
20260717_203749_controller_right,exp1_system_characterization,start_stop_6dof,trial_001,event_005,exp1_system_characterization/start_stop_6dof,One-Euro Anchor,One-Euro Anchor,131,131,131,0.7454084157943726,0.8917166590690613,0.932869553565979,131,0.8335183129855716,0.9722536806342016,0.9818352251483234,131,0.8645009329583634,0.9314170300633243,0.9599451079446827,131,0.8923136135288052,0.9132307636158026,0.9472775321830674,131,0.8544457808838769,0.935578808635243,0.963769542975778,131,0.8544457808838769,0.935578808635243,0.963769542975778,131,0.0,0.0,0.0,131,0.0,0.0,0.0,131,0.760506329113924,0.8397058823529412,0.8585208916661895,131,0.9295227524972253,1.0,1.0,131,0.8335183129855716,0.9722536806342016,0.9818352251483234,131,0.8214665249734325,0.8694331983805668,0.9062567170899041,131,1522.0,1768.0,1974.0,131,0.8368600682593856,0.9643591501028101,0.9915998460452884,131,0.8544457808838769,0.935578808635243,0.963769542975778,131,0.8544457808838769,0.935578808635243,0.963769542975778,131,0.0,0.0,0.0,131,0.0,0.0,0.0,131,0.0008026361465454102,0.0016901791095733643,0.002489522099494934,131,3.0048000007809605,3.357099998538615,3.949500000089756,131,131
20260717_204156_controller_right,exp1_system_characterization,continuous_translation,trial_001,,exp1_system_characterization/continuous_translation,Arrival-Hold,Arrival-Hold,311,188,311,0.0,0.807087779045105,0.9342832863330841,311,0.0,0.9393631436314364,1.0,311,0.0,0.8715179050265873,0.9460922222526968,181,0.8408557747819176,0.9476929234980538,0.9616695168077385,311,0.0,0.8387389593379941,0.9418070460416297,311,0.0,0.8387389593379941,0.9418070460416297,311,0.0,0.0,0.0,311,0.0,0.0,0.0,311,0.0,0.7962962962962963,0.862250257136447,311,0.0,1.0,1.0,311,0.0,0.937204591492235,1.0,311,0.0,0.8025806451612904,0.8917948084139262,311,0.0,1851.0,2971.5,311,0.0,0.8660170523751523,0.9764986287995175,311,0.0,0.8387389593379941,0.9418070460416297,311,0.0,0.8387389593379941,0.9418070460416297,311,0.0,0.0,0.0,311,0.0,0.0,0.0,311,0.0,0.0015693306922912598,0.003802187740802765,311,0.0,3.4077999989676755,4.192750000584056,181,181
20260717_204156_controller_right,exp1_system_characterization,continuous_translation,trial_001,,exp1_system_characterization/continuous_translation,Capture-Hold,Capture-Hold,311,188,311,0.0,0.807087779045105,0.9342832863330841,311,0.0,0.9393631436314364,1.0,311,0.0,0.8715179050265873,0.9460922222526968,181,0.8408557747819176,0.9476929234980538,0.9616695168077385,311,0.0,0.8387389593379941,0.9418070460416297,311,0.0,0.8387389593379941,0.9418070460416297,311,0.0,0.0,0.0,311,0.0,0.0,0.0,311,0.0,0.7962962962962963,0.862250257136447,311,0.0,1.0,1.0,311,0.0,0.937204591492235,1.0,311,0.0,0.8025806451612904,0.8917948084139262,311,0.0,1851.0,2971.5,311,0.0,0.8660170523751523,0.9764986287995175,311,0.0,0.8387389593379941,0.9418070460416297,311,0.0,0.8387389593379941,0.9418070460416297,311,0.0,0.0,0.0,311,0.0,0.0,0.0,311,0.0,0.0015693306922912598,0.003802187740802765,311,0.0,3.4077999989676755,4.192750000584056,181,181
20260717_204156_controller_right,exp1_system_characterization,continuous_translation,trial_001,,exp1_system_characterization/continuous_translation,EgoAnchor,EgoAnchor,311,188,311,0.0,0.807087779045105,0.9342832863330841,311,0.0,0.9393631436314364,1.0,311,0.0,0.8715179050265873,0.9460922222526968,181,0.8408557747819176,0.9476929234980538,0.9616695168077385,311,0.0,0.8387389593379941,0.9418070460416297,311,0.0,0.8387389593379941,0.9418070460416297,311,0.0,0.0,0.0,311,0.0,0.0,0.0,311,0.0,0.7962962962962963,0.862250257136447,311,0.0,1.0,1.0,311,0.0,0.937204591492235,1.0,311,0.0,0.8025806451612904,0.8917948084139262,311,0.0,1851.0,2971.5,311,0.0,0.8660170523751523,0.9764986287995175,311,0.0,0.8387389593379941,0.9418070460416297,311,0.0,0.8387389593379941,0.9418070460416297,311,0.0,0.0,0.0,311,0.0,0.0,0.0,311,0.0,0.0015693306922912598,0.003802187740802765,311,0.0,3.4077999989676755,4.192750000584056,181,181
20260717_204156_controller_right,exp1_system_characterization,continuous_translation,trial_001,,exp1_system_characterization/continuous_translation,One-Euro Anchor,One-Euro Anchor,311,188,311,0.0,0.807087779045105,0.9342832863330841,311,0.0,0.9393631436314364,1.0,311,0.0,0.8715179050265873,0.9460922222526968,181,0.8408557747819176,0.9476929234980538,0.9616695168077385,311,0.0,0.8387389593379941,0.9418070460416297,311,0.0,0.8387389593379941,0.9418070460416297,311,0.0,0.0,0.0,311,0.0,0.0,0.0,311,0.0,0.7962962962962963,0.862250257136447,311,0.0,1.0,1.0,311,0.0,0.937204591492235,1.0,311,0.0,0.8025806451612904,0.8917948084139262,311,0.0,1851.0,2971.5,311,0.0,0.8660170523751523,0.9764986287995175,311,0.0,0.8387389593379941,0.9418070460416297,311,0.0,0.8387389593379941,0.9418070460416297,311,0.0,0.0,0.0,311,0.0,0.0,0.0,311,0.0,0.0015693306922912598,0.003802187740802765,311,0.0,3.4077999989676755,4.192750000584056,181,181
20260717_204156_controller_right,exp1_system_characterization,continuous_translation,trial_001,event_001,exp1_system_characterization/continuous_translation,Arrival-Hold,Arrival-Hold,23,23,23,0.8524748086929321,0.8728245496749878,0.8952198922634125,23,0.9357674104124408,0.9421178072863466,0.9514607172510645,23,0.9052052303340546,0.9284555618156837,0.9402084038248626,23,0.9443511900254491,0.9542842237066109,0.9616739315798573,23,0.8933350673764882,0.9227842464756005,0.9381632329774888,23,0.8933350673764882,0.9227842464756005,0.9381632329774888,23,0.0,0.0,0.0,23,0.0,0.0,0.0,23,0.8236164545723587,0.8364357644186756,0.8505961028859211,23,1.0,1.0,1.0,23,0.9357674104124408,0.9421178072863466,0.9514607172510645,23,0.8721403948605453,0.8827697262479871,0.8917533187965339,23,2679.0,2884.0,2976.5,23,0.9252181138346489,0.9521209575808484,0.9724418337286443,23,0.8933350673764882,0.9227842464756005,0.9381632329774888,23,0.8933350673764882,0.9227842464756005,0.9381632329774888,23,0.0,0.0,0.0,23,0.0,0.0,0.0,23,0.0010613352060317993,0.0018517374992370605,0.0022654086351394653,23,3.317900002002716,3.605599998991238,4.326459998264909,23,23
20260717_204156_controller_right,exp1_system_characterization,continuous_translation,trial_001,event_001,exp1_system_characterization/continuous_translation,Capture-Hold,Capture-Hold,23,23,23,0.8524748086929321,0.8728245496749878,0.8952198922634125,23,0.9357674104124408,0.9421178072863466,0.9514607172510645,23,0.9052052303340546,0.9284555618156837,0.9402084038248626,23,0.9443511900254491,0.9542842237066109,0.9616739315798573,23,0.8933350673764882,0.9227842464756005,0.9381632329774888,23,0.8933350673764882,0.9227842464756005,0.9381632329774888,23,0.0,0.0,0.0,23,0.0,0.0,0.0,23,0.8236164545723587,0.8364357644186756,0.8505961028859211,23,1.0,1.0,1.0,23,0.9357674104124408,0.9421178072863466,0.9514607172510645,23,0.8721403948605453,0.8827697262479871,0.8917533187965339,23,2679.0,2884.0,2976.5,23,0.9252181138346489,0.9521209575808484,0.9724418337286443,23,0.8933350673764882,0.9227842464756005,0.9381632329774888,23,0.8933350673764882,0.9227842464756005,0.9381632329774888,23,0.0,0.0,0.0,23,0.0,0.0,0.0,23,0.0010613352060317993,0.0018517374992370605,0.0022654086351394653,23,3.317900002002716,3.605599998991238,4.326459998264909,23,23
20260717_204156_controller_right,exp1_system_characterization,continuous_translation,trial_001,event_001,exp1_system_characterization/continuous_translation,EgoAnchor,EgoAnchor,23,23,23,0.8524748086929321,0.8728245496749878,0.8952198922634125,23,0.9357674104124408,0.9421178072863466,0.9514607172510645,23,0.9052052303340546,0.9284555618156837,0.9402084038248626,23,0.9443511900254491,0.9542842237066109,0.9616739315798573,23,0.8933350673764882,0.9227842464756005,0.9381632329774888,23,0.8933350673764882,0.9227842464756005,0.9381632329774888,23,0.0,0.0,0.0,23,0.0,0.0,0.0,23,0.8236164545723587,0.8364357644186756,0.8505961028859211,23,1.0,1.0,1.0,23,0.9357674104124408,0.9421178072863466,0.9514607172510645,23,0.8721403948605453,0.8827697262479871,0.8917533187965339,23,2679.0,2884.0,2976.5,23,0.9252181138346489,0.9521209575808484,0.9724418337286443,23,0.8933350673764882,0.9227842464756005,0.9381632329774888,23,0.8933350673764882,0.9227842464756005,0.9381632329774888,23,0.0,0.0,0.0,23,0.0,0.0,0.0,23,0.0010613352060317993,0.0018517374992370605,0.0022654086351394653,23,3.317900002002716,3.605599998991238,4.326459998264909,23,23
20260717_204156_controller_right,exp1_system_characterization,continuous_translation,trial_001,event_001,exp1_system_characterization/continuous_translation,One-Euro Anchor,One-Euro Anchor,23,23,23,0.8524748086929321,0.8728245496749878,0.8952198922634125,23,0.9357674104124408,0.9421178072863466,0.9514607172510645,23,0.9052052303340546,0.9284555618156837,0.9402084038248626,23,0.9443511900254491,0.9542842237066109,0.9616739315798573,23,0.8933350673764882,0.9227842464756005,0.9381632329774888,23,0.8933350673764882,0.9227842464756005,0.9381632329774888,23,0.0,0.0,0.0,23,0.0,0.0,0.0,23,0.8236164545723587,0.8364357644186756,0.8505961028859211,23,1.0,1.0,1.0,23,0.9357674104124408,0.9421178072863466,0.9514607172510645,23,0.8721403948605453,0.8827697262479871,0.8917533187965339,23,2679.0,2884.0,2976.5,23,0.9252181138346489,0.9521209575808484,0.9724418337286443,23,0.8933350673764882,0.9227842464756005,0.9381632329774888,23,0.8933350673764882,0.9227842464756005,0.9381632329774888,23,0.0,0.0,0.0,23,0.0,0.0,0.0,23,0.0010613352060317993,0.0018517374992370605,0.0022654086351394653,23,3.317900002002716,3.605599998991238,4.326459998264909,23,23
20260717_204156_controller_right,exp1_system_characterization,continuous_translation,trial_001,event_002,exp1_system_characterization/continuous_translation,Arrival-Hold,Arrival-Hold,15,15,15,0.888218879699707,0.9062154293060303,0.910467118024826,15,0.9410046728971962,0.9465168539325842,0.9508958219303046,15,0.9413451780137659,0.9547057329344673,0.961505304535216,15,0.9528467886901044,0.9570772491489732,0.9611591273143575,15,0.9377445922513249,0.9550869693977154,0.9627107384761251,15,0.9377445922513249,0.9550869693977154,0.9627107384761251,15,0.0,0.0,0.0,15,0.0,0.0,0.0,15,0.820264765784114,0.8375499334221038,0.8474011627906977,15,1.0,1.0,1.0,15,0.9410046728971962,0.9465168539325842,0.9508958219303046,15,0.8647342995169082,0.8793319415448851,0.8867571921472451,15,1668.0,2225.0,2652.3,15,0.96040987424313,0.9738487777146105,0.9863340206185567,15,0.9377445922513249,0.9550869693977154,0.9627107384761251,15,0.9377445922513249,0.9550869693977154,0.9627107384761251,15,0.0,0.0,0.0,15,0.0,0.0,0.0,15,0.0007428377866744995,0.001308053731918335,0.0017805874347686767,15,3.3284999990428332,3.5865000027115457,4.373719999421155,15,15
20260717_204156_controller_right,exp1_system_characterization,continuous_translation,trial_001,event_002,exp1_system_characterization/continuous_translation,Capture-Hold,Capture-Hold,15,15,15,0.888218879699707,0.9062154293060303,0.910467118024826,15,0.9410046728971962,0.9465168539325842,0.9508958219303046,15,0.9413451780137659,0.9547057329344673,0.961505304535216,15,0.9528467886901044,0.9570772491489732,0.9611591273143575,15,0.9377445922513249,0.9550869693977154,0.9627107384761251,15,0.9377445922513249,0.9550869693977154,0.9627107384761251,15,0.0,0.0,0.0,15,0.0,0.0,0.0,15,0.820264765784114,0.8375499334221038,0.8474011627906977,15,1.0,1.0,1.0,15,0.9410046728971962,0.9465168539325842,0.9508958219303046,15,0.8647342995169082,0.8793319415448851,0.8867571921472451,15,1668.0,2225.0,2652.3,15,0.96040987424313,0.9738487777146105,0.9863340206185567,15,0.9377445922513249,0.9550869693977154,0.9627107384761251,15,0.9377445922513249,0.9550869693977154,0.9627107384761251,15,0.0,0.0,0.0,15,0.0,0.0,0.0,15,0.0007428377866744995,0.001308053731918335,0.0017805874347686767,15,3.3284999990428332,3.5865000027115457,4.373719999421155,15,15
20260717_204156_controller_right,exp1_system_characterization,continuous_translation,trial_001,event_002,exp1_system_characterization/continuous_translation,EgoAnchor,EgoAnchor,15,15,15,0.888218879699707,0.9062154293060303,0.910467118024826,15,0.9410046728971962,0.9465168539325842,0.9508958219303046,15,0.9413451780137659,0.9547057329344673,0.961505304535216,15,0.9528467886901044,0.9570772491489732,0.9611591273143575,15,0.9377445922513249,0.9550869693977154,0.9627107384761251,15,0.9377445922513249,0.9550869693977154,0.9627107384761251,15,0.0,0.0,0.0,15,0.0,0.0,0.0,15,0.820264765784114,0.8375499334221038,0.8474011627906977,15,1.0,1.0,1.0,15,0.9410046728971962,0.9465168539325842,0.9508958219303046,15,0.8647342995169082,0.8793319415448851,0.8867571921472451,15,1668.0,2225.0,2652.3,15,0.96040987424313,0.9738487777146105,0.9863340206185567,15,0.9377445922513249,0.9550869693977154,0.9627107384761251,15,0.9377445922513249,0.9550869693977154,0.9627107384761251,15,0.0,0.0,0.0,15,0.0,0.0,0.0,15,0.0007428377866744995,0.001308053731918335,0.0017805874347686767,15,3.3284999990428332,3.5865000027115457,4.373719999421155,15,15
20260717_204156_controller_right,exp1_system_characterization,continuous_translation,trial_001,event_002,exp1_system_characterization/continuous_translation,One-Euro Anchor,One-Euro Anchor,15,15,15,0.888218879699707,0.9062154293060303,0.910467118024826,15,0.9410046728971962,0.9465168539325842,0.9508958219303046,15,0.9413451780137659,0.9547057329344673,0.961505304535216,15,0.9528467886901044,0.9570772491489732,0.9611591273143575,15,0.9377445922513249,0.9550869693977154,0.9627107384761251,15,0.9377445922513249,0.9550869693977154,0.9627107384761251,15,0.0,0.0,0.0,15,0.0,0.0,0.0,15,0.820264765784114,0.8375499334221038,0.8474011627906977,15,1.0,1.0,1.0,15,0.9410046728971962,0.9465168539325842,0.9508958219303046,15,0.8647342995169082,0.8793319415448851,0.8867571921472451,15,1668.0,2225.0,2652.3,15,0.96040987424313,0.9738487777146105,0.9863340206185567,15,0.9377445922513249,0.9550869693977154,0.9627107384761251,15,0.9377445922513249,0.9550869693977154,0.9627107384761251,15,0.0,0.0,0.0,15,0.0,0.0,0.0,15,0.0007428377866744995,0.001308053731918335,0.0017805874347686767,15,3.3284999990428332,3.5865000027115457,4.373719999421155,15,15
20260717_204156_controller_right,exp1_system_characterization,continuous_translation,trial_001,event_003,exp1_system_characterization/continuous_translation,Arrival-Hold,Arrival-Hold,21,21,21,0.7670016288757324,0.8774276971817017,0.9028652310371399,21,0.9389265885256015,0.943202416918429,0.9452644526445264,21,0.816891979405145,0.9314980800278673,0.9594448102253096,21,0.910387282511586,0.931297592512566,0.9539060426895134,21,0.7931183815279029,0.9340657330113789,0.9606566133046375,21,0.7931183815279029,0.9340657330113789,0.9606566133046375,21,0.0,0.0,0.0,21,0.0,0.0,0.0,21,0.8152115693626139,0.8332430969139144,0.8465694219340897,21,1.0,1.0,1.0,21,0.9389265885256015,0.943202416918429,0.9452644526445264,21,0.8608597285067874,0.8772334293948126,0.8908470722001137,21,1590.0,1626.0,1655.0,21,0.8151585460170147,0.9675960813865863,0.9770114942528736,21,0.7931183815279029,0.9340657330113789,0.9606566133046375,21,0.7931183815279029,0.9340657330113789,0.9606566133046375,21,0.0,0.0,0.0,21,0.0,0.0,0.0,21,0.0008427202701568604,0.001967698335647583,0.0040671974420547485,21,3.279200001998106,3.9189999988593627,4.451099997822894,21,21
20260717_204156_controller_right,exp1_system_characterization,continuous_translation,trial_001,event_003,exp1_system_characterization/continuous_translation,Capture-Hold,Capture-Hold,21,21,21,0.7670016288757324,0.8774276971817017,0.9028652310371399,21,0.9389265885256015,0.943202416918429,0.9452644526445264,21,0.816891979405145,0.9314980800278673,0.9594448102253096,21,0.910387282511586,0.931297592512566,0.9539060426895134,21,0.7931183815279029,0.9340657330113789,0.9606566133046375,21,0.7931183815279029,0.9340657330113789,0.9606566133046375,21,0.0,0.0,0.0,21,0.0,0.0,0.0,21,0.8152115693626139,0.8332430969139144,0.8465694219340897,21,1.0,1.0,1.0,21,0.9389265885256015,0.943202416918429,0.9452644526445264,21,0.8608597285067874,0.8772334293948126,0.8908470722001137,21,1590.0,1626.0,1655.0,21,0.8151585460170147,0.9675960813865863,0.9770114942528736,21,0.7931183815279029,0.9340657330113789,0.9606566133046375,21,0.7931183815279029,0.9340657330113789,0.9606566133046375,21,0.0,0.0,0.0,21,0.0,0.0,0.0,21,0.0008427202701568604,0.001967698335647583,0.0040671974420547485,21,3.279200001998106,3.9189999988593627,4.451099997822894,21,21
20260717_204156_controller_right,exp1_system_characterization,continuous_translation,trial_001,event_003,exp1_system_characterization/continuous_translation,EgoAnchor,EgoAnchor,21,21,21,0.7670016288757324,0.8774276971817017,0.9028652310371399,21,0.9389265885256015,0.943202416918429,0.9452644526445264,21,0.816891979405145,0.9314980800278673,0.9594448102253096,21,0.910387282511586,0.931297592512566,0.9539060426895134,21,0.7931183815279029,0.9340657330113789,0.9606566133046375,21,0.7931183815279029,0.9340657330113789,0.9606566133046375,21,0.0,0.0,0.0,21,0.0,0.0,0.0,21,0.8152115693626139,0.8332430969139144,0.8465694219340897,21,1.0,1.0,1.0,21,0.9389265885256015,0.943202416918429,0.9452644526445264,21,0.8608597285067874,0.8772334293948126,0.8908470722001137,21,1590.0,1626.0,1655.0,21,0.8151585460170147,0.9675960813865863,0.9770114942528736,21,0.7931183815279029,0.9340657330113789,0.9606566133046375,21,0.7931183815279029,0.9340657330113789,0.9606566133046375,21,0.0,0.0,0.0,21,0.0,0.0,0.0,21,0.0008427202701568604,0.001967698335647583,0.0040671974420547485,21,3.279200001998106,3.9189999988593627,4.451099997822894,21,21
20260717_204156_controller_right,exp1_system_characterization,continuous_translation,trial_001,event_003,exp1_system_characterization/continuous_translation,One-Euro Anchor,One-Euro Anchor,21,21,21,0.7670016288757324,0.8774276971817017,0.9028652310371399,21,0.9389265885256015,0.943202416918429,0.9452644526445264,21,0.816891979405145,0.9314980800278673,0.9594448102253096,21,0.910387282511586,0.931297592512566,0.9539060426895134,21,0.7931183815279029,0.9340657330113789,0.9606566133046375,21,0.7931183815279029,0.9340657330113789,0.9606566133046375,21,0.0,0.0,0.0,21,0.0,0.0,0.0,21,0.8152115693626139,0.8332430969139144,0.8465694219340897,21,1.0,1.0,1.0,21,0.9389265885256015,0.943202416918429,0.9452644526445264,21,0.8608597285067874,0.8772334293948126,0.8908470722001137,21,1590.0,1626.0,1655.0,21,0.8151585460170147,0.9675960813865863,0.9770114942528736,21,0.7931183815279029,0.9340657330113789,0.9606566133046375,21,0.7931183815279029,0.9340657330113789,0.9606566133046375,21,0.0,0.0,0.0,21,0.0,0.0,0.0,21,0.0008427202701568604,0.001967698335647583,0.0040671974420547485,21,3.279200001998106,3.9189999988593627,4.451099997822894,21,21
20260717_204156_controller_right,exp1_system_characterization,continuous_translation,trial_001,event_004,exp1_system_characterization/continuous_translation,Arrival-Hold,Arrival-Hold,17,17,17,0.8071708083152771,0.8867136836051941,0.899088728427887,17,0.9330114665057333,0.9425287356321839,0.9488388933782345,17,0.8606637948020492,0.9346229159520925,0.9541747991297498,17,0.920315986016146,0.9369899065706929,0.9562959259755724,17,0.8425742634752178,0.9292980380917271,0.9572980851140503,17,0.8425742634752178,0.9292980380917271,0.9572980851140503,17,0.0,0.0,0.0,17,0.0,0.0,0.0,17,0.8101629913710451,0.8286238532110092,0.8482270784179732,17,1.0,1.0,1.0,17,0.9330114665057333,0.9425287356321839,0.9488388933782345,17,0.85612968591692,0.8728209191759112,0.8950168712787524,17,1642.0,1856.0,2388.6,17,0.8280386740331491,0.9570680628272251,0.987388763859352,17,0.8425742634752178,0.9292980380917271,0.9572980851140503,17,0.8425742634752178,0.9292980380917271,0.9572980851140503,17,0.0,0.0,0.0,17,0.0,0.0,0.0,17,0.001311570405960083,0.0016300976276397705,0.003229835629463196,17,3.2505000017408747,3.925500001059845,4.979100002674386,17,17
20260717_204156_controller_right,exp1_system_characterization,continuous_translation,trial_001,event_004,exp1_system_characterization/continuous_translation,Capture-Hold,Capture-Hold,17,17,17,0.8071708083152771,0.8867136836051941,0.899088728427887,17,0.9330114665057333,0.9425287356321839,0.9488388933782345,17,0.8606637948020492,0.9346229159520925,0.9541747991297498,17,0.920315986016146,0.9369899065706929,0.9562959259755724,17,0.8425742634752178,0.9292980380917271,0.9572980851140503,17,0.8425742634752178,0.9292980380917271,0.9572980851140503,17,0.0,0.0,0.0,17,0.0,0.0,0.0,17,0.8101629913710451,0.8286238532110092,0.8482270784179732,17,1.0,1.0,1.0,17,0.9330114665057333,0.9425287356321839,0.9488388933782345,17,0.85612968591692,0.8728209191759112,0.8950168712787524,17,1642.0,1856.0,2388.6,17,0.8280386740331491,0.9570680628272251,0.987388763859352,17,0.8425742634752178,0.9292980380917271,0.9572980851140503,17,0.8425742634752178,0.9292980380917271,0.9572980851140503,17,0.0,0.0,0.0,17,0.0,0.0,0.0,17,0.001311570405960083,0.0016300976276397705,0.003229835629463196,17,3.2505000017408747,3.925500001059845,4.979100002674386,17,17
20260717_204156_controller_right,exp1_system_characterization,continuous_translation,trial_001,event_004,exp1_system_characterization/continuous_translation,EgoAnchor,EgoAnchor,17,17,17,0.8071708083152771,0.8867136836051941,0.899088728427887,17,0.9330114665057333,0.9425287356321839,0.9488388933782345,17,0.8606637948020492,0.9346229159520925,0.9541747991297498,17,0.920315986016146,0.9369899065706929,0.9562959259755724,17,0.8425742634752178,0.9292980380917271,0.9572980851140503,17,0.8425742634752178,0.9292980380917271,0.9572980851140503,17,0.0,0.0,0.0,17,0.0,0.0,0.0,17,0.8101629913710451,0.8286238532110092,0.8482270784179732,17,1.0,1.0,1.0,17,0.9330114665057333,0.9425287356321839,0.9488388933782345,17,0.85612968591692,0.8728209191759112,0.8950168712787524,17,1642.0,1856.0,2388.6,17,0.8280386740331491,0.9570680628272251,0.987388763859352,17,0.8425742634752178,0.9292980380917271,0.9572980851140503,17,0.8425742634752178,0.9292980380917271,0.9572980851140503,17,0.0,0.0,0.0,17,0.0,0.0,0.0,17,0.001311570405960083,0.0016300976276397705,0.003229835629463196,17,3.2505000017408747,3.925500001059845,4.979100002674386,17,17
20260717_204156_controller_right,exp1_system_characterization,continuous_translation,trial_001,event_004,exp1_system_characterization/continuous_translation,One-Euro Anchor,One-Euro Anchor,17,17,17,0.8071708083152771,0.8867136836051941,0.899088728427887,17,0.9330114665057333,0.9425287356321839,0.9488388933782345,17,0.8606637948020492,0.9346229159520925,0.9541747991297498,17,0.920315986016146,0.9369899065706929,0.9562959259755724,17,0.8425742634752178,0.9292980380917271,0.9572980851140503,17,0.8425742634752178,0.9292980380917271,0.9572980851140503,17,0.0,0.0,0.0,17,0.0,0.0,0.0,17,0.8101629913710451,0.8286238532110092,0.8482270784179732,17,1.0,1.0,1.0,17,0.9330114665057333,0.9425287356321839,0.9488388933782345,17,0.85612968591692,0.8728209191759112,0.8950168712787524,17,1642.0,1856.0,2388.6,17,0.8280386740331491,0.9570680628272251,0.987388763859352,17,0.8425742634752178,0.9292980380917271,0.9572980851140503,17,0.8425742634752178,0.9292980380917271,0.9572980851140503,17,0.0,0.0,0.0,17,0.0,0.0,0.0,17,0.001311570405960083,0.0016300976276397705,0.003229835629463196,17,3.2505000017408747,3.925500001059845,4.979100002674386,17,17
20260717_204156_controller_right,exp1_system_characterization,continuous_translation,trial_001,event_005,exp1_system_characterization/continuous_translation,Arrival-Hold,Arrival-Hold,22,22,22,0.8738239407539368,0.8937246203422546,0.9062516540288925,22,0.9384697699304441,0.9469813617567207,0.9523212840193112,22,0.9268438932808838,0.9442487220450395,0.9546092877503561,22,0.9293826176836324,0.9536373836230508,0.9616631975550223,22,0.9213049864896308,0.9413493243309645,0.9559661316118113,22,0.9213049864896308,0.9413493243309645,0.9559661316118113,22,0.0,0.0,0.0,22,0.0,0.0,0.0,22,0.8148460565162379,0.836811238406983,0.8592402037954031,22,1.0,1.0,1.0,22,0.9384697699304441,0.9469813617567207,0.9523212840193112,22,0.8552456839309429,0.8769087313432538,0.9057817496607108,22,1835.0,2387.0,2730.6,22,0.9214241866175568,0.9620381992176864,0.9817850841721593,22,0.9213049864896308,0.9413493243309645,0.9559661316118113,22,0.9213049864896308,0.9413493243309645,0.9559661316118113,22,0.0,0.0,0.0,22,0.0,0.0,0.0,22,0.0008298158645629883,0.0013069882988929749,0.0018347613513469696,22,3.2973000015772413,3.488100001050043,4.11975499955588,22,22
20260717_204156_controller_right,exp1_system_characterization,continuous_translation,trial_001,event_005,exp1_system_characterization/continuous_translation,Capture-Hold,Capture-Hold,22,22,22,0.8738239407539368,0.8937246203422546,0.9062516540288925,22,0.9384697699304441,0.9469813617567207,0.9523212840193112,22,0.9268438932808838,0.9442487220450395,0.9546092877503561,22,0.9293826176836324,0.9536373836230508,0.9616631975550223,22,0.9213049864896308,0.9413493243309645,0.9559661316118113,22,0.9213049864896308,0.9413493243309645,0.9559661316118113,22,0.0,0.0,0.0,22,0.0,0.0,0.0,22,0.8148460565162379,0.836811238406983,0.8592402037954031,22,1.0,1.0,1.0,22,0.9384697699304441,0.9469813617567207,0.9523212840193112,22,0.8552456839309429,0.8769087313432538,0.9057817496607108,22,1835.0,2387.0,2730.6,22,0.9214241866175568,0.9620381992176864,0.9817850841721593,22,0.9213049864896308,0.9413493243309645,0.9559661316118113,22,0.9213049864896308,0.9413493243309645,0.9559661316118113,22,0.0,0.0,0.0,22,0.0,0.0,0.0,22,0.0008298158645629883,0.0013069882988929749,0.0018347613513469696,22,3.2973000015772413,3.488100001050043,4.11975499955588,22,22
20260717_204156_controller_right,exp1_system_characterization,continuous_translation,trial_001,event_005,exp1_system_characterization/continuous_translation,EgoAnchor,EgoAnchor,22,22,22,0.8738239407539368,0.8937246203422546,0.9062516540288925,22,0.9384697699304441,0.9469813617567207,0.9523212840193112,22,0.9268438932808838,0.9442487220450395,0.9546092877503561,22,0.9293826176836324,0.9536373836230508,0.9616631975550223,22,0.9213049864896308,0.9413493243309645,0.9559661316118113,22,0.9213049864896308,0.9413493243309645,0.9559661316118113,22,0.0,0.0,0.0,22,0.0,0.0,0.0,22,0.8148460565162379,0.836811238406983,0.8592402037954031,22,1.0,1.0,1.0,22,0.9384697699304441,0.9469813617567207,0.9523212840193112,22,0.8552456839309429,0.8769087313432538,0.9057817496607108,22,1835.0,2387.0,2730.6,22,0.9214241866175568,0.9620381992176864,0.9817850841721593,22,0.9213049864896308,0.9413493243309645,0.9559661316118113,22,0.9213049864896308,0.9413493243309645,0.9559661316118113,22,0.0,0.0,0.0,22,0.0,0.0,0.0,22,0.0008298158645629883,0.0013069882988929749,0.0018347613513469696,22,3.2973000015772413,3.488100001050043,4.11975499955588,22,22
20260717_204156_controller_right,exp1_system_characterization,continuous_translation,trial_001,event_005,exp1_system_characterization/continuous_translation,One-Euro Anchor,One-Euro Anchor,22,22,22,0.8738239407539368,0.8937246203422546,0.9062516540288925,22,0.9384697699304441,0.9469813617567207,0.9523212840193112,22,0.9268438932808838,0.9442487220450395,0.9546092877503561,22,0.9293826176836324,0.9536373836230508,0.9616631975550223,22,0.9213049864896308,0.9413493243309645,0.9559661316118113,22,0.9213049864896308,0.9413493243309645,0.9559661316118113,22,0.0,0.0,0.0,22,0.0,0.0,0.0,22,0.8148460565162379,0.836811238406983,0.8592402037954031,22,1.0,1.0,1.0,22,0.9384697699304441,0.9469813617567207,0.9523212840193112,22,0.8552456839309429,0.8769087313432538,0.9057817496607108,22,1835.0,2387.0,2730.6,22,0.9214241866175568,0.9620381992176864,0.9817850841721593,22,0.9213049864896308,0.9413493243309645,0.9559661316118113,22,0.9213049864896308,0.9413493243309645,0.9559661316118113,22,0.0,0.0,0.0,22,0.0,0.0,0.0,22,0.0008298158645629883,0.0013069882988929749,0.0018347613513469696,22,3.2973000015772413,3.488100001050043,4.11975499955588,22,22
20260717_204156_controller_right,exp1_system_characterization,continuous_translation,trial_001,event_006,exp1_system_characterization/continuous_translation,Arrival-Hold,Arrival-Hold,20,20,20,0.8062540888786316,0.8776170909404755,0.8963162869215011,20,0.9352401511063141,0.9425601750547046,0.9448393532936804,20,0.8539073199170385,0.9341729477406173,0.9506185911353415,20,0.9126520569595751,0.9360525509067159,0.9472646945059369,20,0.8373761076781079,0.9324361835684594,0.9602144619966857,20,0.8373761076781079,0.9324361835684594,0.9602144619966857,20,0.0,0.0,0.0,20,0.0,0.0,0.0,20,0.8226915520628684,0.8421690754467197,0.851339078430614,20,1.0,1.0,1.0,20,0.9352401511063141,0.9425601750547046,0.9448393532936804,20,0.8647392875580795,0.8902586014206988,0.9032810823850659,20,1774.0,1828.0,1853.15,20,0.8739554317548747,0.9655034929523338,0.9861276748387374,20,0.8373761076781079,0.9324361835684594,0.9602144619966857,20,0.8373761076781079,0.9324361835684594,0.9602144619966857,20,0.0,0.0,0.0,20,0.0,0.0,0.0,20,0.0011136233806610107,0.0019381418824195862,0.0034185811877250672,20,3.387500000826549,3.760100000363309,4.096984998795961,20,20
20260717_204156_controller_right,exp1_system_characterization,continuous_translation,trial_001,event_006,exp1_system_characterization/continuous_translation,Capture-Hold,Capture-Hold,20,20,20,0.8062540888786316,0.8776170909404755,0.8963162869215011,20,0.9352401511063141,0.9425601750547046,0.9448393532936804,20,0.8539073199170385,0.9341729477406173,0.9506185911353415,20,0.9126520569595751,0.9360525509067159,0.9472646945059369,20,0.8373761076781079,0.9324361835684594,0.9602144619966857,20,0.8373761076781079,0.9324361835684594,0.9602144619966857,20,0.0,0.0,0.0,20,0.0,0.0,0.0,20,0.8226915520628684,0.8421690754467197,0.851339078430614,20,1.0,1.0,1.0,20,0.9352401511063141,0.9425601750547046,0.9448393532936804,20,0.8647392875580795,0.8902586014206988,0.9032810823850659,20,1774.0,1828.0,1853.15,20,0.8739554317548747,0.9655034929523338,0.9861276748387374,20,0.8373761076781079,0.9324361835684594,0.9602144619966857,20,0.8373761076781079,0.9324361835684594,0.9602144619966857,20,0.0,0.0,0.0,20,0.0,0.0,0.0,20,0.0011136233806610107,0.0019381418824195862,0.0034185811877250672,20,3.387500000826549,3.760100000363309,4.096984998795961,20,20
20260717_204156_controller_right,exp1_system_characterization,continuous_translation,trial_001,event_006,exp1_system_characterization/continuous_translation,EgoAnchor,EgoAnchor,20,20,20,0.8062540888786316,0.8776170909404755,0.8963162869215011,20,0.9352401511063141,0.9425601750547046,0.9448393532936804,20,0.8539073199170385,0.9341729477406173,0.9506185911353415,20,0.9126520569595751,0.9360525509067159,0.9472646945059369,20,0.8373761076781079,0.9324361835684594,0.9602144619966857,20,0.8373761076781079,0.9324361835684594,0.9602144619966857,20,0.0,0.0,0.0,20,0.0,0.0,0.0,20,0.8226915520628684,0.8421690754467197,0.851339078430614,20,1.0,1.0,1.0,20,0.9352401511063141,0.9425601750547046,0.9448393532936804,20,0.8647392875580795,0.8902586014206988,0.9032810823850659,20,1774.0,1828.0,1853.15,20,0.8739554317548747,0.9655034929523338,0.9861276748387374,20,0.8373761076781079,0.9324361835684594,0.9602144619966857,20,0.8373761076781079,0.9324361835684594,0.9602144619966857,20,0.0,0.0,0.0,20,0.0,0.0,0.0,20,0.0011136233806610107,0.0019381418824195862,0.0034185811877250672,20,3.387500000826549,3.760100000363309,4.096984998795961,20,20
20260717_204156_controller_right,exp1_system_characterization,continuous_translation,trial_001,event_006,exp1_system_characterization/continuous_translation,One-Euro Anchor,One-Euro Anchor,20,20,20,0.8062540888786316,0.8776170909404755,0.8963162869215011,20,0.9352401511063141,0.9425601750547046,0.9448393532936804,20,0.8539073199170385,0.9341729477406173,0.9506185911353415,20,0.9126520569595751,0.9360525509067159,0.9472646945059369,20,0.8373761076781079,0.9324361835684594,0.9602144619966857,20,0.8373761076781079,0.9324361835684594,0.9602144619966857,20,0.0,0.0,0.0,20,0.0,0.0,0.0,20,0.8226915520628684,0.8421690754467197,0.851339078430614,20,1.0,1.0,1.0,20,0.9352401511063141,0.9425601750547046,0.9448393532936804,20,0.8647392875580795,0.8902586014206988,0.9032810823850659,20,1774.0,1828.0,1853.15,20,0.8739554317548747,0.9655034929523338,0.9861276748387374,20,0.8373761076781079,0.9324361835684594,0.9602144619966857,20,0.8373761076781079,0.9324361835684594,0.9602144619966857,20,0.0,0.0,0.0,20,0.0,0.0,0.0,20,0.0011136233806610107,0.0019381418824195862,0.0034185811877250672,20,3.387500000826549,3.760100000363309,4.096984998795961,20,20
20260717_204156_controller_right,exp1_system_characterization,continuous_translation,trial_001,event_007,exp1_system_characterization/continuous_translation,Arrival-Hold,Arrival-Hold,22,22,22,0.7104479074478149,0.8998316526412964,0.9184744358062744,22,0.9155162893429045,0.9544328467804473,0.9584643291831597,22,0.7541246409090763,0.9479304238009607,0.9605769327482618,22,0.932506443628924,0.9436400045623975,0.9610977949075997,22,0.7131029910790292,0.9495557484549911,0.9650687269182435,22,0.7131029910790292,0.9495557484549911,0.9650687269182435,22,0.0,0.0,0.0,22,0.0,0.0,0.0,22,0.8103616813294232,0.831681461608863,0.8465240269317463,22,1.0,1.0,1.0,22,0.9155162893429045,0.9544328467804473,0.9584643291831597,22,0.8424603174603175,0.8710166947862868,0.8874535651190792,22,1811.0,2062.5,2276.75,22,0.6914473684210526,0.973068156706376,0.9883605519815619,22,0.7131029910790292,0.9495557484549911,0.9650687269182435,22,0.7131029910790292,0.9495557484549911,0.9650687269182435,22,0.0,0.0,0.0,22,0.0,0.0,0.0,22,0.0008398592472076416,0.0014151260256767273,0.002552036941051483,22,3.3335999978589825,3.596900001866743,4.306665002877708,22,22
20260717_204156_controller_right,exp1_system_characterization,continuous_translation,trial_001,event_007,exp1_system_characterization/continuous_translation,Capture-Hold,Capture-Hold,22,22,22,0.7104479074478149,0.8998316526412964,0.9184744358062744,22,0.9155162893429045,0.9544328467804473,0.9584643291831597,22,0.7541246409090763,0.9479304238009607,0.9605769327482618,22,0.932506443628924,0.9436400045623975,0.9610977949075997,22,0.7131029910790292,0.9495557484549911,0.9650687269182435,22,0.7131029910790292,0.9495557484549911,0.9650687269182435,22,0.0,0.0,0.0,22,0.0,0.0,0.0,22,0.8103616813294232,0.831681461608863,0.8465240269317463,22,1.0,1.0,1.0,22,0.9155162893429045,0.9544328467804473,0.9584643291831597,22,0.8424603174603175,0.8710166947862868,0.8874535651190792,22,1811.0,2062.5,2276.75,22,0.6914473684210526,0.973068156706376,0.9883605519815619,22,0.7131029910790292,0.9495557484549911,0.9650687269182435,22,0.7131029910790292,0.9495557484549911,0.9650687269182435,22,0.0,0.0,0.0,22,0.0,0.0,0.0,22,0.0008398592472076416,0.0014151260256767273,0.002552036941051483,22,3.3335999978589825,3.596900001866743,4.306665002877708,22,22
20260717_204156_controller_right,exp1_system_characterization,continuous_translation,trial_001,event_007,exp1_system_characterization/continuous_translation,EgoAnchor,EgoAnchor,22,22,22,0.7104479074478149,0.8998316526412964,0.9184744358062744,22,0.9155162893429045,0.9544328467804473,0.9584643291831597,22,0.7541246409090763,0.9479304238009607,0.9605769327482618,22,0.932506443628924,0.9436400045623975,0.9610977949075997,22,0.7131029910790292,0.9495557484549911,0.9650687269182435,22,0.7131029910790292,0.9495557484549911,0.9650687269182435,22,0.0,0.0,0.0,22,0.0,0.0,0.0,22,0.8103616813294232,0.831681461608863,0.8465240269317463,22,1.0,1.0,1.0,22,0.9155162893429045,0.9544328467804473,0.9584643291831597,22,0.8424603174603175,0.8710166947862868,0.8874535651190792,22,1811.0,2062.5,2276.75,22,0.6914473684210526,0.973068156706376,0.9883605519815619,22,0.7131029910790292,0.9495557484549911,0.9650687269182435,22,0.7131029910790292,0.9495557484549911,0.9650687269182435,22,0.0,0.0,0.0,22,0.0,0.0,0.0,22,0.0008398592472076416,0.0014151260256767273,0.002552036941051483,22,3.3335999978589825,3.596900001866743,4.306665002877708,22,22
20260717_204156_controller_right,exp1_system_characterization,continuous_translation,trial_001,event_007,exp1_system_characterization/continuous_translation,One-Euro Anchor,One-Euro Anchor,22,22,22,0.7104479074478149,0.8998316526412964,0.9184744358062744,22,0.9155162893429045,0.9544328467804473,0.9584643291831597,22,0.7541246409090763,0.9479304238009607,0.9605769327482618,22,0.932506443628924,0.9436400045623975,0.9610977949075997,22,0.7131029910790292,0.9495557484549911,0.9650687269182435,22,0.7131029910790292,0.9495557484549911,0.9650687269182435,22,0.0,0.0,0.0,22,0.0,0.0,0.0,22,0.8103616813294232,0.831681461608863,0.8465240269317463,22,1.0,1.0,1.0,22,0.9155162893429045,0.9544328467804473,0.9584643291831597,22,0.8424603174603175,0.8710166947862868,0.8874535651190792,22,1811.0,2062.5,2276.75,22,0.6914473684210526,0.973068156706376,0.9883605519815619,22,0.7131029910790292,0.9495557484549911,0.9650687269182435,22,0.7131029910790292,0.9495557484549911,0.9650687269182435,22,0.0,0.0,0.0,22,0.0,0.0,0.0,22,0.0008398592472076416,0.0014151260256767273,0.002552036941051483,22,3.3335999978589825,3.596900001866743,4.306665002877708,22,22
20260717_204156_controller_right,exp1_system_characterization,continuous_translation,trial_001,event_008,exp1_system_characterization/continuous_translation,Arrival-Hold,Arrival-Hold,18,18,18,0.8890212774276733,0.9025769829750061,0.9203826516866684,18,0.9527526705012326,0.9558983116125488,0.9574775453906534,18,0.9303355081377281,0.9441388172955012,0.9627415836731638,18,0.9423197348314631,0.9598557400047764,0.9650530423360723,18,0.9239726415235703,0.9392324852883127,0.9624470114346234,18,0.9239726415235703,0.9392324852883127,0.9624470114346234,18,0.0,0.0,0.0,18,0.0,0.0,0.0,18,0.7975980219003885,0.8339618298781523,0.8384727241081896,18,1.0,1.0,1.0,18,0.9527526705012326,0.9558983116125488,0.9574775453906534,18,0.828016134946828,0.867152466367713,0.8723167008884163,18,2251.0,2408.5,2434.3,18,0.9561316051844466,0.9737413558597761,0.9869844286414909,18,0.9239726415235703,0.9392324852883127,0.9624470114346234,18,0.9239726415235703,0.9392324852883127,0.9624470114346234,18,0.0,0.0,0.0,18,0.0,0.0,0.0,18,0.0010833442211151123,0.0017735064029693604,0.002048280835151672,18,3.1828999999561347,3.4733499996946193,3.883009999481146,18,18
20260717_204156_controller_right,exp1_system_characterization,continuous_translation,trial_001,event_008,exp1_system_characterization/continuous_translation,Capture-Hold,Capture-Hold,18,18,18,0.8890212774276733,0.9025769829750061,0.9203826516866684,18,0.9527526705012326,0.9558983116125488,0.9574775453906534,18,0.9303355081377281,0.9441388172955012,0.9627415836731638,18,0.9423197348314631,0.9598557400047764,0.9650530423360723,18,0.9239726415235703,0.9392324852883127,0.9624470114346234,18,0.9239726415235703,0.9392324852883127,0.9624470114346234,18,0.0,0.0,0.0,18,0.0,0.0,0.0,18,0.7975980219003885,0.8339618298781523,0.8384727241081896,18,1.0,1.0,1.0,18,0.9527526705012326,0.9558983116125488,0.9574775453906534,18,0.828016134946828,0.867152466367713,0.8723167008884163,18,2251.0,2408.5,2434.3,18,0.9561316051844466,0.9737413558597761,0.9869844286414909,18,0.9239726415235703,0.9392324852883127,0.9624470114346234,18,0.9239726415235703,0.9392324852883127,0.9624470114346234,18,0.0,0.0,0.0,18,0.0,0.0,0.0,18,0.0010833442211151123,0.0017735064029693604,0.002048280835151672,18,3.1828999999561347,3.4733499996946193,3.883009999481146,18,18
20260717_204156_controller_right,exp1_system_characterization,continuous_translation,trial_001,event_008,exp1_system_characterization/continuous_translation,EgoAnchor,EgoAnchor,18,18,18,0.8890212774276733,0.9025769829750061,0.9203826516866684,18,0.9527526705012326,0.9558983116125488,0.9574775453906534,18,0.9303355081377281,0.9441388172955012,0.9627415836731638,18,0.9423197348314631,0.9598557400047764,0.9650530423360723,18,0.9239726415235703,0.9392324852883127,0.9624470114346234,18,0.9239726415235703,0.9392324852883127,0.9624470114346234,18,0.0,0.0,0.0,18,0.0,0.0,0.0,18,0.7975980219003885,0.8339618298781523,0.8384727241081896,18,1.0,1.0,1.0,18,0.9527526705012326,0.9558983116125488,0.9574775453906534,18,0.828016134946828,0.867152466367713,0.8723167008884163,18,2251.0,2408.5,2434.3,18,0.9561316051844466,0.9737413558597761,0.9869844286414909,18,0.9239726415235703,0.9392324852883127,0.9624470114346234,18,0.9239726415235703,0.9392324852883127,0.9624470114346234,18,0.0,0.0,0.0,18,0.0,0.0,0.0,18,0.0010833442211151123,0.0017735064029693604,0.002048280835151672,18,3.1828999999561347,3.4733499996946193,3.883009999481146,18,18
20260717_204156_controller_right,exp1_system_characterization,continuous_translation,trial_001,event_008,exp1_system_characterization/continuous_translation,One-Euro Anchor,One-Euro Anchor,18,18,18,0.8890212774276733,0.9025769829750061,0.9203826516866684,18,0.9527526705012326,0.9558983116125488,0.9574775453906534,18,0.9303355081377281,0.9441388172955012,0.9627415836731638,18,0.9423197348314631,0.9598557400047764,0.9650530423360723,18,0.9239726415235703,0.9392324852883127,0.9624470114346234,18,0.9239726415235703,0.9392324852883127,0.9624470114346234,18,0.0,0.0,0.0,18,0.0,0.0,0.0,18,0.7975980219003885,0.8339618298781523,0.8384727241081896,18,1.0,1.0,1.0,18,0.9527526705012326,0.9558983116125488,0.9574775453906534,18,0.828016134946828,0.867152466367713,0.8723167008884163,18,2251.0,2408.5,2434.3,18,0.9561316051844466,0.9737413558597761,0.9869844286414909,18,0.9239726415235703,0.9392324852883127,0.9624470114346234,18,0.9239726415235703,0.9392324852883127,0.9624470114346234,18,0.0,0.0,0.0,18,0.0,0.0,0.0,18,0.0010833442211151123,0.0017735064029693604,0.002048280835151672,18,3.1828999999561347,3.4733499996946193,3.883009999481146,18,18
20260717_204156_controller_right,exp1_system_characterization,continuous_translation,trial_001,event_009,exp1_system_characterization/continuous_translation,Arrival-Hold,Arrival-Hold,15,15,15,0.4961954653263092,0.8902353644371033,0.9017332136631012,15,0.9211356466876972,0.9400584795321637,0.954320333159551,15,0.5177054193697675,0.9448537469483251,0.9562197317957514,15,0.9327483051197345,0.9500724193469132,0.9574276624617031,15,0.44685052435276873,0.9447948159230923,0.9568139992255951,15,0.44685052435276873,0.9447948159230923,0.9568139992255951,15,0.0,0.0,0.0,15,0.0,0.0,0.0,15,0.7566157286619456,0.8129784907036092,0.826738384114871,15,1.0,1.0,1.0,15,0.9211356466876972,0.9400584795321637,0.954320333159551,15,0.7822736030828517,0.8586309523809523,0.8734154817655909,15,1856.0,2052.0,2281.7,15,0.40508474576271186,0.9648375066595631,0.9808262326518125,15,0.44685052435276873,0.9447948159230923,0.9568139992255951,15,0.44685052435276873,0.9447948159230923,0.9568139992255951,15,0.0,0.0,0.0,15,0.0,0.0,0.0,15,0.0010845214128494263,0.0014622509479522705,0.004078677296638482,15,3.0908999979146756,3.354200001922436,3.886870000133058,15,15
20260717_204156_controller_right,exp1_system_characterization,continuous_translation,trial_001,event_009,exp1_system_characterization/continuous_translation,Capture-Hold,Capture-Hold,15,15,15,0.4961954653263092,0.8902353644371033,0.9017332136631012,15,0.9211356466876972,0.9400584795321637,0.954320333159551,15,0.5177054193697675,0.9448537469483251,0.9562197317957514,15,0.9327483051197345,0.9500724193469132,0.9574276624617031,15,0.44685052435276873,0.9447948159230923,0.9568139992255951,15,0.44685052435276873,0.9447948159230923,0.9568139992255951,15,0.0,0.0,0.0,15,0.0,0.0,0.0,15,0.7566157286619456,0.8129784907036092,0.826738384114871,15,1.0,1.0,1.0,15,0.9211356466876972,0.9400584795321637,0.954320333159551,15,0.7822736030828517,0.8586309523809523,0.8734154817655909,15,1856.0,2052.0,2281.7,15,0.40508474576271186,0.9648375066595631,0.9808262326518125,15,0.44685052435276873,0.9447948159230923,0.9568139992255951,15,0.44685052435276873,0.9447948159230923,0.9568139992255951,15,0.0,0.0,0.0,15,0.0,0.0,0.0,15,0.0010845214128494263,0.0014622509479522705,0.004078677296638482,15,3.0908999979146756,3.354200001922436,3.886870000133058,15,15
20260717_204156_controller_right,exp1_system_characterization,continuous_translation,trial_001,event_009,exp1_system_characterization/continuous_translation,EgoAnchor,EgoAnchor,15,15,15,0.4961954653263092,0.8902353644371033,0.9017332136631012,15,0.9211356466876972,0.9400584795321637,0.954320333159551,15,0.5177054193697675,0.9448537469483251,0.9562197317957514,15,0.9327483051197345,0.9500724193469132,0.9574276624617031,15,0.44685052435276873,0.9447948159230923,0.9568139992255951,15,0.44685052435276873,0.9447948159230923,0.9568139992255951,15,0.0,0.0,0.0,15,0.0,0.0,0.0,15,0.7566157286619456,0.8129784907036092,0.826738384114871,15,1.0,1.0,1.0,15,0.9211356466876972,0.9400584795321637,0.954320333159551,15,0.7822736030828517,0.8586309523809523,0.8734154817655909,15,1856.0,2052.0,2281.7,15,0.40508474576271186,0.9648375066595631,0.9808262326518125,15,0.44685052435276873,0.9447948159230923,0.9568139992255951,15,0.44685052435276873,0.9447948159230923,0.9568139992255951,15,0.0,0.0,0.0,15,0.0,0.0,0.0,15,0.0010845214128494263,0.0014622509479522705,0.004078677296638482,15,3.0908999979146756,3.354200001922436,3.886870000133058,15,15
20260717_204156_controller_right,exp1_system_characterization,continuous_translation,trial_001,event_009,exp1_system_characterization/continuous_translation,One-Euro Anchor,One-Euro Anchor,15,15,15,0.4961954653263092,0.8902353644371033,0.9017332136631012,15,0.9211356466876972,0.9400584795321637,0.954320333159551,15,0.5177054193697675,0.9448537469483251,0.9562197317957514,15,0.9327483051197345,0.9500724193469132,0.9574276624617031,15,0.44685052435276873,0.9447948159230923,0.9568139992255951,15,0.44685052435276873,0.9447948159230923,0.9568139992255951,15,0.0,0.0,0.0,15,0.0,0.0,0.0,15,0.7566157286619456,0.8129784907036092,0.826738384114871,15,1.0,1.0,1.0,15,0.9211356466876972,0.9400584795321637,0.954320333159551,15,0.7822736030828517,0.8586309523809523,0.8734154817655909,15,1856.0,2052.0,2281.7,15,0.40508474576271186,0.9648375066595631,0.9808262326518125,15,0.44685052435276873,0.9447948159230923,0.9568139992255951,15,0.44685052435276873,0.9447948159230923,0.9568139992255951,15,0.0,0.0,0.0,15,0.0,0.0,0.0,15,0.0010845214128494263,0.0014622509479522705,0.004078677296638482,15,3.0908999979146756,3.354200001922436,3.886870000133058,15,15
20260717_204156_controller_right,exp1_system_characterization,continuous_translation,trial_001,event_010,exp1_system_characterization/continuous_translation,Arrival-Hold,Arrival-Hold,20,20,20,0.7235867381095886,0.8368753492832184,0.877717986702919,20,0.9250936329588015,0.9297528813537749,0.9382477951445441,20,0.7798739152610432,0.8940930156090283,0.9427732538759525,20,0.9098898827286495,0.9282717477919867,0.9434038678074704,20,0.7465734266698567,0.8859485940394634,0.9441888181906964,20,0.7465734266698567,0.8859485940394634,0.9441888181906964,20,0.0,0.0,0.0,20,0.0,0.0,0.0,20,0.7982456140350878,0.8402360628996861,0.865597518236277,20,0.9895216400911162,1.0,1.0,20,0.9250936329588015,0.9297528813537749,0.9382477951445441,20,0.853405725567621,0.8955468872632228,0.9195777714572181,20,1869.0,2055.0,2138.0,20,0.7122260668973471,0.9070703401157704,0.9709489282728495,20,0.7465734266698567,0.8859485940394634,0.9441888181906964,20,0.7465734266698567,0.8859485940394634,0.9441888181906964,20,0.0,0.0,0.0,20,0.0,0.0,0.0,20,0.0012982487678527832,0.002492189407348633,0.0033408232033252717,20,3.1186999985948205,3.339349999805563,3.998514999511827,20,20
20260717_204156_controller_right,exp1_system_characterization,continuous_translation,trial_001,event_010,exp1_system_characterization/continuous_translation,Capture-Hold,Capture-Hold,20,20,20,0.7235867381095886,0.8368753492832184,0.877717986702919,20,0.9250936329588015,0.9297528813537749,0.9382477951445441,20,0.7798739152610432,0.8940930156090283,0.9427732538759525,20,0.9098898827286495,0.9282717477919867,0.9434038678074704,20,0.7465734266698567,0.8859485940394634,0.9441888181906964,20,0.7465734266698567,0.8859485940394634,0.9441888181906964,20,0.0,0.0,0.0,20,0.0,0.0,0.0,20,0.7982456140350878,0.8402360628996861,0.865597518236277,20,0.9895216400911162,1.0,1.0,20,0.9250936329588015,0.9297528813537749,0.9382477951445441,20,0.853405725567621,0.8955468872632228,0.9195777714572181,20,1869.0,2055.0,2138.0,20,0.7122260668973471,0.9070703401157704,0.9709489282728495,20,0.7465734266698567,0.8859485940394634,0.9441888181906964,20,0.7465734266698567,0.8859485940394634,0.9441888181906964,20,0.0,0.0,0.0,20,0.0,0.0,0.0,20,0.0012982487678527832,0.002492189407348633,0.0033408232033252717,20,3.1186999985948205,3.339349999805563,3.998514999511827,20,20
20260717_204156_controller_right,exp1_system_characterization,continuous_translation,trial_001,event_010,exp1_system_characterization/continuous_translation,EgoAnchor,EgoAnchor,20,20,20,0.7235867381095886,0.8368753492832184,0.877717986702919,20,0.9250936329588015,0.9297528813537749,0.9382477951445441,20,0.7798739152610432,0.8940930156090283,0.9427732538759525,20,0.9098898827286495,0.9282717477919867,0.9434038678074704,20,0.7465734266698567,0.8859485940394634,0.9441888181906964,20,0.7465734266698567,0.8859485940394634,0.9441888181906964,20,0.0,0.0,0.0,20,0.0,0.0,0.0,20,0.7982456140350878,0.8402360628996861,0.865597518236277,20,0.9895216400911162,1.0,1.0,20,0.9250936329588015,0.9297528813537749,0.9382477951445441,20,0.853405725567621,0.8955468872632228,0.9195777714572181,20,1869.0,2055.0,2138.0,20,0.7122260668973471,0.9070703401157704,0.9709489282728495,20,0.7465734266698567,0.8859485940394634,0.9441888181906964,20,0.7465734266698567,0.8859485940394634,0.9441888181906964,20,0.0,0.0,0.0,20,0.0,0.0,0.0,20,0.0012982487678527832,0.002492189407348633,0.0033408232033252717,20,3.1186999985948205,3.339349999805563,3.998514999511827,20,20
20260717_204156_controller_right,exp1_system_characterization,continuous_translation,trial_001,event_010,exp1_system_characterization/continuous_translation,One-Euro Anchor,One-Euro Anchor,20,20,20,0.7235867381095886,0.8368753492832184,0.877717986702919,20,0.9250936329588015,0.9297528813537749,0.9382477951445441,20,0.7798739152610432,0.8940930156090283,0.9427732538759525,20,0.9098898827286495,0.9282717477919867,0.9434038678074704,20,0.7465734266698567,0.8859485940394634,0.9441888181906964,20,0.7465734266698567,0.8859485940394634,0.9441888181906964,20,0.0,0.0,0.0,20,0.0,0.0,0.0,20,0.7982456140350878,0.8402360628996861,0.865597518236277,20,0.9895216400911162,1.0,1.0,20,0.9250936329588015,0.9297528813537749,0.9382477951445441,20,0.853405725567621,0.8955468872632228,0.9195777714572181,20,1869.0,2055.0,2138.0,20,0.7122260668973471,0.9070703401157704,0.9709489282728495,20,0.7465734266698567,0.8859485940394634,0.9441888181906964,20,0.7465734266698567,0.8859485940394634,0.9441888181906964,20,0.0,0.0,0.0,20,0.0,0.0,0.0,20,0.0012982487678527832,0.002492189407348633,0.0033408232033252717,20,3.1186999985948205,3.339349999805563,3.998514999511827,20,20
20260717_204156_controller_right,exp1_system_characterization,continuous_translation,trial_001,event_011,exp1_system_characterization/continuous_translation,Arrival-Hold,Arrival-Hold,13,13,13,0.7796365022659302,0.8989330530166626,0.9160367131233216,13,0.9406817175741479,0.950474618241849,0.9553042317809067,13,0.825497465251992,0.946968620466566,0.9608819195020597,13,0.9453422783692116,0.9563733077967034,0.9685137865955041,13,0.7977389394319975,0.9436778354150521,0.9619107612019234,13,0.7977389394319975,0.9436778354150521,0.9619107612019234,13,0.0,0.0,0.0,13,0.0,0.0,0.0,13,0.8120879120879121,0.835820895522388,0.8509158017105501,13,1.0,1.0,1.0,13,0.9406817175741479,0.950474618241849,0.9553042317809067,13,0.8455377574370709,0.8742307692307693,0.8944193477246092,13,2208.0,2297.0,2407.4,13,0.8307692307692308,0.9723876556578235,0.9874171903043365,13,0.7977389394319975,0.9436778354150521,0.9619107612019234,13,0.7977389394319975,0.9436778354150521,0.9619107612019234,13,0.0,0.0,0.0,13,0.0,0.0,0.0,13,0.0009115785360336304,0.0016642212867736816,0.004037159681320191,13,3.1013999978313223,3.503799998725299,4.02064000008977,13,13
20260717_204156_controller_right,exp1_system_characterization,continuous_translation,trial_001,event_011,exp1_system_characterization/continuous_translation,Capture-Hold,Capture-Hold,13,13,13,0.7796365022659302,0.8989330530166626,0.9160367131233216,13,0.9406817175741479,0.950474618241849,0.9553042317809067,13,0.825497465251992,0.946968620466566,0.9608819195020597,13,0.9453422783692116,0.9563733077967034,0.9685137865955041,13,0.7977389394319975,0.9436778354150521,0.9619107612019234,13,0.7977389394319975,0.9436778354150521,0.9619107612019234,13,0.0,0.0,0.0,13,0.0,0.0,0.0,13,0.8120879120879121,0.835820895522388,0.8509158017105501,13,1.0,1.0,1.0,13,0.9406817175741479,0.950474618241849,0.9553042317809067,13,0.8455377574370709,0.8742307692307693,0.8944193477246092,13,2208.0,2297.0,2407.4,13,0.8307692307692308,0.9723876556578235,0.9874171903043365,13,0.7977389394319975,0.9436778354150521,0.9619107612019234,13,0.7977389394319975,0.9436778354150521,0.9619107612019234,13,0.0,0.0,0.0,13,0.0,0.0,0.0,13,0.0009115785360336304,0.0016642212867736816,0.004037159681320191,13,3.1013999978313223,3.503799998725299,4.02064000008977,13,13
20260717_204156_controller_right,exp1_system_characterization,continuous_translation,trial_001,event_011,exp1_system_characterization/continuous_translation,EgoAnchor,EgoAnchor,13,13,13,0.7796365022659302,0.8989330530166626,0.9160367131233216,13,0.9406817175741479,0.950474618241849,0.9553042317809067,13,0.825497465251992,0.946968620466566,0.9608819195020597,13,0.9453422783692116,0.9563733077967034,0.9685137865955041,13,0.7977389394319975,0.9436778354150521,0.9619107612019234,13,0.7977389394319975,0.9436778354150521,0.9619107612019234,13,0.0,0.0,0.0,13,0.0,0.0,0.0,13,0.8120879120879121,0.835820895522388,0.8509158017105501,13,1.0,1.0,1.0,13,0.9406817175741479,0.950474618241849,0.9553042317809067,13,0.8455377574370709,0.8742307692307693,0.8944193477246092,13,2208.0,2297.0,2407.4,13,0.8307692307692308,0.9723876556578235,0.9874171903043365,13,0.7977389394319975,0.9436778354150521,0.9619107612019234,13,0.7977389394319975,0.9436778354150521,0.9619107612019234,13,0.0,0.0,0.0,13,0.0,0.0,0.0,13,0.0009115785360336304,0.0016642212867736816,0.004037159681320191,13,3.1013999978313223,3.503799998725299,4.02064000008977,13,13
20260717_204156_controller_right,exp1_system_characterization,continuous_translation,trial_001,event_011,exp1_system_characterization/continuous_translation,One-Euro Anchor,One-Euro Anchor,13,13,13,0.7796365022659302,0.8989330530166626,0.9160367131233216,13,0.9406817175741479,0.950474618241849,0.9553042317809067,13,0.825497465251992,0.946968620466566,0.9608819195020597,13,0.9453422783692116,0.9563733077967034,0.9685137865955041,13,0.7977389394319975,0.9436778354150521,0.9619107612019234,13,0.7977389394319975,0.9436778354150521,0.9619107612019234,13,0.0,0.0,0.0,13,0.0,0.0,0.0,13,0.8120879120879121,0.835820895522388,0.8509158017105501,13,1.0,1.0,1.0,13,0.9406817175741479,0.950474618241849,0.9553042317809067,13,0.8455377574370709,0.8742307692307693,0.8944193477246092,13,2208.0,2297.0,2407.4,13,0.8307692307692308,0.9723876556578235,0.9874171903043365,13,0.7977389394319975,0.9436778354150521,0.9619107612019234,13,0.7977389394319975,0.9436778354150521,0.9619107612019234,13,0.0,0.0,0.0,13,0.0,0.0,0.0,13,0.0009115785360336304,0.0016642212867736816,0.004037159681320191,13,3.1013999978313223,3.503799998725299,4.02064000008977,13,13
20260717_204156_controller_right,exp1_system_characterization,continuous_translation,trial_001,event_012,exp1_system_characterization/continuous_translation,Arrival-Hold,Arrival-Hold,16,16,16,0.8926371335983276,0.910580962896347,0.921352744102478,16,0.9453939141308879,0.9549737411183195,0.9559909485500769,16,0.934115760670629,0.9587206962723989,0.9651032599309206,16,0.9598495341859441,0.9635402477692082,0.9658352970667465,16,0.9268935991069737,0.9581893716202778,0.9656966396457878,16,0.9268935991069737,0.9581893716202778,0.9656966396457878,16,0.0,0.0,0.0,16,0.0,0.0,0.0,16,0.8147617341454676,0.8338600223245087,0.8581927156926599,16,1.0,1.0,1.0,16,0.9453939141308879,0.9549737411183195,0.9559909485500769,16,0.8507295173961841,0.8678714231255918,0.893951655325232,16,2207.0,2341.5,2458.75,16,0.9642663779101245,0.984423484064904,0.9951738875655334,16,0.9268935991069737,0.9581893716202778,0.9656966396457878,16,0.9268935991069737,0.9581893716202778,0.9656966396457878,16,0.0,0.0,0.0,16,0.0,0.0,0.0,16,0.0009689480066299438,0.0013452023267745972,0.0022516846656799316,16,3.1033000013849232,3.4731999985524453,3.9995250008360017,16,16
20260717_204156_controller_right,exp1_system_characterization,continuous_translation,trial_001,event_012,exp1_system_characterization/continuous_translation,Capture-Hold,Capture-Hold,16,16,16,0.8926371335983276,0.910580962896347,0.921352744102478,16,0.9453939141308879,0.9549737411183195,0.9559909485500769,16,0.934115760670629,0.9587206962723989,0.9651032599309206,16,0.9598495341859441,0.9635402477692082,0.9658352970667465,16,0.9268935991069737,0.9581893716202778,0.9656966396457878,16,0.9268935991069737,0.9581893716202778,0.9656966396457878,16,0.0,0.0,0.0,16,0.0,0.0,0.0,16,0.8147617341454676,0.8338600223245087,0.8581927156926599,16,1.0,1.0,1.0,16,0.9453939141308879,0.9549737411183195,0.9559909485500769,16,0.8507295173961841,0.8678714231255918,0.893951655325232,16,2207.0,2341.5,2458.75,16,0.9642663779101245,0.984423484064904,0.9951738875655334,16,0.9268935991069737,0.9581893716202778,0.9656966396457878,16,0.9268935991069737,0.9581893716202778,0.9656966396457878,16,0.0,0.0,0.0,16,0.0,0.0,0.0,16,0.0009689480066299438,0.0013452023267745972,0.0022516846656799316,16,3.1033000013849232,3.4731999985524453,3.9995250008360017,16,16
20260717_204156_controller_right,exp1_system_characterization,continuous_translation,trial_001,event_012,exp1_system_characterization/continuous_translation,EgoAnchor,EgoAnchor,16,16,16,0.8926371335983276,0.910580962896347,0.921352744102478,16,0.9453939141308879,0.9549737411183195,0.9559909485500769,16,0.934115760670629,0.9587206962723989,0.9651032599309206,16,0.9598495341859441,0.9635402477692082,0.9658352970667465,16,0.9268935991069737,0.9581893716202778,0.9656966396457878,16,0.9268935991069737,0.9581893716202778,0.9656966396457878,16,0.0,0.0,0.0,16,0.0,0.0,0.0,16,0.8147617341454676,0.8338600223245087,0.8581927156926599,16,1.0,1.0,1.0,16,0.9453939141308879,0.9549737411183195,0.9559909485500769,16,0.8507295173961841,0.8678714231255918,0.893951655325232,16,2207.0,2341.5,2458.75,16,0.9642663779101245,0.984423484064904,0.9951738875655334,16,0.9268935991069737,0.9581893716202778,0.9656966396457878,16,0.9268935991069737,0.9581893716202778,0.9656966396457878,16,0.0,0.0,0.0,16,0.0,0.0,0.0,16,0.0009689480066299438,0.0013452023267745972,0.0022516846656799316,16,3.1033000013849232,3.4731999985524453,3.9995250008360017,16,16
20260717_204156_controller_right,exp1_system_characterization,continuous_translation,trial_001,event_012,exp1_system_characterization/continuous_translation,One-Euro Anchor,One-Euro Anchor,16,16,16,0.8926371335983276,0.910580962896347,0.921352744102478,16,0.9453939141308879,0.9549737411183195,0.9559909485500769,16,0.934115760670629,0.9587206962723989,0.9651032599309206,16,0.9598495341859441,0.9635402477692082,0.9658352970667465,16,0.9268935991069737,0.9581893716202778,0.9656966396457878,16,0.9268935991069737,0.9581893716202778,0.9656966396457878,16,0.0,0.0,0.0,16,0.0,0.0,0.0,16,0.8147617341454676,0.8338600223245087,0.8581927156926599,16,1.0,1.0,1.0,16,0.9453939141308879,0.9549737411183195,0.9559909485500769,16,0.8507295173961841,0.8678714231255918,0.893951655325232,16,2207.0,2341.5,2458.75,16,0.9642663779101245,0.984423484064904,0.9951738875655334,16,0.9268935991069737,0.9581893716202778,0.9656966396457878,16,0.9268935991069737,0.9581893716202778,0.9656966396457878,16,0.0,0.0,0.0,16,0.0,0.0,0.0,16,0.0009689480066299438,0.0013452023267745972,0.0022516846656799316,16,3.1033000013849232,3.4731999985524453,3.9995250008360017,16,16
20260717_204156_controller_right,exp1_system_characterization,continuous_translation,trial_001,event_013,exp1_system_characterization/continuous_translation,Arrival-Hold,Arrival-Hold,17,17,17,0.8461399078369141,0.8873223662376404,0.8979024887084961,17,0.9100294985250738,0.9414674361088211,0.9472484151392968,17,0.9210426515320922,0.9436085329978017,0.9554316654963324,17,0.9385407487435091,0.9472718962650413,0.9516392847981987,17,0.9141685089296986,0.9423441889788862,0.9583971153687452,17,0.9141685089296986,0.9423441889788862,0.9583971153687452,17,0.0,0.0,0.0,17,0.0,0.0,0.0,17,0.8066239316239316,0.8192323565827486,0.8374272291506852,17,1.0,1.0,1.0,17,0.9100294985250738,0.9414674361088211,0.9472484151392968,17,0.8476796407185628,0.8770642201834863,0.8908918238942047,17,2034.0,2401.0,2551.4,17,0.9315883402736467,0.9617520049352252,0.9887052619391753,17,0.9141685089296986,0.9423441889788862,0.9583971153687452,17,0.9141685089296986,0.9423441889788862,0.9583971153687452,17,0.0,0.0,0.0,17,0.0,0.0,0.0,17,0.0007454454898834229,0.0012322962284088135,0.002038517594337463,17,3.0646999985037837,3.3380999993823934,3.9215400007378776,17,17
20260717_204156_controller_right,exp1_system_characterization,continuous_translation,trial_001,event_013,exp1_system_characterization/continuous_translation,Capture-Hold,Capture-Hold,17,17,17,0.8461399078369141,0.8873223662376404,0.8979024887084961,17,0.9100294985250738,0.9414674361088211,0.9472484151392968,17,0.9210426515320922,0.9436085329978017,0.9554316654963324,17,0.9385407487435091,0.9472718962650413,0.9516392847981987,17,0.9141685089296986,0.9423441889788862,0.9583971153687452,17,0.9141685089296986,0.9423441889788862,0.9583971153687452,17,0.0,0.0,0.0,17,0.0,0.0,0.0,17,0.8066239316239316,0.8192323565827486,0.8374272291506852,17,1.0,1.0,1.0,17,0.9100294985250738,0.9414674361088211,0.9472484151392968,17,0.8476796407185628,0.8770642201834863,0.8908918238942047,17,2034.0,2401.0,2551.4,17,0.9315883402736467,0.9617520049352252,0.9887052619391753,17,0.9141685089296986,0.9423441889788862,0.9583971153687452,17,0.9141685089296986,0.9423441889788862,0.9583971153687452,17,0.0,0.0,0.0,17,0.0,0.0,0.0,17,0.0007454454898834229,0.0012322962284088135,0.002038517594337463,17,3.0646999985037837,3.3380999993823934,3.9215400007378776,17,17
20260717_204156_controller_right,exp1_system_characterization,continuous_translation,trial_001,event_013,exp1_system_characterization/continuous_translation,EgoAnchor,EgoAnchor,17,17,17,0.8461399078369141,0.8873223662376404,0.8979024887084961,17,0.9100294985250738,0.9414674361088211,0.9472484151392968,17,0.9210426515320922,0.9436085329978017,0.9554316654963324,17,0.9385407487435091,0.9472718962650413,0.9516392847981987,17,0.9141685089296986,0.9423441889788862,0.9583971153687452,17,0.9141685089296986,0.9423441889788862,0.9583971153687452,17,0.0,0.0,0.0,17,0.0,0.0,0.0,17,0.8066239316239316,0.8192323565827486,0.8374272291506852,17,1.0,1.0,1.0,17,0.9100294985250738,0.9414674361088211,0.9472484151392968,17,0.8476796407185628,0.8770642201834863,0.8908918238942047,17,2034.0,2401.0,2551.4,17,0.9315883402736467,0.9617520049352252,0.9887052619391753,17,0.9141685089296986,0.9423441889788862,0.9583971153687452,17,0.9141685089296986,0.9423441889788862,0.9583971153687452,17,0.0,0.0,0.0,17,0.0,0.0,0.0,17,0.0007454454898834229,0.0012322962284088135,0.002038517594337463,17,3.0646999985037837,3.3380999993823934,3.9215400007378776,17,17
20260717_204156_controller_right,exp1_system_characterization,continuous_translation,trial_001,event_013,exp1_system_characterization/continuous_translation,One-Euro Anchor,One-Euro Anchor,17,17,17,0.8461399078369141,0.8873223662376404,0.8979024887084961,17,0.9100294985250738,0.9414674361088211,0.9472484151392968,17,0.9210426515320922,0.9436085329978017,0.9554316654963324,17,0.9385407487435091,0.9472718962650413,0.9516392847981987,17,0.9141685089296986,0.9423441889788862,0.9583971153687452,17,0.9141685089296986,0.9423441889788862,0.9583971153687452,17,0.0,0.0,0.0,17,0.0,0.0,0.0,17,0.8066239316239316,0.8192323565827486,0.8374272291506852,17,1.0,1.0,1.0,17,0.9100294985250738,0.9414674361088211,0.9472484151392968,17,0.8476796407185628,0.8770642201834863,0.8908918238942047,17,2034.0,2401.0,2551.4,17,0.9315883402736467,0.9617520049352252,0.9887052619391753,17,0.9141685089296986,0.9423441889788862,0.9583971153687452,17,0.9141685089296986,0.9423441889788862,0.9583971153687452,17,0.0,0.0,0.0,17,0.0,0.0,0.0,17,0.0007454454898834229,0.0012322962284088135,0.002038517594337463,17,3.0646999985037837,3.3380999993823934,3.9215400007378776,17,17
20260717_204156_controller_right,exp1_system_characterization,continuous_translation,trial_001,event_014,exp1_system_characterization/continuous_translation,Arrival-Hold,Arrival-Hold,19,19,19,0.790768027305603,0.887410044670105,0.9098340153694152,19,0.8907376594564614,0.939594356261023,0.9525013320703333,19,0.8583479765263425,0.9412434110436851,0.9568456805620614,19,0.9347463416085032,0.9446190972942319,0.9566877233399155,19,0.8401890529675429,0.9393240707420214,0.9577922502415144,19,0.8401890529675429,0.9393240707420214,0.9577922502415144,19,0.0,0.0,0.0,19,0.0,0.0,0.0,19,0.8141527001862198,0.8298833270605946,0.8560656123216751,19,0.952329360780065,1.0,1.0,19,0.8907376594564614,0.939594356261023,0.9525013320703333,19,0.8499222395023328,0.8781591852131271,0.9388742245162158,19,1803.0,2268.0,2470.0,19,0.8426966292134831,0.9728260869565217,0.9840638364904936,19,0.8401890529675429,0.9393240707420214,0.9577922502415144,19,0.8401890529675429,0.9393240707420214,0.9577922502415144,19,0.0,0.0,0.0,19,0.0,0.0,0.0,19,0.0010586977005004883,0.0016627907752990723,0.0023605346679687494,19,3.1478999990213197,3.2778000022517517,3.9837799995439127,19,19
20260717_204156_controller_right,exp1_system_characterization,continuous_translation,trial_001,event_014,exp1_system_characterization/continuous_translation,Capture-Hold,Capture-Hold,19,19,19,0.790768027305603,0.887410044670105,0.9098340153694152,19,0.8907376594564614,0.939594356261023,0.9525013320703333,19,0.8583479765263425,0.9412434110436851,0.9568456805620614,19,0.9347463416085032,0.9446190972942319,0.9566877233399155,19,0.8401890529675429,0.9393240707420214,0.9577922502415144,19,0.8401890529675429,0.9393240707420214,0.9577922502415144,19,0.0,0.0,0.0,19,0.0,0.0,0.0,19,0.8141527001862198,0.8298833270605946,0.8560656123216751,19,0.952329360780065,1.0,1.0,19,0.8907376594564614,0.939594356261023,0.9525013320703333,19,0.8499222395023328,0.8781591852131271,0.9388742245162158,19,1803.0,2268.0,2470.0,19,0.8426966292134831,0.9728260869565217,0.9840638364904936,19,0.8401890529675429,0.9393240707420214,0.9577922502415144,19,0.8401890529675429,0.9393240707420214,0.9577922502415144,19,0.0,0.0,0.0,19,0.0,0.0,0.0,19,0.0010586977005004883,0.0016627907752990723,0.0023605346679687494,19,3.1478999990213197,3.2778000022517517,3.9837799995439127,19,19
20260717_204156_controller_right,exp1_system_characterization,continuous_translation,trial_001,event_014,exp1_system_characterization/continuous_translation,EgoAnchor,EgoAnchor,19,19,19,0.790768027305603,0.887410044670105,0.9098340153694152,19,0.8907376594564614,0.939594356261023,0.9525013320703333,19,0.8583479765263425,0.9412434110436851,0.9568456805620614,19,0.9347463416085032,0.9446190972942319,0.9566877233399155,19,0.8401890529675429,0.9393240707420214,0.9577922502415144,19,0.8401890529675429,0.9393240707420214,0.9577922502415144,19,0.0,0.0,0.0,19,0.0,0.0,0.0,19,0.8141527001862198,0.8298833270605946,0.8560656123216751,19,0.952329360780065,1.0,1.0,19,0.8907376594564614,0.939594356261023,0.9525013320703333,19,0.8499222395023328,0.8781591852131271,0.9388742245162158,19,1803.0,2268.0,2470.0,19,0.8426966292134831,0.9728260869565217,0.9840638364904936,19,0.8401890529675429,0.9393240707420214,0.9577922502415144,19,0.8401890529675429,0.9393240707420214,0.9577922502415144,19,0.0,0.0,0.0,19,0.0,0.0,0.0,19,0.0010586977005004883,0.0016627907752990723,0.0023605346679687494,19,3.1478999990213197,3.2778000022517517,3.9837799995439127,19,19
20260717_204156_controller_right,exp1_system_characterization,continuous_translation,trial_001,event_014,exp1_system_characterization/continuous_translation,One-Euro Anchor,One-Euro Anchor,19,19,19,0.790768027305603,0.887410044670105,0.9098340153694152,19,0.8907376594564614,0.939594356261023,0.9525013320703333,19,0.8583479765263425,0.9412434110436851,0.9568456805620614,19,0.9347463416085032,0.9446190972942319,0.9566877233399155,19,0.8401890529675429,0.9393240707420214,0.9577922502415144,19,0.8401890529675429,0.9393240707420214,0.9577922502415144,19,0.0,0.0,0.0,19,0.0,0.0,0.0,19,0.8141527001862198,0.8298833270605946,0.8560656123216751,19,0.952329360780065,1.0,1.0,19,0.8907376594564614,0.939594356261023,0.9525013320703333,19,0.8499222395023328,0.8781591852131271,0.9388742245162158,19,1803.0,2268.0,2470.0,19,0.8426966292134831,0.9728260869565217,0.9840638364904936,19,0.8401890529675429,0.9393240707420214,0.9577922502415144,19,0.8401890529675429,0.9393240707420214,0.9577922502415144,19,0.0,0.0,0.0,19,0.0,0.0,0.0,19,0.0010586977005004883,0.0016627907752990723,0.0023605346679687494,19,3.1478999990213197,3.2778000022517517,3.9837799995439127,19,19
20260717_204156_controller_right,exp1_system_characterization,continuous_translation,trial_001,event_015,exp1_system_characterization/continuous_translation,Arrival-Hold,Arrival-Hold,20,20,20,0.8778958916664124,0.8975349962711334,0.9153300672769547,20,0.94189852700491,0.9495934737531376,0.9524794204717403,20,0.924251258417794,0.9455649205520738,0.9636896178307544,20,0.9302903184746556,0.959229136635902,0.9642151659104001,20,0.9158943999415754,0.9463872411262613,0.9646069394469949,20,0.9158943999415754,0.9463872411262613,0.9646069394469949,20,0.0,0.0,0.0,20,0.0,0.0,0.0,20,0.7965397923875432,0.8255893440965029,0.8295384288202924,20,1.0,1.0,1.0,20,0.94189852700491,0.9495934737531376,0.9524794204717403,20,0.8377001455604076,0.8625946534762985,0.8685693325077846,20,2419.0,2531.0,2617.95,20,0.9293838862559242,0.9724971427944333,0.9925368759116017,20,0.9158943999415754,0.9463872411262613,0.9646069394469949,20,0.9158943999415754,0.9463872411262613,0.9646069394469949,20,0.0,0.0,0.0,20,0.0,0.0,0.0,20,0.0007464885711669922,0.0014967769384384155,0.002040772140026093,20,3.1181999984255526,3.3585500004846836,4.021425001519674,20,20
20260717_204156_controller_right,exp1_system_characterization,continuous_translation,trial_001,event_015,exp1_system_characterization/continuous_translation,Capture-Hold,Capture-Hold,20,20,20,0.8778958916664124,0.8975349962711334,0.9153300672769547,20,0.94189852700491,0.9495934737531376,0.9524794204717403,20,0.924251258417794,0.9455649205520738,0.9636896178307544,20,0.9302903184746556,0.959229136635902,0.9642151659104001,20,0.9158943999415754,0.9463872411262613,0.9646069394469949,20,0.9158943999415754,0.9463872411262613,0.9646069394469949,20,0.0,0.0,0.0,20,0.0,0.0,0.0,20,0.7965397923875432,0.8255893440965029,0.8295384288202924,20,1.0,1.0,1.0,20,0.94189852700491,0.9495934737531376,0.9524794204717403,20,0.8377001455604076,0.8625946534762985,0.8685693325077846,20,2419.0,2531.0,2617.95,20,0.9293838862559242,0.9724971427944333,0.9925368759116017,20,0.9158943999415754,0.9463872411262613,0.9646069394469949,20,0.9158943999415754,0.9463872411262613,0.9646069394469949,20,0.0,0.0,0.0,20,0.0,0.0,0.0,20,0.0007464885711669922,0.0014967769384384155,0.002040772140026093,20,3.1181999984255526,3.3585500004846836,4.021425001519674,20,20
20260717_204156_controller_right,exp1_system_characterization,continuous_translation,trial_001,event_015,exp1_system_characterization/continuous_translation,EgoAnchor,EgoAnchor,20,20,20,0.8778958916664124,0.8975349962711334,0.9153300672769547,20,0.94189852700491,0.9495934737531376,0.9524794204717403,20,0.924251258417794,0.9455649205520738,0.9636896178307544,20,0.9302903184746556,0.959229136635902,0.9642151659104001,20,0.9158943999415754,0.9463872411262613,0.9646069394469949,20,0.9158943999415754,0.9463872411262613,0.9646069394469949,20,0.0,0.0,0.0,20,0.0,0.0,0.0,20,0.7965397923875432,0.8255893440965029,0.8295384288202924,20,1.0,1.0,1.0,20,0.94189852700491,0.9495934737531376,0.9524794204717403,20,0.8377001455604076,0.8625946534762985,0.8685693325077846,20,2419.0,2531.0,2617.95,20,0.9293838862559242,0.9724971427944333,0.9925368759116017,20,0.9158943999415754,0.9463872411262613,0.9646069394469949,20,0.9158943999415754,0.9463872411262613,0.9646069394469949,20,0.0,0.0,0.0,20,0.0,0.0,0.0,20,0.0007464885711669922,0.0014967769384384155,0.002040772140026093,20,3.1181999984255526,3.3585500004846836,4.021425001519674,20,20
20260717_204156_controller_right,exp1_system_characterization,continuous_translation,trial_001,event_015,exp1_system_characterization/continuous_translation,One-Euro Anchor,One-Euro Anchor,20,20,20,0.8778958916664124,0.8975349962711334,0.9153300672769547,20,0.94189852700491,0.9495934737531376,0.9524794204717403,20,0.924251258417794,0.9455649205520738,0.9636896178307544,20,0.9302903184746556,0.959229136635902,0.9642151659104001,20,0.9158943999415754,0.9463872411262613,0.9646069394469949,20,0.9158943999415754,0.9463872411262613,0.9646069394469949,20,0.0,0.0,0.0,20,0.0,0.0,0.0,20,0.7965397923875432,0.8255893440965029,0.8295384288202924,20,1.0,1.0,1.0,20,0.94189852700491,0.9495934737531376,0.9524794204717403,20,0.8377001455604076,0.8625946534762985,0.8685693325077846,20,2419.0,2531.0,2617.95,20,0.9293838862559242,0.9724971427944333,0.9925368759116017,20,0.9158943999415754,0.9463872411262613,0.9646069394469949,20,0.9158943999415754,0.9463872411262613,0.9646069394469949,20,0.0,0.0,0.0,20,0.0,0.0,0.0,20,0.0007464885711669922,0.0014967769384384155,0.002040772140026093,20,3.1181999984255526,3.3585500004846836,4.021425001519674,20,20
20260717_204156_controller_right,exp1_system_characterization,continuous_translation,trial_001,event_016,exp1_system_characterization/continuous_translation,Arrival-Hold,Arrival-Hold,20,20,20,0.7796738743782043,0.8710236549377441,0.8950894892215728,20,0.926637897214594,0.9435630726675502,0.9891334508899724,20,0.7999418980003166,0.9253164869107176,0.9484869055285544,20,0.8867692304398351,0.9317790195776741,0.9611838793504307,20,0.7760482817188887,0.9247709116798272,0.9453389930012427,20,0.7760482817188887,0.9247709116798272,0.9453389930012427,20,0.0,0.0,0.0,20,0.0,0.0,0.0,20,0.7964815453604691,0.8403207328517817,0.8810718694128783,20,1.0,1.0,1.0,20,0.926637897214594,0.9435630726675502,0.9891334508899724,20,0.8405533309064434,0.880649583998335,0.9202653562653563,20,1399.0,2553.0,2814.55,20,0.7785714285714286,0.9379518931814939,0.9646860754794989,20,0.7760482817188887,0.9247709116798272,0.9453389930012427,20,0.7760482817188887,0.9247709116798272,0.9453389930012427,20,0.0,0.0,0.0,20,0.0,0.0,0.0,20,0.0009763240814208984,0.0015498027205467224,0.003348667919635773,20,3.0948999992688186,3.4115500002371846,4.00070999912714,20,20
20260717_204156_controller_right,exp1_system_characterization,continuous_translation,trial_001,event_016,exp1_system_characterization/continuous_translation,Capture-Hold,Capture-Hold,20,20,20,0.7796738743782043,0.8710236549377441,0.8950894892215728,20,0.926637897214594,0.9435630726675502,0.9891334508899724,20,0.7999418980003166,0.9253164869107176,0.9484869055285544,20,0.8867692304398351,0.9317790195776741,0.9611838793504307,20,0.7760482817188887,0.9247709116798272,0.9453389930012427,20,0.7760482817188887,0.9247709116798272,0.9453389930012427,20,0.0,0.0,0.0,20,0.0,0.0,0.0,20,0.7964815453604691,0.8403207328517817,0.8810718694128783,20,1.0,1.0,1.0,20,0.926637897214594,0.9435630726675502,0.9891334508899724,20,0.8405533309064434,0.880649583998335,0.9202653562653563,20,1399.0,2553.0,2814.55,20,0.7785714285714286,0.9379518931814939,0.9646860754794989,20,0.7760482817188887,0.9247709116798272,0.9453389930012427,20,0.7760482817188887,0.9247709116798272,0.9453389930012427,20,0.0,0.0,0.0,20,0.0,0.0,0.0,20,0.0009763240814208984,0.0015498027205467224,0.003348667919635773,20,3.0948999992688186,3.4115500002371846,4.00070999912714,20,20
20260717_204156_controller_right,exp1_system_characterization,continuous_translation,trial_001,event_016,exp1_system_characterization/continuous_translation,EgoAnchor,EgoAnchor,20,20,20,0.7796738743782043,0.8710236549377441,0.8950894892215728,20,0.926637897214594,0.9435630726675502,0.9891334508899724,20,0.7999418980003166,0.9253164869107176,0.9484869055285544,20,0.8867692304398351,0.9317790195776741,0.9611838793504307,20,0.7760482817188887,0.9247709116798272,0.9453389930012427,20,0.7760482817188887,0.9247709116798272,0.9453389930012427,20,0.0,0.0,0.0,20,0.0,0.0,0.0,20,0.7964815453604691,0.8403207328517817,0.8810718694128783,20,1.0,1.0,1.0,20,0.926637897214594,0.9435630726675502,0.9891334508899724,20,0.8405533309064434,0.880649583998335,0.9202653562653563,20,1399.0,2553.0,2814.55,20,0.7785714285714286,0.9379518931814939,0.9646860754794989,20,0.7760482817188887,0.9247709116798272,0.9453389930012427,20,0.7760482817188887,0.9247709116798272,0.9453389930012427,20,0.0,0.0,0.0,20,0.0,0.0,0.0,20,0.0009763240814208984,0.0015498027205467224,0.003348667919635773,20,3.0948999992688186,3.4115500002371846,4.00070999912714,20,20
20260717_204156_controller_right,exp1_system_characterization,continuous_translation,trial_001,event_016,exp1_system_characterization/continuous_translation,One-Euro Anchor,One-Euro Anchor,20,20,20,0.7796738743782043,0.8710236549377441,0.8950894892215728,20,0.926637897214594,0.9435630726675502,0.9891334508899724,20,0.7999418980003166,0.9253164869107176,0.9484869055285544,20,0.8867692304398351,0.9317790195776741,0.9611838793504307,20,0.7760482817188887,0.9247709116798272,0.9453389930012427,20,0.7760482817188887,0.9247709116798272,0.9453389930012427,20,0.0,0.0,0.0,20,0.0,0.0,0.0,20,0.7964815453604691,0.8403207328517817,0.8810718694128783,20,1.0,1.0,1.0,20,0.926637897214594,0.9435630726675502,0.9891334508899724,20,0.8405533309064434,0.880649583998335,0.9202653562653563,20,1399.0,2553.0,2814.55,20,0.7785714285714286,0.9379518931814939,0.9646860754794989,20,0.7760482817188887,0.9247709116798272,0.9453389930012427,20,0.7760482817188887,0.9247709116798272,0.9453389930012427,20,0.0,0.0,0.0,20,0.0,0.0,0.0,20,0.0009763240814208984,0.0015498027205467224,0.003348667919635773,20,3.0948999992688186,3.4115500002371846,4.00070999912714,20,20
20260717_204156_controller_right,exp1_system_characterization,continuous_translation,trial_001,event_017,exp1_system_characterization/continuous_translation,Arrival-Hold,Arrival-Hold,20,20,20,0.6074524521827698,0.8627997636795044,0.9103456735610962,20,0.8264462809917356,0.949931498823527,0.9571105590443226,20,0.6981121224073956,0.9105339523696507,0.9517922612069304,20,0.5740988697579783,0.9465700102793644,0.9582146643122667,20,0.6513832358406264,0.9097089873967653,0.9534301050079026,20,0.6513832358406264,0.9097089873967653,0.9534301050079026,20,0.0,0.0,0.0,20,0.0,0.0,0.0,20,0.6585034013605442,0.8323384158750012,0.8540712453385352,20,0.9387052341597796,1.0,1.0,20,0.8264462809917356,0.949931498823527,0.9571105590443226,20,0.7341676147136899,0.8777026810524586,0.9023777771006823,20,1212.0,2544.5,3282.75,20,0.6019777503090235,0.9404548618491397,0.9941659393727817,20,0.6513832358406264,0.9097089873967653,0.9534301050079026,20,0.6513832358406264,0.9097089873967653,0.9534301050079026,20,0.0,0.0,0.0,20,0.0,0.0,0.0,20,0.0006773173809051514,0.0018416941165924072,0.003986232727766037,20,3.067400000873022,3.2935500021267217,4.087299999991956,20,20
20260717_204156_controller_right,exp1_system_characterization,continuous_translation,trial_001,event_017,exp1_system_characterization/continuous_translation,Capture-Hold,Capture-Hold,20,20,20,0.6074524521827698,0.8627997636795044,0.9103456735610962,20,0.8264462809917356,0.949931498823527,0.9571105590443226,20,0.6981121224073956,0.9105339523696507,0.9517922612069304,20,0.5740988697579783,0.9465700102793644,0.9582146643122667,20,0.6513832358406264,0.9097089873967653,0.9534301050079026,20,0.6513832358406264,0.9097089873967653,0.9534301050079026,20,0.0,0.0,0.0,20,0.0,0.0,0.0,20,0.6585034013605442,0.8323384158750012,0.8540712453385352,20,0.9387052341597796,1.0,1.0,20,0.8264462809917356,0.949931498823527,0.9571105590443226,20,0.7341676147136899,0.8777026810524586,0.9023777771006823,20,1212.0,2544.5,3282.75,20,0.6019777503090235,0.9404548618491397,0.9941659393727817,20,0.6513832358406264,0.9097089873967653,0.9534301050079026,20,0.6513832358406264,0.9097089873967653,0.9534301050079026,20,0.0,0.0,0.0,20,0.0,0.0,0.0,20,0.0006773173809051514,0.0018416941165924072,0.003986232727766037,20,3.067400000873022,3.2935500021267217,4.087299999991956,20,20
20260717_204156_controller_right,exp1_system_characterization,continuous_translation,trial_001,event_017,exp1_system_characterization/continuous_translation,EgoAnchor,EgoAnchor,20,20,20,0.6074524521827698,0.8627997636795044,0.9103456735610962,20,0.8264462809917356,0.949931498823527,0.9571105590443226,20,0.6981121224073956,0.9105339523696507,0.9517922612069304,20,0.5740988697579783,0.9465700102793644,0.9582146643122667,20,0.6513832358406264,0.9097089873967653,0.9534301050079026,20,0.6513832358406264,0.9097089873967653,0.9534301050079026,20,0.0,0.0,0.0,20,0.0,0.0,0.0,20,0.6585034013605442,0.8323384158750012,0.8540712453385352,20,0.9387052341597796,1.0,1.0,20,0.8264462809917356,0.949931498823527,0.9571105590443226,20,0.7341676147136899,0.8777026810524586,0.9023777771006823,20,1212.0,2544.5,3282.75,20,0.6019777503090235,0.9404548618491397,0.9941659393727817,20,0.6513832358406264,0.9097089873967653,0.9534301050079026,20,0.6513832358406264,0.9097089873967653,0.9534301050079026,20,0.0,0.0,0.0,20,0.0,0.0,0.0,20,0.0006773173809051514,0.0018416941165924072,0.003986232727766037,20,3.067400000873022,3.2935500021267217,4.087299999991956,20,20
20260717_204156_controller_right,exp1_system_characterization,continuous_translation,trial_001,event_017,exp1_system_characterization/continuous_translation,One-Euro Anchor,One-Euro Anchor,20,20,20,0.6074524521827698,0.8627997636795044,0.9103456735610962,20,0.8264462809917356,0.949931498823527,0.9571105590443226,20,0.6981121224073956,0.9105339523696507,0.9517922612069304,20,0.5740988697579783,0.9465700102793644,0.9582146643122667,20,0.6513832358406264,0.9097089873967653,0.9534301050079026,20,0.6513832358406264,0.9097089873967653,0.9534301050079026,20,0.0,0.0,0.0,20,0.0,0.0,0.0,20,0.6585034013605442,0.8323384158750012,0.8540712453385352,20,0.9387052341597796,1.0,1.0,20,0.8264462809917356,0.949931498823527,0.9571105590443226,20,0.7341676147136899,0.8777026810524586,0.9023777771006823,20,1212.0,2544.5,3282.75,20,0.6019777503090235,0.9404548618491397,0.9941659393727817,20,0.6513832358406264,0.9097089873967653,0.9534301050079026,20,0.6513832358406264,0.9097089873967653,0.9534301050079026,20,0.0,0.0,0.0,20,0.0,0.0,0.0,20,0.0006773173809051514,0.0018416941165924072,0.003986232727766037,20,3.067400000873022,3.2935500021267217,4.087299999991956,20,20
20260717_204156_controller_right,exp1_system_characterization,continuous_translation,trial_001,event_018,exp1_system_characterization/continuous_translation,Arrival-Hold,Arrival-Hold,70,70,70,0.5257381200790405,0.8665221631526947,0.9146143674850464,70,0.5735900962861072,0.9264572991487947,0.9545854034109068,70,0.885715155354875,0.93750156180887,0.9598051119704013,70,0.9356617844491751,0.9462050931181858,0.9624023286667458,70,0.8723963162324209,0.9350671122704817,0.9608796183732471,70,0.8723963162324209,0.9350671122704817,0.9608796183732471,70,0.0,0.0,0.0,70,0.0,0.0,0.0,70,0.5171558495245969,0.825189111999298,0.8465712461526415,70,0.6561085972850679,1.0,1.0,70,0.5735900962861072,0.9264572991487947,0.9545854034109068,70,0.8392737054472091,0.8833710018739842,0.9016590968749175,70,2021.0,2170.0,3175.6,70,0.8701504354711006,0.9523528066157374,0.986186314526118,70,0.8723963162324209,0.9350671122704817,0.9608796183732471,70,0.8723963162324209,0.9350671122704817,0.9608796183732471,70,0.0,0.0,0.0,70,0.0,0.0,0.0,70,0.0007602274417877197,0.0014447495341300964,0.0021158985793590544,70,3.021599997737212,3.407450001759571,3.9650900002015987,70,70
20260717_204156_controller_right,exp1_system_characterization,continuous_translation,trial_001,event_018,exp1_system_characterization/continuous_translation,Capture-Hold,Capture-Hold,70,70,70,0.5257381200790405,0.8665221631526947,0.9146143674850464,70,0.5735900962861072,0.9264572991487947,0.9545854034109068,70,0.885715155354875,0.93750156180887,0.9598051119704013,70,0.9356617844491751,0.9462050931181858,0.9624023286667458,70,0.8723963162324209,0.9350671122704817,0.9608796183732471,70,0.8723963162324209,0.9350671122704817,0.9608796183732471,70,0.0,0.0,0.0,70,0.0,0.0,0.0,70,0.5171558495245969,0.825189111999298,0.8465712461526415,70,0.6561085972850679,1.0,1.0,70,0.5735900962861072,0.9264572991487947,0.9545854034109068,70,0.8392737054472091,0.8833710018739842,0.9016590968749175,70,2021.0,2170.0,3175.6,70,0.8701504354711006,0.9523528066157374,0.986186314526118,70,0.8723963162324209,0.9350671122704817,0.9608796183732471,70,0.8723963162324209,0.9350671122704817,0.9608796183732471,70,0.0,0.0,0.0,70,0.0,0.0,0.0,70,0.0007602274417877197,0.0014447495341300964,0.0021158985793590544,70,3.021599997737212,3.407450001759571,3.9650900002015987,70,70
20260717_204156_controller_right,exp1_system_characterization,continuous_translation,trial_001,event_018,exp1_system_characterization/continuous_translation,EgoAnchor,EgoAnchor,70,70,70,0.5257381200790405,0.8665221631526947,0.9146143674850464,70,0.5735900962861072,0.9264572991487947,0.9545854034109068,70,0.885715155354875,0.93750156180887,0.9598051119704013,70,0.9356617844491751,0.9462050931181858,0.9624023286667458,70,0.8723963162324209,0.9350671122704817,0.9608796183732471,70,0.8723963162324209,0.9350671122704817,0.9608796183732471,70,0.0,0.0,0.0,70,0.0,0.0,0.0,70,0.5171558495245969,0.825189111999298,0.8465712461526415,70,0.6561085972850679,1.0,1.0,70,0.5735900962861072,0.9264572991487947,0.9545854034109068,70,0.8392737054472091,0.8833710018739842,0.9016590968749175,70,2021.0,2170.0,3175.6,70,0.8701504354711006,0.9523528066157374,0.986186314526118,70,0.8723963162324209,0.9350671122704817,0.9608796183732471,70,0.8723963162324209,0.9350671122704817,0.9608796183732471,70,0.0,0.0,0.0,70,0.0,0.0,0.0,70,0.0007602274417877197,0.0014447495341300964,0.0021158985793590544,70,3.021599997737212,3.407450001759571,3.9650900002015987,70,70
20260717_204156_controller_right,exp1_system_characterization,continuous_translation,trial_001,event_018,exp1_system_characterization/continuous_translation,One-Euro Anchor,One-Euro Anchor,70,70,70,0.5257381200790405,0.8665221631526947,0.9146143674850464,70,0.5735900962861072,0.9264572991487947,0.9545854034109068,70,0.885715155354875,0.93750156180887,0.9598051119704013,70,0.9356617844491751,0.9462050931181858,0.9624023286667458,70,0.8723963162324209,0.9350671122704817,0.9608796183732471,70,0.8723963162324209,0.9350671122704817,0.9608796183732471,70,0.0,0.0,0.0,70,0.0,0.0,0.0,70,0.5171558495245969,0.825189111999298,0.8465712461526415,70,0.6561085972850679,1.0,1.0,70,0.5735900962861072,0.9264572991487947,0.9545854034109068,70,0.8392737054472091,0.8833710018739842,0.9016590968749175,70,2021.0,2170.0,3175.6,70,0.8701504354711006,0.9523528066157374,0.986186314526118,70,0.8723963162324209,0.9350671122704817,0.9608796183732471,70,0.8723963162324209,0.9350671122704817,0.9608796183732471,70,0.0,0.0,0.0,70,0.0,0.0,0.0,70,0.0007602274417877197,0.0014447495341300964,0.0021158985793590544,70,3.021599997737212,3.407450001759571,3.9650900002015987,70,70
20260717_204943_controller_right,exp1_system_characterization,continuous_rotation,trial_001,,exp1_system_characterization/continuous_rotation,Arrival-Hold,Arrival-Hold,139,139,139,0.7697449922561646,0.947757363319397,0.9560476958751678,139,0.8244998244998245,0.9959721713658001,0.9968320698470547,139,0.9293015092743461,0.9521433463831902,0.9599960113085422,139,0.943358117835139,0.9618996171601306,0.9656019903485799,139,0.9251773259430853,0.9497862858169976,0.9600838385885272,139,0.9251773259430853,0.9497862858169976,0.9600838385885272,139,0.0,0.0,0.0,139,0.0,0.0,0.0,139,0.7281463112213267,0.871866295264624,0.8820537168023626,139,0.9557894736842105,1.0,1.0,139,0.8244998244998245,0.9959721713658001,0.9968320698470547,139,0.8575342465753425,0.8744479495268139,0.886223258140535,139,2724.0,2767.0,2838.1,139,0.9448971672487388,0.9726753670473083,0.9760149701197597,139,0.9251773259430853,0.9497862858169976,0.9600838385885272,139,0.9251773259430853,0.9497862858169976,0.9600838385885272,139,0.0,0.0,0.0,139,0.0,0.0,0.0,139,0.0006592869758605957,0.0012042522430419922,0.0016307219862937926,139,3.266699997766409,3.722499997820705,4.3923700010054745,139,139
20260717_204943_controller_right,exp1_system_characterization,continuous_rotation,trial_001,,exp1_system_characterization/continuous_rotation,Capture-Hold,Capture-Hold,139,139,139,0.7697449922561646,0.947757363319397,0.9560476958751678,139,0.8244998244998245,0.9959721713658001,0.9968320698470547,139,0.9293015092743461,0.9521433463831902,0.9599960113085422,139,0.943358117835139,0.9618996171601306,0.9656019903485799,139,0.9251773259430853,0.9497862858169976,0.9600838385885272,139,0.9251773259430853,0.9497862858169976,0.9600838385885272,139,0.0,0.0,0.0,139,0.0,0.0,0.0,139,0.7281463112213267,0.871866295264624,0.8820537168023626,139,0.9557894736842105,1.0,1.0,139,0.8244998244998245,0.9959721713658001,0.9968320698470547,139,0.8575342465753425,0.8744479495268139,0.886223258140535,139,2724.0,2767.0,2838.1,139,0.9448971672487388,0.9726753670473083,0.9760149701197597,139,0.9251773259430853,0.9497862858169976,0.9600838385885272,139,0.9251773259430853,0.9497862858169976,0.9600838385885272,139,0.0,0.0,0.0,139,0.0,0.0,0.0,139,0.0006592869758605957,0.0012042522430419922,0.0016307219862937926,139,3.266699997766409,3.722499997820705,4.3923700010054745,139,139
20260717_204943_controller_right,exp1_system_characterization,continuous_rotation,trial_001,,exp1_system_characterization/continuous_rotation,EgoAnchor,EgoAnchor,139,139,139,0.7697449922561646,0.947757363319397,0.9560476958751678,139,0.8244998244998245,0.9959721713658001,0.9968320698470547,139,0.9293015092743461,0.9521433463831902,0.9599960113085422,139,0.943358117835139,0.9618996171601306,0.9656019903485799,139,0.9251773259430853,0.9497862858169976,0.9600838385885272,139,0.9251773259430853,0.9497862858169976,0.9600838385885272,139,0.0,0.0,0.0,139,0.0,0.0,0.0,139,0.7281463112213267,0.871866295264624,0.8820537168023626,139,0.9557894736842105,1.0,1.0,139,0.8244998244998245,0.9959721713658001,0.9968320698470547,139,0.8575342465753425,0.8744479495268139,0.886223258140535,139,2724.0,2767.0,2838.1,139,0.9448971672487388,0.9726753670473083,0.9760149701197597,139,0.9251773259430853,0.9497862858169976,0.9600838385885272,139,0.9251773259430853,0.9497862858169976,0.9600838385885272,139,0.0,0.0,0.0,139,0.0,0.0,0.0,139,0.0006592869758605957,0.0012042522430419922,0.0016307219862937926,139,3.266699997766409,3.722499997820705,4.3923700010054745,139,139
20260717_204943_controller_right,exp1_system_characterization,continuous_rotation,trial_001,,exp1_system_characterization/continuous_rotation,One-Euro Anchor,One-Euro Anchor,139,139,139,0.7697449922561646,0.947757363319397,0.9560476958751678,139,0.8244998244998245,0.9959721713658001,0.9968320698470547,139,0.9293015092743461,0.9521433463831902,0.9599960113085422,139,0.943358117835139,0.9618996171601306,0.9656019903485799,139,0.9251773259430853,0.9497862858169976,0.9600838385885272,139,0.9251773259430853,0.9497862858169976,0.9600838385885272,139,0.0,0.0,0.0,139,0.0,0.0,0.0,139,0.7281463112213267,0.871866295264624,0.8820537168023626,139,0.9557894736842105,1.0,1.0,139,0.8244998244998245,0.9959721713658001,0.9968320698470547,139,0.8575342465753425,0.8744479495268139,0.886223258140535,139,2724.0,2767.0,2838.1,139,0.9448971672487388,0.9726753670473083,0.9760149701197597,139,0.9251773259430853,0.9497862858169976,0.9600838385885272,139,0.9251773259430853,0.9497862858169976,0.9600838385885272,139,0.0,0.0,0.0,139,0.0,0.0,0.0,139,0.0006592869758605957,0.0012042522430419922,0.0016307219862937926,139,3.266699997766409,3.722499997820705,4.3923700010054745,139,139
20260717_204943_controller_right,exp1_system_characterization,continuous_rotation,trial_001,event_001,exp1_system_characterization/continuous_rotation,Arrival-Hold,Arrival-Hold,216,216,216,0.6166177988052368,0.9248178899288177,0.9621776640415192,216,0.8690997566909976,0.9938815462060522,1.0,216,0.7032471516298852,0.9405062000214046,0.9671866340021616,216,0.8300274135932848,0.946462067703219,0.9674228895406017,216,0.6644144815178731,0.9388690048388607,0.9690606914989462,216,0.6644144815178731,0.9380473396959678,0.9690606914989462,216,0.0,0.0,0.987353135742509,216,0.0,0.0,0.35,216,0.7724913494809689,0.8701530505422721,0.916384151392322,216,0.9618001046572475,1.0,1.0,216,0.8690997566909976,0.9938815462060522,1.0,216,0.825414364640884,0.8885619660042572,0.9310474689997918,216,1699.0,2521.0,4803.0,216,0.6122448979591837,0.9669890557854456,0.9963170914073083,216,0.6644144815178731,0.9388690048388607,0.9690606914989462,216,0.6644144815178731,0.9380473396959678,0.9690606914989462,216,0.0,0.0,0.987353135742509,216,0.0,0.0,0.35,216,0.0006871819496154785,0.0014806091785430908,0.0031035803258419037,216,3.2778000022517517,3.7846000013814773,4.3121250000695,216,216
20260717_204943_controller_right,exp1_system_characterization,continuous_rotation,trial_001,event_001,exp1_system_characterization/continuous_rotation,Capture-Hold,Capture-Hold,216,216,216,0.6166177988052368,0.9248178899288177,0.9621776640415192,216,0.8690997566909976,0.9938815462060522,1.0,216,0.7032471516298852,0.9405062000214046,0.9671866340021616,216,0.8300274135932848,0.946462067703219,0.9674228895406017,216,0.6644144815178731,0.9388690048388607,0.9690606914989462,216,0.6644144815178731,0.9380473396959678,0.9690606914989462,216,0.0,0.0,0.987353135742509,216,0.0,0.0,0.35,216,0.7724913494809689,0.8701530505422721,0.916384151392322,216,0.9618001046572475,1.0,1.0,216,0.8690997566909976,0.9938815462060522,1.0,216,0.825414364640884,0.8885619660042572,0.9310474689997918,216,1699.0,2521.0,4803.0,216,0.6122448979591837,0.9669890557854456,0.9963170914073083,216,0.6644144815178731,0.9388690048388607,0.9690606914989462,216,0.6644144815178731,0.9380473396959678,0.9690606914989462,216,0.0,0.0,0.987353135742509,216,0.0,0.0,0.35,216,0.0006871819496154785,0.0014806091785430908,0.0031035803258419037,216,3.2778000022517517,3.7846000013814773,4.3121250000695,216,216
20260717_204943_controller_right,exp1_system_characterization,continuous_rotation,trial_001,event_001,exp1_system_characterization/continuous_rotation,EgoAnchor,EgoAnchor,216,216,216,0.6166177988052368,0.9248178899288177,0.9621776640415192,216,0.8690997566909976,0.9938815462060522,1.0,216,0.7032471516298852,0.9405062000214046,0.9671866340021616,216,0.8300274135932848,0.946462067703219,0.9674228895406017,216,0.6644144815178731,0.9388690048388607,0.9690606914989462,216,0.6644144815178731,0.9380473396959678,0.9690606914989462,216,0.0,0.0,0.987353135742509,216,0.0,0.0,0.35,216,0.7724913494809689,0.8701530505422721,0.916384151392322,216,0.9618001046572475,1.0,1.0,216,0.8690997566909976,0.9938815462060522,1.0,216,0.825414364640884,0.8885619660042572,0.9310474689997918,216,1699.0,2521.0,4803.0,216,0.6122448979591837,0.9669890557854456,0.9963170914073083,216,0.6644144815178731,0.9388690048388607,0.9690606914989462,216,0.6644144815178731,0.9380473396959678,0.9690606914989462,216,0.0,0.0,0.987353135742509,216,0.0,0.0,0.35,216,0.0006871819496154785,0.0014806091785430908,0.0031035803258419037,216,3.2778000022517517,3.7846000013814773,4.3121250000695,216,216
20260717_204943_controller_right,exp1_system_characterization,continuous_rotation,trial_001,event_001,exp1_system_characterization/continuous_rotation,One-Euro Anchor,One-Euro Anchor,216,216,216,0.6166177988052368,0.9248178899288177,0.9621776640415192,216,0.8690997566909976,0.9938815462060522,1.0,216,0.7032471516298852,0.9405062000214046,0.9671866340021616,216,0.8300274135932848,0.946462067703219,0.9674228895406017,216,0.6644144815178731,0.9388690048388607,0.9690606914989462,216,0.6644144815178731,0.9380473396959678,0.9690606914989462,216,0.0,0.0,0.987353135742509,216,0.0,0.0,0.35,216,0.7724913494809689,0.8701530505422721,0.916384151392322,216,0.9618001046572475,1.0,1.0,216,0.8690997566909976,0.9938815462060522,1.0,216,0.825414364640884,0.8885619660042572,0.9310474689997918,216,1699.0,2521.0,4803.0,216,0.6122448979591837,0.9669890557854456,0.9963170914073083,216,0.6644144815178731,0.9388690048388607,0.9690606914989462,216,0.6644144815178731,0.9380473396959678,0.9690606914989462,216,0.0,0.0,0.987353135742509,216,0.0,0.0,0.35,216,0.0006871819496154785,0.0014806091785430908,0.0031035803258419037,216,3.2778000022517517,3.7846000013814773,4.3121250000695,216,216
20260717_204943_controller_right,exp1_system_characterization,continuous_rotation,trial_001,event_002,exp1_system_characterization/continuous_rotation,Arrival-Hold,Arrival-Hold,185,185,185,0.6945639252662659,0.9096181988716125,0.9607443690299987,185,0.8769054878048781,0.9834200260078023,1.0,185,0.7431780232187616,0.9279380466363449,0.9652166973866354,185,0.4744120372619848,0.9349561030923264,0.9685743582103188,185,0.8089477578343799,0.9453053914730241,0.9670958892535173,185,0.8089477578343799,0.9430039411391157,0.9650053978863211,185,0.0,0.0,0.9935497975070522,185,0.0,0.0,0.35,185,0.7994579945799458,0.8659487560341627,0.9023769546196987,185,0.9679878048780488,1.0,1.0,185,0.8769054878048781,0.9834200260078023,1.0,185,0.8283321702721563,0.888095238095238,0.9154483534676188,185,2219.0,2670.0,3126.0,185,0.826431718061674,0.9685751183814033,0.9947635447697126,185,0.8089477578343799,0.9453053914730241,0.9670958892535173,185,0.8089477578343799,0.9430039411391157,0.9650053978863211,185,0.0,0.0,0.9935497975070522,185,0.0,0.0,0.35,185,0.0006394386291503906,0.0014238953590393066,0.0026040971279144283,185,3.3024000003933907,3.802999999606982,4.5504200003051665,185,185
20260717_204943_controller_right,exp1_system_characterization,continuous_rotation,trial_001,event_002,exp1_system_characterization/continuous_rotation,Capture-Hold,Capture-Hold,185,185,185,0.6945639252662659,0.9096181988716125,0.9607443690299987,185,0.8769054878048781,0.9834200260078023,1.0,185,0.7431780232187616,0.9279380466363449,0.9652166973866354,185,0.4744120372619848,0.9349561030923264,0.9685743582103188,185,0.8089477578343799,0.9453053914730241,0.9670958892535173,185,0.8089477578343799,0.9430039411391157,0.9650053978863211,185,0.0,0.0,0.9935497975070522,185,0.0,0.0,0.35,185,0.7994579945799458,0.8659487560341627,0.9023769546196987,185,0.9679878048780488,1.0,1.0,185,0.8769054878048781,0.9834200260078023,1.0,185,0.8283321702721563,0.888095238095238,0.9154483534676188,185,2219.0,2670.0,3126.0,185,0.826431718061674,0.9685751183814033,0.9947635447697126,185,0.8089477578343799,0.9453053914730241,0.9670958892535173,185,0.8089477578343799,0.9430039411391157,0.9650053978863211,185,0.0,0.0,0.9935497975070522,185,0.0,0.0,0.35,185,0.0006394386291503906,0.0014238953590393066,0.0026040971279144283,185,3.3024000003933907,3.802999999606982,4.5504200003051665,185,185
20260717_204943_controller_right,exp1_system_characterization,continuous_rotation,trial_001,event_002,exp1_system_characterization/continuous_rotation,EgoAnchor,EgoAnchor,185,185,185,0.6945639252662659,0.9096181988716125,0.9607443690299987,185,0.8769054878048781,0.9834200260078023,1.0,185,0.7431780232187616,0.9279380466363449,0.9652166973866354,185,0.4744120372619848,0.9349561030923264,0.9685743582103188,185,0.8089477578343799,0.9453053914730241,0.9670958892535173,185,0.8089477578343799,0.9430039411391157,0.9650053978863211,185,0.0,0.0,0.9935497975070522,185,0.0,0.0,0.35,185,0.7994579945799458,0.8659487560341627,0.9023769546196987,185,0.9679878048780488,1.0,1.0,185,0.8769054878048781,0.9834200260078023,1.0,185,0.8283321702721563,0.888095238095238,0.9154483534676188,185,2219.0,2670.0,3126.0,185,0.826431718061674,0.9685751183814033,0.9947635447697126,185,0.8089477578343799,0.9453053914730241,0.9670958892535173,185,0.8089477578343799,0.9430039411391157,0.9650053978863211,185,0.0,0.0,0.9935497975070522,185,0.0,0.0,0.35,185,0.0006394386291503906,0.0014238953590393066,0.0026040971279144283,185,3.3024000003933907,3.802999999606982,4.5504200003051665,185,185
20260717_204943_controller_right,exp1_system_characterization,continuous_rotation,trial_001,event_002,exp1_system_characterization/continuous_rotation,One-Euro Anchor,One-Euro Anchor,185,185,185,0.6945639252662659,0.9096181988716125,0.9607443690299987,185,0.8769054878048781,0.9834200260078023,1.0,185,0.7431780232187616,0.9279380466363449,0.9652166973866354,185,0.4744120372619848,0.9349561030923264,0.9685743582103188,185,0.8089477578343799,0.9453053914730241,0.9670958892535173,185,0.8089477578343799,0.9430039411391157,0.9650053978863211,185,0.0,0.0,0.9935497975070522,185,0.0,0.0,0.35,185,0.7994579945799458,0.8659487560341627,0.9023769546196987,185,0.9679878048780488,1.0,1.0,185,0.8769054878048781,0.9834200260078023,1.0,185,0.8283321702721563,0.888095238095238,0.9154483534676188,185,2219.0,2670.0,3126.0,185,0.826431718061674,0.9685751183814033,0.9947635447697126,185,0.8089477578343799,0.9453053914730241,0.9670958892535173,185,0.8089477578343799,0.9430039411391157,0.9650053978863211,185,0.0,0.0,0.9935497975070522,185,0.0,0.0,0.35,185,0.0006394386291503906,0.0014238953590393066,0.0026040971279144283,185,3.3024000003933907,3.802999999606982,4.5504200003051665,185,185
20260717_204943_controller_right,exp1_system_characterization,continuous_rotation,trial_001,event_003,exp1_system_characterization/continuous_rotation,Arrival-Hold,Arrival-Hold,227,227,227,0.5342757701873779,0.8611425161361694,0.9362700760364532,227,0.7088786699681642,0.9517615176151761,0.9844925127172798,227,0.6825820086438719,0.9175869799596672,0.9635725239121302,227,0.5270389051527811,0.9392541364677962,0.9680798515439559,227,0.6663715130774701,0.9316706231666585,0.9643972140424809,227,0.6663715130774701,0.9224388756473734,0.9643972140424809,227,0.0,0.0,0.9960099061540305,227,0.0,0.0,0.35,227,0.6312955337345582,0.8565891472868217,0.9003078187351574,227,0.8202326401127952,1.0,1.0,227,0.7088786699681642,0.9517615176151761,0.9844925127172798,227,0.8513455788124733,0.9023746701846965,0.9317669949960667,227,1632.0,2858.0,4207.599999999999,227,0.6372039283651069,0.9443069306930693,0.99378277946719,227,0.6663715130774701,0.9316706231666585,0.9643972140424809,227,0.6663715130774701,0.9224388756473734,0.9643972140424809,227,0.0,0.0,0.9960099061540305,227,0.0,0.0,0.35,227,0.0005184412002563477,0.0013772845268249512,0.003036490082740783,227,3.02190000002156,3.5251999979664106,4.192319999492611,227,227
20260717_204943_controller_right,exp1_system_characterization,continuous_rotation,trial_001,event_003,exp1_system_characterization/continuous_rotation,Capture-Hold,Capture-Hold,227,227,227,0.5342757701873779,0.8611425161361694,0.9362700760364532,227,0.7088786699681642,0.9517615176151761,0.9844925127172798,227,0.6825820086438719,0.9175869799596672,0.9635725239121302,227,0.5270389051527811,0.9392541364677962,0.9680798515439559,227,0.6663715130774701,0.9316706231666585,0.9643972140424809,227,0.6663715130774701,0.9224388756473734,0.9643972140424809,227,0.0,0.0,0.9960099061540305,227,0.0,0.0,0.35,227,0.6312955337345582,0.8565891472868217,0.9003078187351574,227,0.8202326401127952,1.0,1.0,227,0.7088786699681642,0.9517615176151761,0.9844925127172798,227,0.8513455788124733,0.9023746701846965,0.9317669949960667,227,1632.0,2858.0,4207.599999999999,227,0.6372039283651069,0.9443069306930693,0.99378277946719,227,0.6663715130774701,0.9316706231666585,0.9643972140424809,227,0.6663715130774701,0.9224388756473734,0.9643972140424809,227,0.0,0.0,0.9960099061540305,227,0.0,0.0,0.35,227,0.0005184412002563477,0.0013772845268249512,0.003036490082740783,227,3.02190000002156,3.5251999979664106,4.192319999492611,227,227
20260717_204943_controller_right,exp1_system_characterization,continuous_rotation,trial_001,event_003,exp1_system_characterization/continuous_rotation,EgoAnchor,EgoAnchor,227,227,227,0.5342757701873779,0.8611425161361694,0.9362700760364532,227,0.7088786699681642,0.9517615176151761,0.9844925127172798,227,0.6825820086438719,0.9175869799596672,0.9635725239121302,227,0.5270389051527811,0.9392541364677962,0.9680798515439559,227,0.6663715130774701,0.9316706231666585,0.9643972140424809,227,0.6663715130774701,0.9224388756473734,0.9643972140424809,227,0.0,0.0,0.9960099061540305,227,0.0,0.0,0.35,227,0.6312955337345582,0.8565891472868217,0.9003078187351574,227,0.8202326401127952,1.0,1.0,227,0.7088786699681642,0.9517615176151761,0.9844925127172798,227,0.8513455788124733,0.9023746701846965,0.9317669949960667,227,1632.0,2858.0,4207.599999999999,227,0.6372039283651069,0.9443069306930693,0.99378277946719,227,0.6663715130774701,0.9316706231666585,0.9643972140424809,227,0.6663715130774701,0.9224388756473734,0.9643972140424809,227,0.0,0.0,0.9960099061540305,227,0.0,0.0,0.35,227,0.0005184412002563477,0.0013772845268249512,0.003036490082740783,227,3.02190000002156,3.5251999979664106,4.192319999492611,227,227
20260717_204943_controller_right,exp1_system_characterization,continuous_rotation,trial_001,event_003,exp1_system_characterization/continuous_rotation,One-Euro Anchor,One-Euro Anchor,227,227,227,0.5342757701873779,0.8611425161361694,0.9362700760364532,227,0.7088786699681642,0.9517615176151761,0.9844925127172798,227,0.6825820086438719,0.9175869799596672,0.9635725239121302,227,0.5270389051527811,0.9392541364677962,0.9680798515439559,227,0.6663715130774701,0.9316706231666585,0.9643972140424809,227,0.6663715130774701,0.9224388756473734,0.9643972140424809,227,0.0,0.0,0.9960099061540305,227,0.0,0.0,0.35,227,0.6312955337345582,0.8565891472868217,0.9003078187351574,227,0.8202326401127952,1.0,1.0,227,0.7088786699681642,0.9517615176151761,0.9844925127172798,227,0.8513455788124733,0.9023746701846965,0.9317669949960667,227,1632.0,2858.0,4207.599999999999,227,0.6372039283651069,0.9443069306930693,0.99378277946719,227,0.6663715130774701,0.9316706231666585,0.9643972140424809,227,0.6663715130774701,0.9224388756473734,0.9643972140424809,227,0.0,0.0,0.9960099061540305,227,0.0,0.0,0.35,227,0.0005184412002563477,0.0013772845268249512,0.003036490082740783,227,3.02190000002156,3.5251999979664106,4.192319999492611,227,227
20260717_205539_controller_right,exp1_system_characterization,occlusion_recovery,trial_001,,exp1_system_characterization/occlusion_recovery,Arrival-Hold,Arrival-Hold,253,223,253,0.0,0.9243520498275757,0.9513936161994934,253,0.0,1.0,1.0,253,0.0,0.9311630688686094,0.9519784739538946,219,0.4800354748182146,0.9524213949396306,0.9592091420975042,253,0.0,0.9257861942937455,0.9504245547043427,253,0.0,0.9257861942937455,0.9498401504765267,253,0.0,0.0,0.0,253,0.0,0.0,0.0,253,0.0,0.8248778654641112,0.8488838710968968,253,0.0,1.0,1.0,253,0.0,1.0,1.0,253,0.0,0.8276506305464736,0.8568593837421669,253,0.0,2212.0,2954.4,253,0.0,0.9611727416798732,0.9906140010106291,253,0.0,0.9257861942937455,0.9504245547043427,253,0.0,0.9257861942937455,0.9498401504765267,253,0.0,0.0,0.0,253,0.0,0.0,0.0,253,0.0,0.0019586384296417236,0.0031055629253387436,253,0.0,3.592899996874621,4.296940000494941,219,219
20260717_205539_controller_right,exp1_system_characterization,occlusion_recovery,trial_001,,exp1_system_characterization/occlusion_recovery,Capture-Hold,Capture-Hold,253,223,253,0.0,0.9243520498275757,0.9513936161994934,253,0.0,1.0,1.0,253,0.0,0.9311630688686094,0.9519784739538946,219,0.4800354748182146,0.9524213949396306,0.9592091420975042,253,0.0,0.9257861942937455,0.9504245547043427,253,0.0,0.9257861942937455,0.9498401504765267,253,0.0,0.0,0.0,253,0.0,0.0,0.0,253,0.0,0.8248778654641112,0.8488838710968968,253,0.0,1.0,1.0,253,0.0,1.0,1.0,253,0.0,0.8276506305464736,0.8568593837421669,253,0.0,2212.0,2954.4,253,0.0,0.9611727416798732,0.9906140010106291,253,0.0,0.9257861942937455,0.9504245547043427,253,0.0,0.9257861942937455,0.9498401504765267,253,0.0,0.0,0.0,253,0.0,0.0,0.0,253,0.0,0.0019586384296417236,0.0031055629253387436,253,0.0,3.592899996874621,4.296940000494941,219,219
20260717_205539_controller_right,exp1_system_characterization,occlusion_recovery,trial_001,,exp1_system_characterization/occlusion_recovery,EgoAnchor,EgoAnchor,253,223,253,0.0,0.9243520498275757,0.9513936161994934,253,0.0,1.0,1.0,253,0.0,0.9311630688686094,0.9519784739538946,219,0.4800354748182146,0.9524213949396306,0.9592091420975042,253,0.0,0.9257861942937455,0.9504245547043427,253,0.0,0.9257861942937455,0.9498401504765267,253,0.0,0.0,0.0,253,0.0,0.0,0.0,253,0.0,0.8248778654641112,0.8488838710968968,253,0.0,1.0,1.0,253,0.0,1.0,1.0,253,0.0,0.8276506305464736,0.8568593837421669,253,0.0,2212.0,2954.4,253,0.0,0.9611727416798732,0.9906140010106291,253,0.0,0.9257861942937455,0.9504245547043427,253,0.0,0.9257861942937455,0.9498401504765267,253,0.0,0.0,0.0,253,0.0,0.0,0.0,253,0.0,0.0019586384296417236,0.0031055629253387436,253,0.0,3.592899996874621,4.296940000494941,219,219
20260717_205539_controller_right,exp1_system_characterization,occlusion_recovery,trial_001,,exp1_system_characterization/occlusion_recovery,One-Euro Anchor,One-Euro Anchor,253,223,253,0.0,0.9243520498275757,0.9513936161994934,253,0.0,1.0,1.0,253,0.0,0.9311630688686094,0.9519784739538946,219,0.4800354748182146,0.9524213949396306,0.9592091420975042,253,0.0,0.9257861942937455,0.9504245547043427,253,0.0,0.9257861942937455,0.9498401504765267,253,0.0,0.0,0.0,253,0.0,0.0,0.0,253,0.0,0.8248778654641112,0.8488838710968968,253,0.0,1.0,1.0,253,0.0,1.0,1.0,253,0.0,0.8276506305464736,0.8568593837421669,253,0.0,2212.0,2954.4,253,0.0,0.9611727416798732,0.9906140010106291,253,0.0,0.9257861942937455,0.9504245547043427,253,0.0,0.9257861942937455,0.9498401504765267,253,0.0,0.0,0.0,253,0.0,0.0,0.0,253,0.0,0.0019586384296417236,0.0031055629253387436,253,0.0,3.592899996874621,4.296940000494941,219,219
20260717_205539_controller_right,exp1_system_characterization,occlusion_recovery,trial_001,event_001,exp1_system_characterization/occlusion_recovery,Arrival-Hold,Arrival-Hold,49,13,49,0.0,0.0,1.0,49,0.0,0.0,1.0,49,0.0,0.0,1.0,9,0.43600863270349915,0.9619729726847419,0.9631929162723849,49,0.0,0.0,0.9235842947367418,49,0.0,0.0,0.9235842947367418,49,0.0,0.0,0.0,49,0.0,0.0,0.0,49,0.0,0.0,0.8259581274953515,49,0.0,0.0,1.0,49,0.0,0.0,1.0,49,0.0,0.0,0.8303782306571363,49,0.0,0.0,2447.7999999999997,49,0.0,0.0,0.9657230703986429,49,0.0,0.0,0.9235842947367418,49,0.0,0.0,0.9235842947367418,49,0.0,0.0,0.0,49,0.0,0.0,0.0,49,0.0,0.0,0.0022106260061264035,49,0.0,0.0,3.9561200021125824,9,8
20260717_205539_controller_right,exp1_system_characterization,occlusion_recovery,trial_001,event_001,exp1_system_characterization/occlusion_recovery,Capture-Hold,Capture-Hold,49,13,49,0.0,0.0,1.0,49,0.0,0.0,1.0,49,0.0,0.0,1.0,9,0.43600863270349915,0.9619729726847419,0.9631929162723849,49,0.0,0.0,0.9235842947367418,49,0.0,0.0,0.9235842947367418,49,0.0,0.0,0.0,49,0.0,0.0,0.0,49,0.0,0.0,0.8259581274953515,49,0.0,0.0,1.0,49,0.0,0.0,1.0,49,0.0,0.0,0.8303782306571363,49,0.0,0.0,2447.7999999999997,49,0.0,0.0,0.9657230703986429,49,0.0,0.0,0.9235842947367418,49,0.0,0.0,0.9235842947367418,49,0.0,0.0,0.0,49,0.0,0.0,0.0,49,0.0,0.0,0.0022106260061264035,49,0.0,0.0,3.9561200021125824,9,8
20260717_205539_controller_right,exp1_system_characterization,occlusion_recovery,trial_001,event_001,exp1_system_characterization/occlusion_recovery,EgoAnchor,EgoAnchor,49,13,49,0.0,0.0,1.0,49,0.0,0.0,1.0,49,0.0,0.0,1.0,9,0.43600863270349915,0.9619729726847419,0.9631929162723849,49,0.0,0.0,0.9235842947367418,49,0.0,0.0,0.9235842947367418,49,0.0,0.0,0.0,49,0.0,0.0,0.0,49,0.0,0.0,0.8259581274953515,49,0.0,0.0,1.0,49,0.0,0.0,1.0,49,0.0,0.0,0.8303782306571363,49,0.0,0.0,2447.7999999999997,49,0.0,0.0,0.9657230703986429,49,0.0,0.0,0.9235842947367418,49,0.0,0.0,0.9235842947367418,49,0.0,0.0,0.0,49,0.0,0.0,0.0,49,0.0,0.0,0.0022106260061264035,49,0.0,0.0,3.9561200021125824,9,8
20260717_205539_controller_right,exp1_system_characterization,occlusion_recovery,trial_001,event_001,exp1_system_characterization/occlusion_recovery,One-Euro Anchor,One-Euro Anchor,49,13,49,0.0,0.0,1.0,49,0.0,0.0,1.0,49,0.0,0.0,1.0,9,0.43600863270349915,0.9619729726847419,0.9631929162723849,49,0.0,0.0,0.9235842947367418,49,0.0,0.0,0.9235842947367418,49,0.0,0.0,0.0,49,0.0,0.0,0.0,49,0.0,0.0,0.8259581274953515,49,0.0,0.0,1.0,49,0.0,0.0,1.0,49,0.0,0.0,0.8303782306571363,49,0.0,0.0,2447.7999999999997,49,0.0,0.0,0.9657230703986429,49,0.0,0.0,0.9235842947367418,49,0.0,0.0,0.9235842947367418,49,0.0,0.0,0.0,49,0.0,0.0,0.0,49,0.0,0.0,0.0022106260061264035,49,0.0,0.0,3.9561200021125824,9,8
20260717_205539_controller_right,exp1_system_characterization,occlusion_recovery,trial_001,event_002,exp1_system_characterization/occlusion_recovery,Arrival-Hold,Arrival-Hold,30,30,30,0.8648667335510254,0.9256857931613922,0.9458016574382782,30,0.9860641891891891,0.9885641656740194,0.9907486123141579,30,0.8719283839168032,0.9360053212785733,0.95734408056193,30,0.9549503508980853,0.9591291463902354,0.9634375858394488,30,0.8523261658728152,0.9298682327566696,0.9564157754859525,30,0.8523261658728152,0.9298682327566696,0.9564157754859525,30,0.0,0.0,0.0,30,0.0,0.0,0.0,30,0.8418385812522621,0.8463753967643753,0.8517469516401955,30,1.0,1.0,1.0,30,0.9860641891891891,0.9885641656740194,0.9907486123141579,30,0.8477231329690346,0.854695030746219,0.8599079785974205,30,2346.0,2367.0,2383.55,30,0.902569074163839,0.9703233800230056,0.9929649236607598,30,0.8523261658728152,0.9298682327566696,0.9564157754859525,30,0.8523261658728152,0.9298682327566696,0.9564157754859525,30,0.0,0.0,0.0,30,0.0,0.0,0.0,30,0.001185685396194458,0.0019930750131607056,0.0030886650085449217,30,3.34360000124434,3.871300001264899,4.381989999092184,30,30
20260717_205539_controller_right,exp1_system_characterization,occlusion_recovery,trial_001,event_002,exp1_system_characterization/occlusion_recovery,Capture-Hold,Capture-Hold,30,30,30,0.8648667335510254,0.9256857931613922,0.9458016574382782,30,0.9860641891891891,0.9885641656740194,0.9907486123141579,30,0.8719283839168032,0.9360053212785733,0.95734408056193,30,0.9549503508980853,0.9591291463902354,0.9634375858394488,30,0.8523261658728152,0.9298682327566696,0.9564157754859525,30,0.8523261658728152,0.9298682327566696,0.9564157754859525,30,0.0,0.0,0.0,30,0.0,0.0,0.0,30,0.8418385812522621,0.8463753967643753,0.8517469516401955,30,1.0,1.0,1.0,30,0.9860641891891891,0.9885641656740194,0.9907486123141579,30,0.8477231329690346,0.854695030746219,0.8599079785974205,30,2346.0,2367.0,2383.55,30,0.902569074163839,0.9703233800230056,0.9929649236607598,30,0.8523261658728152,0.9298682327566696,0.9564157754859525,30,0.8523261658728152,0.9298682327566696,0.9564157754859525,30,0.0,0.0,0.0,30,0.0,0.0,0.0,30,0.001185685396194458,0.0019930750131607056,0.0030886650085449217,30,3.34360000124434,3.871300001264899,4.381989999092184,30,30
20260717_205539_controller_right,exp1_system_characterization,occlusion_recovery,trial_001,event_002,exp1_system_characterization/occlusion_recovery,EgoAnchor,EgoAnchor,30,30,30,0.8648667335510254,0.9256857931613922,0.9458016574382782,30,0.9860641891891891,0.9885641656740194,0.9907486123141579,30,0.8719283839168032,0.9360053212785733,0.95734408056193,30,0.9549503508980853,0.9591291463902354,0.9634375858394488,30,0.8523261658728152,0.9298682327566696,0.9564157754859525,30,0.8523261658728152,0.9298682327566696,0.9564157754859525,30,0.0,0.0,0.0,30,0.0,0.0,0.0,30,0.8418385812522621,0.8463753967643753,0.8517469516401955,30,1.0,1.0,1.0,30,0.9860641891891891,0.9885641656740194,0.9907486123141579,30,0.8477231329690346,0.854695030746219,0.8599079785974205,30,2346.0,2367.0,2383.55,30,0.902569074163839,0.9703233800230056,0.9929649236607598,30,0.8523261658728152,0.9298682327566696,0.9564157754859525,30,0.8523261658728152,0.9298682327566696,0.9564157754859525,30,0.0,0.0,0.0,30,0.0,0.0,0.0,30,0.001185685396194458,0.0019930750131607056,0.0030886650085449217,30,3.34360000124434,3.871300001264899,4.381989999092184,30,30
20260717_205539_controller_right,exp1_system_characterization,occlusion_recovery,trial_001,event_002,exp1_system_characterization/occlusion_recovery,One-Euro Anchor,One-Euro Anchor,30,30,30,0.8648667335510254,0.9256857931613922,0.9458016574382782,30,0.9860641891891891,0.9885641656740194,0.9907486123141579,30,0.8719283839168032,0.9360053212785733,0.95734408056193,30,0.9549503508980853,0.9591291463902354,0.9634375858394488,30,0.8523261658728152,0.9298682327566696,0.9564157754859525,30,0.8523261658728152,0.9298682327566696,0.9564157754859525,30,0.0,0.0,0.0,30,0.0,0.0,0.0,30,0.8418385812522621,0.8463753967643753,0.8517469516401955,30,1.0,1.0,1.0,30,0.9860641891891891,0.9885641656740194,0.9907486123141579,30,0.8477231329690346,0.854695030746219,0.8599079785974205,30,2346.0,2367.0,2383.55,30,0.902569074163839,0.9703233800230056,0.9929649236607598,30,0.8523261658728152,0.9298682327566696,0.9564157754859525,30,0.8523261658728152,0.9298682327566696,0.9564157754859525,30,0.0,0.0,0.0,30,0.0,0.0,0.0,30,0.001185685396194458,0.0019930750131607056,0.0030886650085449217,30,3.34360000124434,3.871300001264899,4.381989999092184,30,30
20260717_205539_controller_right,exp1_system_characterization,occlusion_recovery,trial_001,event_003,exp1_system_characterization/occlusion_recovery,Arrival-Hold,Arrival-Hold,52,13,52,0.0,0.0,1.0,52,0.0,0.0,1.0,52,0.0,0.0,1.0,9,0.47708435027291674,0.9587287032065678,0.9610215570563694,52,0.0,0.0,0.9184206127950113,52,0.0,0.0,0.9184206127950113,52,0.0,0.0,0.0,52,0.0,0.0,0.0,52,0.0,0.0,0.8465278598874845,52,0.0,0.0,1.0,52,0.0,0.0,0.989904721871935,52,0.0,0.0,0.8564024339686955,52,0.0,0.0,2406.1,52,0.0,0.0,0.9687926764463389,52,0.0,0.0,0.9184206127950113,52,0.0,0.0,0.9184206127950113,52,0.0,0.0,0.0,52,0.0,0.0,0.0,52,0.0,0.0,0.0029545471072196954,52,0.0,0.0,4.086310001366655,9,9
20260717_205539_controller_right,exp1_system_characterization,occlusion_recovery,trial_001,event_003,exp1_system_characterization/occlusion_recovery,Capture-Hold,Capture-Hold,52,13,52,0.0,0.0,1.0,52,0.0,0.0,1.0,52,0.0,0.0,1.0,9,0.47708435027291674,0.9587287032065678,0.9610215570563694,52,0.0,0.0,0.9184206127950113,52,0.0,0.0,0.9184206127950113,52,0.0,0.0,0.0,52,0.0,0.0,0.0,52,0.0,0.0,0.8465278598874845,52,0.0,0.0,1.0,52,0.0,0.0,0.989904721871935,52,0.0,0.0,0.8564024339686955,52,0.0,0.0,2406.1,52,0.0,0.0,0.9687926764463389,52,0.0,0.0,0.9184206127950113,52,0.0,0.0,0.9184206127950113,52,0.0,0.0,0.0,52,0.0,0.0,0.0,52,0.0,0.0,0.0029545471072196954,52,0.0,0.0,4.086310001366655,9,9
20260717_205539_controller_right,exp1_system_characterization,occlusion_recovery,trial_001,event_003,exp1_system_characterization/occlusion_recovery,EgoAnchor,EgoAnchor,52,13,52,0.0,0.0,1.0,52,0.0,0.0,1.0,52,0.0,0.0,1.0,9,0.47708435027291674,0.9587287032065678,0.9610215570563694,52,0.0,0.0,0.9184206127950113,52,0.0,0.0,0.9184206127950113,52,0.0,0.0,0.0,52,0.0,0.0,0.0,52,0.0,0.0,0.8465278598874845,52,0.0,0.0,1.0,52,0.0,0.0,0.989904721871935,52,0.0,0.0,0.8564024339686955,52,0.0,0.0,2406.1,52,0.0,0.0,0.9687926764463389,52,0.0,0.0,0.9184206127950113,52,0.0,0.0,0.9184206127950113,52,0.0,0.0,0.0,52,0.0,0.0,0.0,52,0.0,0.0,0.0029545471072196954,52,0.0,0.0,4.086310001366655,9,9
20260717_205539_controller_right,exp1_system_characterization,occlusion_recovery,trial_001,event_003,exp1_system_characterization/occlusion_recovery,One-Euro Anchor,One-Euro Anchor,52,13,52,0.0,0.0,1.0,52,0.0,0.0,1.0,52,0.0,0.0,1.0,9,0.47708435027291674,0.9587287032065678,0.9610215570563694,52,0.0,0.0,0.9184206127950113,52,0.0,0.0,0.9184206127950113,52,0.0,0.0,0.0,52,0.0,0.0,0.0,52,0.0,0.0,0.8465278598874845,52,0.0,0.0,1.0,52,0.0,0.0,0.989904721871935,52,0.0,0.0,0.8564024339686955,52,0.0,0.0,2406.1,52,0.0,0.0,0.9687926764463389,52,0.0,0.0,0.9184206127950113,52,0.0,0.0,0.9184206127950113,52,0.0,0.0,0.0,52,0.0,0.0,0.0,52,0.0,0.0,0.0029545471072196954,52,0.0,0.0,4.086310001366655,9,9
20260717_205539_controller_right,exp1_system_characterization,occlusion_recovery,trial_001,event_004,exp1_system_characterization/occlusion_recovery,Arrival-Hold,Arrival-Hold,36,36,36,0.8933249711990356,0.9290403425693512,0.943594217300415,36,1.0,1.0,1.0,36,0.8933249706516118,0.9290403582181816,0.9435942146758104,36,0.9492573434779523,0.9557038717070753,0.9584683816053943,36,0.8787530457066393,0.9233147117146507,0.941308143284346,36,0.8787530457066393,0.9233147117146507,0.941308143284346,36,0.0,0.0,0.0,36,0.0,0.0,0.0,36,0.8379418970948548,0.8443354736672215,0.8492082471071811,36,1.0,1.0,1.0,36,1.0,1.0,1.0,36,0.8379418970948548,0.8443354736672215,0.8492082471071811,36,2394.0,2406.5,2422.5,36,0.931892907468295,0.9659867935948936,0.9858229230219422,36,0.8787530457066393,0.9233147117146507,0.941308143284346,36,0.8787530457066393,0.9233147117146507,0.941308143284346,36,0.0,0.0,0.0,36,0.0,0.0,0.0,36,0.001452133059501648,0.0022643059492111206,0.002832271158695221,36,3.253200000472134,3.5396000002947403,4.1971749988078955,36,36
20260717_205539_controller_right,exp1_system_characterization,occlusion_recovery,trial_001,event_004,exp1_system_characterization/occlusion_recovery,Capture-Hold,Capture-Hold,36,36,36,0.8933249711990356,0.9290403425693512,0.943594217300415,36,1.0,1.0,1.0,36,0.8933249706516118,0.9290403582181816,0.9435942146758104,36,0.9492573434779523,0.9557038717070753,0.9584683816053943,36,0.8787530457066393,0.9233147117146507,0.941308143284346,36,0.8787530457066393,0.9233147117146507,0.941308143284346,36,0.0,0.0,0.0,36,0.0,0.0,0.0,36,0.8379418970948548,0.8443354736672215,0.8492082471071811,36,1.0,1.0,1.0,36,1.0,1.0,1.0,36,0.8379418970948548,0.8443354736672215,0.8492082471071811,36,2394.0,2406.5,2422.5,36,0.931892907468295,0.9659867935948936,0.9858229230219422,36,0.8787530457066393,0.9233147117146507,0.941308143284346,36,0.8787530457066393,0.9233147117146507,0.941308143284346,36,0.0,0.0,0.0,36,0.0,0.0,0.0,36,0.001452133059501648,0.0022643059492111206,0.002832271158695221,36,3.253200000472134,3.5396000002947403,4.1971749988078955,36,36
20260717_205539_controller_right,exp1_system_characterization,occlusion_recovery,trial_001,event_004,exp1_system_characterization/occlusion_recovery,EgoAnchor,EgoAnchor,36,36,36,0.8933249711990356,0.9290403425693512,0.943594217300415,36,1.0,1.0,1.0,36,0.8933249706516118,0.9290403582181816,0.9435942146758104,36,0.9492573434779523,0.9557038717070753,0.9584683816053943,36,0.8787530457066393,0.9233147117146507,0.941308143284346,36,0.8787530457066393,0.9233147117146507,0.941308143284346,36,0.0,0.0,0.0,36,0.0,0.0,0.0,36,0.8379418970948548,0.8443354736672215,0.8492082471071811,36,1.0,1.0,1.0,36,1.0,1.0,1.0,36,0.8379418970948548,0.8443354736672215,0.8492082471071811,36,2394.0,2406.5,2422.5,36,0.931892907468295,0.9659867935948936,0.9858229230219422,36,0.8787530457066393,0.9233147117146507,0.941308143284346,36,0.8787530457066393,0.9233147117146507,0.941308143284346,36,0.0,0.0,0.0,36,0.0,0.0,0.0,36,0.001452133059501648,0.0022643059492111206,0.002832271158695221,36,3.253200000472134,3.5396000002947403,4.1971749988078955,36,36
20260717_205539_controller_right,exp1_system_characterization,occlusion_recovery,trial_001,event_004,exp1_system_characterization/occlusion_recovery,One-Euro Anchor,One-Euro Anchor,36,36,36,0.8933249711990356,0.9290403425693512,0.943594217300415,36,1.0,1.0,1.0,36,0.8933249706516118,0.9290403582181816,0.9435942146758104,36,0.9492573434779523,0.9557038717070753,0.9584683816053943,36,0.8787530457066393,0.9233147117146507,0.941308143284346,36,0.8787530457066393,0.9233147117146507,0.941308143284346,36,0.0,0.0,0.0,36,0.0,0.0,0.0,36,0.8379418970948548,0.8443354736672215,0.8492082471071811,36,1.0,1.0,1.0,36,1.0,1.0,1.0,36,0.8379418970948548,0.8443354736672215,0.8492082471071811,36,2394.0,2406.5,2422.5,36,0.931892907468295,0.9659867935948936,0.9858229230219422,36,0.8787530457066393,0.9233147117146507,0.941308143284346,36,0.8787530457066393,0.9233147117146507,0.941308143284346,36,0.0,0.0,0.0,36,0.0,0.0,0.0,36,0.001452133059501648,0.0022643059492111206,0.002832271158695221,36,3.253200000472134,3.5396000002947403,4.1971749988078955,36,36
20260717_205539_controller_right,exp1_system_characterization,occlusion_recovery,trial_001,event_005,exp1_system_characterization/occlusion_recovery,Arrival-Hold,Arrival-Hold,34,14,34,0.0,0.0,1.0,34,0.0,0.0,1.0,34,0.0,0.0,1.0,10,0.509789736005514,0.9563640758123564,0.9595156705916562,34,0.0,0.0,0.9353744925884492,34,0.0,0.0,0.9353744925884492,34,0.0,0.0,0.0,34,0.0,0.0,0.0,34,0.0,0.0,0.842957087797869,34,0.0,0.0,1.0,34,0.0,0.0,1.0,34,0.0,0.0,0.8544967038913334,34,0.0,0.0,2444.65,34,0.0,0.0,0.9806943397860638,34,0.0,0.0,0.9353744925884492,34,0.0,0.0,0.9353744925884492,34,0.0,0.0,0.0,34,0.0,0.0,0.0,34,0.0,0.0,0.00262625515460968,34,0.0,0.0,4.120475000127044,10,9
20260717_205539_controller_right,exp1_system_characterization,occlusion_recovery,trial_001,event_005,exp1_system_characterization/occlusion_recovery,Capture-Hold,Capture-Hold,34,14,34,0.0,0.0,1.0,34,0.0,0.0,1.0,34,0.0,0.0,1.0,10,0.509789736005514,0.9563640758123564,0.9595156705916562,34,0.0,0.0,0.9353744925884492,34,0.0,0.0,0.9353744925884492,34,0.0,0.0,0.0,34,0.0,0.0,0.0,34,0.0,0.0,0.842957087797869,34,0.0,0.0,1.0,34,0.0,0.0,1.0,34,0.0,0.0,0.8544967038913334,34,0.0,0.0,2444.65,34,0.0,0.0,0.9806943397860638,34,0.0,0.0,0.9353744925884492,34,0.0,0.0,0.9353744925884492,34,0.0,0.0,0.0,34,0.0,0.0,0.0,34,0.0,0.0,0.00262625515460968,34,0.0,0.0,4.120475000127044,10,9
20260717_205539_controller_right,exp1_system_characterization,occlusion_recovery,trial_001,event_005,exp1_system_characterization/occlusion_recovery,EgoAnchor,EgoAnchor,34,14,34,0.0,0.0,1.0,34,0.0,0.0,1.0,34,0.0,0.0,1.0,10,0.509789736005514,0.9563640758123564,0.9595156705916562,34,0.0,0.0,0.9353744925884492,34,0.0,0.0,0.9353744925884492,34,0.0,0.0,0.0,34,0.0,0.0,0.0,34,0.0,0.0,0.842957087797869,34,0.0,0.0,1.0,34,0.0,0.0,1.0,34,0.0,0.0,0.8544967038913334,34,0.0,0.0,2444.65,34,0.0,0.0,0.9806943397860638,34,0.0,0.0,0.9353744925884492,34,0.0,0.0,0.9353744925884492,34,0.0,0.0,0.0,34,0.0,0.0,0.0,34,0.0,0.0,0.00262625515460968,34,0.0,0.0,4.120475000127044,10,9
20260717_205539_controller_right,exp1_system_characterization,occlusion_recovery,trial_001,event_005,exp1_system_characterization/occlusion_recovery,One-Euro Anchor,One-Euro Anchor,34,14,34,0.0,0.0,1.0,34,0.0,0.0,1.0,34,0.0,0.0,1.0,10,0.509789736005514,0.9563640758123564,0.9595156705916562,34,0.0,0.0,0.9353744925884492,34,0.0,0.0,0.9353744925884492,34,0.0,0.0,0.0,34,0.0,0.0,0.0,34,0.0,0.0,0.842957087797869,34,0.0,0.0,1.0,34,0.0,0.0,1.0,34,0.0,0.0,0.8544967038913334,34,0.0,0.0,2444.65,34,0.0,0.0,0.9806943397860638,34,0.0,0.0,0.9353744925884492,34,0.0,0.0,0.9353744925884492,34,0.0,0.0,0.0,34,0.0,0.0,0.0,34,0.0,0.0,0.00262625515460968,34,0.0,0.0,4.120475000127044,10,9
20260717_205539_controller_right,exp1_system_characterization,occlusion_recovery,trial_001,event_006,exp1_system_characterization/occlusion_recovery,Arrival-Hold,Arrival-Hold,23,23,23,0.8684030175209045,0.9254853129386902,0.9493856966495514,23,0.9995893223819302,1.0,1.0,23,0.8684030160129983,0.9254853187589854,0.9493856842154448,23,0.9493471697658725,0.9560870450661609,0.9590724884786019,23,0.848196452222504,0.9182639725631643,0.9472640578054324,23,0.848196452222504,0.9182639725631643,0.9472640578054324,23,0.0,0.0,0.0,23,0.0,0.0,0.0,23,0.825924669155073,0.8325885183911997,0.836724619123601,23,1.0,1.0,1.0,23,0.9995893223819302,1.0,1.0,23,0.8262050237610319,0.8325885183911997,0.836724619123601,23,2413.0,2431.0,2441.6,23,0.8610722610722611,0.9712430426716141,0.9862341259848185,23,0.848196452222504,0.9182639725631643,0.9472640578054324,23,0.848196452222504,0.9182639725631643,0.9472640578054324,23,0.0,0.0,0.0,23,0.0,0.0,0.0,23,0.0015202611684799194,0.0021785199642181396,0.002893264591693878,23,3.3791999994718935,3.628200000093784,4.255489998467965,23,23
20260717_205539_controller_right,exp1_system_characterization,occlusion_recovery,trial_001,event_006,exp1_system_characterization/occlusion_recovery,Capture-Hold,Capture-Hold,23,23,23,0.8684030175209045,0.9254853129386902,0.9493856966495514,23,0.9995893223819302,1.0,1.0,23,0.8684030160129983,0.9254853187589854,0.9493856842154448,23,0.9493471697658725,0.9560870450661609,0.9590724884786019,23,0.848196452222504,0.9182639725631643,0.9472640578054324,23,0.848196452222504,0.9182639725631643,0.9472640578054324,23,0.0,0.0,0.0,23,0.0,0.0,0.0,23,0.825924669155073,0.8325885183911997,0.836724619123601,23,1.0,1.0,1.0,23,0.9995893223819302,1.0,1.0,23,0.8262050237610319,0.8325885183911997,0.836724619123601,23,2413.0,2431.0,2441.6,23,0.8610722610722611,0.9712430426716141,0.9862341259848185,23,0.848196452222504,0.9182639725631643,0.9472640578054324,23,0.848196452222504,0.9182639725631643,0.9472640578054324,23,0.0,0.0,0.0,23,0.0,0.0,0.0,23,0.0015202611684799194,0.0021785199642181396,0.002893264591693878,23,3.3791999994718935,3.628200000093784,4.255489998467965,23,23
20260717_205539_controller_right,exp1_system_characterization,occlusion_recovery,trial_001,event_006,exp1_system_characterization/occlusion_recovery,EgoAnchor,EgoAnchor,23,23,23,0.8684030175209045,0.9254853129386902,0.9493856966495514,23,0.9995893223819302,1.0,1.0,23,0.8684030160129983,0.9254853187589854,0.9493856842154448,23,0.9493471697658725,0.9560870450661609,0.9590724884786019,23,0.848196452222504,0.9182639725631643,0.9472640578054324,23,0.848196452222504,0.9182639725631643,0.9472640578054324,23,0.0,0.0,0.0,23,0.0,0.0,0.0,23,0.825924669155073,0.8325885183911997,0.836724619123601,23,1.0,1.0,1.0,23,0.9995893223819302,1.0,1.0,23,0.8262050237610319,0.8325885183911997,0.836724619123601,23,2413.0,2431.0,2441.6,23,0.8610722610722611,0.9712430426716141,0.9862341259848185,23,0.848196452222504,0.9182639725631643,0.9472640578054324,23,0.848196452222504,0.9182639725631643,0.9472640578054324,23,0.0,0.0,0.0,23,0.0,0.0,0.0,23,0.0015202611684799194,0.0021785199642181396,0.002893264591693878,23,3.3791999994718935,3.628200000093784,4.255489998467965,23,23
20260717_205539_controller_right,exp1_system_characterization,occlusion_recovery,trial_001,event_006,exp1_system_characterization/occlusion_recovery,One-Euro Anchor,One-Euro Anchor,23,23,23,0.8684030175209045,0.9254853129386902,0.9493856966495514,23,0.9995893223819302,1.0,1.0,23,0.8684030160129983,0.9254853187589854,0.9493856842154448,23,0.9493471697658725,0.9560870450661609,0.9590724884786019,23,0.848196452222504,0.9182639725631643,0.9472640578054324,23,0.848196452222504,0.9182639725631643,0.9472640578054324,23,0.0,0.0,0.0,23,0.0,0.0,0.0,23,0.825924669155073,0.8325885183911997,0.836724619123601,23,1.0,1.0,1.0,23,0.9995893223819302,1.0,1.0,23,0.8262050237610319,0.8325885183911997,0.836724619123601,23,2413.0,2431.0,2441.6,23,0.8610722610722611,0.9712430426716141,0.9862341259848185,23,0.848196452222504,0.9182639725631643,0.9472640578054324,23,0.848196452222504,0.9182639725631643,0.9472640578054324,23,0.0,0.0,0.0,23,0.0,0.0,0.0,23,0.0015202611684799194,0.0021785199642181396,0.002893264591693878,23,3.3791999994718935,3.628200000093784,4.255489998467965,23,23
20260717_205539_controller_right,exp1_system_characterization,occlusion_recovery,trial_001,event_007,exp1_system_characterization/occlusion_recovery,Arrival-Hold,Arrival-Hold,37,12,37,0.0,0.0,1.0,37,0.0,0.0,1.0,37,0.0,0.0,1.0,8,0.4233672012717529,0.9542230740545655,0.9587482295569403,37,0.0,0.0,0.9458393276448632,37,0.0,0.0,0.9458393276448632,37,0.0,0.0,0.0,37,0.0,0.0,0.0,37,0.0,0.0,0.833379413708679,37,0.0,0.0,1.0,37,0.0,0.0,1.0,37,0.0,0.0,0.8357345541579594,37,0.0,0.0,2443.2,37,0.0,0.0,0.9870828265069355,37,0.0,0.0,0.9458393276448632,37,0.0,0.0,0.9458393276448632,37,0.0,0.0,0.0,37,0.0,0.0,0.0,37,0.0,0.0,0.0019650280475616453,37,0.0,0.0,3.9862000012362833,8,8
20260717_205539_controller_right,exp1_system_characterization,occlusion_recovery,trial_001,event_007,exp1_system_characterization/occlusion_recovery,Capture-Hold,Capture-Hold,37,12,37,0.0,0.0,1.0,37,0.0,0.0,1.0,37,0.0,0.0,1.0,8,0.4233672012717529,0.9542230740545655,0.9587482295569403,37,0.0,0.0,0.9458393276448632,37,0.0,0.0,0.9458393276448632,37,0.0,0.0,0.0,37,0.0,0.0,0.0,37,0.0,0.0,0.833379413708679,37,0.0,0.0,1.0,37,0.0,0.0,1.0,37,0.0,0.0,0.8357345541579594,37,0.0,0.0,2443.2,37,0.0,0.0,0.9870828265069355,37,0.0,0.0,0.9458393276448632,37,0.0,0.0,0.9458393276448632,37,0.0,0.0,0.0,37,0.0,0.0,0.0,37,0.0,0.0,0.0019650280475616453,37,0.0,0.0,3.9862000012362833,8,8
20260717_205539_controller_right,exp1_system_characterization,occlusion_recovery,trial_001,event_007,exp1_system_characterization/occlusion_recovery,EgoAnchor,EgoAnchor,37,12,37,0.0,0.0,1.0,37,0.0,0.0,1.0,37,0.0,0.0,1.0,8,0.4233672012717529,0.9542230740545655,0.9587482295569403,37,0.0,0.0,0.9458393276448632,37,0.0,0.0,0.9458393276448632,37,0.0,0.0,0.0,37,0.0,0.0,0.0,37,0.0,0.0,0.833379413708679,37,0.0,0.0,1.0,37,0.0,0.0,1.0,37,0.0,0.0,0.8357345541579594,37,0.0,0.0,2443.2,37,0.0,0.0,0.9870828265069355,37,0.0,0.0,0.9458393276448632,37,0.0,0.0,0.9458393276448632,37,0.0,0.0,0.0,37,0.0,0.0,0.0,37,0.0,0.0,0.0019650280475616453,37,0.0,0.0,3.9862000012362833,8,8
20260717_205539_controller_right,exp1_system_characterization,occlusion_recovery,trial_001,event_007,exp1_system_characterization/occlusion_recovery,One-Euro Anchor,One-Euro Anchor,37,12,37,0.0,0.0,1.0,37,0.0,0.0,1.0,37,0.0,0.0,1.0,8,0.4233672012717529,0.9542230740545655,0.9587482295569403,37,0.0,0.0,0.9458393276448632,37,0.0,0.0,0.9458393276448632,37,0.0,0.0,0.0,37,0.0,0.0,0.0,37,0.0,0.0,0.833379413708679,37,0.0,0.0,1.0,37,0.0,0.0,1.0,37,0.0,0.0,0.8357345541579594,37,0.0,0.0,2443.2,37,0.0,0.0,0.9870828265069355,37,0.0,0.0,0.9458393276448632,37,0.0,0.0,0.9458393276448632,37,0.0,0.0,0.0,37,0.0,0.0,0.0,37,0.0,0.0,0.0019650280475616453,37,0.0,0.0,3.9862000012362833,8,8
20260717_205539_controller_right,exp1_system_characterization,occlusion_recovery,trial_001,event_008,exp1_system_characterization/occlusion_recovery,Arrival-Hold,Arrival-Hold,26,26,26,0.8583688139915466,0.9380715489387512,0.9491208493709564,26,1.0,1.0,1.0,26,0.8583687897790176,0.9380715395506386,0.9491208454284993,26,0.9488134072802554,0.9546590073636031,0.9583198972713973,26,0.8370984614388017,0.9338757235606842,0.9469756055583156,26,0.8370984614388017,0.9338757235606842,0.9469756055583156,26,0.0,0.0,0.0,26,0.0,0.0,0.0,26,0.8315645326942828,0.840753549975511,0.8494687946493304,26,1.0,1.0,1.0,26,1.0,1.0,1.0,26,0.8315645326942828,0.840753549975511,0.8494687946493304,26,2428.0,2446.0,2470.75,26,0.8560851457658492,0.9737325009519211,0.9887960736289744,26,0.8370984614388017,0.9338757235606842,0.9469756055583156,26,0.8370984614388017,0.9338757235606842,0.9469756055583156,26,0.0,0.0,0.0,26,0.0,0.0,0.0,26,0.0013843178749084473,0.0019554197788238525,0.0030845850706100464,26,3.306700000393903,3.5354000010556774,4.494925000471994,26,26
20260717_205539_controller_right,exp1_system_characterization,occlusion_recovery,trial_001,event_008,exp1_system_characterization/occlusion_recovery,Capture-Hold,Capture-Hold,26,26,26,0.8583688139915466,0.9380715489387512,0.9491208493709564,26,1.0,1.0,1.0,26,0.8583687897790176,0.9380715395506386,0.9491208454284993,26,0.9488134072802554,0.9546590073636031,0.9583198972713973,26,0.8370984614388017,0.9338757235606842,0.9469756055583156,26,0.8370984614388017,0.9338757235606842,0.9469756055583156,26,0.0,0.0,0.0,26,0.0,0.0,0.0,26,0.8315645326942828,0.840753549975511,0.8494687946493304,26,1.0,1.0,1.0,26,1.0,1.0,1.0,26,0.8315645326942828,0.840753549975511,0.8494687946493304,26,2428.0,2446.0,2470.75,26,0.8560851457658492,0.9737325009519211,0.9887960736289744,26,0.8370984614388017,0.9338757235606842,0.9469756055583156,26,0.8370984614388017,0.9338757235606842,0.9469756055583156,26,0.0,0.0,0.0,26,0.0,0.0,0.0,26,0.0013843178749084473,0.0019554197788238525,0.0030845850706100464,26,3.306700000393903,3.5354000010556774,4.494925000471994,26,26
20260717_205539_controller_right,exp1_system_characterization,occlusion_recovery,trial_001,event_008,exp1_system_characterization/occlusion_recovery,EgoAnchor,EgoAnchor,26,26,26,0.8583688139915466,0.9380715489387512,0.9491208493709564,26,1.0,1.0,1.0,26,0.8583687897790176,0.9380715395506386,0.9491208454284993,26,0.9488134072802554,0.9546590073636031,0.9583198972713973,26,0.8370984614388017,0.9338757235606842,0.9469756055583156,26,0.8370984614388017,0.9338757235606842,0.9469756055583156,26,0.0,0.0,0.0,26,0.0,0.0,0.0,26,0.8315645326942828,0.840753549975511,0.8494687946493304,26,1.0,1.0,1.0,26,1.0,1.0,1.0,26,0.8315645326942828,0.840753549975511,0.8494687946493304,26,2428.0,2446.0,2470.75,26,0.8560851457658492,0.9737325009519211,0.9887960736289744,26,0.8370984614388017,0.9338757235606842,0.9469756055583156,26,0.8370984614388017,0.9338757235606842,0.9469756055583156,26,0.0,0.0,0.0,26,0.0,0.0,0.0,26,0.0013843178749084473,0.0019554197788238525,0.0030845850706100464,26,3.306700000393903,3.5354000010556774,4.494925000471994,26,26
20260717_205539_controller_right,exp1_system_characterization,occlusion_recovery,trial_001,event_008,exp1_system_characterization/occlusion_recovery,One-Euro Anchor,One-Euro Anchor,26,26,26,0.8583688139915466,0.9380715489387512,0.9491208493709564,26,1.0,1.0,1.0,26,0.8583687897790176,0.9380715395506386,0.9491208454284993,26,0.9488134072802554,0.9546590073636031,0.9583198972713973,26,0.8370984614388017,0.9338757235606842,0.9469756055583156,26,0.8370984614388017,0.9338757235606842,0.9469756055583156,26,0.0,0.0,0.0,26,0.0,0.0,0.0,26,0.8315645326942828,0.840753549975511,0.8494687946493304,26,1.0,1.0,1.0,26,1.0,1.0,1.0,26,0.8315645326942828,0.840753549975511,0.8494687946493304,26,2428.0,2446.0,2470.75,26,0.8560851457658492,0.9737325009519211,0.9887960736289744,26,0.8370984614388017,0.9338757235606842,0.9469756055583156,26,0.8370984614388017,0.9338757235606842,0.9469756055583156,26,0.0,0.0,0.0,26,0.0,0.0,0.0,26,0.0013843178749084473,0.0019554197788238525,0.0030845850706100464,26,3.306700000393903,3.5354000010556774,4.494925000471994,26,26
20260717_205539_controller_right,exp1_system_characterization,occlusion_recovery,trial_001,event_009,exp1_system_characterization/occlusion_recovery,Arrival-Hold,Arrival-Hold,42,16,42,0.0,0.0,1.0,42,0.0,0.0,1.0,42,0.0,0.0,1.0,12,0.5115608391467977,0.9563882169207778,0.9595343817353507,42,0.0,0.0,0.9269958686945667,42,0.0,0.0,0.9269958686945667,42,0.0,0.0,0.0,42,0.0,0.0,0.0,42,0.0,0.0,0.8468817160681685,42,0.0,0.0,1.0,42,0.0,0.0,1.0,42,0.0,0.0,0.8519414176151162,42,0.0,0.0,2442.9,42,0.0,0.0,0.978496911461908,42,0.0,0.0,0.9269958686945667,42,0.0,0.0,0.9269958686945667,42,0.0,0.0,0.0,42,0.0,0.0,0.0,42,0.0,0.0,0.002624799311161041,42,0.0,0.0,4.050829998777772,12,12
20260717_205539_controller_right,exp1_system_characterization,occlusion_recovery,trial_001,event_009,exp1_system_characterization/occlusion_recovery,Capture-Hold,Capture-Hold,42,16,42,0.0,0.0,1.0,42,0.0,0.0,1.0,42,0.0,0.0,1.0,12,0.5115608391467977,0.9563882169207778,0.9595343817353507,42,0.0,0.0,0.9269958686945667,42,0.0,0.0,0.9269958686945667,42,0.0,0.0,0.0,42,0.0,0.0,0.0,42,0.0,0.0,0.8468817160681685,42,0.0,0.0,1.0,42,0.0,0.0,1.0,42,0.0,0.0,0.8519414176151162,42,0.0,0.0,2442.9,42,0.0,0.0,0.978496911461908,42,0.0,0.0,0.9269958686945667,42,0.0,0.0,0.9269958686945667,42,0.0,0.0,0.0,42,0.0,0.0,0.0,42,0.0,0.0,0.002624799311161041,42,0.0,0.0,4.050829998777772,12,12
20260717_205539_controller_right,exp1_system_characterization,occlusion_recovery,trial_001,event_009,exp1_system_characterization/occlusion_recovery,EgoAnchor,EgoAnchor,42,16,42,0.0,0.0,1.0,42,0.0,0.0,1.0,42,0.0,0.0,1.0,12,0.5115608391467977,0.9563882169207778,0.9595343817353507,42,0.0,0.0,0.9269958686945667,42,0.0,0.0,0.9269958686945667,42,0.0,0.0,0.0,42,0.0,0.0,0.0,42,0.0,0.0,0.8468817160681685,42,0.0,0.0,1.0,42,0.0,0.0,1.0,42,0.0,0.0,0.8519414176151162,42,0.0,0.0,2442.9,42,0.0,0.0,0.978496911461908,42,0.0,0.0,0.9269958686945667,42,0.0,0.0,0.9269958686945667,42,0.0,0.0,0.0,42,0.0,0.0,0.0,42,0.0,0.0,0.002624799311161041,42,0.0,0.0,4.050829998777772,12,12
20260717_205539_controller_right,exp1_system_characterization,occlusion_recovery,trial_001,event_009,exp1_system_characterization/occlusion_recovery,One-Euro Anchor,One-Euro Anchor,42,16,42,0.0,0.0,1.0,42,0.0,0.0,1.0,42,0.0,0.0,1.0,12,0.5115608391467977,0.9563882169207778,0.9595343817353507,42,0.0,0.0,0.9269958686945667,42,0.0,0.0,0.9269958686945667,42,0.0,0.0,0.0,42,0.0,0.0,0.0,42,0.0,0.0,0.8468817160681685,42,0.0,0.0,1.0,42,0.0,0.0,1.0,42,0.0,0.0,0.8519414176151162,42,0.0,0.0,2442.9,42,0.0,0.0,0.978496911461908,42,0.0,0.0,0.9269958686945667,42,0.0,0.0,0.9269958686945667,42,0.0,0.0,0.0,42,0.0,0.0,0.0,42,0.0,0.0,0.002624799311161041,42,0.0,0.0,4.050829998777772,12,12
20260717_205539_controller_right,exp1_system_characterization,occlusion_recovery,trial_001,event_010,exp1_system_characterization/occlusion_recovery,Arrival-Hold,Arrival-Hold,44,44,44,0.840944766998291,0.9349970817565918,0.9540283352136611,44,1.0,1.0,1.0,44,0.8409447933057397,0.9349970940792423,0.9540283176391621,44,0.9483444519912849,0.9559449577046332,0.958881950188928,44,0.8152051651004806,0.9297463045491956,0.953943225990545,44,0.8152051651004806,0.9297463045491956,0.953943225990545,44,0.0,0.0,0.0,44,0.0,0.0,0.0,44,0.8257036283485928,0.8389355742296919,0.8443847530780065,44,1.0,1.0,1.0,44,1.0,1.0,1.0,44,0.8257036283485928,0.8389355742296919,0.8443847530780065,44,2387.0,2408.5,2441.4,44,0.8445914029286726,0.9740526175563354,0.9929043330836741,44,0.8152051651004806,0.9297463045491956,0.953943225990545,44,0.8152051651004806,0.9297463045491956,0.953943225990545,44,0.0,0.0,0.0,44,0.0,0.0,0.0,44,0.0013207346200942993,0.002124704420566559,0.003073355555534363,44,3.2718999973440077,3.601200000048266,4.223325000384648,44,44
20260717_205539_controller_right,exp1_system_characterization,occlusion_recovery,trial_001,event_010,exp1_system_characterization/occlusion_recovery,Capture-Hold,Capture-Hold,44,44,44,0.840944766998291,0.9349970817565918,0.9540283352136611,44,1.0,1.0,1.0,44,0.8409447933057397,0.9349970940792423,0.9540283176391621,44,0.9483444519912849,0.9559449577046332,0.958881950188928,44,0.8152051651004806,0.9297463045491956,0.953943225990545,44,0.8152051651004806,0.9297463045491956,0.953943225990545,44,0.0,0.0,0.0,44,0.0,0.0,0.0,44,0.8257036283485928,0.8389355742296919,0.8443847530780065,44,1.0,1.0,1.0,44,1.0,1.0,1.0,44,0.8257036283485928,0.8389355742296919,0.8443847530780065,44,2387.0,2408.5,2441.4,44,0.8445914029286726,0.9740526175563354,0.9929043330836741,44,0.8152051651004806,0.9297463045491956,0.953943225990545,44,0.8152051651004806,0.9297463045491956,0.953943225990545,44,0.0,0.0,0.0,44,0.0,0.0,0.0,44,0.0013207346200942993,0.002124704420566559,0.003073355555534363,44,3.2718999973440077,3.601200000048266,4.223325000384648,44,44
20260717_205539_controller_right,exp1_system_characterization,occlusion_recovery,trial_001,event_010,exp1_system_characterization/occlusion_recovery,EgoAnchor,EgoAnchor,44,44,44,0.840944766998291,0.9349970817565918,0.9540283352136611,44,1.0,1.0,1.0,44,0.8409447933057397,0.9349970940792423,0.9540283176391621,44,0.9483444519912849,0.9559449577046332,0.958881950188928,44,0.8152051651004806,0.9297463045491956,0.953943225990545,44,0.8152051651004806,0.9297463045491956,0.953943225990545,44,0.0,0.0,0.0,44,0.0,0.0,0.0,44,0.8257036283485928,0.8389355742296919,0.8443847530780065,44,1.0,1.0,1.0,44,1.0,1.0,1.0,44,0.8257036283485928,0.8389355742296919,0.8443847530780065,44,2387.0,2408.5,2441.4,44,0.8445914029286726,0.9740526175563354,0.9929043330836741,44,0.8152051651004806,0.9297463045491956,0.953943225990545,44,0.8152051651004806,0.9297463045491956,0.953943225990545,44,0.0,0.0,0.0,44,0.0,0.0,0.0,44,0.0013207346200942993,0.002124704420566559,0.003073355555534363,44,3.2718999973440077,3.601200000048266,4.223325000384648,44,44
20260717_205539_controller_right,exp1_system_characterization,occlusion_recovery,trial_001,event_010,exp1_system_characterization/occlusion_recovery,One-Euro Anchor,One-Euro Anchor,44,44,44,0.840944766998291,0.9349970817565918,0.9540283352136611,44,1.0,1.0,1.0,44,0.8409447933057397,0.9349970940792423,0.9540283176391621,44,0.9483444519912849,0.9559449577046332,0.958881950188928,44,0.8152051651004806,0.9297463045491956,0.953943225990545,44,0.8152051651004806,0.9297463045491956,0.953943225990545,44,0.0,0.0,0.0,44,0.0,0.0,0.0,44,0.8257036283485928,0.8389355742296919,0.8443847530780065,44,1.0,1.0,1.0,44,1.0,1.0,1.0,44,0.8257036283485928,0.8389355742296919,0.8443847530780065,44,2387.0,2408.5,2441.4,44,0.8445914029286726,0.9740526175563354,0.9929043330836741,44,0.8152051651004806,0.9297463045491956,0.953943225990545,44,0.8152051651004806,0.9297463045491956,0.953943225990545,44,0.0,0.0,0.0,44,0.0,0.0,0.0,44,0.0013207346200942993,0.002124704420566559,0.003073355555534363,44,3.2718999973440077,3.601200000048266,4.223325000384648,44,44
20260717_205539_controller_right,exp1_system_characterization,occlusion_recovery,trial_001,event_011,exp1_system_characterization/occlusion_recovery,Arrival-Hold,Arrival-Hold,33,14,33,0.0,0.0,1.0,33,0.0,0.0,1.0,33,0.0,0.0,1.0,10,0.4143867159071235,0.953164383093124,0.9579659569065032,33,0.0,0.0,0.947098923907299,33,0.0,0.0,0.947098923907299,33,0.0,0.0,0.0,33,0.0,0.0,0.0,33,0.0,0.0,0.8437668442931674,33,0.0,0.0,1.0,33,0.0,0.0,1.0,33,0.0,0.0,0.8654828370554177,33,0.0,0.0,2505.4,33,0.0,0.0,0.994498432473254,33,0.0,0.0,0.947098923907299,33,0.0,0.0,0.947098923907299,33,0.0,0.0,0.0,33,0.0,0.0,0.0,33,0.0,0.0,0.002904504537582395,33,0.0,0.0,4.062720001820708,10,10
20260717_205539_controller_right,exp1_system_characterization,occlusion_recovery,trial_001,event_011,exp1_system_characterization/occlusion_recovery,Capture-Hold,Capture-Hold,33,14,33,0.0,0.0,1.0,33,0.0,0.0,1.0,33,0.0,0.0,1.0,10,0.4143867159071235,0.953164383093124,0.9579659569065032,33,0.0,0.0,0.947098923907299,33,0.0,0.0,0.947098923907299,33,0.0,0.0,0.0,33,0.0,0.0,0.0,33,0.0,0.0,0.8437668442931674,33,0.0,0.0,1.0,33,0.0,0.0,1.0,33,0.0,0.0,0.8654828370554177,33,0.0,0.0,2505.4,33,0.0,0.0,0.994498432473254,33,0.0,0.0,0.947098923907299,33,0.0,0.0,0.947098923907299,33,0.0,0.0,0.0,33,0.0,0.0,0.0,33,0.0,0.0,0.002904504537582395,33,0.0,0.0,4.062720001820708,10,10
20260717_205539_controller_right,exp1_system_characterization,occlusion_recovery,trial_001,event_011,exp1_system_characterization/occlusion_recovery,EgoAnchor,EgoAnchor,33,14,33,0.0,0.0,1.0,33,0.0,0.0,1.0,33,0.0,0.0,1.0,10,0.4143867159071235,0.953164383093124,0.9579659569065032,33,0.0,0.0,0.947098923907299,33,0.0,0.0,0.947098923907299,33,0.0,0.0,0.0,33,0.0,0.0,0.0,33,0.0,0.0,0.8437668442931674,33,0.0,0.0,1.0,33,0.0,0.0,1.0,33,0.0,0.0,0.8654828370554177,33,0.0,0.0,2505.4,33,0.0,0.0,0.994498432473254,33,0.0,0.0,0.947098923907299,33,0.0,0.0,0.947098923907299,33,0.0,0.0,0.0,33,0.0,0.0,0.0,33,0.0,0.0,0.002904504537582395,33,0.0,0.0,4.062720001820708,10,10
20260717_205539_controller_right,exp1_system_characterization,occlusion_recovery,trial_001,event_011,exp1_system_characterization/occlusion_recovery,One-Euro Anchor,One-Euro Anchor,33,14,33,0.0,0.0,1.0,33,0.0,0.0,1.0,33,0.0,0.0,1.0,10,0.4143867159071235,0.953164383093124,0.9579659569065032,33,0.0,0.0,0.947098923907299,33,0.0,0.0,0.947098923907299,33,0.0,0.0,0.0,33,0.0,0.0,0.0,33,0.0,0.0,0.8437668442931674,33,0.0,0.0,1.0,33,0.0,0.0,1.0,33,0.0,0.0,0.8654828370554177,33,0.0,0.0,2505.4,33,0.0,0.0,0.994498432473254,33,0.0,0.0,0.947098923907299,33,0.0,0.0,0.947098923907299,33,0.0,0.0,0.0,33,0.0,0.0,0.0,33,0.0,0.0,0.002904504537582395,33,0.0,0.0,4.062720001820708,10,10
20260717_205539_controller_right,exp1_system_characterization,occlusion_recovery,trial_001,event_012,exp1_system_characterization/occlusion_recovery,Arrival-Hold,Arrival-Hold,24,24,24,0.9108120799064636,0.9349866509437561,0.949121031165123,24,1.0,1.0,1.0,24,0.9108120637084429,0.934986654983968,0.9491210335940672,24,0.9495133441311375,0.9547374042780798,0.9589065930313637,24,0.9006752901794779,0.9305707056070716,0.9466935716424539,24,0.9006752901794779,0.9305707056070716,0.9466935716424539,24,0.0,0.0,0.0,24,0.0,0.0,0.0,24,0.837122497455039,0.8467051491104358,0.8517322469181942,24,1.0,1.0,1.0,24,1.0,1.0,1.0,24,0.837122497455039,0.8467051491104358,0.8517322469181942,24,2466.0,2483.0,2511.7,24,0.9560688405797102,0.9816267075696161,0.9942685085615022,24,0.9006752901794779,0.9305707056070716,0.9466935716424539,24,0.9006752901794779,0.9305707056070716,0.9466935716424539,24,0.0,0.0,0.0,24,0.0,0.0,0.0,24,0.001529008150100708,0.002283036708831787,0.0031745314598083493,24,3.333000000566244,3.66569999823696,4.2301999987103045,24,24
20260717_205539_controller_right,exp1_system_characterization,occlusion_recovery,trial_001,event_012,exp1_system_characterization/occlusion_recovery,Capture-Hold,Capture-Hold,24,24,24,0.9108120799064636,0.9349866509437561,0.949121031165123,24,1.0,1.0,1.0,24,0.9108120637084429,0.934986654983968,0.9491210335940672,24,0.9495133441311375,0.9547374042780798,0.9589065930313637,24,0.9006752901794779,0.9305707056070716,0.9466935716424539,24,0.9006752901794779,0.9305707056070716,0.9466935716424539,24,0.0,0.0,0.0,24,0.0,0.0,0.0,24,0.837122497455039,0.8467051491104358,0.8517322469181942,24,1.0,1.0,1.0,24,1.0,1.0,1.0,24,0.837122497455039,0.8467051491104358,0.8517322469181942,24,2466.0,2483.0,2511.7,24,0.9560688405797102,0.9816267075696161,0.9942685085615022,24,0.9006752901794779,0.9305707056070716,0.9466935716424539,24,0.9006752901794779,0.9305707056070716,0.9466935716424539,24,0.0,0.0,0.0,24,0.0,0.0,0.0,24,0.001529008150100708,0.002283036708831787,0.0031745314598083493,24,3.333000000566244,3.66569999823696,4.2301999987103045,24,24
20260717_205539_controller_right,exp1_system_characterization,occlusion_recovery,trial_001,event_012,exp1_system_characterization/occlusion_recovery,EgoAnchor,EgoAnchor,24,24,24,0.9108120799064636,0.9349866509437561,0.949121031165123,24,1.0,1.0,1.0,24,0.9108120637084429,0.934986654983968,0.9491210335940672,24,0.9495133441311375,0.9547374042780798,0.9589065930313637,24,0.9006752901794779,0.9305707056070716,0.9466935716424539,24,0.9006752901794779,0.9305707056070716,0.9466935716424539,24,0.0,0.0,0.0,24,0.0,0.0,0.0,24,0.837122497455039,0.8467051491104358,0.8517322469181942,24,1.0,1.0,1.0,24,1.0,1.0,1.0,24,0.837122497455039,0.8467051491104358,0.8517322469181942,24,2466.0,2483.0,2511.7,24,0.9560688405797102,0.9816267075696161,0.9942685085615022,24,0.9006752901794779,0.9305707056070716,0.9466935716424539,24,0.9006752901794779,0.9305707056070716,0.9466935716424539,24,0.0,0.0,0.0,24,0.0,0.0,0.0,24,0.001529008150100708,0.002283036708831787,0.0031745314598083493,24,3.333000000566244,3.66569999823696,4.2301999987103045,24,24
20260717_205539_controller_right,exp1_system_characterization,occlusion_recovery,trial_001,event_012,exp1_system_characterization/occlusion_recovery,One-Euro Anchor,One-Euro Anchor,24,24,24,0.9108120799064636,0.9349866509437561,0.949121031165123,24,1.0,1.0,1.0,24,0.9108120637084429,0.934986654983968,0.9491210335940672,24,0.9495133441311375,0.9547374042780798,0.9589065930313637,24,0.9006752901794779,0.9305707056070716,0.9466935716424539,24,0.9006752901794779,0.9305707056070716,0.9466935716424539,24,0.0,0.0,0.0,24,0.0,0.0,0.0,24,0.837122497455039,0.8467051491104358,0.8517322469181942,24,1.0,1.0,1.0,24,1.0,1.0,1.0,24,0.837122497455039,0.8467051491104358,0.8517322469181942,24,2466.0,2483.0,2511.7,24,0.9560688405797102,0.9816267075696161,0.9942685085615022,24,0.9006752901794779,0.9305707056070716,0.9466935716424539,24,0.9006752901794779,0.9305707056070716,0.9466935716424539,24,0.0,0.0,0.0,24,0.0,0.0,0.0,24,0.001529008150100708,0.002283036708831787,0.0031745314598083493,24,3.333000000566244,3.66569999823696,4.2301999987103045,24,24
20260717_205539_controller_right,exp1_system_characterization,occlusion_recovery,trial_001,event_013,exp1_system_characterization/occlusion_recovery,Arrival-Hold,Arrival-Hold,26,10,26,0.0,0.0,0.9443162083625793,26,0.0,0.0,1.0,26,0.0,0.0,0.9443162091299554,8,0.4908899158986698,0.9514694243130413,0.953182978776088,26,0.0,0.0,0.9391316562208153,26,0.0,0.0,0.9391316562208153,26,0.0,0.0,0.0,26,0.0,0.0,0.0,26,0.0,0.0,0.8474456376102733,26,0.0,0.0,1.0,26,0.0,0.0,1.0,26,0.0,0.0,0.8748963813500348,26,0.0,0.0,2471.75,26,0.0,0.0,0.9932648894772469,26,0.0,0.0,0.9391316562208153,26,0.0,0.0,0.9391316562208153,26,0.0,0.0,0.0,26,0.0,0.0,0.0,26,0.0,0.0,0.0033880770206451416,26,0.0,0.0,3.8501500002894318,9,9
20260717_205539_controller_right,exp1_system_characterization,occlusion_recovery,trial_001,event_013,exp1_system_characterization/occlusion_recovery,Capture-Hold,Capture-Hold,26,10,26,0.0,0.0,0.9443162083625793,26,0.0,0.0,1.0,26,0.0,0.0,0.9443162091299554,8,0.4908899158986698,0.9514694243130413,0.953182978776088,26,0.0,0.0,0.9391316562208153,26,0.0,0.0,0.9391316562208153,26,0.0,0.0,0.0,26,0.0,0.0,0.0,26,0.0,0.0,0.8474456376102733,26,0.0,0.0,1.0,26,0.0,0.0,1.0,26,0.0,0.0,0.8748963813500348,26,0.0,0.0,2471.75,26,0.0,0.0,0.9932648894772469,26,0.0,0.0,0.9391316562208153,26,0.0,0.0,0.9391316562208153,26,0.0,0.0,0.0,26,0.0,0.0,0.0,26,0.0,0.0,0.0033880770206451416,26,0.0,0.0,3.8501500002894318,9,9
20260717_205539_controller_right,exp1_system_characterization,occlusion_recovery,trial_001,event_013,exp1_system_characterization/occlusion_recovery,EgoAnchor,EgoAnchor,26,10,26,0.0,0.0,0.9443162083625793,26,0.0,0.0,1.0,26,0.0,0.0,0.9443162091299554,8,0.4908899158986698,0.9514694243130413,0.953182978776088,26,0.0,0.0,0.9391316562208153,26,0.0,0.0,0.9391316562208153,26,0.0,0.0,0.0,26,0.0,0.0,0.0,26,0.0,0.0,0.8474456376102733,26,0.0,0.0,1.0,26,0.0,0.0,1.0,26,0.0,0.0,0.8748963813500348,26,0.0,0.0,2471.75,26,0.0,0.0,0.9932648894772469,26,0.0,0.0,0.9391316562208153,26,0.0,0.0,0.9391316562208153,26,0.0,0.0,0.0,26,0.0,0.0,0.0,26,0.0,0.0,0.0033880770206451416,26,0.0,0.0,3.8501500002894318,9,9
20260717_205539_controller_right,exp1_system_characterization,occlusion_recovery,trial_001,event_013,exp1_system_characterization/occlusion_recovery,One-Euro Anchor,One-Euro Anchor,26,10,26,0.0,0.0,0.9443162083625793,26,0.0,0.0,1.0,26,0.0,0.0,0.9443162091299554,8,0.4908899158986698,0.9514694243130413,0.953182978776088,26,0.0,0.0,0.9391316562208153,26,0.0,0.0,0.9391316562208153,26,0.0,0.0,0.0,26,0.0,0.0,0.0,26,0.0,0.0,0.8474456376102733,26,0.0,0.0,1.0,26,0.0,0.0,1.0,26,0.0,0.0,0.8748963813500348,26,0.0,0.0,2471.75,26,0.0,0.0,0.9932648894772469,26,0.0,0.0,0.9391316562208153,26,0.0,0.0,0.9391316562208153,26,0.0,0.0,0.0,26,0.0,0.0,0.0,26,0.0,0.0,0.0033880770206451416,26,0.0,0.0,3.8501500002894318,9,9
20260717_205539_controller_right,exp1_system_characterization,occlusion_recovery,trial_001,event_014,exp1_system_characterization/occlusion_recovery,Arrival-Hold,Arrival-Hold,78,78,78,0.08429861813783646,0.8858696818351746,0.9629971802234646,78,0.6752655538694993,0.9507294643082211,1.0,78,0.09678576715848976,0.9370389500546313,0.9629972041604915,74,0.9179538774341496,0.9468798320926544,0.9591813110454593,78,0.054886363636363636,0.9322203697607881,0.9523454351614633,78,0.0,0.9322203697607881,0.9523454351614633,78,0.0,0.0,0.0,78,0.0,0.0,0.0,78,0.0,0.8206955829511933,0.8562588361729527,78,0.0,1.0,1.0,78,0.0,0.9209845208198097,1.0,78,0.0,0.8510695542818447,0.8926864616445467,78,0.0,2453.5,3425.6,78,0.0,0.9644571301006171,0.9876468894009217,78,0.0,0.9322203697607881,0.9523454351614633,78,0.0,0.9322203697607881,0.9523454351614633,78,0.0,0.0,0.0,78,0.0,0.0,0.0,78,0.0,0.001619197428226471,0.00240824818611145,78,0.0,3.3458500020060455,4.010024998569861,74,74
20260717_205539_controller_right,exp1_system_characterization,occlusion_recovery,trial_001,event_014,exp1_system_characterization/occlusion_recovery,Capture-Hold,Capture-Hold,78,78,78,0.08429861813783646,0.8858696818351746,0.9629971802234646,78,0.6752655538694993,0.9507294643082211,1.0,78,0.09678576715848976,0.9370389500546313,0.9629972041604915,74,0.9179538774341496,0.9468798320926544,0.9591813110454593,78,0.054886363636363636,0.9322203697607881,0.9523454351614633,78,0.0,0.9322203697607881,0.9523454351614633,78,0.0,0.0,0.0,78,0.0,0.0,0.0,78,0.0,0.8206955829511933,0.8562588361729527,78,0.0,1.0,1.0,78,0.0,0.9209845208198097,1.0,78,0.0,0.8510695542818447,0.8926864616445467,78,0.0,2453.5,3425.6,78,0.0,0.9644571301006171,0.9876468894009217,78,0.0,0.9322203697607881,0.9523454351614633,78,0.0,0.9322203697607881,0.9523454351614633,78,0.0,0.0,0.0,78,0.0,0.0,0.0,78,0.0,0.001619197428226471,0.00240824818611145,78,0.0,3.3458500020060455,4.010024998569861,74,74
20260717_205539_controller_right,exp1_system_characterization,occlusion_recovery,trial_001,event_014,exp1_system_characterization/occlusion_recovery,EgoAnchor,EgoAnchor,78,78,78,0.08429861813783646,0.8858696818351746,0.9629971802234646,78,0.6752655538694993,0.9507294643082211,1.0,78,0.09678576715848976,0.9370389500546313,0.9629972041604915,74,0.9179538774341496,0.9468798320926544,0.9591813110454593,78,0.054886363636363636,0.9322203697607881,0.9523454351614633,78,0.0,0.9322203697607881,0.9523454351614633,78,0.0,0.0,0.0,78,0.0,0.0,0.0,78,0.0,0.8206955829511933,0.8562588361729527,78,0.0,1.0,1.0,78,0.0,0.9209845208198097,1.0,78,0.0,0.8510695542818447,0.8926864616445467,78,0.0,2453.5,3425.6,78,0.0,0.9644571301006171,0.9876468894009217,78,0.0,0.9322203697607881,0.9523454351614633,78,0.0,0.9322203697607881,0.9523454351614633,78,0.0,0.0,0.0,78,0.0,0.0,0.0,78,0.0,0.001619197428226471,0.00240824818611145,78,0.0,3.3458500020060455,4.010024998569861,74,74
20260717_205539_controller_right,exp1_system_characterization,occlusion_recovery,trial_001,event_014,exp1_system_characterization/occlusion_recovery,One-Euro Anchor,One-Euro Anchor,78,78,78,0.08429861813783646,0.8858696818351746,0.9629971802234646,78,0.6752655538694993,0.9507294643082211,1.0,78,0.09678576715848976,0.9370389500546313,0.9629972041604915,74,0.9179538774341496,0.9468798320926544,0.9591813110454593,78,0.054886363636363636,0.9322203697607881,0.9523454351614633,78,0.0,0.9322203697607881,0.9523454351614633,78,0.0,0.0,0.0,78,0.0,0.0,0.0,78,0.0,0.8206955829511933,0.8562588361729527,78,0.0,1.0,1.0,78,0.0,0.9209845208198097,1.0,78,0.0,0.8510695542818447,0.8926864616445467,78,0.0,2453.5,3425.6,78,0.0,0.9644571301006171,0.9876468894009217,78,0.0,0.9322203697607881,0.9523454351614633,78,0.0,0.9322203697607881,0.9523454351614633,78,0.0,0.0,0.0,78,0.0,0.0,0.0,78,0.0,0.001619197428226471,0.00240824818611145,78,0.0,3.3458500020060455,4.010024998569861,74,74
