session_id,experiment_id,scenario_id,trial_id,event_id,condition_id,baseline_variant,variant_id,variant_label,metric_name,metric_value_baseline,metric_value_variant,delta_variant_minus_baseline,paired_n
20260717_203329_controller_right,exp1_system_characterization,static_head_motion,trial_001,,exp1_system_characterization/static_head_motion,Arrival-Hold,Capture-Hold,Capture-Hold,reference_coverage,1.0,1.0,0.0,1
20260717_203329_controller_right,exp1_system_characterization,static_head_motion,trial_001,,exp1_system_characterization/static_head_motion,Arrival-Hold,Capture-Hold,Capture-Hold,display_coverage,1.0,1.0,0.0,1
20260717_203329_controller_right,exp1_system_characterization,static_head_motion,trial_001,,exp1_system_characterization/static_head_motion,Arrival-Hold,Capture-Hold,Capture-Hold,output_coverage,1.0,1.0,0.0,1
20260717_203329_controller_right,exp1_system_characterization,static_head_motion,trial_001,,exp1_system_characterization/static_head_motion,Arrival-Hold,Capture-Hold,Capture-Hold,translation_error_mm_median,5.892079107736975,5.040691422478555,-0.8513876852584197,1
20260717_203329_controller_right,exp1_system_characterization,static_head_motion,trial_001,,exp1_system_characterization/static_head_motion,Arrival-Hold,Capture-Hold,Capture-Hold,translation_error_mm_iqr,2.4984180535008207,2.0422853903554072,-0.45613266314541345,1
20260717_203329_controller_right,exp1_system_characterization,static_head_motion,trial_001,,exp1_system_characterization/static_head_motion,Arrival-Hold,Capture-Hold,Capture-Hold,translation_error_mm_p95,9.080320344668067,7.663696751500191,-1.4166235931678761,1
20260717_203329_controller_right,exp1_system_characterization,static_head_motion,trial_001,,exp1_system_characterization/static_head_motion,Arrival-Hold,Capture-Hold,Capture-Hold,rotation_error_deg_median,3.2819020739309694,3.3502378715181207,0.06833579758715125,1
20260717_203329_controller_right,exp1_system_characterization,static_head_motion,trial_001,,exp1_system_characterization/static_head_motion,Arrival-Hold,Capture-Hold,Capture-Hold,rotation_error_deg_iqr,0.921667123871722,0.8826975339878973,-0.03896958988382471,1
20260717_203329_controller_right,exp1_system_characterization,static_head_motion,trial_001,,exp1_system_characterization/static_head_motion,Arrival-Hold,Capture-Hold,Capture-Hold,rotation_error_deg_p95,4.2477062384184885,4.1715172943207985,-0.07618894409768995,1
20260717_203329_controller_right,exp1_system_characterization,static_head_motion,trial_001,,exp1_system_characterization/static_head_motion,Arrival-Hold,Capture-Hold,Capture-Hold,candidate_arrival_p50_ms,166.84559999703197,166.89449999830686,0.04890000127488747,1
20260717_203329_controller_right,exp1_system_characterization,static_head_motion,trial_001,,exp1_system_characterization/static_head_motion,Arrival-Hold,Capture-Hold,Capture-Hold,candidate_arrival_p95_ms,195.22149999829708,195.2625399993849,0.04104000108782202,1
20260717_203329_controller_right,exp1_system_characterization,static_head_motion,trial_001,,exp1_system_characterization/static_head_motion,Arrival-Hold,Capture-Hold,Capture-Hold,candidate_processing_p50_ms,75.23009999841452,75.23009999841452,0.0,1
20260717_203329_controller_right,exp1_system_characterization,static_head_motion,trial_001,,exp1_system_characterization/static_head_motion,Arrival-Hold,Capture-Hold,Capture-Hold,candidate_processing_p95_ms,90.15942000076176,90.15942000076176,0.0,1
20260717_203329_controller_right,exp1_system_characterization,static_head_motion,trial_001,,exp1_system_characterization/static_head_motion,Arrival-Hold,Capture-Hold,Capture-Hold,observation_age_p50_ms,47.75399999925867,216.58600000228034,168.83200000302168,1
20260717_203329_controller_right,exp1_system_characterization,static_head_motion,trial_001,,exp1_system_characterization/static_head_motion,Arrival-Hold,Capture-Hold,Capture-Hold,observation_age_p95_ms,98.30219999712425,277.6834800024517,179.38128000532743,1
20260717_203329_controller_right,exp1_system_characterization,static_head_motion,trial_001,,exp1_system_characterization/static_head_motion,Arrival-Hold,Capture-Hold,Capture-Hold,smoothing_delay_p50_ms,47.75399999925867,216.58600000228034,168.83200000302168,1
20260717_203329_controller_right,exp1_system_characterization,static_head_motion,trial_001,,exp1_system_characterization/static_head_motion,Arrival-Hold,Capture-Hold,Capture-Hold,smoothing_delay_p95_ms,98.30219999712425,277.6834800024517,179.38128000532743,1
20260717_203329_controller_right,exp1_system_characterization,static_head_motion,trial_001,,exp1_system_characterization/static_head_motion,Arrival-Hold,Capture-Hold,Capture-Hold,visual_perception_hz,9.662200445880814,9.662200445880814,0.0,1
20260717_203329_controller_right,exp1_system_characterization,static_head_motion,trial_001,,exp1_system_characterization/static_head_motion,Arrival-Hold,Capture-Hold,Capture-Hold,render_hz,64.91769440877175,64.91769440877175,0.0,1
20260717_203329_controller_right,exp1_system_characterization,static_head_motion,trial_001,,exp1_system_characterization/static_head_motion,Arrival-Hold,One-Euro Anchor,One-Euro Anchor,reference_coverage,1.0,1.0,0.0,1
20260717_203329_controller_right,exp1_system_characterization,static_head_motion,trial_001,,exp1_system_characterization/static_head_motion,Arrival-Hold,One-Euro Anchor,One-Euro Anchor,display_coverage,1.0,1.0,0.0,1
20260717_203329_controller_right,exp1_system_characterization,static_head_motion,trial_001,,exp1_system_characterization/static_head_motion,Arrival-Hold,One-Euro Anchor,One-Euro Anchor,output_coverage,1.0,1.0,0.0,1
20260717_203329_controller_right,exp1_system_characterization,static_head_motion,trial_001,,exp1_system_characterization/static_head_motion,Arrival-Hold,One-Euro Anchor,One-Euro Anchor,translation_error_mm_median,5.892079107736975,4.954260519036424,-0.9378185887005506,1
20260717_203329_controller_right,exp1_system_characterization,static_head_motion,trial_001,,exp1_system_characterization/static_head_motion,Arrival-Hold,One-Euro Anchor,One-Euro Anchor,translation_error_mm_iqr,2.4984180535008207,1.8205986751293697,-0.677819378371451,1
20260717_203329_controller_right,exp1_system_characterization,static_head_motion,trial_001,,exp1_system_characterization/static_head_motion,Arrival-Hold,One-Euro Anchor,One-Euro Anchor,translation_error_mm_p95,9.080320344668067,7.78227899533645,-1.2980413493316165,1
20260717_203329_controller_right,exp1_system_characterization,static_head_motion,trial_001,,exp1_system_characterization/static_head_motion,Arrival-Hold,One-Euro Anchor,One-Euro Anchor,rotation_error_deg_median,3.2819020739309694,3.327597264178099,0.045695190247129425,1
20260717_203329_controller_right,exp1_system_characterization,static_head_motion,trial_001,,exp1_system_characterization/static_head_motion,Arrival-Hold,One-Euro Anchor,One-Euro Anchor,rotation_error_deg_iqr,0.921667123871722,0.6347907371169139,-0.2868763867548081,1
20260717_203329_controller_right,exp1_system_characterization,static_head_motion,trial_001,,exp1_system_characterization/static_head_motion,Arrival-Hold,One-Euro Anchor,One-Euro Anchor,rotation_error_deg_p95,4.2477062384184885,3.748835188186208,-0.4988710502322804,1
20260717_203329_controller_right,exp1_system_characterization,static_head_motion,trial_001,,exp1_system_characterization/static_head_motion,Arrival-Hold,One-Euro Anchor,One-Euro Anchor,candidate_arrival_p50_ms,166.84559999703197,166.9395999997505,0.0940000027185306,1
20260717_203329_controller_right,exp1_system_characterization,static_head_motion,trial_001,,exp1_system_characterization/static_head_motion,Arrival-Hold,One-Euro Anchor,One-Euro Anchor,candidate_arrival_p95_ms,195.22149999829708,195.2984599978663,0.07695999956922606,1
20260717_203329_controller_right,exp1_system_characterization,static_head_motion,trial_001,,exp1_system_characterization/static_head_motion,Arrival-Hold,One-Euro Anchor,One-Euro Anchor,candidate_processing_p50_ms,75.23009999841452,75.23009999841452,0.0,1
20260717_203329_controller_right,exp1_system_characterization,static_head_motion,trial_001,,exp1_system_characterization/static_head_motion,Arrival-Hold,One-Euro Anchor,One-Euro Anchor,candidate_processing_p95_ms,90.15942000076176,90.15942000076176,0.0,1
20260717_203329_controller_right,exp1_system_characterization,static_head_motion,trial_001,,exp1_system_characterization/static_head_motion,Arrival-Hold,One-Euro Anchor,One-Euro Anchor,observation_age_p50_ms,47.75399999925867,216.58659999957308,168.83260000031441,1
20260717_203329_controller_right,exp1_system_characterization,static_head_motion,trial_001,,exp1_system_characterization/static_head_motion,Arrival-Hold,One-Euro Anchor,One-Euro Anchor,observation_age_p95_ms,98.30219999712425,277.6841200022318,179.38192000510753,1
20260717_203329_controller_right,exp1_system_characterization,static_head_motion,trial_001,,exp1_system_characterization/static_head_motion,Arrival-Hold,One-Euro Anchor,One-Euro Anchor,smoothing_delay_p50_ms,47.75399999925867,216.58659999957308,168.83260000031441,1
20260717_203329_controller_right,exp1_system_characterization,static_head_motion,trial_001,,exp1_system_characterization/static_head_motion,Arrival-Hold,One-Euro Anchor,One-Euro Anchor,smoothing_delay_p95_ms,98.30219999712425,277.6841200022318,179.38192000510753,1
20260717_203329_controller_right,exp1_system_characterization,static_head_motion,trial_001,,exp1_system_characterization/static_head_motion,Arrival-Hold,One-Euro Anchor,One-Euro Anchor,visual_perception_hz,9.662200445880814,9.662200445880814,0.0,1
20260717_203329_controller_right,exp1_system_characterization,static_head_motion,trial_001,,exp1_system_characterization/static_head_motion,Arrival-Hold,One-Euro Anchor,One-Euro Anchor,render_hz,64.91769440877175,64.91769440877175,0.0,1
20260717_203329_controller_right,exp1_system_characterization,static_head_motion,trial_001,,exp1_system_characterization/static_head_motion,Arrival-Hold,EgoAnchor,EgoAnchor,reference_coverage,1.0,1.0,0.0,1
20260717_203329_controller_right,exp1_system_characterization,static_head_motion,trial_001,,exp1_system_characterization/static_head_motion,Arrival-Hold,EgoAnchor,EgoAnchor,display_coverage,1.0,1.0,0.0,1
20260717_203329_controller_right,exp1_system_characterization,static_head_motion,trial_001,,exp1_system_characterization/static_head_motion,Arrival-Hold,EgoAnchor,EgoAnchor,output_coverage,1.0,1.0,0.0,1
20260717_203329_controller_right,exp1_system_characterization,static_head_motion,trial_001,,exp1_system_characterization/static_head_motion,Arrival-Hold,EgoAnchor,EgoAnchor,translation_error_mm_median,5.892079107736975,5.982933756350954,0.09085464861397963,1
20260717_203329_controller_right,exp1_system_characterization,static_head_motion,trial_001,,exp1_system_characterization/static_head_motion,Arrival-Hold,EgoAnchor,EgoAnchor,translation_error_mm_iqr,2.4984180535008207,2.2023687552910634,-0.29604929820975734,1
20260717_203329_controller_right,exp1_system_characterization,static_head_motion,trial_001,,exp1_system_characterization/static_head_motion,Arrival-Hold,EgoAnchor,EgoAnchor,translation_error_mm_p95,9.080320344668067,7.155202365780894,-1.9251179788871733,1
20260717_203329_controller_right,exp1_system_characterization,static_head_motion,trial_001,,exp1_system_characterization/static_head_motion,Arrival-Hold,EgoAnchor,EgoAnchor,rotation_error_deg_median,3.2819020739309694,3.4086561851193444,0.12675411118837498,1
20260717_203329_controller_right,exp1_system_characterization,static_head_motion,trial_001,,exp1_system_characterization/static_head_motion,Arrival-Hold,EgoAnchor,EgoAnchor,rotation_error_deg_iqr,0.921667123871722,0.29151944836878485,-0.6301476755029372,1
20260717_203329_controller_right,exp1_system_characterization,static_head_motion,trial_001,,exp1_system_characterization/static_head_motion,Arrival-Hold,EgoAnchor,EgoAnchor,rotation_error_deg_p95,4.2477062384184885,3.680874778400833,-0.5668314600176556,1
20260717_203329_controller_right,exp1_system_characterization,static_head_motion,trial_001,,exp1_system_characterization/static_head_motion,Arrival-Hold,EgoAnchor,EgoAnchor,candidate_arrival_p50_ms,166.84559999703197,166.7368999987957,-0.10869999823626131,1
20260717_203329_controller_right,exp1_system_characterization,static_head_motion,trial_001,,exp1_system_characterization/static_head_motion,Arrival-Hold,EgoAnchor,EgoAnchor,candidate_arrival_p95_ms,195.22149999829708,195.13937999872724,-0.08211999956984073,1
20260717_203329_controller_right,exp1_system_characterization,static_head_motion,trial_001,,exp1_system_characterization/static_head_motion,Arrival-Hold,EgoAnchor,EgoAnchor,candidate_processing_p50_ms,75.23009999841452,75.23009999841452,0.0,1
20260717_203329_controller_right,exp1_system_characterization,static_head_motion,trial_001,,exp1_system_characterization/static_head_motion,Arrival-Hold,EgoAnchor,EgoAnchor,candidate_processing_p95_ms,90.15942000076176,90.15942000076176,0.0,1
20260717_203329_controller_right,exp1_system_characterization,static_head_motion,trial_001,,exp1_system_characterization/static_head_motion,Arrival-Hold,EgoAnchor,EgoAnchor,observation_age_p50_ms,47.75399999925867,216.57620000041788,168.82220000115922,1
20260717_203329_controller_right,exp1_system_characterization,static_head_motion,trial_001,,exp1_system_characterization/static_head_motion,Arrival-Hold,EgoAnchor,EgoAnchor,observation_age_p95_ms,98.30219999712425,277.67591000083485,179.37371000371058,1
20260717_203329_controller_right,exp1_system_characterization,static_head_motion,trial_001,,exp1_system_characterization/static_head_motion,Arrival-Hold,EgoAnchor,EgoAnchor,smoothing_delay_p50_ms,47.75399999925867,,,0
20260717_203329_controller_right,exp1_system_characterization,static_head_motion,trial_001,,exp1_system_characterization/static_head_motion,Arrival-Hold,EgoAnchor,EgoAnchor,smoothing_delay_p95_ms,98.30219999712425,,,0
20260717_203329_controller_right,exp1_system_characterization,static_head_motion,trial_001,,exp1_system_characterization/static_head_motion,Arrival-Hold,EgoAnchor,EgoAnchor,visual_perception_hz,9.662200445880814,9.662200445880814,0.0,1
20260717_203329_controller_right,exp1_system_characterization,static_head_motion,trial_001,,exp1_system_characterization/static_head_motion,Arrival-Hold,EgoAnchor,EgoAnchor,render_hz,64.91769440877175,64.91769440877175,0.0,1
20260717_203329_controller_right,exp1_system_characterization,static_head_motion,trial_001,event_001,exp1_system_characterization/static_head_motion,Arrival-Hold,Capture-Hold,Capture-Hold,reference_coverage,1.0,1.0,0.0,1
20260717_203329_controller_right,exp1_system_characterization,static_head_motion,trial_001,event_001,exp1_system_characterization/static_head_motion,Arrival-Hold,Capture-Hold,Capture-Hold,display_coverage,1.0,1.0,0.0,1
20260717_203329_controller_right,exp1_system_characterization,static_head_motion,trial_001,event_001,exp1_system_characterization/static_head_motion,Arrival-Hold,Capture-Hold,Capture-Hold,output_coverage,1.0,1.0,0.0,1
20260717_203329_controller_right,exp1_system_characterization,static_head_motion,trial_001,event_001,exp1_system_characterization/static_head_motion,Arrival-Hold,Capture-Hold,Capture-Hold,translation_error_mm_median,11.956629905299106,5.182864398810529,-6.773765506488577,1
20260717_203329_controller_right,exp1_system_characterization,static_head_motion,trial_001,event_001,exp1_system_characterization/static_head_motion,Arrival-Hold,Capture-Hold,Capture-Hold,translation_error_mm_iqr,14.334379627869684,4.179805706113077,-10.154573921756606,1
20260717_203329_controller_right,exp1_system_characterization,static_head_motion,trial_001,event_001,exp1_system_characterization/static_head_motion,Arrival-Hold,Capture-Hold,Capture-Hold,translation_error_mm_p95,33.59964860583734,10.052475153085565,-23.54717345275177,1
20260717_203329_controller_right,exp1_system_characterization,static_head_motion,trial_001,event_001,exp1_system_characterization/static_head_motion,Arrival-Hold,Capture-Hold,Capture-Hold,rotation_error_deg_median,3.1718854842668307,3.0696817349666548,-0.10220374930017595,1
20260717_203329_controller_right,exp1_system_characterization,static_head_motion,trial_001,event_001,exp1_system_characterization/static_head_motion,Arrival-Hold,Capture-Hold,Capture-Hold,rotation_error_deg_iqr,2.3902568905497277,2.104027701250179,-0.28622918929954855,1
20260717_203329_controller_right,exp1_system_characterization,static_head_motion,trial_001,event_001,exp1_system_characterization/static_head_motion,Arrival-Hold,Capture-Hold,Capture-Hold,rotation_error_deg_p95,7.828571963432489,6.521281320762965,-1.3072906426695239,1
20260717_203329_controller_right,exp1_system_characterization,static_head_motion,trial_001,event_001,exp1_system_characterization/static_head_motion,Arrival-Hold,Capture-Hold,Capture-Hold,candidate_arrival_p50_ms,166.71949999727076,166.7511999985436,0.03170000127283856,1
20260717_203329_controller_right,exp1_system_characterization,static_head_motion,trial_001,event_001,exp1_system_characterization/static_head_motion,Arrival-Hold,Capture-Hold,Capture-Hold,candidate_arrival_p95_ms,208.5782800000743,208.60951999929966,0.031239999225363135,1
20260717_203329_controller_right,exp1_system_characterization,static_head_motion,trial_001,event_001,exp1_system_characterization/static_head_motion,Arrival-Hold,Capture-Hold,Capture-Hold,candidate_processing_p50_ms,74.98919999971986,74.98919999971986,0.0,1
20260717_203329_controller_right,exp1_system_characterization,static_head_motion,trial_001,event_001,exp1_system_characterization/static_head_motion,Arrival-Hold,Capture-Hold,Capture-Hold,candidate_processing_p95_ms,86.4023799970746,86.4023799970746,0.0,1
20260717_203329_controller_right,exp1_system_characterization,static_head_motion,trial_001,event_001,exp1_system_characterization/static_head_motion,Arrival-Hold,Capture-Hold,Capture-Hold,observation_age_p50_ms,42.7104500013229,216.6801499952271,173.96969999390421,1
20260717_203329_controller_right,exp1_system_characterization,static_head_motion,trial_001,event_001,exp1_system_characterization/static_head_motion,Arrival-Hold,Capture-Hold,Capture-Hold,observation_age_p95_ms,99.12914499582257,278.1661150031141,179.03697000729153,1
20260717_203329_controller_right,exp1_system_characterization,static_head_motion,trial_001,event_001,exp1_system_characterization/static_head_motion,Arrival-Hold,Capture-Hold,Capture-Hold,smoothing_delay_p50_ms,42.7104500013229,216.6801499952271,173.96969999390421,1
20260717_203329_controller_right,exp1_system_characterization,static_head_motion,trial_001,event_001,exp1_system_characterization/static_head_motion,Arrival-Hold,Capture-Hold,Capture-Hold,smoothing_delay_p95_ms,99.12914499582257,278.1661150031141,179.03697000729153,1
20260717_203329_controller_right,exp1_system_characterization,static_head_motion,trial_001,event_001,exp1_system_characterization/static_head_motion,Arrival-Hold,Capture-Hold,Capture-Hold,visual_perception_hz,9.663731208708738,9.663731208708738,0.0,1
20260717_203329_controller_right,exp1_system_characterization,static_head_motion,trial_001,event_001,exp1_system_characterization/static_head_motion,Arrival-Hold,Capture-Hold,Capture-Hold,render_hz,62.43472068828459,62.43472068828459,0.0,1
20260717_203329_controller_right,exp1_system_characterization,static_head_motion,trial_001,event_001,exp1_system_characterization/static_head_motion,Arrival-Hold,One-Euro Anchor,One-Euro Anchor,reference_coverage,1.0,1.0,0.0,1
20260717_203329_controller_right,exp1_system_characterization,static_head_motion,trial_001,event_001,exp1_system_characterization/static_head_motion,Arrival-Hold,One-Euro Anchor,One-Euro Anchor,display_coverage,1.0,1.0,0.0,1
20260717_203329_controller_right,exp1_system_characterization,static_head_motion,trial_001,event_001,exp1_system_characterization/static_head_motion,Arrival-Hold,One-Euro Anchor,One-Euro Anchor,output_coverage,1.0,1.0,0.0,1
20260717_203329_controller_right,exp1_system_characterization,static_head_motion,trial_001,event_001,exp1_system_characterization/static_head_motion,Arrival-Hold,One-Euro Anchor,One-Euro Anchor,translation_error_mm_median,11.956629905299106,4.770834984740274,-7.185794920558832,1
20260717_203329_controller_right,exp1_system_characterization,static_head_motion,trial_001,event_001,exp1_system_characterization/static_head_motion,Arrival-Hold,One-Euro Anchor,One-Euro Anchor,translation_error_mm_iqr,14.334379627869684,3.6858818418656107,-10.648497786004073,1
20260717_203329_controller_right,exp1_system_characterization,static_head_motion,trial_001,event_001,exp1_system_characterization/static_head_motion,Arrival-Hold,One-Euro Anchor,One-Euro Anchor,translation_error_mm_p95,33.59964860583734,9.121869916051915,-24.477778689785424,1
20260717_203329_controller_right,exp1_system_characterization,static_head_motion,trial_001,event_001,exp1_system_characterization/static_head_motion,Arrival-Hold,One-Euro Anchor,One-Euro Anchor,rotation_error_deg_median,3.1718854842668307,2.910812767291267,-0.2610727169755638,1
20260717_203329_controller_right,exp1_system_characterization,static_head_motion,trial_001,event_001,exp1_system_characterization/static_head_motion,Arrival-Hold,One-Euro Anchor,One-Euro Anchor,rotation_error_deg_iqr,2.3902568905497277,1.9922333227203803,-0.39802356782934734,1
20260717_203329_controller_right,exp1_system_characterization,static_head_motion,trial_001,event_001,exp1_system_characterization/static_head_motion,Arrival-Hold,One-Euro Anchor,One-Euro Anchor,rotation_error_deg_p95,7.828571963432489,5.417854836304623,-2.4107171271278656,1
20260717_203329_controller_right,exp1_system_characterization,static_head_motion,trial_001,event_001,exp1_system_characterization/static_head_motion,Arrival-Hold,One-Euro Anchor,One-Euro Anchor,candidate_arrival_p50_ms,166.71949999727076,166.7779999988852,0.05850000161444768,1
20260717_203329_controller_right,exp1_system_characterization,static_head_motion,trial_001,event_001,exp1_system_characterization/static_head_motion,Arrival-Hold,One-Euro Anchor,One-Euro Anchor,candidate_arrival_p95_ms,208.5782800000743,208.63949999766191,0.06121999758761376,1
20260717_203329_controller_right,exp1_system_characterization,static_head_motion,trial_001,event_001,exp1_system_characterization/static_head_motion,Arrival-Hold,One-Euro Anchor,One-Euro Anchor,candidate_processing_p50_ms,74.98919999971986,74.98919999971986,0.0,1
20260717_203329_controller_right,exp1_system_characterization,static_head_motion,trial_001,event_001,exp1_system_characterization/static_head_motion,Arrival-Hold,One-Euro Anchor,One-Euro Anchor,candidate_processing_p95_ms,86.4023799970746,86.4023799970746,0.0,1
20260717_203329_controller_right,exp1_system_characterization,static_head_motion,trial_001,event_001,exp1_system_characterization/static_head_motion,Arrival-Hold,One-Euro Anchor,One-Euro Anchor,observation_age_p50_ms,42.7104500013229,216.68085000055726,173.97039999923436,1
20260717_203329_controller_right,exp1_system_characterization,static_head_motion,trial_001,event_001,exp1_system_characterization/static_head_motion,Arrival-Hold,One-Euro Anchor,One-Euro Anchor,observation_age_p95_ms,99.12914499582257,278.16668000014033,179.03753500431776,1
20260717_203329_controller_right,exp1_system_characterization,static_head_motion,trial_001,event_001,exp1_system_characterization/static_head_motion,Arrival-Hold,One-Euro Anchor,One-Euro Anchor,smoothing_delay_p50_ms,42.7104500013229,216.68085000055726,173.97039999923436,1
20260717_203329_controller_right,exp1_system_characterization,static_head_motion,trial_001,event_001,exp1_system_characterization/static_head_motion,Arrival-Hold,One-Euro Anchor,One-Euro Anchor,smoothing_delay_p95_ms,99.12914499582257,278.16668000014033,179.03753500431776,1
20260717_203329_controller_right,exp1_system_characterization,static_head_motion,trial_001,event_001,exp1_system_characterization/static_head_motion,Arrival-Hold,One-Euro Anchor,One-Euro Anchor,visual_perception_hz,9.663731208708738,9.663731208708738,0.0,1
20260717_203329_controller_right,exp1_system_characterization,static_head_motion,trial_001,event_001,exp1_system_characterization/static_head_motion,Arrival-Hold,One-Euro Anchor,One-Euro Anchor,render_hz,62.43472068828459,62.43472068828459,0.0,1
20260717_203329_controller_right,exp1_system_characterization,static_head_motion,trial_001,event_001,exp1_system_characterization/static_head_motion,Arrival-Hold,EgoAnchor,EgoAnchor,reference_coverage,1.0,1.0,0.0,1
20260717_203329_controller_right,exp1_system_characterization,static_head_motion,trial_001,event_001,exp1_system_characterization/static_head_motion,Arrival-Hold,EgoAnchor,EgoAnchor,display_coverage,1.0,1.0,0.0,1
20260717_203329_controller_right,exp1_system_characterization,static_head_motion,trial_001,event_001,exp1_system_characterization/static_head_motion,Arrival-Hold,EgoAnchor,EgoAnchor,output_coverage,1.0,1.0,0.0,1
20260717_203329_controller_right,exp1_system_characterization,static_head_motion,trial_001,event_001,exp1_system_characterization/static_head_motion,Arrival-Hold,EgoAnchor,EgoAnchor,translation_error_mm_median,11.956629905299106,3.6882125673198463,-8.26841733797926,1
20260717_203329_controller_right,exp1_system_characterization,static_head_motion,trial_001,event_001,exp1_system_characterization/static_head_motion,Arrival-Hold,EgoAnchor,EgoAnchor,translation_error_mm_iqr,14.334379627869684,0.3770583064071391,-13.957321321462544,1
20260717_203329_controller_right,exp1_system_characterization,static_head_motion,trial_001,event_001,exp1_system_characterization/static_head_motion,Arrival-Hold,EgoAnchor,EgoAnchor,translation_error_mm_p95,33.59964860583734,6.460055436376794,-27.139593169460543,1
20260717_203329_controller_right,exp1_system_characterization,static_head_motion,trial_001,event_001,exp1_system_characterization/static_head_motion,Arrival-Hold,EgoAnchor,EgoAnchor,rotation_error_deg_median,3.1718854842668307,2.8870613702715966,-0.2848241139952341,1
20260717_203329_controller_right,exp1_system_characterization,static_head_motion,trial_001,event_001,exp1_system_characterization/static_head_motion,Arrival-Hold,EgoAnchor,EgoAnchor,rotation_error_deg_iqr,2.3902568905497277,0.29263750974056313,-2.0976193808091645,1
20260717_203329_controller_right,exp1_system_characterization,static_head_motion,trial_001,event_001,exp1_system_characterization/static_head_motion,Arrival-Hold,EgoAnchor,EgoAnchor,rotation_error_deg_p95,7.828571963432489,3.5033518798188186,-4.3252200836136705,1
20260717_203329_controller_right,exp1_system_characterization,static_head_motion,trial_001,event_001,exp1_system_characterization/static_head_motion,Arrival-Hold,EgoAnchor,EgoAnchor,candidate_arrival_p50_ms,166.71949999727076,166.63929999776883,-0.08019999950192869,1
20260717_203329_controller_right,exp1_system_characterization,static_head_motion,trial_001,event_001,exp1_system_characterization/static_head_motion,Arrival-Hold,EgoAnchor,EgoAnchor,candidate_arrival_p95_ms,208.5782800000743,208.485220001603,-0.09305999847128987,1
20260717_203329_controller_right,exp1_system_characterization,static_head_motion,trial_001,event_001,exp1_system_characterization/static_head_motion,Arrival-Hold,EgoAnchor,EgoAnchor,candidate_processing_p50_ms,74.98919999971986,74.98919999971986,0.0,1
20260717_203329_controller_right,exp1_system_characterization,static_head_motion,trial_001,event_001,exp1_system_characterization/static_head_motion,Arrival-Hold,EgoAnchor,EgoAnchor,candidate_processing_p95_ms,86.4023799970746,86.4023799970746,0.0,1
20260717_203329_controller_right,exp1_system_characterization,static_head_motion,trial_001,event_001,exp1_system_characterization/static_head_motion,Arrival-Hold,EgoAnchor,EgoAnchor,observation_age_p50_ms,42.7104500013229,216.67094999793335,173.96049999661045,1
20260717_203329_controller_right,exp1_system_characterization,static_head_motion,trial_001,event_001,exp1_system_characterization/static_head_motion,Arrival-Hold,EgoAnchor,EgoAnchor,observation_age_p95_ms,99.12914499582257,278.15660500091326,179.0274600050907,1
20260717_203329_controller_right,exp1_system_characterization,static_head_motion,trial_001,event_001,exp1_system_characterization/static_head_motion,Arrival-Hold,EgoAnchor,EgoAnchor,smoothing_delay_p50_ms,42.7104500013229,276.5538841485977,233.84343414727482,1
20260717_203329_controller_right,exp1_system_characterization,static_head_motion,trial_001,event_001,exp1_system_characterization/static_head_motion,Arrival-Hold,EgoAnchor,EgoAnchor,smoothing_delay_p95_ms,99.12914499582257,283.64588767290115,184.51674267707858,1
20260717_203329_controller_right,exp1_system_characterization,static_head_motion,trial_001,event_001,exp1_system_characterization/static_head_motion,Arrival-Hold,EgoAnchor,EgoAnchor,visual_perception_hz,9.663731208708738,9.663731208708738,0.0,1
20260717_203329_controller_right,exp1_system_characterization,static_head_motion,trial_001,event_001,exp1_system_characterization/static_head_motion,Arrival-Hold,EgoAnchor,EgoAnchor,render_hz,62.43472068828459,62.43472068828459,0.0,1
20260717_203329_controller_right,exp1_system_characterization,static_head_motion,trial_001,event_002,exp1_system_characterization/static_head_motion,Arrival-Hold,Capture-Hold,Capture-Hold,reference_coverage,1.0,1.0,0.0,1
20260717_203329_controller_right,exp1_system_characterization,static_head_motion,trial_001,event_002,exp1_system_characterization/static_head_motion,Arrival-Hold,Capture-Hold,Capture-Hold,display_coverage,1.0,1.0,0.0,1
20260717_203329_controller_right,exp1_system_characterization,static_head_motion,trial_001,event_002,exp1_system_characterization/static_head_motion,Arrival-Hold,Capture-Hold,Capture-Hold,output_coverage,1.0,1.0,0.0,1
20260717_203329_controller_right,exp1_system_characterization,static_head_motion,trial_001,event_002,exp1_system_characterization/static_head_motion,Arrival-Hold,Capture-Hold,Capture-Hold,translation_error_mm_median,9.483922399506836,4.364908219233289,-5.119014180273547,1
20260717_203329_controller_right,exp1_system_characterization,static_head_motion,trial_001,event_002,exp1_system_characterization/static_head_motion,Arrival-Hold,Capture-Hold,Capture-Hold,translation_error_mm_iqr,10.48307631550654,2.5675407943416504,-7.91553552116489,1
20260717_203329_controller_right,exp1_system_characterization,static_head_motion,trial_001,event_002,exp1_system_characterization/static_head_motion,Arrival-Hold,Capture-Hold,Capture-Hold,translation_error_mm_p95,27.76968600563287,6.936400010806689,-20.83328599482618,1
20260717_203329_controller_right,exp1_system_characterization,static_head_motion,trial_001,event_002,exp1_system_characterization/static_head_motion,Arrival-Hold,Capture-Hold,Capture-Hold,rotation_error_deg_median,2.975547712121113,2.7627688298573356,-0.21277888226377728,1
20260717_203329_controller_right,exp1_system_characterization,static_head_motion,trial_001,event_002,exp1_system_characterization/static_head_motion,Arrival-Hold,Capture-Hold,Capture-Hold,rotation_error_deg_iqr,1.415221740982593,0.9618315225599297,-0.45339021842266325,1
20260717_203329_controller_right,exp1_system_characterization,static_head_motion,trial_001,event_002,exp1_system_characterization/static_head_motion,Arrival-Hold,Capture-Hold,Capture-Hold,rotation_error_deg_p95,5.559970041191362,4.2420323926448305,-1.3179376485465317,1
20260717_203329_controller_right,exp1_system_characterization,static_head_motion,trial_001,event_002,exp1_system_characterization/static_head_motion,Arrival-Hold,Capture-Hold,Capture-Hold,candidate_arrival_p50_ms,167.57199999847217,167.608099996869,0.03609999839682132,1
20260717_203329_controller_right,exp1_system_characterization,static_head_motion,trial_001,event_002,exp1_system_characterization/static_head_motion,Arrival-Hold,Capture-Hold,Capture-Hold,candidate_arrival_p95_ms,223.1355599971721,223.1714799971087,0.03591999993659556,1
20260717_203329_controller_right,exp1_system_characterization,static_head_motion,trial_001,event_002,exp1_system_characterization/static_head_motion,Arrival-Hold,Capture-Hold,Capture-Hold,candidate_processing_p50_ms,74.96040000021458,74.96040000021458,0.0,1
20260717_203329_controller_right,exp1_system_characterization,static_head_motion,trial_001,event_002,exp1_system_characterization/static_head_motion,Arrival-Hold,Capture-Hold,Capture-Hold,candidate_processing_p95_ms,83.46844000145794,83.46844000145794,0.0,1
20260717_203329_controller_right,exp1_system_characterization,static_head_motion,trial_001,event_002,exp1_system_characterization/static_head_motion,Arrival-Hold,Capture-Hold,Capture-Hold,observation_age_p50_ms,43.07234999942011,223.01964999860502,179.9472999991849,1
20260717_203329_controller_right,exp1_system_characterization,static_head_motion,trial_001,event_002,exp1_system_characterization/static_head_motion,Arrival-Hold,Capture-Hold,Capture-Hold,observation_age_p95_ms,97.26934000391338,298.6417550018814,201.372414997968,1
20260717_203329_controller_right,exp1_system_characterization,static_head_motion,trial_001,event_002,exp1_system_characterization/static_head_motion,Arrival-Hold,Capture-Hold,Capture-Hold,smoothing_delay_p50_ms,43.07234999942011,223.01964999860502,179.9472999991849,1
20260717_203329_controller_right,exp1_system_characterization,static_head_motion,trial_001,event_002,exp1_system_characterization/static_head_motion,Arrival-Hold,Capture-Hold,Capture-Hold,smoothing_delay_p95_ms,97.26934000391338,298.6417550018814,201.372414997968,1
20260717_203329_controller_right,exp1_system_characterization,static_head_motion,trial_001,event_002,exp1_system_characterization/static_head_motion,Arrival-Hold,Capture-Hold,Capture-Hold,visual_perception_hz,9.67879228260262,9.67879228260262,0.0,1
20260717_203329_controller_right,exp1_system_characterization,static_head_motion,trial_001,event_002,exp1_system_characterization/static_head_motion,Arrival-Hold,Capture-Hold,Capture-Hold,render_hz,64.12494413566829,64.12494413566829,0.0,1
20260717_203329_controller_right,exp1_system_characterization,static_head_motion,trial_001,event_002,exp1_system_characterization/static_head_motion,Arrival-Hold,One-Euro Anchor,One-Euro Anchor,reference_coverage,1.0,1.0,0.0,1
20260717_203329_controller_right,exp1_system_characterization,static_head_motion,trial_001,event_002,exp1_system_characterization/static_head_motion,Arrival-Hold,One-Euro Anchor,One-Euro Anchor,display_coverage,1.0,1.0,0.0,1
20260717_203329_controller_right,exp1_system_characterization,static_head_motion,trial_001,event_002,exp1_system_characterization/static_head_motion,Arrival-Hold,One-Euro Anchor,One-Euro Anchor,output_coverage,1.0,1.0,0.0,1
20260717_203329_controller_right,exp1_system_characterization,static_head_motion,trial_001,event_002,exp1_system_characterization/static_head_motion,Arrival-Hold,One-Euro Anchor,One-Euro Anchor,translation_error_mm_median,9.483922399506836,3.8950332640662806,-5.588889135440556,1
20260717_203329_controller_right,exp1_system_characterization,static_head_motion,trial_001,event_002,exp1_system_characterization/static_head_motion,Arrival-Hold,One-Euro Anchor,One-Euro Anchor,translation_error_mm_iqr,10.48307631550654,2.2191682096033927,-8.263908105903148,1
20260717_203329_controller_right,exp1_system_characterization,static_head_motion,trial_001,event_002,exp1_system_characterization/static_head_motion,Arrival-Hold,One-Euro Anchor,One-Euro Anchor,translation_error_mm_p95,27.76968600563287,6.307123859343195,-21.462562146289677,1
20260717_203329_controller_right,exp1_system_characterization,static_head_motion,trial_001,event_002,exp1_system_characterization/static_head_motion,Arrival-Hold,One-Euro Anchor,One-Euro Anchor,rotation_error_deg_median,2.975547712121113,2.7979467179800177,-0.1776009941410952,1
20260717_203329_controller_right,exp1_system_characterization,static_head_motion,trial_001,event_002,exp1_system_characterization/static_head_motion,Arrival-Hold,One-Euro Anchor,One-Euro Anchor,rotation_error_deg_iqr,1.415221740982593,0.6958494588233055,-0.7193722821592874,1
20260717_203329_controller_right,exp1_system_characterization,static_head_motion,trial_001,event_002,exp1_system_characterization/static_head_motion,Arrival-Hold,One-Euro Anchor,One-Euro Anchor,rotation_error_deg_p95,5.559970041191362,3.7613385187313497,-1.7986315224600125,1
20260717_203329_controller_right,exp1_system_characterization,static_head_motion,trial_001,event_002,exp1_system_characterization/static_head_motion,Arrival-Hold,One-Euro Anchor,One-Euro Anchor,candidate_arrival_p50_ms,167.57199999847217,167.64010000042617,0.0681000019540079,1
20260717_203329_controller_right,exp1_system_characterization,static_head_motion,trial_001,event_002,exp1_system_characterization/static_head_motion,Arrival-Hold,One-Euro Anchor,One-Euro Anchor,candidate_arrival_p95_ms,223.1355599971721,223.19995999714592,0.06439999997382984,1
20260717_203329_controller_right,exp1_system_characterization,static_head_motion,trial_001,event_002,exp1_system_characterization/static_head_motion,Arrival-Hold,One-Euro Anchor,One-Euro Anchor,candidate_processing_p50_ms,74.96040000021458,74.96040000021458,0.0,1
20260717_203329_controller_right,exp1_system_characterization,static_head_motion,trial_001,event_002,exp1_system_characterization/static_head_motion,Arrival-Hold,One-Euro Anchor,One-Euro Anchor,candidate_processing_p95_ms,83.46844000145794,83.46844000145794,0.0,1
20260717_203329_controller_right,exp1_system_characterization,static_head_motion,trial_001,event_002,exp1_system_characterization/static_head_motion,Arrival-Hold,One-Euro Anchor,One-Euro Anchor,observation_age_p50_ms,43.07234999942011,223.02030000355444,179.94795000413433,1
20260717_203329_controller_right,exp1_system_characterization,static_head_motion,trial_001,event_002,exp1_system_characterization/static_head_motion,Arrival-Hold,One-Euro Anchor,One-Euro Anchor,observation_age_p95_ms,97.26934000391338,298.6423599992122,201.37301999529882,1
20260717_203329_controller_right,exp1_system_characterization,static_head_motion,trial_001,event_002,exp1_system_characterization/static_head_motion,Arrival-Hold,One-Euro Anchor,One-Euro Anchor,smoothing_delay_p50_ms,43.07234999942011,223.02030000355444,179.94795000413433,1
20260717_203329_controller_right,exp1_system_characterization,static_head_motion,trial_001,event_002,exp1_system_characterization/static_head_motion,Arrival-Hold,One-Euro Anchor,One-Euro Anchor,smoothing_delay_p95_ms,97.26934000391338,298.6423599992122,201.37301999529882,1
20260717_203329_controller_right,exp1_system_characterization,static_head_motion,trial_001,event_002,exp1_system_characterization/static_head_motion,Arrival-Hold,One-Euro Anchor,One-Euro Anchor,visual_perception_hz,9.67879228260262,9.67879228260262,0.0,1
20260717_203329_controller_right,exp1_system_characterization,static_head_motion,trial_001,event_002,exp1_system_characterization/static_head_motion,Arrival-Hold,One-Euro Anchor,One-Euro Anchor,render_hz,64.12494413566829,64.12494413566829,0.0,1
20260717_203329_controller_right,exp1_system_characterization,static_head_motion,trial_001,event_002,exp1_system_characterization/static_head_motion,Arrival-Hold,EgoAnchor,EgoAnchor,reference_coverage,1.0,1.0,0.0,1
20260717_203329_controller_right,exp1_system_characterization,static_head_motion,trial_001,event_002,exp1_system_characterization/static_head_motion,Arrival-Hold,EgoAnchor,EgoAnchor,display_coverage,1.0,1.0,0.0,1
20260717_203329_controller_right,exp1_system_characterization,static_head_motion,trial_001,event_002,exp1_system_characterization/static_head_motion,Arrival-Hold,EgoAnchor,EgoAnchor,output_coverage,1.0,1.0,0.0,1
20260717_203329_controller_right,exp1_system_characterization,static_head_motion,trial_001,event_002,exp1_system_characterization/static_head_motion,Arrival-Hold,EgoAnchor,EgoAnchor,translation_error_mm_median,9.483922399506836,2.332678543957942,-7.151243855548895,1
20260717_203329_controller_right,exp1_system_characterization,static_head_motion,trial_001,event_002,exp1_system_characterization/static_head_motion,Arrival-Hold,EgoAnchor,EgoAnchor,translation_error_mm_iqr,10.48307631550654,0.2500955858208713,-10.23298072968567,1
20260717_203329_controller_right,exp1_system_characterization,static_head_motion,trial_001,event_002,exp1_system_characterization/static_head_motion,Arrival-Hold,EgoAnchor,EgoAnchor,translation_error_mm_p95,27.76968600563287,2.7938745440506185,-24.975811461582254,1
20260717_203329_controller_right,exp1_system_characterization,static_head_motion,trial_001,event_002,exp1_system_characterization/static_head_motion,Arrival-Hold,EgoAnchor,EgoAnchor,rotation_error_deg_median,2.975547712121113,2.629617381417243,-0.3459303307038697,1
20260717_203329_controller_right,exp1_system_characterization,static_head_motion,trial_001,event_002,exp1_system_characterization/static_head_motion,Arrival-Hold,EgoAnchor,EgoAnchor,rotation_error_deg_iqr,1.415221740982593,0.13849060391329004,-1.2767311370693029,1
20260717_203329_controller_right,exp1_system_characterization,static_head_motion,trial_001,event_002,exp1_system_characterization/static_head_motion,Arrival-Hold,EgoAnchor,EgoAnchor,rotation_error_deg_p95,5.559970041191362,2.974718974765411,-2.5852510664259514,1
20260717_203329_controller_right,exp1_system_characterization,static_head_motion,trial_001,event_002,exp1_system_characterization/static_head_motion,Arrival-Hold,EgoAnchor,EgoAnchor,candidate_arrival_p50_ms,167.57199999847217,167.484700003115,-0.0872999953571707,1
20260717_203329_controller_right,exp1_system_characterization,static_head_motion,trial_001,event_002,exp1_system_characterization/static_head_motion,Arrival-Hold,EgoAnchor,EgoAnchor,candidate_arrival_p95_ms,223.1355599971721,223.05304000037722,-0.08251999679487199,1
20260717_203329_controller_right,exp1_system_characterization,static_head_motion,trial_001,event_002,exp1_system_characterization/static_head_motion,Arrival-Hold,EgoAnchor,EgoAnchor,candidate_processing_p50_ms,74.96040000021458,74.96040000021458,0.0,1
20260717_203329_controller_right,exp1_system_characterization,static_head_motion,trial_001,event_002,exp1_system_characterization/static_head_motion,Arrival-Hold,EgoAnchor,EgoAnchor,candidate_processing_p95_ms,83.46844000145794,83.46844000145794,0.0,1
20260717_203329_controller_right,exp1_system_characterization,static_head_motion,trial_001,event_002,exp1_system_characterization/static_head_motion,Arrival-Hold,EgoAnchor,EgoAnchor,observation_age_p50_ms,43.07234999942011,223.01119999974617,179.93885000032606,1
20260717_203329_controller_right,exp1_system_characterization,static_head_motion,trial_001,event_002,exp1_system_characterization/static_head_motion,Arrival-Hold,EgoAnchor,EgoAnchor,observation_age_p95_ms,97.26934000391338,298.6335049972695,201.3641649933561,1
20260717_203329_controller_right,exp1_system_characterization,static_head_motion,trial_001,event_002,exp1_system_characterization/static_head_motion,Arrival-Hold,EgoAnchor,EgoAnchor,smoothing_delay_p50_ms,43.07234999942011,,,0
20260717_203329_controller_right,exp1_system_characterization,static_head_motion,trial_001,event_002,exp1_system_characterization/static_head_motion,Arrival-Hold,EgoAnchor,EgoAnchor,smoothing_delay_p95_ms,97.26934000391338,,,0
20260717_203329_controller_right,exp1_system_characterization,static_head_motion,trial_001,event_002,exp1_system_characterization/static_head_motion,Arrival-Hold,EgoAnchor,EgoAnchor,visual_perception_hz,9.67879228260262,9.67879228260262,0.0,1
20260717_203329_controller_right,exp1_system_characterization,static_head_motion,trial_001,event_002,exp1_system_characterization/static_head_motion,Arrival-Hold,EgoAnchor,EgoAnchor,render_hz,64.12494413566829,64.12494413566829,0.0,1
20260717_203329_controller_right,exp1_system_characterization,static_head_motion,trial_001,event_003,exp1_system_characterization/static_head_motion,Arrival-Hold,Capture-Hold,Capture-Hold,reference_coverage,1.0,1.0,0.0,1
20260717_203329_controller_right,exp1_system_characterization,static_head_motion,trial_001,event_003,exp1_system_characterization/static_head_motion,Arrival-Hold,Capture-Hold,Capture-Hold,display_coverage,1.0,1.0,0.0,1
20260717_203329_controller_right,exp1_system_characterization,static_head_motion,trial_001,event_003,exp1_system_characterization/static_head_motion,Arrival-Hold,Capture-Hold,Capture-Hold,output_coverage,1.0,1.0,0.0,1
20260717_203329_controller_right,exp1_system_characterization,static_head_motion,trial_001,event_003,exp1_system_characterization/static_head_motion,Arrival-Hold,Capture-Hold,Capture-Hold,translation_error_mm_median,8.514007930469441,4.049691472151055,-4.464316458318386,1
20260717_203329_controller_right,exp1_system_characterization,static_head_motion,trial_001,event_003,exp1_system_characterization/static_head_motion,Arrival-Hold,Capture-Hold,Capture-Hold,translation_error_mm_iqr,6.745209365640122,3.4226838816220546,-3.322525484018067,1
20260717_203329_controller_right,exp1_system_characterization,static_head_motion,trial_001,event_003,exp1_system_characterization/static_head_motion,Arrival-Hold,Capture-Hold,Capture-Hold,translation_error_mm_p95,16.539650495993637,8.821429824936253,-7.718220671057384,1
20260717_203329_controller_right,exp1_system_characterization,static_head_motion,trial_001,event_003,exp1_system_characterization/static_head_motion,Arrival-Hold,Capture-Hold,Capture-Hold,rotation_error_deg_median,2.64954589270765,2.6869690612614914,0.037423168553841535,1
20260717_203329_controller_right,exp1_system_characterization,static_head_motion,trial_001,event_003,exp1_system_characterization/static_head_motion,Arrival-Hold,Capture-Hold,Capture-Hold,rotation_error_deg_iqr,1.0136025658464427,0.9943451882504832,-0.01925737759595947,1
20260717_203329_controller_right,exp1_system_characterization,static_head_motion,trial_001,event_003,exp1_system_characterization/static_head_motion,Arrival-Hold,Capture-Hold,Capture-Hold,rotation_error_deg_p95,4.118632448821765,4.072340906643936,-0.04629154217782894,1
20260717_203329_controller_right,exp1_system_characterization,static_head_motion,trial_001,event_003,exp1_system_characterization/static_head_motion,Arrival-Hold,Capture-Hold,Capture-Hold,candidate_arrival_p50_ms,166.61260000546463,166.64310000487603,0.030499999411404133,1
20260717_203329_controller_right,exp1_system_characterization,static_head_motion,trial_001,event_003,exp1_system_characterization/static_head_motion,Arrival-Hold,Capture-Hold,Capture-Hold,candidate_arrival_p95_ms,207.96770000451943,207.99928000196815,0.03157999744871631,1
20260717_203329_controller_right,exp1_system_characterization,static_head_motion,trial_001,event_003,exp1_system_characterization/static_head_motion,Arrival-Hold,Capture-Hold,Capture-Hold,candidate_processing_p50_ms,74.38229999691248,74.38229999691248,0.0,1
20260717_203329_controller_right,exp1_system_characterization,static_head_motion,trial_001,event_003,exp1_system_characterization/static_head_motion,Arrival-Hold,Capture-Hold,Capture-Hold,candidate_processing_p95_ms,85.92879999950527,85.92879999950527,0.0,1
20260717_203329_controller_right,exp1_system_characterization,static_head_motion,trial_001,event_003,exp1_system_characterization/static_head_motion,Arrival-Hold,Capture-Hold,Capture-Hold,observation_age_p50_ms,48.65530000097351,216.409950000525,167.75464999955148,1
20260717_203329_controller_right,exp1_system_characterization,static_head_motion,trial_001,event_003,exp1_system_characterization/static_head_motion,Arrival-Hold,Capture-Hold,Capture-Hold,observation_age_p95_ms,97.68918999652668,277.2918849990674,179.6026950025407,1
20260717_203329_controller_right,exp1_system_characterization,static_head_motion,trial_001,event_003,exp1_system_characterization/static_head_motion,Arrival-Hold,Capture-Hold,Capture-Hold,smoothing_delay_p50_ms,48.65530000097351,216.409950000525,167.75464999955148,1
20260717_203329_controller_right,exp1_system_characterization,static_head_motion,trial_001,event_003,exp1_system_characterization/static_head_motion,Arrival-Hold,Capture-Hold,Capture-Hold,smoothing_delay_p95_ms,97.68918999652668,277.2918849990674,179.6026950025407,1
20260717_203329_controller_right,exp1_system_characterization,static_head_motion,trial_001,event_003,exp1_system_characterization/static_head_motion,Arrival-Hold,Capture-Hold,Capture-Hold,visual_perception_hz,9.720626756850736,9.720626756850736,0.0,1
20260717_203329_controller_right,exp1_system_characterization,static_head_motion,trial_001,event_003,exp1_system_characterization/static_head_motion,Arrival-Hold,Capture-Hold,Capture-Hold,render_hz,65.06950963558134,65.06950963558134,0.0,1
20260717_203329_controller_right,exp1_system_characterization,static_head_motion,trial_001,event_003,exp1_system_characterization/static_head_motion,Arrival-Hold,One-Euro Anchor,One-Euro Anchor,reference_coverage,1.0,1.0,0.0,1
20260717_203329_controller_right,exp1_system_characterization,static_head_motion,trial_001,event_003,exp1_system_characterization/static_head_motion,Arrival-Hold,One-Euro Anchor,One-Euro Anchor,display_coverage,1.0,1.0,0.0,1
20260717_203329_controller_right,exp1_system_characterization,static_head_motion,trial_001,event_003,exp1_system_characterization/static_head_motion,Arrival-Hold,One-Euro Anchor,One-Euro Anchor,output_coverage,1.0,1.0,0.0,1
20260717_203329_controller_right,exp1_system_characterization,static_head_motion,trial_001,event_003,exp1_system_characterization/static_head_motion,Arrival-Hold,One-Euro Anchor,One-Euro Anchor,translation_error_mm_median,8.514007930469441,3.66666504961224,-4.847342880857202,1
20260717_203329_controller_right,exp1_system_characterization,static_head_motion,trial_001,event_003,exp1_system_characterization/static_head_motion,Arrival-Hold,One-Euro Anchor,One-Euro Anchor,translation_error_mm_iqr,6.745209365640122,3.440384376215973,-3.304824989424149,1
20260717_203329_controller_right,exp1_system_characterization,static_head_motion,trial_001,event_003,exp1_system_characterization/static_head_motion,Arrival-Hold,One-Euro Anchor,One-Euro Anchor,translation_error_mm_p95,16.539650495993637,8.543970550772336,-7.995679945221301,1
20260717_203329_controller_right,exp1_system_characterization,static_head_motion,trial_001,event_003,exp1_system_characterization/static_head_motion,Arrival-Hold,One-Euro Anchor,One-Euro Anchor,rotation_error_deg_median,2.64954589270765,2.5999162339859168,-0.04962965872173308,1
20260717_203329_controller_right,exp1_system_characterization,static_head_motion,trial_001,event_003,exp1_system_characterization/static_head_motion,Arrival-Hold,One-Euro Anchor,One-Euro Anchor,rotation_error_deg_iqr,1.0136025658464427,0.6619283437299996,-0.35167422211644306,1
20260717_203329_controller_right,exp1_system_characterization,static_head_motion,trial_001,event_003,exp1_system_characterization/static_head_motion,Arrival-Hold,One-Euro Anchor,One-Euro Anchor,rotation_error_deg_p95,4.118632448821765,3.543936270433106,-0.5746961783886593,1
20260717_203329_controller_right,exp1_system_characterization,static_head_motion,trial_001,event_003,exp1_system_characterization/static_head_motion,Arrival-Hold,One-Euro Anchor,One-Euro Anchor,candidate_arrival_p50_ms,166.61260000546463,166.67379999853438,0.061199993069749326,1
20260717_203329_controller_right,exp1_system_characterization,static_head_motion,trial_001,event_003,exp1_system_characterization/static_head_motion,Arrival-Hold,One-Euro Anchor,One-Euro Anchor,candidate_arrival_p95_ms,207.96770000451943,208.02844000136247,0.06073999684303999,1
20260717_203329_controller_right,exp1_system_characterization,static_head_motion,trial_001,event_003,exp1_system_characterization/static_head_motion,Arrival-Hold,One-Euro Anchor,One-Euro Anchor,candidate_processing_p50_ms,74.38229999691248,74.38229999691248,0.0,1
20260717_203329_controller_right,exp1_system_characterization,static_head_motion,trial_001,event_003,exp1_system_characterization/static_head_motion,Arrival-Hold,One-Euro Anchor,One-Euro Anchor,candidate_processing_p95_ms,85.92879999950527,85.92879999950527,0.0,1
20260717_203329_controller_right,exp1_system_characterization,static_head_motion,trial_001,event_003,exp1_system_characterization/static_head_motion,Arrival-Hold,One-Euro Anchor,One-Euro Anchor,observation_age_p50_ms,48.65530000097351,216.4136999999755,167.758399999002,1
20260717_203329_controller_right,exp1_system_characterization,static_head_motion,trial_001,event_003,exp1_system_characterization/static_head_motion,Arrival-Hold,One-Euro Anchor,One-Euro Anchor,observation_age_p95_ms,97.68918999652668,277.2925149965886,179.6033250000619,1
20260717_203329_controller_right,exp1_system_characterization,static_head_motion,trial_001,event_003,exp1_system_characterization/static_head_motion,Arrival-Hold,One-Euro Anchor,One-Euro Anchor,smoothing_delay_p50_ms,48.65530000097351,216.4136999999755,167.758399999002,1
20260717_203329_controller_right,exp1_system_characterization,static_head_motion,trial_001,event_003,exp1_system_characterization/static_head_motion,Arrival-Hold,One-Euro Anchor,One-Euro Anchor,smoothing_delay_p95_ms,97.68918999652668,277.2925149965886,179.6033250000619,1
20260717_203329_controller_right,exp1_system_characterization,static_head_motion,trial_001,event_003,exp1_system_characterization/static_head_motion,Arrival-Hold,One-Euro Anchor,One-Euro Anchor,visual_perception_hz,9.720626756850736,9.720626756850736,0.0,1
20260717_203329_controller_right,exp1_system_characterization,static_head_motion,trial_001,event_003,exp1_system_characterization/static_head_motion,Arrival-Hold,One-Euro Anchor,One-Euro Anchor,render_hz,65.06950963558134,65.06950963558134,0.0,1
20260717_203329_controller_right,exp1_system_characterization,static_head_motion,trial_001,event_003,exp1_system_characterization/static_head_motion,Arrival-Hold,EgoAnchor,EgoAnchor,reference_coverage,1.0,1.0,0.0,1
20260717_203329_controller_right,exp1_system_characterization,static_head_motion,trial_001,event_003,exp1_system_characterization/static_head_motion,Arrival-Hold,EgoAnchor,EgoAnchor,display_coverage,1.0,1.0,0.0,1
20260717_203329_controller_right,exp1_system_characterization,static_head_motion,trial_001,event_003,exp1_system_characterization/static_head_motion,Arrival-Hold,EgoAnchor,EgoAnchor,output_coverage,1.0,1.0,0.0,1
20260717_203329_controller_right,exp1_system_characterization,static_head_motion,trial_001,event_003,exp1_system_characterization/static_head_motion,Arrival-Hold,EgoAnchor,EgoAnchor,translation_error_mm_median,8.514007930469441,2.8014793066304957,-5.712528623838946,1
20260717_203329_controller_right,exp1_system_characterization,static_head_motion,trial_001,event_003,exp1_system_characterization/static_head_motion,Arrival-Hold,EgoAnchor,EgoAnchor,translation_error_mm_iqr,6.745209365640122,0.5240952851733471,-6.221114080466775,1
20260717_203329_controller_right,exp1_system_characterization,static_head_motion,trial_001,event_003,exp1_system_characterization/static_head_motion,Arrival-Hold,EgoAnchor,EgoAnchor,translation_error_mm_p95,16.539650495993637,3.4967309517041376,-13.0429195442895,1
20260717_203329_controller_right,exp1_system_characterization,static_head_motion,trial_001,event_003,exp1_system_characterization/static_head_motion,Arrival-Hold,EgoAnchor,EgoAnchor,rotation_error_deg_median,2.64954589270765,2.5615768404966395,-0.08796905221101037,1
20260717_203329_controller_right,exp1_system_characterization,static_head_motion,trial_001,event_003,exp1_system_characterization/static_head_motion,Arrival-Hold,EgoAnchor,EgoAnchor,rotation_error_deg_iqr,1.0136025658464427,0.09224654543638833,-0.9213560204100544,1
20260717_203329_controller_right,exp1_system_characterization,static_head_motion,trial_001,event_003,exp1_system_characterization/static_head_motion,Arrival-Hold,EgoAnchor,EgoAnchor,rotation_error_deg_p95,4.118632448821765,2.7356922916684496,-1.3829401571533158,1
20260717_203329_controller_right,exp1_system_characterization,static_head_motion,trial_001,event_003,exp1_system_characterization/static_head_motion,Arrival-Hold,EgoAnchor,EgoAnchor,candidate_arrival_p50_ms,166.61260000546463,166.5221999937785,-0.09040001168614253,1
20260717_203329_controller_right,exp1_system_characterization,static_head_motion,trial_001,event_003,exp1_system_characterization/static_head_motion,Arrival-Hold,EgoAnchor,EgoAnchor,candidate_arrival_p95_ms,207.96770000451943,207.88351999945007,-0.08418000506935641,1
20260717_203329_controller_right,exp1_system_characterization,static_head_motion,trial_001,event_003,exp1_system_characterization/static_head_motion,Arrival-Hold,EgoAnchor,EgoAnchor,candidate_processing_p50_ms,74.38229999691248,74.38229999691248,0.0,1
20260717_203329_controller_right,exp1_system_characterization,static_head_motion,trial_001,event_003,exp1_system_characterization/static_head_motion,Arrival-Hold,EgoAnchor,EgoAnchor,candidate_processing_p95_ms,85.92879999950527,85.92879999950527,0.0,1
20260717_203329_controller_right,exp1_system_characterization,static_head_motion,trial_001,event_003,exp1_system_characterization/static_head_motion,Arrival-Hold,EgoAnchor,EgoAnchor,observation_age_p50_ms,48.65530000097351,216.40069999921252,167.745399998239,1
20260717_203329_controller_right,exp1_system_characterization,static_head_motion,trial_001,event_003,exp1_system_characterization/static_head_motion,Arrival-Hold,EgoAnchor,EgoAnchor,observation_age_p95_ms,97.68918999652668,277.2833599970909,179.5941700005642,1
20260717_203329_controller_right,exp1_system_characterization,static_head_motion,trial_001,event_003,exp1_system_characterization/static_head_motion,Arrival-Hold,EgoAnchor,EgoAnchor,smoothing_delay_p50_ms,48.65530000097351,,,0
20260717_203329_controller_right,exp1_system_characterization,static_head_motion,trial_001,event_003,exp1_system_characterization/static_head_motion,Arrival-Hold,EgoAnchor,EgoAnchor,smoothing_delay_p95_ms,97.68918999652668,,,0
20260717_203329_controller_right,exp1_system_characterization,static_head_motion,trial_001,event_003,exp1_system_characterization/static_head_motion,Arrival-Hold,EgoAnchor,EgoAnchor,visual_perception_hz,9.720626756850736,9.720626756850736,0.0,1
20260717_203329_controller_right,exp1_system_characterization,static_head_motion,trial_001,event_003,exp1_system_characterization/static_head_motion,Arrival-Hold,EgoAnchor,EgoAnchor,render_hz,65.06950963558134,65.06950963558134,0.0,1
20260717_203329_controller_right,exp1_system_characterization,static_head_motion,trial_001,event_004,exp1_system_characterization/static_head_motion,Arrival-Hold,Capture-Hold,Capture-Hold,reference_coverage,1.0,1.0,0.0,1
20260717_203329_controller_right,exp1_system_characterization,static_head_motion,trial_001,event_004,exp1_system_characterization/static_head_motion,Arrival-Hold,Capture-Hold,Capture-Hold,display_coverage,1.0,1.0,0.0,1
20260717_203329_controller_right,exp1_system_characterization,static_head_motion,trial_001,event_004,exp1_system_characterization/static_head_motion,Arrival-Hold,Capture-Hold,Capture-Hold,output_coverage,1.0,1.0,0.0,1
20260717_203329_controller_right,exp1_system_characterization,static_head_motion,trial_001,event_004,exp1_system_characterization/static_head_motion,Arrival-Hold,Capture-Hold,Capture-Hold,translation_error_mm_median,7.7221030523758785,4.237233013473959,-3.48487003890192,1
20260717_203329_controller_right,exp1_system_characterization,static_head_motion,trial_001,event_004,exp1_system_characterization/static_head_motion,Arrival-Hold,Capture-Hold,Capture-Hold,translation_error_mm_iqr,7.015567396918731,3.4613955273009056,-3.554171869617825,1
20260717_203329_controller_right,exp1_system_characterization,static_head_motion,trial_001,event_004,exp1_system_characterization/static_head_motion,Arrival-Hold,Capture-Hold,Capture-Hold,translation_error_mm_p95,16.70448425213164,8.325443131242098,-8.379041120889541,1
20260717_203329_controller_right,exp1_system_characterization,static_head_motion,trial_001,event_004,exp1_system_characterization/static_head_motion,Arrival-Hold,Capture-Hold,Capture-Hold,rotation_error_deg_median,2.5893334781519655,2.482803023219871,-0.10653045493209445,1
20260717_203329_controller_right,exp1_system_characterization,static_head_motion,trial_001,event_004,exp1_system_characterization/static_head_motion,Arrival-Hold,Capture-Hold,Capture-Hold,rotation_error_deg_iqr,1.1788281672651248,1.1695137378225569,-0.009314429442567995,1
20260717_203329_controller_right,exp1_system_characterization,static_head_motion,trial_001,event_004,exp1_system_characterization/static_head_motion,Arrival-Hold,Capture-Hold,Capture-Hold,rotation_error_deg_p95,4.132403367904898,3.8558937715969424,-0.27650959630795535,1
20260717_203329_controller_right,exp1_system_characterization,static_head_motion,trial_001,event_004,exp1_system_characterization/static_head_motion,Arrival-Hold,Capture-Hold,Capture-Hold,candidate_arrival_p50_ms,166.71280000446131,166.7474999994738,0.034699995012488216,1
20260717_203329_controller_right,exp1_system_characterization,static_head_motion,trial_001,event_004,exp1_system_characterization/static_head_motion,Arrival-Hold,Capture-Hold,Capture-Hold,candidate_arrival_p95_ms,199.87717499898275,199.91146500033204,0.03429000134929083,1
20260717_203329_controller_right,exp1_system_characterization,static_head_motion,trial_001,event_004,exp1_system_characterization/static_head_motion,Arrival-Hold,Capture-Hold,Capture-Hold,candidate_processing_p50_ms,74.84614999778569,74.84614999778569,0.0,1
20260717_203329_controller_right,exp1_system_characterization,static_head_motion,trial_001,event_004,exp1_system_characterization/static_head_motion,Arrival-Hold,Capture-Hold,Capture-Hold,candidate_processing_p95_ms,85.02461499962955,85.02461499962955,0.0,1
20260717_203329_controller_right,exp1_system_characterization,static_head_motion,trial_001,event_004,exp1_system_characterization/static_head_motion,Arrival-Hold,Capture-Hold,Capture-Hold,observation_age_p50_ms,48.63479999767151,216.43870000116294,167.80390000349144,1
20260717_203329_controller_right,exp1_system_characterization,static_head_motion,trial_001,event_004,exp1_system_characterization/static_head_motion,Arrival-Hold,Capture-Hold,Capture-Hold,observation_age_p95_ms,98.45968000154244,277.69528000062564,179.2355999990832,1
20260717_203329_controller_right,exp1_system_characterization,static_head_motion,trial_001,event_004,exp1_system_characterization/static_head_motion,Arrival-Hold,Capture-Hold,Capture-Hold,smoothing_delay_p50_ms,48.63479999767151,216.43870000116294,167.80390000349144,1
20260717_203329_controller_right,exp1_system_characterization,static_head_motion,trial_001,event_004,exp1_system_characterization/static_head_motion,Arrival-Hold,Capture-Hold,Capture-Hold,smoothing_delay_p95_ms,98.45968000154244,277.69528000062564,179.2355999990832,1
20260717_203329_controller_right,exp1_system_characterization,static_head_motion,trial_001,event_004,exp1_system_characterization/static_head_motion,Arrival-Hold,Capture-Hold,Capture-Hold,visual_perception_hz,9.607169317747232,9.607169317747232,0.0,1
20260717_203329_controller_right,exp1_system_characterization,static_head_motion,trial_001,event_004,exp1_system_characterization/static_head_motion,Arrival-Hold,Capture-Hold,Capture-Hold,render_hz,64.24865721545093,64.24865721545093,0.0,1
20260717_203329_controller_right,exp1_system_characterization,static_head_motion,trial_001,event_004,exp1_system_characterization/static_head_motion,Arrival-Hold,One-Euro Anchor,One-Euro Anchor,reference_coverage,1.0,1.0,0.0,1
20260717_203329_controller_right,exp1_system_characterization,static_head_motion,trial_001,event_004,exp1_system_characterization/static_head_motion,Arrival-Hold,One-Euro Anchor,One-Euro Anchor,display_coverage,1.0,1.0,0.0,1
20260717_203329_controller_right,exp1_system_characterization,static_head_motion,trial_001,event_004,exp1_system_characterization/static_head_motion,Arrival-Hold,One-Euro Anchor,One-Euro Anchor,output_coverage,1.0,1.0,0.0,1
20260717_203329_controller_right,exp1_system_characterization,static_head_motion,trial_001,event_004,exp1_system_characterization/static_head_motion,Arrival-Hold,One-Euro Anchor,One-Euro Anchor,translation_error_mm_median,7.7221030523758785,4.2032717009897365,-3.518831351386142,1
20260717_203329_controller_right,exp1_system_characterization,static_head_motion,trial_001,event_004,exp1_system_characterization/static_head_motion,Arrival-Hold,One-Euro Anchor,One-Euro Anchor,translation_error_mm_iqr,7.015567396918731,2.715321509284476,-4.300245887634254,1
20260717_203329_controller_right,exp1_system_characterization,static_head_motion,trial_001,event_004,exp1_system_characterization/static_head_motion,Arrival-Hold,One-Euro Anchor,One-Euro Anchor,translation_error_mm_p95,16.70448425213164,8.001542881662074,-8.702941370469565,1
20260717_203329_controller_right,exp1_system_characterization,static_head_motion,trial_001,event_004,exp1_system_characterization/static_head_motion,Arrival-Hold,One-Euro Anchor,One-Euro Anchor,rotation_error_deg_median,2.5893334781519655,2.435161620962001,-0.15417185718996462,1
20260717_203329_controller_right,exp1_system_characterization,static_head_motion,trial_001,event_004,exp1_system_characterization/static_head_motion,Arrival-Hold,One-Euro Anchor,One-Euro Anchor,rotation_error_deg_iqr,1.1788281672651248,0.8639380403492796,-0.3148901269158453,1
20260717_203329_controller_right,exp1_system_characterization,static_head_motion,trial_001,event_004,exp1_system_characterization/static_head_motion,Arrival-Hold,One-Euro Anchor,One-Euro Anchor,rotation_error_deg_p95,4.132403367904898,3.6378991899137416,-0.4945041779911561,1
20260717_203329_controller_right,exp1_system_characterization,static_head_motion,trial_001,event_004,exp1_system_characterization/static_head_motion,Arrival-Hold,One-Euro Anchor,One-Euro Anchor,candidate_arrival_p50_ms,166.71280000446131,166.77550000167685,0.06269999721553177,1
20260717_203329_controller_right,exp1_system_characterization,static_head_motion,trial_001,event_004,exp1_system_characterization/static_head_motion,Arrival-Hold,One-Euro Anchor,One-Euro Anchor,candidate_arrival_p95_ms,199.87717499898275,199.95160999606009,0.07443499707733281,1
20260717_203329_controller_right,exp1_system_characterization,static_head_motion,trial_001,event_004,exp1_system_characterization/static_head_motion,Arrival-Hold,One-Euro Anchor,One-Euro Anchor,candidate_processing_p50_ms,74.84614999778569,74.84614999778569,0.0,1
20260717_203329_controller_right,exp1_system_characterization,static_head_motion,trial_001,event_004,exp1_system_characterization/static_head_motion,Arrival-Hold,One-Euro Anchor,One-Euro Anchor,candidate_processing_p95_ms,85.02461499962955,85.02461499962955,0.0,1
20260717_203329_controller_right,exp1_system_characterization,static_head_motion,trial_001,event_004,exp1_system_characterization/static_head_motion,Arrival-Hold,One-Euro Anchor,One-Euro Anchor,observation_age_p50_ms,48.63479999767151,216.43949999997858,167.80470000230707,1
20260717_203329_controller_right,exp1_system_characterization,static_head_motion,trial_001,event_004,exp1_system_characterization/static_head_motion,Arrival-Hold,One-Euro Anchor,One-Euro Anchor,observation_age_p95_ms,98.45968000154244,277.6958799979184,179.23619999637594,1
20260717_203329_controller_right,exp1_system_characterization,static_head_motion,trial_001,event_004,exp1_system_characterization/static_head_motion,Arrival-Hold,One-Euro Anchor,One-Euro Anchor,smoothing_delay_p50_ms,48.63479999767151,216.43949999997858,167.80470000230707,1
20260717_203329_controller_right,exp1_system_characterization,static_head_motion,trial_001,event_004,exp1_system_characterization/static_head_motion,Arrival-Hold,One-Euro Anchor,One-Euro Anchor,smoothing_delay_p95_ms,98.45968000154244,277.6958799979184,179.23619999637594,1
20260717_203329_controller_right,exp1_system_characterization,static_head_motion,trial_001,event_004,exp1_system_characterization/static_head_motion,Arrival-Hold,One-Euro Anchor,One-Euro Anchor,visual_perception_hz,9.607169317747232,9.607169317747232,0.0,1
20260717_203329_controller_right,exp1_system_characterization,static_head_motion,trial_001,event_004,exp1_system_characterization/static_head_motion,Arrival-Hold,One-Euro Anchor,One-Euro Anchor,render_hz,64.24865721545093,64.24865721545093,0.0,1
20260717_203329_controller_right,exp1_system_characterization,static_head_motion,trial_001,event_004,exp1_system_characterization/static_head_motion,Arrival-Hold,EgoAnchor,EgoAnchor,reference_coverage,1.0,1.0,0.0,1
20260717_203329_controller_right,exp1_system_characterization,static_head_motion,trial_001,event_004,exp1_system_characterization/static_head_motion,Arrival-Hold,EgoAnchor,EgoAnchor,display_coverage,1.0,1.0,0.0,1
20260717_203329_controller_right,exp1_system_characterization,static_head_motion,trial_001,event_004,exp1_system_characterization/static_head_motion,Arrival-Hold,EgoAnchor,EgoAnchor,output_coverage,1.0,1.0,0.0,1
20260717_203329_controller_right,exp1_system_characterization,static_head_motion,trial_001,event_004,exp1_system_characterization/static_head_motion,Arrival-Hold,EgoAnchor,EgoAnchor,translation_error_mm_median,7.7221030523758785,3.2203591874877917,-4.501743864888087,1
20260717_203329_controller_right,exp1_system_characterization,static_head_motion,trial_001,event_004,exp1_system_characterization/static_head_motion,Arrival-Hold,EgoAnchor,EgoAnchor,translation_error_mm_iqr,7.015567396918731,0.3323749368668598,-6.68319246005187,1
20260717_203329_controller_right,exp1_system_characterization,static_head_motion,trial_001,event_004,exp1_system_characterization/static_head_motion,Arrival-Hold,EgoAnchor,EgoAnchor,translation_error_mm_p95,16.70448425213164,3.8615412850934283,-12.84294296703821,1
20260717_203329_controller_right,exp1_system_characterization,static_head_motion,trial_001,event_004,exp1_system_characterization/static_head_motion,Arrival-Hold,EgoAnchor,EgoAnchor,rotation_error_deg_median,2.5893334781519655,2.331507104859148,-0.25782637329281766,1
20260717_203329_controller_right,exp1_system_characterization,static_head_motion,trial_001,event_004,exp1_system_characterization/static_head_motion,Arrival-Hold,EgoAnchor,EgoAnchor,rotation_error_deg_iqr,1.1788281672651248,0.28215477356593377,-0.8966733936991911,1
20260717_203329_controller_right,exp1_system_characterization,static_head_motion,trial_001,event_004,exp1_system_characterization/static_head_motion,Arrival-Hold,EgoAnchor,EgoAnchor,rotation_error_deg_p95,4.132403367904898,2.5451917170143643,-1.5872116508905334,1
20260717_203329_controller_right,exp1_system_characterization,static_head_motion,trial_001,event_004,exp1_system_characterization/static_head_motion,Arrival-Hold,EgoAnchor,EgoAnchor,candidate_arrival_p50_ms,166.71280000446131,166.62970000106725,-0.08310000339406542,1
20260717_203329_controller_right,exp1_system_characterization,static_head_motion,trial_001,event_004,exp1_system_characterization/static_head_motion,Arrival-Hold,EgoAnchor,EgoAnchor,candidate_arrival_p95_ms,199.87717499898275,199.7861200012266,-0.0910549977561459,1
20260717_203329_controller_right,exp1_system_characterization,static_head_motion,trial_001,event_004,exp1_system_characterization/static_head_motion,Arrival-Hold,EgoAnchor,EgoAnchor,candidate_processing_p50_ms,74.84614999778569,74.84614999778569,0.0,1
20260717_203329_controller_right,exp1_system_characterization,static_head_motion,trial_001,event_004,exp1_system_characterization/static_head_motion,Arrival-Hold,EgoAnchor,EgoAnchor,candidate_processing_p95_ms,85.02461499962955,85.02461499962955,0.0,1
20260717_203329_controller_right,exp1_system_characterization,static_head_motion,trial_001,event_004,exp1_system_characterization/static_head_motion,Arrival-Hold,EgoAnchor,EgoAnchor,observation_age_p50_ms,48.63479999767151,216.42879999853903,167.79400000086753,1
20260717_203329_controller_right,exp1_system_characterization,static_head_motion,trial_001,event_004,exp1_system_characterization/static_head_motion,Arrival-Hold,EgoAnchor,EgoAnchor,observation_age_p95_ms,98.45968000154244,277.6869600013015,179.22727999975905,1
20260717_203329_controller_right,exp1_system_characterization,static_head_motion,trial_001,event_004,exp1_system_characterization/static_head_motion,Arrival-Hold,EgoAnchor,EgoAnchor,smoothing_delay_p50_ms,48.63479999767151,,,0
20260717_203329_controller_right,exp1_system_characterization,static_head_motion,trial_001,event_004,exp1_system_characterization/static_head_motion,Arrival-Hold,EgoAnchor,EgoAnchor,smoothing_delay_p95_ms,98.45968000154244,,,0
20260717_203329_controller_right,exp1_system_characterization,static_head_motion,trial_001,event_004,exp1_system_characterization/static_head_motion,Arrival-Hold,EgoAnchor,EgoAnchor,visual_perception_hz,9.607169317747232,9.607169317747232,0.0,1
20260717_203329_controller_right,exp1_system_characterization,static_head_motion,trial_001,event_004,exp1_system_characterization/static_head_motion,Arrival-Hold,EgoAnchor,EgoAnchor,render_hz,64.24865721545093,64.24865721545093,0.0,1
20260717_203749_controller_right,exp1_system_characterization,start_stop_6dof,trial_001,,exp1_system_characterization/start_stop_6dof,Arrival-Hold,Capture-Hold,Capture-Hold,reference_coverage,1.0,1.0,0.0,1
20260717_203749_controller_right,exp1_system_characterization,start_stop_6dof,trial_001,,exp1_system_characterization/start_stop_6dof,Arrival-Hold,Capture-Hold,Capture-Hold,display_coverage,1.0,1.0,0.0,1
20260717_203749_controller_right,exp1_system_characterization,start_stop_6dof,trial_001,,exp1_system_characterization/start_stop_6dof,Arrival-Hold,Capture-Hold,Capture-Hold,output_coverage,1.0,1.0,0.0,1
20260717_203749_controller_right,exp1_system_characterization,start_stop_6dof,trial_001,,exp1_system_characterization/start_stop_6dof,Arrival-Hold,Capture-Hold,Capture-Hold,translation_error_mm_median,4.168903077939556,4.105379780840208,-0.06352329709934867,1
20260717_203749_controller_right,exp1_system_characterization,start_stop_6dof,trial_001,,exp1_system_characterization/start_stop_6dof,Arrival-Hold,Capture-Hold,Capture-Hold,translation_error_mm_iqr,1.0301371964745059,1.0108702033880803,-0.019266993086425543,1
20260717_203749_controller_right,exp1_system_characterization,start_stop_6dof,trial_001,,exp1_system_characterization/start_stop_6dof,Arrival-Hold,Capture-Hold,Capture-Hold,translation_error_mm_p95,5.253636169638634,5.005530662829622,-0.24810550680901233,1
20260717_203749_controller_right,exp1_system_characterization,start_stop_6dof,trial_001,,exp1_system_characterization/start_stop_6dof,Arrival-Hold,Capture-Hold,Capture-Hold,rotation_error_deg_median,2.427065998751362,2.4541791168451366,0.027113118093774702,1
20260717_203749_controller_right,exp1_system_characterization,start_stop_6dof,trial_001,,exp1_system_characterization/start_stop_6dof,Arrival-Hold,Capture-Hold,Capture-Hold,rotation_error_deg_iqr,0.7142702070536497,0.7132356532956639,-0.0010345537579858899,1
20260717_203749_controller_right,exp1_system_characterization,start_stop_6dof,trial_001,,exp1_system_characterization/start_stop_6dof,Arrival-Hold,Capture-Hold,Capture-Hold,rotation_error_deg_p95,4.099834308345123,4.1132255428039,0.013391234458777213,1
20260717_203749_controller_right,exp1_system_characterization,start_stop_6dof,trial_001,,exp1_system_characterization/start_stop_6dof,Arrival-Hold,Capture-Hold,Capture-Hold,candidate_arrival_p50_ms,167.0254999989993,167.05729999375762,0.031799994758330286,1
20260717_203749_controller_right,exp1_system_characterization,start_stop_6dof,trial_001,,exp1_system_characterization/start_stop_6dof,Arrival-Hold,Capture-Hold,Capture-Hold,candidate_arrival_p95_ms,207.71862000474357,207.75722000253154,0.03859999778796919,1
20260717_203749_controller_right,exp1_system_characterization,start_stop_6dof,trial_001,,exp1_system_characterization/start_stop_6dof,Arrival-Hold,Capture-Hold,Capture-Hold,candidate_processing_p50_ms,74.26440000161529,74.26440000161529,0.0,1
20260717_203749_controller_right,exp1_system_characterization,start_stop_6dof,trial_001,,exp1_system_characterization/start_stop_6dof,Arrival-Hold,Capture-Hold,Capture-Hold,candidate_processing_p95_ms,82.47107999958098,82.47107999958098,0.0,1
20260717_203749_controller_right,exp1_system_characterization,start_stop_6dof,trial_001,,exp1_system_characterization/start_stop_6dof,Arrival-Hold,Capture-Hold,Capture-Hold,observation_age_p50_ms,42.692800001532305,216.93609999783803,174.24329999630572,1
20260717_203749_controller_right,exp1_system_characterization,start_stop_6dof,trial_001,,exp1_system_characterization/start_stop_6dof,Arrival-Hold,Capture-Hold,Capture-Hold,observation_age_p95_ms,97.3174800004926,276.19825999863673,178.88077999814413,1
20260717_203749_controller_right,exp1_system_characterization,start_stop_6dof,trial_001,,exp1_system_characterization/start_stop_6dof,Arrival-Hold,Capture-Hold,Capture-Hold,smoothing_delay_p50_ms,42.692800001532305,216.93609999783803,174.24329999630572,1
20260717_203749_controller_right,exp1_system_characterization,start_stop_6dof,trial_001,,exp1_system_characterization/start_stop_6dof,Arrival-Hold,Capture-Hold,Capture-Hold,smoothing_delay_p95_ms,97.3174800004926,276.19825999863673,178.88077999814413,1
20260717_203749_controller_right,exp1_system_characterization,start_stop_6dof,trial_001,,exp1_system_characterization/start_stop_6dof,Arrival-Hold,Capture-Hold,Capture-Hold,visual_perception_hz,9.900903013009883,9.900903013009883,0.0,1
20260717_203749_controller_right,exp1_system_characterization,start_stop_6dof,trial_001,,exp1_system_characterization/start_stop_6dof,Arrival-Hold,Capture-Hold,Capture-Hold,render_hz,64.6132979372178,64.6132979372178,0.0,1
20260717_203749_controller_right,exp1_system_characterization,start_stop_6dof,trial_001,,exp1_system_characterization/start_stop_6dof,Arrival-Hold,One-Euro Anchor,One-Euro Anchor,reference_coverage,1.0,1.0,0.0,1
20260717_203749_controller_right,exp1_system_characterization,start_stop_6dof,trial_001,,exp1_system_characterization/start_stop_6dof,Arrival-Hold,One-Euro Anchor,One-Euro Anchor,display_coverage,1.0,1.0,0.0,1
20260717_203749_controller_right,exp1_system_characterization,start_stop_6dof,trial_001,,exp1_system_characterization/start_stop_6dof,Arrival-Hold,One-Euro Anchor,One-Euro Anchor,output_coverage,1.0,1.0,0.0,1
20260717_203749_controller_right,exp1_system_characterization,start_stop_6dof,trial_001,,exp1_system_characterization/start_stop_6dof,Arrival-Hold,One-Euro Anchor,One-Euro Anchor,translation_error_mm_median,4.168903077939556,3.9700370178387225,-0.19886606010083385,1
20260717_203749_controller_right,exp1_system_characterization,start_stop_6dof,trial_001,,exp1_system_characterization/start_stop_6dof,Arrival-Hold,One-Euro Anchor,One-Euro Anchor,translation_error_mm_iqr,1.0301371964745059,0.7330685514143607,-0.2970686450601452,1
20260717_203749_controller_right,exp1_system_characterization,start_stop_6dof,trial_001,,exp1_system_characterization/start_stop_6dof,Arrival-Hold,One-Euro Anchor,One-Euro Anchor,translation_error_mm_p95,5.253636169638634,4.70221739407557,-0.5514187755630644,1
20260717_203749_controller_right,exp1_system_characterization,start_stop_6dof,trial_001,,exp1_system_characterization/start_stop_6dof,Arrival-Hold,One-Euro Anchor,One-Euro Anchor,rotation_error_deg_median,2.427065998751362,2.4333126581428197,0.006246659391457854,1
20260717_203749_controller_right,exp1_system_characterization,start_stop_6dof,trial_001,,exp1_system_characterization/start_stop_6dof,Arrival-Hold,One-Euro Anchor,One-Euro Anchor,rotation_error_deg_iqr,0.7142702070536497,0.46270375236199923,-0.2515664546916505,1
20260717_203749_controller_right,exp1_system_characterization,start_stop_6dof,trial_001,,exp1_system_characterization/start_stop_6dof,Arrival-Hold,One-Euro Anchor,One-Euro Anchor,rotation_error_deg_p95,4.099834308345123,3.9361092249636833,-0.16372508338143987,1
20260717_203749_controller_right,exp1_system_characterization,start_stop_6dof,trial_001,,exp1_system_characterization/start_stop_6dof,Arrival-Hold,One-Euro Anchor,One-Euro Anchor,candidate_arrival_p50_ms,167.0254999989993,167.08319999452215,0.05769999552285299,1
20260717_203749_controller_right,exp1_system_characterization,start_stop_6dof,trial_001,,exp1_system_characterization/start_stop_6dof,Arrival-Hold,One-Euro Anchor,One-Euro Anchor,candidate_arrival_p95_ms,207.71862000474357,207.7877800045826,0.0691599998390302,1
20260717_203749_controller_right,exp1_system_characterization,start_stop_6dof,trial_001,,exp1_system_characterization/start_stop_6dof,Arrival-Hold,One-Euro Anchor,One-Euro Anchor,candidate_processing_p50_ms,74.26440000161529,74.26440000161529,0.0,1
20260717_203749_controller_right,exp1_system_characterization,start_stop_6dof,trial_001,,exp1_system_characterization/start_stop_6dof,Arrival-Hold,One-Euro Anchor,One-Euro Anchor,candidate_processing_p95_ms,82.47107999958098,82.47107999958098,0.0,1
20260717_203749_controller_right,exp1_system_characterization,start_stop_6dof,trial_001,,exp1_system_characterization/start_stop_6dof,Arrival-Hold,One-Euro Anchor,One-Euro Anchor,observation_age_p50_ms,42.692800001532305,216.937199998938,174.2443999974057,1
20260717_203749_controller_right,exp1_system_characterization,start_stop_6dof,trial_001,,exp1_system_characterization/start_stop_6dof,Arrival-Hold,One-Euro Anchor,One-Euro Anchor,observation_age_p95_ms,97.3174800004926,276.1989799968432,178.8814999963506,1
20260717_203749_controller_right,exp1_system_characterization,start_stop_6dof,trial_001,,exp1_system_characterization/start_stop_6dof,Arrival-Hold,One-Euro Anchor,One-Euro Anchor,smoothing_delay_p50_ms,42.692800001532305,216.937199998938,174.2443999974057,1
20260717_203749_controller_right,exp1_system_characterization,start_stop_6dof,trial_001,,exp1_system_characterization/start_stop_6dof,Arrival-Hold,One-Euro Anchor,One-Euro Anchor,smoothing_delay_p95_ms,97.3174800004926,276.1989799968432,178.8814999963506,1
20260717_203749_controller_right,exp1_system_characterization,start_stop_6dof,trial_001,,exp1_system_characterization/start_stop_6dof,Arrival-Hold,One-Euro Anchor,One-Euro Anchor,visual_perception_hz,9.900903013009883,9.900903013009883,0.0,1
20260717_203749_controller_right,exp1_system_characterization,start_stop_6dof,trial_001,,exp1_system_characterization/start_stop_6dof,Arrival-Hold,One-Euro Anchor,One-Euro Anchor,render_hz,64.6132979372178,64.6132979372178,0.0,1
20260717_203749_controller_right,exp1_system_characterization,start_stop_6dof,trial_001,,exp1_system_characterization/start_stop_6dof,Arrival-Hold,EgoAnchor,EgoAnchor,reference_coverage,1.0,1.0,0.0,1
20260717_203749_controller_right,exp1_system_characterization,start_stop_6dof,trial_001,,exp1_system_characterization/start_stop_6dof,Arrival-Hold,EgoAnchor,EgoAnchor,display_coverage,1.0,1.0,0.0,1
20260717_203749_controller_right,exp1_system_characterization,start_stop_6dof,trial_001,,exp1_system_characterization/start_stop_6dof,Arrival-Hold,EgoAnchor,EgoAnchor,output_coverage,1.0,1.0,0.0,1
20260717_203749_controller_right,exp1_system_characterization,start_stop_6dof,trial_001,,exp1_system_characterization/start_stop_6dof,Arrival-Hold,EgoAnchor,EgoAnchor,translation_error_mm_median,4.168903077939556,1.9585434900540368,-2.2103595878855193,1
20260717_203749_controller_right,exp1_system_characterization,start_stop_6dof,trial_001,,exp1_system_characterization/start_stop_6dof,Arrival-Hold,EgoAnchor,EgoAnchor,translation_error_mm_iqr,1.0301371964745059,1.6894292749765312,0.6592920785020253,1
20260717_203749_controller_right,exp1_system_characterization,start_stop_6dof,trial_001,,exp1_system_characterization/start_stop_6dof,Arrival-Hold,EgoAnchor,EgoAnchor,translation_error_mm_p95,5.253636169638634,3.6186594795464138,-1.6349766900922202,1
20260717_203749_controller_right,exp1_system_characterization,start_stop_6dof,trial_001,,exp1_system_characterization/start_stop_6dof,Arrival-Hold,EgoAnchor,EgoAnchor,rotation_error_deg_median,2.427065998751362,3.2753232293533565,0.8482572306019946,1
20260717_203749_controller_right,exp1_system_characterization,start_stop_6dof,trial_001,,exp1_system_characterization/start_stop_6dof,Arrival-Hold,EgoAnchor,EgoAnchor,rotation_error_deg_iqr,0.7142702070536497,1.3163848793611042,0.6021146723074544,1
20260717_203749_controller_right,exp1_system_characterization,start_stop_6dof,trial_001,,exp1_system_characterization/start_stop_6dof,Arrival-Hold,EgoAnchor,EgoAnchor,rotation_error_deg_p95,4.099834308345123,4.2816576910179,0.18182338267277665,1
20260717_203749_controller_right,exp1_system_characterization,start_stop_6dof,trial_001,,exp1_system_characterization/start_stop_6dof,Arrival-Hold,EgoAnchor,EgoAnchor,candidate_arrival_p50_ms,167.0254999989993,166.91789999458706,-0.10760000441223383,1
20260717_203749_controller_right,exp1_system_characterization,start_stop_6dof,trial_001,,exp1_system_characterization/start_stop_6dof,Arrival-Hold,EgoAnchor,EgoAnchor,candidate_arrival_p95_ms,207.71862000474357,207.63582000217866,-0.08280000256490894,1
20260717_203749_controller_right,exp1_system_characterization,start_stop_6dof,trial_001,,exp1_system_characterization/start_stop_6dof,Arrival-Hold,EgoAnchor,EgoAnchor,candidate_processing_p50_ms,74.26440000161529,74.26440000161529,0.0,1
20260717_203749_controller_right,exp1_system_characterization,start_stop_6dof,trial_001,,exp1_system_characterization/start_stop_6dof,Arrival-Hold,EgoAnchor,EgoAnchor,candidate_processing_p95_ms,82.47107999958098,82.47107999958098,0.0,1
20260717_203749_controller_right,exp1_system_characterization,start_stop_6dof,trial_001,,exp1_system_characterization/start_stop_6dof,Arrival-Hold,EgoAnchor,EgoAnchor,observation_age_p50_ms,42.692800001532305,216.92450000409735,174.23170000256505,1
20260717_203749_controller_right,exp1_system_characterization,start_stop_6dof,trial_001,,exp1_system_characterization/start_stop_6dof,Arrival-Hold,EgoAnchor,EgoAnchor,observation_age_p95_ms,97.3174800004926,276.18975999939715,178.87227999890456,1
20260717_203749_controller_right,exp1_system_characterization,start_stop_6dof,trial_001,,exp1_system_characterization/start_stop_6dof,Arrival-Hold,EgoAnchor,EgoAnchor,smoothing_delay_p50_ms,42.692800001532305,,,0
20260717_203749_controller_right,exp1_system_characterization,start_stop_6dof,trial_001,,exp1_system_characterization/start_stop_6dof,Arrival-Hold,EgoAnchor,EgoAnchor,smoothing_delay_p95_ms,97.3174800004926,,,0
20260717_203749_controller_right,exp1_system_characterization,start_stop_6dof,trial_001,,exp1_system_characterization/start_stop_6dof,Arrival-Hold,EgoAnchor,EgoAnchor,visual_perception_hz,9.900903013009883,9.900903013009883,0.0,1
20260717_203749_controller_right,exp1_system_characterization,start_stop_6dof,trial_001,,exp1_system_characterization/start_stop_6dof,Arrival-Hold,EgoAnchor,EgoAnchor,render_hz,64.6132979372178,64.6132979372178,0.0,1
20260717_203749_controller_right,exp1_system_characterization,start_stop_6dof,trial_001,event_001,exp1_system_characterization/start_stop_6dof,Arrival-Hold,Capture-Hold,Capture-Hold,reference_coverage,1.0,1.0,0.0,1
20260717_203749_controller_right,exp1_system_characterization,start_stop_6dof,trial_001,event_001,exp1_system_characterization/start_stop_6dof,Arrival-Hold,Capture-Hold,Capture-Hold,display_coverage,1.0,1.0,0.0,1
20260717_203749_controller_right,exp1_system_characterization,start_stop_6dof,trial_001,event_001,exp1_system_characterization/start_stop_6dof,Arrival-Hold,Capture-Hold,Capture-Hold,output_coverage,1.0,1.0,0.0,1
20260717_203749_controller_right,exp1_system_characterization,start_stop_6dof,trial_001,event_001,exp1_system_characterization/start_stop_6dof,Arrival-Hold,Capture-Hold,Capture-Hold,translation_error_mm_median,7.851598641318041,7.777512868666692,-0.0740857726513493,1
20260717_203749_controller_right,exp1_system_characterization,start_stop_6dof,trial_001,event_001,exp1_system_characterization/start_stop_6dof,Arrival-Hold,Capture-Hold,Capture-Hold,translation_error_mm_iqr,8.515719519136656,10.71828514282121,2.2025656236845546,1
20260717_203749_controller_right,exp1_system_characterization,start_stop_6dof,trial_001,event_001,exp1_system_characterization/start_stop_6dof,Arrival-Hold,Capture-Hold,Capture-Hold,translation_error_mm_p95,41.2374924963758,48.71032588289601,7.4728333865202075,1
20260717_203749_controller_right,exp1_system_characterization,start_stop_6dof,trial_001,event_001,exp1_system_characterization/start_stop_6dof,Arrival-Hold,Capture-Hold,Capture-Hold,rotation_error_deg_median,2.832601816610294,2.953902534033176,0.12130071742288218,1
20260717_203749_controller_right,exp1_system_characterization,start_stop_6dof,trial_001,event_001,exp1_system_characterization/start_stop_6dof,Arrival-Hold,Capture-Hold,Capture-Hold,rotation_error_deg_iqr,1.1059580675276814,1.1819286658551142,0.0759705983274328,1
20260717_203749_controller_right,exp1_system_characterization,start_stop_6dof,trial_001,event_001,exp1_system_characterization/start_stop_6dof,Arrival-Hold,Capture-Hold,Capture-Hold,rotation_error_deg_p95,4.652342300031057,5.135878870197312,0.4835365701662555,1
20260717_203749_controller_right,exp1_system_characterization,start_stop_6dof,trial_001,event_001,exp1_system_characterization/start_stop_6dof,Arrival-Hold,Capture-Hold,Capture-Hold,candidate_arrival_p50_ms,166.9019000037224,166.9365000052494,0.03460000152699649,1
20260717_203749_controller_right,exp1_system_characterization,start_stop_6dof,trial_001,event_001,exp1_system_characterization/start_stop_6dof,Arrival-Hold,Capture-Hold,Capture-Hold,candidate_arrival_p95_ms,209.27744000364328,209.31216000317363,0.03471999953035265,1
20260717_203749_controller_right,exp1_system_characterization,start_stop_6dof,trial_001,event_001,exp1_system_characterization/start_stop_6dof,Arrival-Hold,Capture-Hold,Capture-Hold,candidate_processing_p50_ms,73.75470000132918,73.75470000132918,0.0,1
20260717_203749_controller_right,exp1_system_characterization,start_stop_6dof,trial_001,event_001,exp1_system_characterization/start_stop_6dof,Arrival-Hold,Capture-Hold,Capture-Hold,candidate_processing_p95_ms,85.33308000043034,85.33308000043034,0.0,1
20260717_203749_controller_right,exp1_system_characterization,start_stop_6dof,trial_001,event_001,exp1_system_characterization/start_stop_6dof,Arrival-Hold,Capture-Hold,Capture-Hold,observation_age_p50_ms,48.9573000013479,222.5334999966435,173.5761999952956,1
20260717_203749_controller_right,exp1_system_characterization,start_stop_6dof,trial_001,event_001,exp1_system_characterization/start_stop_6dof,Arrival-Hold,Capture-Hold,Capture-Hold,observation_age_p95_ms,98.76843999954872,296.9160799984817,198.14763999893296,1
20260717_203749_controller_right,exp1_system_characterization,start_stop_6dof,trial_001,event_001,exp1_system_characterization/start_stop_6dof,Arrival-Hold,Capture-Hold,Capture-Hold,smoothing_delay_p50_ms,48.9573000013479,222.5334999966435,173.5761999952956,1
20260717_203749_controller_right,exp1_system_characterization,start_stop_6dof,trial_001,event_001,exp1_system_characterization/start_stop_6dof,Arrival-Hold,Capture-Hold,Capture-Hold,smoothing_delay_p95_ms,98.76843999954872,296.9160799984817,198.14763999893296,1
20260717_203749_controller_right,exp1_system_characterization,start_stop_6dof,trial_001,event_001,exp1_system_characterization/start_stop_6dof,Arrival-Hold,Capture-Hold,Capture-Hold,visual_perception_hz,9.543186857094241,9.543186857094241,0.0,1
20260717_203749_controller_right,exp1_system_characterization,start_stop_6dof,trial_001,event_001,exp1_system_characterization/start_stop_6dof,Arrival-Hold,Capture-Hold,Capture-Hold,render_hz,66.62352417777322,66.62352417777322,0.0,1
20260717_203749_controller_right,exp1_system_characterization,start_stop_6dof,trial_001,event_001,exp1_system_characterization/start_stop_6dof,Arrival-Hold,One-Euro Anchor,One-Euro Anchor,reference_coverage,1.0,1.0,0.0,1
20260717_203749_controller_right,exp1_system_characterization,start_stop_6dof,trial_001,event_001,exp1_system_characterization/start_stop_6dof,Arrival-Hold,One-Euro Anchor,One-Euro Anchor,display_coverage,1.0,1.0,0.0,1
20260717_203749_controller_right,exp1_system_characterization,start_stop_6dof,trial_001,event_001,exp1_system_characterization/start_stop_6dof,Arrival-Hold,One-Euro Anchor,One-Euro Anchor,output_coverage,1.0,1.0,0.0,1
20260717_203749_controller_right,exp1_system_characterization,start_stop_6dof,trial_001,event_001,exp1_system_characterization/start_stop_6dof,Arrival-Hold,One-Euro Anchor,One-Euro Anchor,translation_error_mm_median,7.851598641318041,7.788989391233295,-0.06260925008474683,1
20260717_203749_controller_right,exp1_system_characterization,start_stop_6dof,trial_001,event_001,exp1_system_characterization/start_stop_6dof,Arrival-Hold,One-Euro Anchor,One-Euro Anchor,translation_error_mm_iqr,8.515719519136656,18.315138498471498,9.799418979334842,1
20260717_203749_controller_right,exp1_system_characterization,start_stop_6dof,trial_001,event_001,exp1_system_characterization/start_stop_6dof,Arrival-Hold,One-Euro Anchor,One-Euro Anchor,translation_error_mm_p95,41.2374924963758,70.9685550763805,29.731062580004696,1
20260717_203749_controller_right,exp1_system_characterization,start_stop_6dof,trial_001,event_001,exp1_system_characterization/start_stop_6dof,Arrival-Hold,One-Euro Anchor,One-Euro Anchor,rotation_error_deg_median,2.832601816610294,2.9867177029039564,0.15411588629366246,1
20260717_203749_controller_right,exp1_system_characterization,start_stop_6dof,trial_001,event_001,exp1_system_characterization/start_stop_6dof,Arrival-Hold,One-Euro Anchor,One-Euro Anchor,rotation_error_deg_iqr,1.1059580675276814,1.5894614358996102,0.48350336837192875,1
20260717_203749_controller_right,exp1_system_characterization,start_stop_6dof,trial_001,event_001,exp1_system_characterization/start_stop_6dof,Arrival-Hold,One-Euro Anchor,One-Euro Anchor,rotation_error_deg_p95,4.652342300031057,6.739988818937507,2.0876465189064497,1
20260717_203749_controller_right,exp1_system_characterization,start_stop_6dof,trial_001,event_001,exp1_system_characterization/start_stop_6dof,Arrival-Hold,One-Euro Anchor,One-Euro Anchor,candidate_arrival_p50_ms,166.9019000037224,166.97130000102334,0.06939999730093405,1
20260717_203749_controller_right,exp1_system_characterization,start_stop_6dof,trial_001,event_001,exp1_system_characterization/start_stop_6dof,Arrival-Hold,One-Euro Anchor,One-Euro Anchor,candidate_arrival_p95_ms,209.27744000364328,209.34268000419252,0.06524000054923818,1
20260717_203749_controller_right,exp1_system_characterization,start_stop_6dof,trial_001,event_001,exp1_system_characterization/start_stop_6dof,Arrival-Hold,One-Euro Anchor,One-Euro Anchor,candidate_processing_p50_ms,73.75470000132918,73.75470000132918,0.0,1
20260717_203749_controller_right,exp1_system_characterization,start_stop_6dof,trial_001,event_001,exp1_system_characterization/start_stop_6dof,Arrival-Hold,One-Euro Anchor,One-Euro Anchor,candidate_processing_p95_ms,85.33308000043034,85.33308000043034,0.0,1
20260717_203749_controller_right,exp1_system_characterization,start_stop_6dof,trial_001,event_001,exp1_system_characterization/start_stop_6dof,Arrival-Hold,One-Euro Anchor,One-Euro Anchor,observation_age_p50_ms,48.9573000013479,222.5343999962206,173.5770999948727,1
20260717_203749_controller_right,exp1_system_characterization,start_stop_6dof,trial_001,event_001,exp1_system_characterization/start_stop_6dof,Arrival-Hold,One-Euro Anchor,One-Euro Anchor,observation_age_p95_ms,98.76843999954872,296.9171199991248,198.14867999957607,1
20260717_203749_controller_right,exp1_system_characterization,start_stop_6dof,trial_001,event_001,exp1_system_characterization/start_stop_6dof,Arrival-Hold,One-Euro Anchor,One-Euro Anchor,smoothing_delay_p50_ms,48.9573000013479,222.5343999962206,173.5770999948727,1
20260717_203749_controller_right,exp1_system_characterization,start_stop_6dof,trial_001,event_001,exp1_system_characterization/start_stop_6dof,Arrival-Hold,One-Euro Anchor,One-Euro Anchor,smoothing_delay_p95_ms,98.76843999954872,296.9171199991248,198.14867999957607,1
20260717_203749_controller_right,exp1_system_characterization,start_stop_6dof,trial_001,event_001,exp1_system_characterization/start_stop_6dof,Arrival-Hold,One-Euro Anchor,One-Euro Anchor,visual_perception_hz,9.543186857094241,9.543186857094241,0.0,1
20260717_203749_controller_right,exp1_system_characterization,start_stop_6dof,trial_001,event_001,exp1_system_characterization/start_stop_6dof,Arrival-Hold,One-Euro Anchor,One-Euro Anchor,render_hz,66.62352417777322,66.62352417777322,0.0,1
20260717_203749_controller_right,exp1_system_characterization,start_stop_6dof,trial_001,event_001,exp1_system_characterization/start_stop_6dof,Arrival-Hold,EgoAnchor,EgoAnchor,reference_coverage,1.0,1.0,0.0,1
20260717_203749_controller_right,exp1_system_characterization,start_stop_6dof,trial_001,event_001,exp1_system_characterization/start_stop_6dof,Arrival-Hold,EgoAnchor,EgoAnchor,display_coverage,1.0,1.0,0.0,1
20260717_203749_controller_right,exp1_system_characterization,start_stop_6dof,trial_001,event_001,exp1_system_characterization/start_stop_6dof,Arrival-Hold,EgoAnchor,EgoAnchor,output_coverage,1.0,1.0,0.0,1
20260717_203749_controller_right,exp1_system_characterization,start_stop_6dof,trial_001,event_001,exp1_system_characterization/start_stop_6dof,Arrival-Hold,EgoAnchor,EgoAnchor,translation_error_mm_median,7.851598641318041,6.3507767938883095,-1.500821847429732,1
20260717_203749_controller_right,exp1_system_characterization,start_stop_6dof,trial_001,event_001,exp1_system_characterization/start_stop_6dof,Arrival-Hold,EgoAnchor,EgoAnchor,translation_error_mm_iqr,8.515719519136656,24.193023236310893,15.677303717174237,1
20260717_203749_controller_right,exp1_system_characterization,start_stop_6dof,trial_001,event_001,exp1_system_characterization/start_stop_6dof,Arrival-Hold,EgoAnchor,EgoAnchor,translation_error_mm_p95,41.2374924963758,58.167105370983464,16.929612874607663,1
20260717_203749_controller_right,exp1_system_characterization,start_stop_6dof,trial_001,event_001,exp1_system_characterization/start_stop_6dof,Arrival-Hold,EgoAnchor,EgoAnchor,rotation_error_deg_median,2.832601816610294,2.990099446851695,0.15749763024140107,1
20260717_203749_controller_right,exp1_system_characterization,start_stop_6dof,trial_001,event_001,exp1_system_characterization/start_stop_6dof,Arrival-Hold,EgoAnchor,EgoAnchor,rotation_error_deg_iqr,1.1059580675276814,1.1962598861133857,0.0903018185857043,1
20260717_203749_controller_right,exp1_system_characterization,start_stop_6dof,trial_001,event_001,exp1_system_characterization/start_stop_6dof,Arrival-Hold,EgoAnchor,EgoAnchor,rotation_error_deg_p95,4.652342300031057,6.2660560960001925,1.6137137959691357,1
20260717_203749_controller_right,exp1_system_characterization,start_stop_6dof,trial_001,event_001,exp1_system_characterization/start_stop_6dof,Arrival-Hold,EgoAnchor,EgoAnchor,candidate_arrival_p50_ms,166.9019000037224,166.78190000675386,-0.11999999696854502,1
20260717_203749_controller_right,exp1_system_characterization,start_stop_6dof,trial_001,event_001,exp1_system_characterization/start_stop_6dof,Arrival-Hold,EgoAnchor,EgoAnchor,candidate_arrival_p95_ms,209.27744000364328,209.1915400029393,-0.08590000070398673,1
20260717_203749_controller_right,exp1_system_characterization,start_stop_6dof,trial_001,event_001,exp1_system_characterization/start_stop_6dof,Arrival-Hold,EgoAnchor,EgoAnchor,candidate_processing_p50_ms,73.75470000132918,73.75470000132918,0.0,1
20260717_203749_controller_right,exp1_system_characterization,start_stop_6dof,trial_001,event_001,exp1_system_characterization/start_stop_6dof,Arrival-Hold,EgoAnchor,EgoAnchor,candidate_processing_p95_ms,85.33308000043034,85.33308000043034,0.0,1
20260717_203749_controller_right,exp1_system_characterization,start_stop_6dof,trial_001,event_001,exp1_system_characterization/start_stop_6dof,Arrival-Hold,EgoAnchor,EgoAnchor,observation_age_p50_ms,48.9573000013479,222.52280000247993,173.56550000113202,1
20260717_203749_controller_right,exp1_system_characterization,start_stop_6dof,trial_001,event_001,exp1_system_characterization/start_stop_6dof,Arrival-Hold,EgoAnchor,EgoAnchor,observation_age_p95_ms,98.76843999954872,296.9075599976346,198.1391199980859,1
20260717_203749_controller_right,exp1_system_characterization,start_stop_6dof,trial_001,event_001,exp1_system_characterization/start_stop_6dof,Arrival-Hold,EgoAnchor,EgoAnchor,smoothing_delay_p50_ms,48.9573000013479,288.13236951828003,239.17506951693213,1
20260717_203749_controller_right,exp1_system_characterization,start_stop_6dof,trial_001,event_001,exp1_system_characterization/start_stop_6dof,Arrival-Hold,EgoAnchor,EgoAnchor,smoothing_delay_p95_ms,98.76843999954872,309.9648356437683,211.1963956442196,1
20260717_203749_controller_right,exp1_system_characterization,start_stop_6dof,trial_001,event_001,exp1_system_characterization/start_stop_6dof,Arrival-Hold,EgoAnchor,EgoAnchor,visual_perception_hz,9.543186857094241,9.543186857094241,0.0,1
20260717_203749_controller_right,exp1_system_characterization,start_stop_6dof,trial_001,event_001,exp1_system_characterization/start_stop_6dof,Arrival-Hold,EgoAnchor,EgoAnchor,render_hz,66.62352417777322,66.62352417777322,0.0,1
20260717_203749_controller_right,exp1_system_characterization,start_stop_6dof,trial_001,event_002,exp1_system_characterization/start_stop_6dof,Arrival-Hold,Capture-Hold,Capture-Hold,reference_coverage,1.0,1.0,0.0,1
20260717_203749_controller_right,exp1_system_characterization,start_stop_6dof,trial_001,event_002,exp1_system_characterization/start_stop_6dof,Arrival-Hold,Capture-Hold,Capture-Hold,display_coverage,1.0,1.0,0.0,1
20260717_203749_controller_right,exp1_system_characterization,start_stop_6dof,trial_001,event_002,exp1_system_characterization/start_stop_6dof,Arrival-Hold,Capture-Hold,Capture-Hold,output_coverage,1.0,1.0,0.0,1
20260717_203749_controller_right,exp1_system_characterization,start_stop_6dof,trial_001,event_002,exp1_system_characterization/start_stop_6dof,Arrival-Hold,Capture-Hold,Capture-Hold,translation_error_mm_median,10.72074242473409,10.726535104872056,0.005792680137966855,1
20260717_203749_controller_right,exp1_system_characterization,start_stop_6dof,trial_001,event_002,exp1_system_characterization/start_stop_6dof,Arrival-Hold,Capture-Hold,Capture-Hold,translation_error_mm_iqr,2.198357179798778,2.2189154129044546,0.020558233105676393,1
20260717_203749_controller_right,exp1_system_characterization,start_stop_6dof,trial_001,event_002,exp1_system_characterization/start_stop_6dof,Arrival-Hold,Capture-Hold,Capture-Hold,translation_error_mm_p95,31.563024545851885,40.41600190354585,8.852977357693963,1
20260717_203749_controller_right,exp1_system_characterization,start_stop_6dof,trial_001,event_002,exp1_system_characterization/start_stop_6dof,Arrival-Hold,Capture-Hold,Capture-Hold,rotation_error_deg_median,3.396273146332968,3.4420762014118993,0.045803055078931454,1
20260717_203749_controller_right,exp1_system_characterization,start_stop_6dof,trial_001,event_002,exp1_system_characterization/start_stop_6dof,Arrival-Hold,Capture-Hold,Capture-Hold,rotation_error_deg_iqr,5.7512855456676775,5.6780505230663625,-0.07323502260131498,1
20260717_203749_controller_right,exp1_system_characterization,start_stop_6dof,trial_001,event_002,exp1_system_characterization/start_stop_6dof,Arrival-Hold,Capture-Hold,Capture-Hold,rotation_error_deg_p95,19.69054199032754,19.66629800630133,-0.024243984026210086,1
20260717_203749_controller_right,exp1_system_characterization,start_stop_6dof,trial_001,event_002,exp1_system_characterization/start_stop_6dof,Arrival-Hold,Capture-Hold,Capture-Hold,candidate_arrival_p50_ms,166.87660000025062,166.9079999992391,0.03139999898849055,1
20260717_203749_controller_right,exp1_system_characterization,start_stop_6dof,trial_001,event_002,exp1_system_characterization/start_stop_6dof,Arrival-Hold,Capture-Hold,Capture-Hold,candidate_arrival_p95_ms,207.8070999981719,207.84261999942828,0.03552000125637278,1
20260717_203749_controller_right,exp1_system_characterization,start_stop_6dof,trial_001,event_002,exp1_system_characterization/start_stop_6dof,Arrival-Hold,Capture-Hold,Capture-Hold,candidate_processing_p50_ms,71.97060000151396,71.97060000151396,0.0,1
20260717_203749_controller_right,exp1_system_characterization,start_stop_6dof,trial_001,event_002,exp1_system_characterization/start_stop_6dof,Arrival-Hold,Capture-Hold,Capture-Hold,candidate_processing_p95_ms,83.516360001266,83.516360001266,0.0,1
20260717_203749_controller_right,exp1_system_characterization,start_stop_6dof,trial_001,event_002,exp1_system_characterization/start_stop_6dof,Arrival-Hold,Capture-Hold,Capture-Hold,observation_age_p50_ms,43.343600002117455,216.59379999618977,173.25019999407232,1
20260717_203749_controller_right,exp1_system_characterization,start_stop_6dof,trial_001,event_002,exp1_system_characterization/start_stop_6dof,Arrival-Hold,Capture-Hold,Capture-Hold,observation_age_p95_ms,96.29305999842471,277.4325999969733,181.13953999854857,1
20260717_203749_controller_right,exp1_system_characterization,start_stop_6dof,trial_001,event_002,exp1_system_characterization/start_stop_6dof,Arrival-Hold,Capture-Hold,Capture-Hold,smoothing_delay_p50_ms,43.343600002117455,216.59379999618977,173.25019999407232,1
20260717_203749_controller_right,exp1_system_characterization,start_stop_6dof,trial_001,event_002,exp1_system_characterization/start_stop_6dof,Arrival-Hold,Capture-Hold,Capture-Hold,smoothing_delay_p95_ms,96.29305999842471,277.4325999969733,181.13953999854857,1
20260717_203749_controller_right,exp1_system_characterization,start_stop_6dof,trial_001,event_002,exp1_system_characterization/start_stop_6dof,Arrival-Hold,Capture-Hold,Capture-Hold,visual_perception_hz,9.933209206963665,9.933209206963665,0.0,1
20260717_203749_controller_right,exp1_system_characterization,start_stop_6dof,trial_001,event_002,exp1_system_characterization/start_stop_6dof,Arrival-Hold,Capture-Hold,Capture-Hold,render_hz,68.99502073665428,68.99502073665428,0.0,1
20260717_203749_controller_right,exp1_system_characterization,start_stop_6dof,trial_001,event_002,exp1_system_characterization/start_stop_6dof,Arrival-Hold,One-Euro Anchor,One-Euro Anchor,reference_coverage,1.0,1.0,0.0,1
20260717_203749_controller_right,exp1_system_characterization,start_stop_6dof,trial_001,event_002,exp1_system_characterization/start_stop_6dof,Arrival-Hold,One-Euro Anchor,One-Euro Anchor,display_coverage,1.0,1.0,0.0,1
20260717_203749_controller_right,exp1_system_characterization,start_stop_6dof,trial_001,event_002,exp1_system_characterization/start_stop_6dof,Arrival-Hold,One-Euro Anchor,One-Euro Anchor,output_coverage,1.0,1.0,0.0,1
20260717_203749_controller_right,exp1_system_characterization,start_stop_6dof,trial_001,event_002,exp1_system_characterization/start_stop_6dof,Arrival-Hold,One-Euro Anchor,One-Euro Anchor,translation_error_mm_median,10.72074242473409,10.746162252039026,0.02541982730493686,1
20260717_203749_controller_right,exp1_system_characterization,start_stop_6dof,trial_001,event_002,exp1_system_characterization/start_stop_6dof,Arrival-Hold,One-Euro Anchor,One-Euro Anchor,translation_error_mm_iqr,2.198357179798778,2.519263361255083,0.320906181456305,1
20260717_203749_controller_right,exp1_system_characterization,start_stop_6dof,trial_001,event_002,exp1_system_characterization/start_stop_6dof,Arrival-Hold,One-Euro Anchor,One-Euro Anchor,translation_error_mm_p95,31.563024545851885,62.39640277335552,30.833378227503633,1
20260717_203749_controller_right,exp1_system_characterization,start_stop_6dof,trial_001,event_002,exp1_system_characterization/start_stop_6dof,Arrival-Hold,One-Euro Anchor,One-Euro Anchor,rotation_error_deg_median,3.396273146332968,3.4795601579050004,0.08328701157203255,1
20260717_203749_controller_right,exp1_system_characterization,start_stop_6dof,trial_001,event_002,exp1_system_characterization/start_stop_6dof,Arrival-Hold,One-Euro Anchor,One-Euro Anchor,rotation_error_deg_iqr,5.7512855456676775,10.379948924251151,4.628663378583473,1
20260717_203749_controller_right,exp1_system_characterization,start_stop_6dof,trial_001,event_002,exp1_system_characterization/start_stop_6dof,Arrival-Hold,One-Euro Anchor,One-Euro Anchor,rotation_error_deg_p95,19.69054199032754,27.316407330598913,7.625865340271375,1
20260717_203749_controller_right,exp1_system_characterization,start_stop_6dof,trial_001,event_002,exp1_system_characterization/start_stop_6dof,Arrival-Hold,One-Euro Anchor,One-Euro Anchor,candidate_arrival_p50_ms,166.87660000025062,166.93320000194944,0.05660000169882551,1
20260717_203749_controller_right,exp1_system_characterization,start_stop_6dof,trial_001,event_002,exp1_system_characterization/start_stop_6dof,Arrival-Hold,One-Euro Anchor,One-Euro Anchor,candidate_arrival_p95_ms,207.8070999981719,207.8730799970799,0.06597999890800565,1
20260717_203749_controller_right,exp1_system_characterization,start_stop_6dof,trial_001,event_002,exp1_system_characterization/start_stop_6dof,Arrival-Hold,One-Euro Anchor,One-Euro Anchor,candidate_processing_p50_ms,71.97060000151396,71.97060000151396,0.0,1
20260717_203749_controller_right,exp1_system_characterization,start_stop_6dof,trial_001,event_002,exp1_system_characterization/start_stop_6dof,Arrival-Hold,One-Euro Anchor,One-Euro Anchor,candidate_processing_p95_ms,83.516360001266,83.516360001266,0.0,1
20260717_203749_controller_right,exp1_system_characterization,start_stop_6dof,trial_001,event_002,exp1_system_characterization/start_stop_6dof,Arrival-Hold,One-Euro Anchor,One-Euro Anchor,observation_age_p50_ms,43.343600002117455,216.5945999950054,173.25099999288796,1
20260717_203749_controller_right,exp1_system_characterization,start_stop_6dof,trial_001,event_002,exp1_system_characterization/start_stop_6dof,Arrival-Hold,One-Euro Anchor,One-Euro Anchor,observation_age_p95_ms,96.29305999842471,277.4336399976164,181.1405799991917,1
20260717_203749_controller_right,exp1_system_characterization,start_stop_6dof,trial_001,event_002,exp1_system_characterization/start_stop_6dof,Arrival-Hold,One-Euro Anchor,One-Euro Anchor,smoothing_delay_p50_ms,43.343600002117455,216.5945999950054,173.25099999288796,1
20260717_203749_controller_right,exp1_system_characterization,start_stop_6dof,trial_001,event_002,exp1_system_characterization/start_stop_6dof,Arrival-Hold,One-Euro Anchor,One-Euro Anchor,smoothing_delay_p95_ms,96.29305999842471,277.4336399976164,181.1405799991917,1
20260717_203749_controller_right,exp1_system_characterization,start_stop_6dof,trial_001,event_002,exp1_system_characterization/start_stop_6dof,Arrival-Hold,One-Euro Anchor,One-Euro Anchor,visual_perception_hz,9.933209206963665,9.933209206963665,0.0,1
20260717_203749_controller_right,exp1_system_characterization,start_stop_6dof,trial_001,event_002,exp1_system_characterization/start_stop_6dof,Arrival-Hold,One-Euro Anchor,One-Euro Anchor,render_hz,68.99502073665428,68.99502073665428,0.0,1
20260717_203749_controller_right,exp1_system_characterization,start_stop_6dof,trial_001,event_002,exp1_system_characterization/start_stop_6dof,Arrival-Hold,EgoAnchor,EgoAnchor,reference_coverage,1.0,1.0,0.0,1
20260717_203749_controller_right,exp1_system_characterization,start_stop_6dof,trial_001,event_002,exp1_system_characterization/start_stop_6dof,Arrival-Hold,EgoAnchor,EgoAnchor,display_coverage,1.0,1.0,0.0,1
20260717_203749_controller_right,exp1_system_characterization,start_stop_6dof,trial_001,event_002,exp1_system_characterization/start_stop_6dof,Arrival-Hold,EgoAnchor,EgoAnchor,output_coverage,1.0,1.0,0.0,1
20260717_203749_controller_right,exp1_system_characterization,start_stop_6dof,trial_001,event_002,exp1_system_characterization/start_stop_6dof,Arrival-Hold,EgoAnchor,EgoAnchor,translation_error_mm_median,10.72074242473409,9.65511245848759,-1.0656299662464992,1
20260717_203749_controller_right,exp1_system_characterization,start_stop_6dof,trial_001,event_002,exp1_system_characterization/start_stop_6dof,Arrival-Hold,EgoAnchor,EgoAnchor,translation_error_mm_iqr,2.198357179798778,3.6520584436531047,1.4537012638543265,1
20260717_203749_controller_right,exp1_system_characterization,start_stop_6dof,trial_001,event_002,exp1_system_characterization/start_stop_6dof,Arrival-Hold,EgoAnchor,EgoAnchor,translation_error_mm_p95,31.563024545851885,56.714265905122,25.151241359270113,1
20260717_203749_controller_right,exp1_system_characterization,start_stop_6dof,trial_001,event_002,exp1_system_characterization/start_stop_6dof,Arrival-Hold,EgoAnchor,EgoAnchor,rotation_error_deg_median,3.396273146332968,5.150862638456543,1.754589492123575,1
20260717_203749_controller_right,exp1_system_characterization,start_stop_6dof,trial_001,event_002,exp1_system_characterization/start_stop_6dof,Arrival-Hold,EgoAnchor,EgoAnchor,rotation_error_deg_iqr,5.7512855456676775,7.337284452777114,1.5859989071094365,1
20260717_203749_controller_right,exp1_system_characterization,start_stop_6dof,trial_001,event_002,exp1_system_characterization/start_stop_6dof,Arrival-Hold,EgoAnchor,EgoAnchor,rotation_error_deg_p95,19.69054199032754,33.91997399051149,14.229432000183948,1
20260717_203749_controller_right,exp1_system_characterization,start_stop_6dof,trial_001,event_002,exp1_system_characterization/start_stop_6dof,Arrival-Hold,EgoAnchor,EgoAnchor,candidate_arrival_p50_ms,166.87660000025062,166.79370000201743,-0.08289999823318794,1
20260717_203749_controller_right,exp1_system_characterization,start_stop_6dof,trial_001,event_002,exp1_system_characterization/start_stop_6dof,Arrival-Hold,EgoAnchor,EgoAnchor,candidate_arrival_p95_ms,207.8070999981719,207.71836000058101,-0.08873999759089202,1
20260717_203749_controller_right,exp1_system_characterization,start_stop_6dof,trial_001,event_002,exp1_system_characterization/start_stop_6dof,Arrival-Hold,EgoAnchor,EgoAnchor,candidate_processing_p50_ms,71.97060000151396,71.97060000151396,0.0,1
20260717_203749_controller_right,exp1_system_characterization,start_stop_6dof,trial_001,event_002,exp1_system_characterization/start_stop_6dof,Arrival-Hold,EgoAnchor,EgoAnchor,candidate_processing_p95_ms,83.516360001266,83.516360001266,0.0,1
20260717_203749_controller_right,exp1_system_characterization,start_stop_6dof,trial_001,event_002,exp1_system_characterization/start_stop_6dof,Arrival-Hold,EgoAnchor,EgoAnchor,observation_age_p50_ms,43.343600002117455,216.58390000084182,173.24029999872437,1
20260717_203749_controller_right,exp1_system_characterization,start_stop_6dof,trial_001,event_002,exp1_system_characterization/start_stop_6dof,Arrival-Hold,EgoAnchor,EgoAnchor,observation_age_p95_ms,96.29305999842471,277.42381999560166,181.13075999717694,1
20260717_203749_controller_right,exp1_system_characterization,start_stop_6dof,trial_001,event_002,exp1_system_characterization/start_stop_6dof,Arrival-Hold,EgoAnchor,EgoAnchor,smoothing_delay_p50_ms,43.343600002117455,284.74386036396027,241.4002603618428,1
20260717_203749_controller_right,exp1_system_characterization,start_stop_6dof,trial_001,event_002,exp1_system_characterization/start_stop_6dof,Arrival-Hold,EgoAnchor,EgoAnchor,smoothing_delay_p95_ms,96.29305999842471,295.3590378165245,199.06597781809978,1
20260717_203749_controller_right,exp1_system_characterization,start_stop_6dof,trial_001,event_002,exp1_system_characterization/start_stop_6dof,Arrival-Hold,EgoAnchor,EgoAnchor,visual_perception_hz,9.933209206963665,9.933209206963665,0.0,1
20260717_203749_controller_right,exp1_system_characterization,start_stop_6dof,trial_001,event_002,exp1_system_characterization/start_stop_6dof,Arrival-Hold,EgoAnchor,EgoAnchor,render_hz,68.99502073665428,68.99502073665428,0.0,1
20260717_203749_controller_right,exp1_system_characterization,start_stop_6dof,trial_001,event_003,exp1_system_characterization/start_stop_6dof,Arrival-Hold,Capture-Hold,Capture-Hold,reference_coverage,1.0,1.0,0.0,1
20260717_203749_controller_right,exp1_system_characterization,start_stop_6dof,trial_001,event_003,exp1_system_characterization/start_stop_6dof,Arrival-Hold,Capture-Hold,Capture-Hold,display_coverage,1.0,1.0,0.0,1
20260717_203749_controller_right,exp1_system_characterization,start_stop_6dof,trial_001,event_003,exp1_system_characterization/start_stop_6dof,Arrival-Hold,Capture-Hold,Capture-Hold,output_coverage,1.0,1.0,0.0,1
20260717_203749_controller_right,exp1_system_characterization,start_stop_6dof,trial_001,event_003,exp1_system_characterization/start_stop_6dof,Arrival-Hold,Capture-Hold,Capture-Hold,translation_error_mm_median,5.744651112131143,5.685197798855892,-0.05945331327525061,1
20260717_203749_controller_right,exp1_system_characterization,start_stop_6dof,trial_001,event_003,exp1_system_characterization/start_stop_6dof,Arrival-Hold,Capture-Hold,Capture-Hold,translation_error_mm_iqr,4.504839210150735,4.369375743262022,-0.13546346688871225,1
20260717_203749_controller_right,exp1_system_characterization,start_stop_6dof,trial_001,event_003,exp1_system_characterization/start_stop_6dof,Arrival-Hold,Capture-Hold,Capture-Hold,translation_error_mm_p95,44.28964369333671,57.54911542203133,13.25947172869462,1
20260717_203749_controller_right,exp1_system_characterization,start_stop_6dof,trial_001,event_003,exp1_system_characterization/start_stop_6dof,Arrival-Hold,Capture-Hold,Capture-Hold,rotation_error_deg_median,2.646256344609049,2.651085858559802,0.004829513950753039,1
20260717_203749_controller_right,exp1_system_characterization,start_stop_6dof,trial_001,event_003,exp1_system_characterization/start_stop_6dof,Arrival-Hold,Capture-Hold,Capture-Hold,rotation_error_deg_iqr,1.6469375818115246,1.581428750393893,-0.06550883141763153,1
20260717_203749_controller_right,exp1_system_characterization,start_stop_6dof,trial_001,event_003,exp1_system_characterization/start_stop_6dof,Arrival-Hold,Capture-Hold,Capture-Hold,rotation_error_deg_p95,4.925940234152417,5.594708639579376,0.6687684054269587,1
20260717_203749_controller_right,exp1_system_characterization,start_stop_6dof,trial_001,event_003,exp1_system_characterization/start_stop_6dof,Arrival-Hold,Capture-Hold,Capture-Hold,candidate_arrival_p50_ms,166.72079999989364,166.7572000005748,0.03640000068116933,1
20260717_203749_controller_right,exp1_system_characterization,start_stop_6dof,trial_001,event_003,exp1_system_characterization/start_stop_6dof,Arrival-Hold,Capture-Hold,Capture-Hold,candidate_arrival_p95_ms,195.51984000063385,195.55218000532477,0.0323400046909228,1
20260717_203749_controller_right,exp1_system_characterization,start_stop_6dof,trial_001,event_003,exp1_system_characterization/start_stop_6dof,Arrival-Hold,Capture-Hold,Capture-Hold,candidate_processing_p50_ms,72.12040000036359,72.12040000036359,0.0,1
20260717_203749_controller_right,exp1_system_characterization,start_stop_6dof,trial_001,event_003,exp1_system_characterization/start_stop_6dof,Arrival-Hold,Capture-Hold,Capture-Hold,candidate_processing_p95_ms,84.3205500010401,84.3205500010401,0.0,1
20260717_203749_controller_right,exp1_system_characterization,start_stop_6dof,trial_001,event_003,exp1_system_characterization/start_stop_6dof,Arrival-Hold,Capture-Hold,Capture-Hold,observation_age_p50_ms,42.48510000252281,216.5325500027393,174.0474500002165,1
20260717_203749_controller_right,exp1_system_characterization,start_stop_6dof,trial_001,event_003,exp1_system_characterization/start_stop_6dof,Arrival-Hold,Capture-Hold,Capture-Hold,observation_age_p95_ms,96.31722500198521,277.507679997143,181.19045499515778,1
20260717_203749_controller_right,exp1_system_characterization,start_stop_6dof,trial_001,event_003,exp1_system_characterization/start_stop_6dof,Arrival-Hold,Capture-Hold,Capture-Hold,smoothing_delay_p50_ms,42.48510000252281,216.5325500027393,174.0474500002165,1
20260717_203749_controller_right,exp1_system_characterization,start_stop_6dof,trial_001,event_003,exp1_system_characterization/start_stop_6dof,Arrival-Hold,Capture-Hold,Capture-Hold,smoothing_delay_p95_ms,96.31722500198521,277.507679997143,181.19045499515778,1
20260717_203749_controller_right,exp1_system_characterization,start_stop_6dof,trial_001,event_003,exp1_system_characterization/start_stop_6dof,Arrival-Hold,Capture-Hold,Capture-Hold,visual_perception_hz,9.936113669140056,9.936113669140056,0.0,1
20260717_203749_controller_right,exp1_system_characterization,start_stop_6dof,trial_001,event_003,exp1_system_characterization/start_stop_6dof,Arrival-Hold,Capture-Hold,Capture-Hold,render_hz,67.65247974163468,67.65247974163468,0.0,1
20260717_203749_controller_right,exp1_system_characterization,start_stop_6dof,trial_001,event_003,exp1_system_characterization/start_stop_6dof,Arrival-Hold,One-Euro Anchor,One-Euro Anchor,reference_coverage,1.0,1.0,0.0,1
20260717_203749_controller_right,exp1_system_characterization,start_stop_6dof,trial_001,event_003,exp1_system_characterization/start_stop_6dof,Arrival-Hold,One-Euro Anchor,One-Euro Anchor,display_coverage,1.0,1.0,0.0,1
20260717_203749_controller_right,exp1_system_characterization,start_stop_6dof,trial_001,event_003,exp1_system_characterization/start_stop_6dof,Arrival-Hold,One-Euro Anchor,One-Euro Anchor,output_coverage,1.0,1.0,0.0,1
20260717_203749_controller_right,exp1_system_characterization,start_stop_6dof,trial_001,event_003,exp1_system_characterization/start_stop_6dof,Arrival-Hold,One-Euro Anchor,One-Euro Anchor,translation_error_mm_median,5.744651112131143,5.793051334463344,0.04840022233220154,1
20260717_203749_controller_right,exp1_system_characterization,start_stop_6dof,trial_001,event_003,exp1_system_characterization/start_stop_6dof,Arrival-Hold,One-Euro Anchor,One-Euro Anchor,translation_error_mm_iqr,4.504839210150735,4.482801033716963,-0.022038176433771817,1
20260717_203749_controller_right,exp1_system_characterization,start_stop_6dof,trial_001,event_003,exp1_system_characterization/start_stop_6dof,Arrival-Hold,One-Euro Anchor,One-Euro Anchor,translation_error_mm_p95,44.28964369333671,85.57968294819531,41.290039254858605,1
20260717_203749_controller_right,exp1_system_characterization,start_stop_6dof,trial_001,event_003,exp1_system_characterization/start_stop_6dof,Arrival-Hold,One-Euro Anchor,One-Euro Anchor,rotation_error_deg_median,2.646256344609049,2.6037270877625533,-0.04252925684649567,1
20260717_203749_controller_right,exp1_system_characterization,start_stop_6dof,trial_001,event_003,exp1_system_characterization/start_stop_6dof,Arrival-Hold,One-Euro Anchor,One-Euro Anchor,rotation_error_deg_iqr,1.6469375818115246,1.6013341740288771,-0.04560340778264749,1
20260717_203749_controller_right,exp1_system_characterization,start_stop_6dof,trial_001,event_003,exp1_system_characterization/start_stop_6dof,Arrival-Hold,One-Euro Anchor,One-Euro Anchor,rotation_error_deg_p95,4.925940234152417,7.09240660390896,2.1664663697565425,1
20260717_203749_controller_right,exp1_system_characterization,start_stop_6dof,trial_001,event_003,exp1_system_characterization/start_stop_6dof,Arrival-Hold,One-Euro Anchor,One-Euro Anchor,candidate_arrival_p50_ms,166.72079999989364,166.78289999981644,0.06209999992279336,1
20260717_203749_controller_right,exp1_system_characterization,start_stop_6dof,trial_001,event_003,exp1_system_characterization/start_stop_6dof,Arrival-Hold,One-Euro Anchor,One-Euro Anchor,candidate_arrival_p95_ms,195.51984000063385,195.59305000148015,0.07321000084630214,1
20260717_203749_controller_right,exp1_system_characterization,start_stop_6dof,trial_001,event_003,exp1_system_characterization/start_stop_6dof,Arrival-Hold,One-Euro Anchor,One-Euro Anchor,candidate_processing_p50_ms,72.12040000036359,72.12040000036359,0.0,1
20260717_203749_controller_right,exp1_system_characterization,start_stop_6dof,trial_001,event_003,exp1_system_characterization/start_stop_6dof,Arrival-Hold,One-Euro Anchor,One-Euro Anchor,candidate_processing_p95_ms,84.3205500010401,84.3205500010401,0.0,1
20260717_203749_controller_right,exp1_system_characterization,start_stop_6dof,trial_001,event_003,exp1_system_characterization/start_stop_6dof,Arrival-Hold,One-Euro Anchor,One-Euro Anchor,observation_age_p50_ms,42.48510000252281,216.5335000026971,174.0484000001743,1
20260717_203749_controller_right,exp1_system_characterization,start_stop_6dof,trial_001,event_003,exp1_system_characterization/start_stop_6dof,Arrival-Hold,One-Euro Anchor,One-Euro Anchor,observation_age_p95_ms,96.31722500198521,277.5085749992286,181.19134999724338,1
20260717_203749_controller_right,exp1_system_characterization,start_stop_6dof,trial_001,event_003,exp1_system_characterization/start_stop_6dof,Arrival-Hold,One-Euro Anchor,One-Euro Anchor,smoothing_delay_p50_ms,42.48510000252281,216.5335000026971,174.0484000001743,1
20260717_203749_controller_right,exp1_system_characterization,start_stop_6dof,trial_001,event_003,exp1_system_characterization/start_stop_6dof,Arrival-Hold,One-Euro Anchor,One-Euro Anchor,smoothing_delay_p95_ms,96.31722500198521,277.5085749992286,181.19134999724338,1
20260717_203749_controller_right,exp1_system_characterization,start_stop_6dof,trial_001,event_003,exp1_system_characterization/start_stop_6dof,Arrival-Hold,One-Euro Anchor,One-Euro Anchor,visual_perception_hz,9.936113669140056,9.936113669140056,0.0,1
20260717_203749_controller_right,exp1_system_characterization,start_stop_6dof,trial_001,event_003,exp1_system_characterization/start_stop_6dof,Arrival-Hold,One-Euro Anchor,One-Euro Anchor,render_hz,67.65247974163468,67.65247974163468,0.0,1
20260717_203749_controller_right,exp1_system_characterization,start_stop_6dof,trial_001,event_003,exp1_system_characterization/start_stop_6dof,Arrival-Hold,EgoAnchor,EgoAnchor,reference_coverage,1.0,1.0,0.0,1
20260717_203749_controller_right,exp1_system_characterization,start_stop_6dof,trial_001,event_003,exp1_system_characterization/start_stop_6dof,Arrival-Hold,EgoAnchor,EgoAnchor,display_coverage,1.0,1.0,0.0,1
20260717_203749_controller_right,exp1_system_characterization,start_stop_6dof,trial_001,event_003,exp1_system_characterization/start_stop_6dof,Arrival-Hold,EgoAnchor,EgoAnchor,output_coverage,1.0,1.0,0.0,1
20260717_203749_controller_right,exp1_system_characterization,start_stop_6dof,trial_001,event_003,exp1_system_characterization/start_stop_6dof,Arrival-Hold,EgoAnchor,EgoAnchor,translation_error_mm_median,5.744651112131143,5.331165844477623,-0.41348526765351945,1
20260717_203749_controller_right,exp1_system_characterization,start_stop_6dof,trial_001,event_003,exp1_system_characterization/start_stop_6dof,Arrival-Hold,EgoAnchor,EgoAnchor,translation_error_mm_iqr,4.504839210150735,1.9746831831301792,-2.5301560270205554,1
20260717_203749_controller_right,exp1_system_characterization,start_stop_6dof,trial_001,event_003,exp1_system_characterization/start_stop_6dof,Arrival-Hold,EgoAnchor,EgoAnchor,translation_error_mm_p95,44.28964369333671,78.53201018994741,34.24236649661071,1
20260717_203749_controller_right,exp1_system_characterization,start_stop_6dof,trial_001,event_003,exp1_system_characterization/start_stop_6dof,Arrival-Hold,EgoAnchor,EgoAnchor,rotation_error_deg_median,2.646256344609049,1.6109573129516717,-1.0352990316573774,1
20260717_203749_controller_right,exp1_system_characterization,start_stop_6dof,trial_001,event_003,exp1_system_characterization/start_stop_6dof,Arrival-Hold,EgoAnchor,EgoAnchor,rotation_error_deg_iqr,1.6469375818115246,2.385559905461632,0.7386223236501075,1
20260717_203749_controller_right,exp1_system_characterization,start_stop_6dof,trial_001,event_003,exp1_system_characterization/start_stop_6dof,Arrival-Hold,EgoAnchor,EgoAnchor,rotation_error_deg_p95,4.925940234152417,7.02867238988786,2.102732155735443,1
20260717_203749_controller_right,exp1_system_characterization,start_stop_6dof,trial_001,event_003,exp1_system_characterization/start_stop_6dof,Arrival-Hold,EgoAnchor,EgoAnchor,candidate_arrival_p50_ms,166.72079999989364,166.6373999978532,-0.08340000204043463,1
20260717_203749_controller_right,exp1_system_characterization,start_stop_6dof,trial_001,event_003,exp1_system_characterization/start_stop_6dof,Arrival-Hold,EgoAnchor,EgoAnchor,candidate_arrival_p95_ms,195.51984000063385,195.42982000275515,-0.09001999787869863,1
20260717_203749_controller_right,exp1_system_characterization,start_stop_6dof,trial_001,event_003,exp1_system_characterization/start_stop_6dof,Arrival-Hold,EgoAnchor,EgoAnchor,candidate_processing_p50_ms,72.12040000036359,72.12040000036359,0.0,1
20260717_203749_controller_right,exp1_system_characterization,start_stop_6dof,trial_001,event_003,exp1_system_characterization/start_stop_6dof,Arrival-Hold,EgoAnchor,EgoAnchor,candidate_processing_p95_ms,84.3205500010401,84.3205500010401,0.0,1
20260717_203749_controller_right,exp1_system_characterization,start_stop_6dof,trial_001,event_003,exp1_system_characterization/start_stop_6dof,Arrival-Hold,EgoAnchor,EgoAnchor,observation_age_p50_ms,42.48510000252281,216.52214999994612,174.0370499974233,1
20260717_203749_controller_right,exp1_system_characterization,start_stop_6dof,trial_001,event_003,exp1_system_characterization/start_stop_6dof,Arrival-Hold,EgoAnchor,EgoAnchor,observation_age_p95_ms,96.31722500198521,277.4987199991301,181.1814949971449,1
20260717_203749_controller_right,exp1_system_characterization,start_stop_6dof,trial_001,event_003,exp1_system_characterization/start_stop_6dof,Arrival-Hold,EgoAnchor,EgoAnchor,smoothing_delay_p50_ms,42.48510000252281,276.313841342926,233.8287413404032,1
20260717_203749_controller_right,exp1_system_characterization,start_stop_6dof,trial_001,event_003,exp1_system_characterization/start_stop_6dof,Arrival-Hold,EgoAnchor,EgoAnchor,smoothing_delay_p95_ms,96.31722500198521,312.8739535808563,216.55672857887112,1
20260717_203749_controller_right,exp1_system_characterization,start_stop_6dof,trial_001,event_003,exp1_system_characterization/start_stop_6dof,Arrival-Hold,EgoAnchor,EgoAnchor,visual_perception_hz,9.936113669140056,9.936113669140056,0.0,1
20260717_203749_controller_right,exp1_system_characterization,start_stop_6dof,trial_001,event_003,exp1_system_characterization/start_stop_6dof,Arrival-Hold,EgoAnchor,EgoAnchor,render_hz,67.65247974163468,67.65247974163468,0.0,1
20260717_203749_controller_right,exp1_system_characterization,start_stop_6dof,trial_001,event_004,exp1_system_characterization/start_stop_6dof,Arrival-Hold,Capture-Hold,Capture-Hold,reference_coverage,1.0,1.0,0.0,1
20260717_203749_controller_right,exp1_system_characterization,start_stop_6dof,trial_001,event_004,exp1_system_characterization/start_stop_6dof,Arrival-Hold,Capture-Hold,Capture-Hold,display_coverage,1.0,1.0,0.0,1
20260717_203749_controller_right,exp1_system_characterization,start_stop_6dof,trial_001,event_004,exp1_system_characterization/start_stop_6dof,Arrival-Hold,Capture-Hold,Capture-Hold,output_coverage,1.0,1.0,0.0,1
20260717_203749_controller_right,exp1_system_characterization,start_stop_6dof,trial_001,event_004,exp1_system_characterization/start_stop_6dof,Arrival-Hold,Capture-Hold,Capture-Hold,translation_error_mm_median,11.066365131610048,10.959887899152946,-0.10647723245710239,1
20260717_203749_controller_right,exp1_system_characterization,start_stop_6dof,trial_001,event_004,exp1_system_characterization/start_stop_6dof,Arrival-Hold,Capture-Hold,Capture-Hold,translation_error_mm_iqr,7.390199740508553,8.937188595824276,1.546988855315723,1
20260717_203749_controller_right,exp1_system_characterization,start_stop_6dof,trial_001,event_004,exp1_system_characterization/start_stop_6dof,Arrival-Hold,Capture-Hold,Capture-Hold,translation_error_mm_p95,37.114440554438154,48.36032443435935,11.245883879921195,1
20260717_203749_controller_right,exp1_system_characterization,start_stop_6dof,trial_001,event_004,exp1_system_characterization/start_stop_6dof,Arrival-Hold,Capture-Hold,Capture-Hold,rotation_error_deg_median,3.3263010630991676,3.51054408738975,0.18424302429058237,1
20260717_203749_controller_right,exp1_system_characterization,start_stop_6dof,trial_001,event_004,exp1_system_characterization/start_stop_6dof,Arrival-Hold,Capture-Hold,Capture-Hold,rotation_error_deg_iqr,6.899446619608078,6.8448671416176134,-0.054579477990464476,1
20260717_203749_controller_right,exp1_system_characterization,start_stop_6dof,trial_001,event_004,exp1_system_characterization/start_stop_6dof,Arrival-Hold,Capture-Hold,Capture-Hold,rotation_error_deg_p95,30.452499572569547,30.52379604703012,0.07129647446057419,1
20260717_203749_controller_right,exp1_system_characterization,start_stop_6dof,trial_001,event_004,exp1_system_characterization/start_stop_6dof,Arrival-Hold,Capture-Hold,Capture-Hold,candidate_arrival_p50_ms,166.8680999937351,166.9058999978006,0.037800004065502435,1
20260717_203749_controller_right,exp1_system_characterization,start_stop_6dof,trial_001,event_004,exp1_system_characterization/start_stop_6dof,Arrival-Hold,Capture-Hold,Capture-Hold,candidate_arrival_p95_ms,208.49190000299131,208.52798000269104,0.036079999699722975,1
20260717_203749_controller_right,exp1_system_characterization,start_stop_6dof,trial_001,event_004,exp1_system_characterization/start_stop_6dof,Arrival-Hold,Capture-Hold,Capture-Hold,candidate_processing_p50_ms,72.00099999830127,72.00099999830127,0.0,1
20260717_203749_controller_right,exp1_system_characterization,start_stop_6dof,trial_001,event_004,exp1_system_characterization/start_stop_6dof,Arrival-Hold,Capture-Hold,Capture-Hold,candidate_processing_p95_ms,86.79671999886627,86.79671999886627,0.0,1
20260717_203749_controller_right,exp1_system_characterization,start_stop_6dof,trial_001,event_004,exp1_system_characterization/start_stop_6dof,Arrival-Hold,Capture-Hold,Capture-Hold,observation_age_p50_ms,42.75380000035511,216.88555000218912,174.131750001834,1
20260717_203749_controller_right,exp1_system_characterization,start_stop_6dof,trial_001,event_004,exp1_system_characterization/start_stop_6dof,Arrival-Hold,Capture-Hold,Capture-Hold,observation_age_p95_ms,97.27060000222991,277.75316999468487,180.48256999245496,1
20260717_203749_controller_right,exp1_system_characterization,start_stop_6dof,trial_001,event_004,exp1_system_characterization/start_stop_6dof,Arrival-Hold,Capture-Hold,Capture-Hold,smoothing_delay_p50_ms,42.75380000035511,216.88555000218912,174.131750001834,1
20260717_203749_controller_right,exp1_system_characterization,start_stop_6dof,trial_001,event_004,exp1_system_characterization/start_stop_6dof,Arrival-Hold,Capture-Hold,Capture-Hold,smoothing_delay_p95_ms,97.27060000222991,277.75316999468487,180.48256999245496,1
20260717_203749_controller_right,exp1_system_characterization,start_stop_6dof,trial_001,event_004,exp1_system_characterization/start_stop_6dof,Arrival-Hold,Capture-Hold,Capture-Hold,visual_perception_hz,9.913348391493367,9.913348391493367,0.0,1
20260717_203749_controller_right,exp1_system_characterization,start_stop_6dof,trial_001,event_004,exp1_system_characterization/start_stop_6dof,Arrival-Hold,Capture-Hold,Capture-Hold,render_hz,67.74024770486875,67.74024770486875,0.0,1
20260717_203749_controller_right,exp1_system_characterization,start_stop_6dof,trial_001,event_004,exp1_system_characterization/start_stop_6dof,Arrival-Hold,One-Euro Anchor,One-Euro Anchor,reference_coverage,1.0,1.0,0.0,1
20260717_203749_controller_right,exp1_system_characterization,start_stop_6dof,trial_001,event_004,exp1_system_characterization/start_stop_6dof,Arrival-Hold,One-Euro Anchor,One-Euro Anchor,display_coverage,1.0,1.0,0.0,1
20260717_203749_controller_right,exp1_system_characterization,start_stop_6dof,trial_001,event_004,exp1_system_characterization/start_stop_6dof,Arrival-Hold,One-Euro Anchor,One-Euro Anchor,output_coverage,1.0,1.0,0.0,1
20260717_203749_controller_right,exp1_system_characterization,start_stop_6dof,trial_001,event_004,exp1_system_characterization/start_stop_6dof,Arrival-Hold,One-Euro Anchor,One-Euro Anchor,translation_error_mm_median,11.066365131610048,11.487937663398878,0.42157253178882925,1
20260717_203749_controller_right,exp1_system_characterization,start_stop_6dof,trial_001,event_004,exp1_system_characterization/start_stop_6dof,Arrival-Hold,One-Euro Anchor,One-Euro Anchor,translation_error_mm_iqr,7.390199740508553,15.713241034968643,8.32304129446009,1
20260717_203749_controller_right,exp1_system_characterization,start_stop_6dof,trial_001,event_004,exp1_system_characterization/start_stop_6dof,Arrival-Hold,One-Euro Anchor,One-Euro Anchor,translation_error_mm_p95,37.114440554438154,71.49273883349824,34.37829827906008,1
20260717_203749_controller_right,exp1_system_characterization,start_stop_6dof,trial_001,event_004,exp1_system_characterization/start_stop_6dof,Arrival-Hold,One-Euro Anchor,One-Euro Anchor,rotation_error_deg_median,3.3263010630991676,3.589772311328407,0.2634712482292394,1
20260717_203749_controller_right,exp1_system_characterization,start_stop_6dof,trial_001,event_004,exp1_system_characterization/start_stop_6dof,Arrival-Hold,One-Euro Anchor,One-Euro Anchor,rotation_error_deg_iqr,6.899446619608078,8.364545584114342,1.4650989645062644,1
20260717_203749_controller_right,exp1_system_characterization,start_stop_6dof,trial_001,event_004,exp1_system_characterization/start_stop_6dof,Arrival-Hold,One-Euro Anchor,One-Euro Anchor,rotation_error_deg_p95,30.452499572569547,39.91376943449551,9.46126986192596,1
20260717_203749_controller_right,exp1_system_characterization,start_stop_6dof,trial_001,event_004,exp1_system_characterization/start_stop_6dof,Arrival-Hold,One-Euro Anchor,One-Euro Anchor,candidate_arrival_p50_ms,166.8680999937351,166.93819999636617,0.0701000026310794,1
20260717_203749_controller_right,exp1_system_characterization,start_stop_6dof,trial_001,event_004,exp1_system_characterization/start_stop_6dof,Arrival-Hold,One-Euro Anchor,One-Euro Anchor,candidate_arrival_p95_ms,208.49190000299131,208.55912000261014,0.0672199996188283,1
20260717_203749_controller_right,exp1_system_characterization,start_stop_6dof,trial_001,event_004,exp1_system_characterization/start_stop_6dof,Arrival-Hold,One-Euro Anchor,One-Euro Anchor,candidate_processing_p50_ms,72.00099999830127,72.00099999830127,0.0,1
20260717_203749_controller_right,exp1_system_characterization,start_stop_6dof,trial_001,event_004,exp1_system_characterization/start_stop_6dof,Arrival-Hold,One-Euro Anchor,One-Euro Anchor,candidate_processing_p95_ms,86.79671999886627,86.79671999886627,0.0,1
20260717_203749_controller_right,exp1_system_characterization,start_stop_6dof,trial_001,event_004,exp1_system_characterization/start_stop_6dof,Arrival-Hold,One-Euro Anchor,One-Euro Anchor,observation_age_p50_ms,42.75380000035511,216.88635000100476,174.13255000064964,1
20260717_203749_controller_right,exp1_system_characterization,start_stop_6dof,trial_001,event_004,exp1_system_characterization/start_stop_6dof,Arrival-Hold,One-Euro Anchor,One-Euro Anchor,observation_age_p95_ms,97.27060000222991,277.7538699996512,180.4832699974213,1
20260717_203749_controller_right,exp1_system_characterization,start_stop_6dof,trial_001,event_004,exp1_system_characterization/start_stop_6dof,Arrival-Hold,One-Euro Anchor,One-Euro Anchor,smoothing_delay_p50_ms,42.75380000035511,216.88635000100476,174.13255000064964,1
20260717_203749_controller_right,exp1_system_characterization,start_stop_6dof,trial_001,event_004,exp1_system_characterization/start_stop_6dof,Arrival-Hold,One-Euro Anchor,One-Euro Anchor,smoothing_delay_p95_ms,97.27060000222991,277.7538699996512,180.4832699974213,1
20260717_203749_controller_right,exp1_system_characterization,start_stop_6dof,trial_001,event_004,exp1_system_characterization/start_stop_6dof,Arrival-Hold,One-Euro Anchor,One-Euro Anchor,visual_perception_hz,9.913348391493367,9.913348391493367,0.0,1
20260717_203749_controller_right,exp1_system_characterization,start_stop_6dof,trial_001,event_004,exp1_system_characterization/start_stop_6dof,Arrival-Hold,One-Euro Anchor,One-Euro Anchor,render_hz,67.74024770486875,67.74024770486875,0.0,1
20260717_203749_controller_right,exp1_system_characterization,start_stop_6dof,trial_001,event_004,exp1_system_characterization/start_stop_6dof,Arrival-Hold,EgoAnchor,EgoAnchor,reference_coverage,1.0,1.0,0.0,1
20260717_203749_controller_right,exp1_system_characterization,start_stop_6dof,trial_001,event_004,exp1_system_characterization/start_stop_6dof,Arrival-Hold,EgoAnchor,EgoAnchor,display_coverage,1.0,1.0,0.0,1
20260717_203749_controller_right,exp1_system_characterization,start_stop_6dof,trial_001,event_004,exp1_system_characterization/start_stop_6dof,Arrival-Hold,EgoAnchor,EgoAnchor,output_coverage,1.0,1.0,0.0,1
20260717_203749_controller_right,exp1_system_characterization,start_stop_6dof,trial_001,event_004,exp1_system_characterization/start_stop_6dof,Arrival-Hold,EgoAnchor,EgoAnchor,translation_error_mm_median,11.066365131610048,10.60188941751975,-0.4644757140902982,1
20260717_203749_controller_right,exp1_system_characterization,start_stop_6dof,trial_001,event_004,exp1_system_characterization/start_stop_6dof,Arrival-Hold,EgoAnchor,EgoAnchor,translation_error_mm_iqr,7.390199740508553,12.798897429143887,5.408697688635334,1
20260717_203749_controller_right,exp1_system_characterization,start_stop_6dof,trial_001,event_004,exp1_system_characterization/start_stop_6dof,Arrival-Hold,EgoAnchor,EgoAnchor,translation_error_mm_p95,37.114440554438154,68.54380338597736,31.4293628315392,1
20260717_203749_controller_right,exp1_system_characterization,start_stop_6dof,trial_001,event_004,exp1_system_characterization/start_stop_6dof,Arrival-Hold,EgoAnchor,EgoAnchor,rotation_error_deg_median,3.3263010630991676,3.8144490852992528,0.48814802220008513,1
20260717_203749_controller_right,exp1_system_characterization,start_stop_6dof,trial_001,event_004,exp1_system_characterization/start_stop_6dof,Arrival-Hold,EgoAnchor,EgoAnchor,rotation_error_deg_iqr,6.899446619608078,7.700854227392547,0.8014076077844692,1
20260717_203749_controller_right,exp1_system_characterization,start_stop_6dof,trial_001,event_004,exp1_system_characterization/start_stop_6dof,Arrival-Hold,EgoAnchor,EgoAnchor,rotation_error_deg_p95,30.452499572569547,36.86326740344588,6.410767830876335,1
20260717_203749_controller_right,exp1_system_characterization,start_stop_6dof,trial_001,event_004,exp1_system_characterization/start_stop_6dof,Arrival-Hold,EgoAnchor,EgoAnchor,candidate_arrival_p50_ms,166.8680999937351,166.77959999651648,-0.08849999721860513,1
20260717_203749_controller_right,exp1_system_characterization,start_stop_6dof,trial_001,event_004,exp1_system_characterization/start_stop_6dof,Arrival-Hold,EgoAnchor,EgoAnchor,candidate_arrival_p95_ms,208.49190000299131,208.40669999888632,-0.08520000410499051,1
20260717_203749_controller_right,exp1_system_characterization,start_stop_6dof,trial_001,event_004,exp1_system_characterization/start_stop_6dof,Arrival-Hold,EgoAnchor,EgoAnchor,candidate_processing_p50_ms,72.00099999830127,72.00099999830127,0.0,1
20260717_203749_controller_right,exp1_system_characterization,start_stop_6dof,trial_001,event_004,exp1_system_characterization/start_stop_6dof,Arrival-Hold,EgoAnchor,EgoAnchor,candidate_processing_p95_ms,86.79671999886627,86.79671999886627,0.0,1
20260717_203749_controller_right,exp1_system_characterization,start_stop_6dof,trial_001,event_004,exp1_system_characterization/start_stop_6dof,Arrival-Hold,EgoAnchor,EgoAnchor,observation_age_p50_ms,42.75380000035511,216.8758500010881,174.122050000733,1
20260717_203749_controller_right,exp1_system_characterization,start_stop_6dof,trial_001,event_004,exp1_system_characterization/start_stop_6dof,Arrival-Hold,EgoAnchor,EgoAnchor,observation_age_p95_ms,97.27060000222991,277.7436949949333,180.4730949927034,1
20260717_203749_controller_right,exp1_system_characterization,start_stop_6dof,trial_001,event_004,exp1_system_characterization/start_stop_6dof,Arrival-Hold,EgoAnchor,EgoAnchor,smoothing_delay_p50_ms,42.75380000035511,283.29475224018097,240.54095223982586,1
20260717_203749_controller_right,exp1_system_characterization,start_stop_6dof,trial_001,event_004,exp1_system_characterization/start_stop_6dof,Arrival-Hold,EgoAnchor,EgoAnchor,smoothing_delay_p95_ms,97.27060000222991,300.2362474799156,202.9656474776857,1
20260717_203749_controller_right,exp1_system_characterization,start_stop_6dof,trial_001,event_004,exp1_system_characterization/start_stop_6dof,Arrival-Hold,EgoAnchor,EgoAnchor,visual_perception_hz,9.913348391493367,9.913348391493367,0.0,1
20260717_203749_controller_right,exp1_system_characterization,start_stop_6dof,trial_001,event_004,exp1_system_characterization/start_stop_6dof,Arrival-Hold,EgoAnchor,EgoAnchor,render_hz,67.74024770486875,67.74024770486875,0.0,1
20260717_203749_controller_right,exp1_system_characterization,start_stop_6dof,trial_001,event_005,exp1_system_characterization/start_stop_6dof,Arrival-Hold,Capture-Hold,Capture-Hold,reference_coverage,1.0,1.0,0.0,1
20260717_203749_controller_right,exp1_system_characterization,start_stop_6dof,trial_001,event_005,exp1_system_characterization/start_stop_6dof,Arrival-Hold,Capture-Hold,Capture-Hold,display_coverage,1.0,1.0,0.0,1
20260717_203749_controller_right,exp1_system_characterization,start_stop_6dof,trial_001,event_005,exp1_system_characterization/start_stop_6dof,Arrival-Hold,Capture-Hold,Capture-Hold,output_coverage,1.0,1.0,0.0,1
20260717_203749_controller_right,exp1_system_characterization,start_stop_6dof,trial_001,event_005,exp1_system_characterization/start_stop_6dof,Arrival-Hold,Capture-Hold,Capture-Hold,translation_error_mm_median,6.631331345143404,6.523525230778914,-0.1078061143644895,1
20260717_203749_controller_right,exp1_system_characterization,start_stop_6dof,trial_001,event_005,exp1_system_characterization/start_stop_6dof,Arrival-Hold,Capture-Hold,Capture-Hold,translation_error_mm_iqr,4.511729142446723,5.1766220726314405,0.6648929301847177,1
20260717_203749_controller_right,exp1_system_characterization,start_stop_6dof,trial_001,event_005,exp1_system_characterization/start_stop_6dof,Arrival-Hold,Capture-Hold,Capture-Hold,translation_error_mm_p95,43.602763284847654,62.989914055195,19.387150770347347,1
20260717_203749_controller_right,exp1_system_characterization,start_stop_6dof,trial_001,event_005,exp1_system_characterization/start_stop_6dof,Arrival-Hold,Capture-Hold,Capture-Hold,rotation_error_deg_median,2.9092856969986483,2.96690372319707,0.05761802619842182,1
20260717_203749_controller_right,exp1_system_characterization,start_stop_6dof,trial_001,event_005,exp1_system_characterization/start_stop_6dof,Arrival-Hold,Capture-Hold,Capture-Hold,rotation_error_deg_iqr,1.1312887496918198,1.24273978820551,0.1114510385136902,1
20260717_203749_controller_right,exp1_system_characterization,start_stop_6dof,trial_001,event_005,exp1_system_characterization/start_stop_6dof,Arrival-Hold,Capture-Hold,Capture-Hold,rotation_error_deg_p95,14.86319967222537,14.932415790718279,0.06921611849290876,1
20260717_203749_controller_right,exp1_system_characterization,start_stop_6dof,trial_001,event_005,exp1_system_characterization/start_stop_6dof,Arrival-Hold,Capture-Hold,Capture-Hold,candidate_arrival_p50_ms,167.43820000556298,167.47030000260565,0.0320999970426783,1
20260717_203749_controller_right,exp1_system_characterization,start_stop_6dof,trial_001,event_005,exp1_system_characterization/start_stop_6dof,Arrival-Hold,Capture-Hold,Capture-Hold,candidate_arrival_p95_ms,215.5918999997084,215.66134999739006,0.06944999768165872,1
20260717_203749_controller_right,exp1_system_characterization,start_stop_6dof,trial_001,event_005,exp1_system_characterization/start_stop_6dof,Arrival-Hold,Capture-Hold,Capture-Hold,candidate_processing_p50_ms,72.93910000473261,72.93910000473261,0.0,1
20260717_203749_controller_right,exp1_system_characterization,start_stop_6dof,trial_001,event_005,exp1_system_characterization/start_stop_6dof,Arrival-Hold,Capture-Hold,Capture-Hold,candidate_processing_p95_ms,82.27605000138283,82.27605000138283,0.0,1
20260717_203749_controller_right,exp1_system_characterization,start_stop_6dof,trial_001,event_005,exp1_system_characterization/start_stop_6dof,Arrival-Hold,Capture-Hold,Capture-Hold,observation_age_p50_ms,42.55109999940032,220.4289000001154,177.87780000071507,1
20260717_203749_controller_right,exp1_system_characterization,start_stop_6dof,trial_001,event_005,exp1_system_characterization/start_stop_6dof,Arrival-Hold,Capture-Hold,Capture-Hold,observation_age_p95_ms,96.08477999863679,278.7131599972781,182.62837999864132,1
20260717_203749_controller_right,exp1_system_characterization,start_stop_6dof,trial_001,event_005,exp1_system_characterization/start_stop_6dof,Arrival-Hold,Capture-Hold,Capture-Hold,smoothing_delay_p50_ms,42.55109999940032,220.4289000001154,177.87780000071507,1
20260717_203749_controller_right,exp1_system_characterization,start_stop_6dof,trial_001,event_005,exp1_system_characterization/start_stop_6dof,Arrival-Hold,Capture-Hold,Capture-Hold,smoothing_delay_p95_ms,96.08477999863679,278.7131599972781,182.62837999864132,1
20260717_203749_controller_right,exp1_system_characterization,start_stop_6dof,trial_001,event_005,exp1_system_characterization/start_stop_6dof,Arrival-Hold,Capture-Hold,Capture-Hold,visual_perception_hz,9.883683039834546,9.883683039834546,0.0,1
20260717_203749_controller_right,exp1_system_characterization,start_stop_6dof,trial_001,event_005,exp1_system_characterization/start_stop_6dof,Arrival-Hold,Capture-Hold,Capture-Hold,render_hz,63.72462525531658,63.72462525531658,0.0,1
20260717_203749_controller_right,exp1_system_characterization,start_stop_6dof,trial_001,event_005,exp1_system_characterization/start_stop_6dof,Arrival-Hold,One-Euro Anchor,One-Euro Anchor,reference_coverage,1.0,1.0,0.0,1
20260717_203749_controller_right,exp1_system_characterization,start_stop_6dof,trial_001,event_005,exp1_system_characterization/start_stop_6dof,Arrival-Hold,One-Euro Anchor,One-Euro Anchor,display_coverage,1.0,1.0,0.0,1
20260717_203749_controller_right,exp1_system_characterization,start_stop_6dof,trial_001,event_005,exp1_system_characterization/start_stop_6dof,Arrival-Hold,One-Euro Anchor,One-Euro Anchor,output_coverage,1.0,1.0,0.0,1
20260717_203749_controller_right,exp1_system_characterization,start_stop_6dof,trial_001,event_005,exp1_system_characterization/start_stop_6dof,Arrival-Hold,One-Euro Anchor,One-Euro Anchor,translation_error_mm_median,6.631331345143404,6.9098120553443065,0.2784807102009026,1
20260717_203749_controller_right,exp1_system_characterization,start_stop_6dof,trial_001,event_005,exp1_system_characterization/start_stop_6dof,Arrival-Hold,One-Euro Anchor,One-Euro Anchor,translation_error_mm_iqr,4.511729142446723,7.226861724191609,2.7151325817448866,1
20260717_203749_controller_right,exp1_system_characterization,start_stop_6dof,trial_001,event_005,exp1_system_characterization/start_stop_6dof,Arrival-Hold,One-Euro Anchor,One-Euro Anchor,translation_error_mm_p95,43.602763284847654,91.00026735839947,47.397504073551815,1
20260717_203749_controller_right,exp1_system_characterization,start_stop_6dof,trial_001,event_005,exp1_system_characterization/start_stop_6dof,Arrival-Hold,One-Euro Anchor,One-Euro Anchor,rotation_error_deg_median,2.9092856969986483,3.1143244139011257,0.20503871690247744,1
20260717_203749_controller_right,exp1_system_characterization,start_stop_6dof,trial_001,event_005,exp1_system_characterization/start_stop_6dof,Arrival-Hold,One-Euro Anchor,One-Euro Anchor,rotation_error_deg_iqr,1.1312887496918198,1.7710081039948768,0.639719354303057,1
20260717_203749_controller_right,exp1_system_characterization,start_stop_6dof,trial_001,event_005,exp1_system_characterization/start_stop_6dof,Arrival-Hold,One-Euro Anchor,One-Euro Anchor,rotation_error_deg_p95,14.86319967222537,22.290615850144793,7.427416177919422,1
20260717_203749_controller_right,exp1_system_characterization,start_stop_6dof,trial_001,event_005,exp1_system_characterization/start_stop_6dof,Arrival-Hold,One-Euro Anchor,One-Euro Anchor,candidate_arrival_p50_ms,167.43820000556298,167.49870000057854,0.06049999501556158,1
20260717_203749_controller_right,exp1_system_characterization,start_stop_6dof,trial_001,event_005,exp1_system_characterization/start_stop_6dof,Arrival-Hold,One-Euro Anchor,One-Euro Anchor,candidate_arrival_p95_ms,215.5918999997084,215.74120000150288,0.14930000179447234,1
20260717_203749_controller_right,exp1_system_characterization,start_stop_6dof,trial_001,event_005,exp1_system_characterization/start_stop_6dof,Arrival-Hold,One-Euro Anchor,One-Euro Anchor,candidate_processing_p50_ms,72.93910000473261,72.93910000473261,0.0,1
20260717_203749_controller_right,exp1_system_characterization,start_stop_6dof,trial_001,event_005,exp1_system_characterization/start_stop_6dof,Arrival-Hold,One-Euro Anchor,One-Euro Anchor,candidate_processing_p95_ms,82.27605000138283,82.27605000138283,0.0,1
20260717_203749_controller_right,exp1_system_characterization,start_stop_6dof,trial_001,event_005,exp1_system_characterization/start_stop_6dof,Arrival-Hold,One-Euro Anchor,One-Euro Anchor,observation_age_p50_ms,42.55109999940032,220.42969999893103,177.8785999995307,1
20260717_203749_controller_right,exp1_system_characterization,start_stop_6dof,trial_001,event_005,exp1_system_characterization/start_stop_6dof,Arrival-Hold,One-Euro Anchor,One-Euro Anchor,observation_age_p95_ms,96.08477999863679,278.7139699961699,182.6291899975331,1
20260717_203749_controller_right,exp1_system_characterization,start_stop_6dof,trial_001,event_005,exp1_system_characterization/start_stop_6dof,Arrival-Hold,One-Euro Anchor,One-Euro Anchor,smoothing_delay_p50_ms,42.55109999940032,220.42969999893103,177.8785999995307,1
20260717_203749_controller_right,exp1_system_characterization,start_stop_6dof,trial_001,event_005,exp1_system_characterization/start_stop_6dof,Arrival-Hold,One-Euro Anchor,One-Euro Anchor,smoothing_delay_p95_ms,96.08477999863679,278.7139699961699,182.6291899975331,1
20260717_203749_controller_right,exp1_system_characterization,start_stop_6dof,trial_001,event_005,exp1_system_characterization/start_stop_6dof,Arrival-Hold,One-Euro Anchor,One-Euro Anchor,visual_perception_hz,9.883683039834546,9.883683039834546,0.0,1
20260717_203749_controller_right,exp1_system_characterization,start_stop_6dof,trial_001,event_005,exp1_system_characterization/start_stop_6dof,Arrival-Hold,One-Euro Anchor,One-Euro Anchor,render_hz,63.72462525531658,63.72462525531658,0.0,1
20260717_203749_controller_right,exp1_system_characterization,start_stop_6dof,trial_001,event_005,exp1_system_characterization/start_stop_6dof,Arrival-Hold,EgoAnchor,EgoAnchor,reference_coverage,1.0,1.0,0.0,1
20260717_203749_controller_right,exp1_system_characterization,start_stop_6dof,trial_001,event_005,exp1_system_characterization/start_stop_6dof,Arrival-Hold,EgoAnchor,EgoAnchor,display_coverage,1.0,1.0,0.0,1
20260717_203749_controller_right,exp1_system_characterization,start_stop_6dof,trial_001,event_005,exp1_system_characterization/start_stop_6dof,Arrival-Hold,EgoAnchor,EgoAnchor,output_coverage,1.0,1.0,0.0,1
20260717_203749_controller_right,exp1_system_characterization,start_stop_6dof,trial_001,event_005,exp1_system_characterization/start_stop_6dof,Arrival-Hold,EgoAnchor,EgoAnchor,translation_error_mm_median,6.631331345143404,8.750204234556973,2.118872889413569,1
20260717_203749_controller_right,exp1_system_characterization,start_stop_6dof,trial_001,event_005,exp1_system_characterization/start_stop_6dof,Arrival-Hold,EgoAnchor,EgoAnchor,translation_error_mm_iqr,4.511729142446723,4.3236596036303965,-0.18806953881632626,1
20260717_203749_controller_right,exp1_system_characterization,start_stop_6dof,trial_001,event_005,exp1_system_characterization/start_stop_6dof,Arrival-Hold,EgoAnchor,EgoAnchor,translation_error_mm_p95,43.602763284847654,87.5451813229397,43.94241803809204,1
20260717_203749_controller_right,exp1_system_characterization,start_stop_6dof,trial_001,event_005,exp1_system_characterization/start_stop_6dof,Arrival-Hold,EgoAnchor,EgoAnchor,rotation_error_deg_median,2.9092856969986483,4.280848029951814,1.3715623329531659,1
20260717_203749_controller_right,exp1_system_characterization,start_stop_6dof,trial_001,event_005,exp1_system_characterization/start_stop_6dof,Arrival-Hold,EgoAnchor,EgoAnchor,rotation_error_deg_iqr,1.1312887496918198,2.552882370549214,1.421593620857394,1
20260717_203749_controller_right,exp1_system_characterization,start_stop_6dof,trial_001,event_005,exp1_system_characterization/start_stop_6dof,Arrival-Hold,EgoAnchor,EgoAnchor,rotation_error_deg_p95,14.86319967222537,20.389083026241398,5.5258833540160275,1
20260717_203749_controller_right,exp1_system_characterization,start_stop_6dof,trial_001,event_005,exp1_system_characterization/start_stop_6dof,Arrival-Hold,EgoAnchor,EgoAnchor,candidate_arrival_p50_ms,167.43820000556298,167.35520000656834,-0.08299999899463728,1
20260717_203749_controller_right,exp1_system_characterization,start_stop_6dof,trial_001,event_005,exp1_system_characterization/start_stop_6dof,Arrival-Hold,EgoAnchor,EgoAnchor,candidate_arrival_p95_ms,215.5918999997084,215.467849997367,-0.12405000234139152,1
20260717_203749_controller_right,exp1_system_characterization,start_stop_6dof,trial_001,event_005,exp1_system_characterization/start_stop_6dof,Arrival-Hold,EgoAnchor,EgoAnchor,candidate_processing_p50_ms,72.93910000473261,72.93910000473261,0.0,1
20260717_203749_controller_right,exp1_system_characterization,start_stop_6dof,trial_001,event_005,exp1_system_characterization/start_stop_6dof,Arrival-Hold,EgoAnchor,EgoAnchor,candidate_processing_p95_ms,82.27605000138283,82.27605000138283,0.0,1
20260717_203749_controller_right,exp1_system_characterization,start_stop_6dof,trial_001,event_005,exp1_system_characterization/start_stop_6dof,Arrival-Hold,EgoAnchor,EgoAnchor,observation_age_p50_ms,42.55109999940032,220.4208999974071,177.86979999800678,1
20260717_203749_controller_right,exp1_system_characterization,start_stop_6dof,trial_001,event_005,exp1_system_characterization/start_stop_6dof,Arrival-Hold,EgoAnchor,EgoAnchor,observation_age_p95_ms,96.08477999863679,278.70500999924843,182.62023000061163,1
20260717_203749_controller_right,exp1_system_characterization,start_stop_6dof,trial_001,event_005,exp1_system_characterization/start_stop_6dof,Arrival-Hold,EgoAnchor,EgoAnchor,smoothing_delay_p50_ms,42.55109999940032,284.728080034256,242.17698003485566,1
20260717_203749_controller_right,exp1_system_characterization,start_stop_6dof,trial_001,event_005,exp1_system_characterization/start_stop_6dof,Arrival-Hold,EgoAnchor,EgoAnchor,smoothing_delay_p95_ms,96.08477999863679,309.08992886543274,213.00514886679593,1
20260717_203749_controller_right,exp1_system_characterization,start_stop_6dof,trial_001,event_005,exp1_system_characterization/start_stop_6dof,Arrival-Hold,EgoAnchor,EgoAnchor,visual_perception_hz,9.883683039834546,9.883683039834546,0.0,1
20260717_203749_controller_right,exp1_system_characterization,start_stop_6dof,trial_001,event_005,exp1_system_characterization/start_stop_6dof,Arrival-Hold,EgoAnchor,EgoAnchor,render_hz,63.72462525531658,63.72462525531658,0.0,1
20260717_204156_controller_right,exp1_system_characterization,continuous_translation,trial_001,,exp1_system_characterization/continuous_translation,Arrival-Hold,Capture-Hold,Capture-Hold,reference_coverage,1.0,1.0,0.0,1
20260717_204156_controller_right,exp1_system_characterization,continuous_translation,trial_001,,exp1_system_characterization/continuous_translation,Arrival-Hold,Capture-Hold,Capture-Hold,display_coverage,1.0,1.0,0.0,1
20260717_204156_controller_right,exp1_system_characterization,continuous_translation,trial_001,,exp1_system_characterization/continuous_translation,Arrival-Hold,Capture-Hold,Capture-Hold,output_coverage,0.7446340121078702,0.7446340121078702,0.0,1
20260717_204156_controller_right,exp1_system_characterization,continuous_translation,trial_001,,exp1_system_characterization/continuous_translation,Arrival-Hold,Capture-Hold,Capture-Hold,translation_error_mm_median,3.9548064483368814,3.6637896716899543,-0.29101677664692716,1
20260717_204156_controller_right,exp1_system_characterization,continuous_translation,trial_001,,exp1_system_characterization/continuous_translation,Arrival-Hold,Capture-Hold,Capture-Hold,translation_error_mm_iqr,5.451767987550134,4.97295710927506,-0.4788108782750742,1
20260717_204156_controller_right,exp1_system_characterization,continuous_translation,trial_001,,exp1_system_characterization/continuous_translation,Arrival-Hold,Capture-Hold,Capture-Hold,translation_error_mm_p95,112.52841491739491,112.16007110187378,-0.36834381552112916,1
20260717_204156_controller_right,exp1_system_characterization,continuous_translation,trial_001,,exp1_system_characterization/continuous_translation,Arrival-Hold,Capture-Hold,Capture-Hold,rotation_error_deg_median,4.175156714514473,4.2460664895993805,0.0709097750849077,1
20260717_204156_controller_right,exp1_system_characterization,continuous_translation,trial_001,,exp1_system_characterization/continuous_translation,Arrival-Hold,Capture-Hold,Capture-Hold,rotation_error_deg_iqr,2.3943908258508872,2.3913252508412177,-0.00306557500966953,1
20260717_204156_controller_right,exp1_system_characterization,continuous_translation,trial_001,,exp1_system_characterization/continuous_translation,Arrival-Hold,Capture-Hold,Capture-Hold,rotation_error_deg_p95,63.17244902556832,63.13817583323492,-0.034273192333401425,1
20260717_204156_controller_right,exp1_system_characterization,continuous_translation,trial_001,,exp1_system_characterization/continuous_translation,Arrival-Hold,Capture-Hold,Capture-Hold,candidate_arrival_p50_ms,167.0735500047158,167.1066000017163,0.033049997000489384,1
20260717_204156_controller_right,exp1_system_characterization,continuous_translation,trial_001,,exp1_system_characterization/continuous_translation,Arrival-Hold,Capture-Hold,Capture-Hold,candidate_arrival_p95_ms,208.11205000245536,208.35052499751328,0.23847499505791347,1
20260717_204156_controller_right,exp1_system_characterization,continuous_translation,trial_001,,exp1_system_characterization/continuous_translation,Arrival-Hold,Capture-Hold,Capture-Hold,candidate_processing_p50_ms,71.33709999918938,71.33709999918938,0.0,1
20260717_204156_controller_right,exp1_system_characterization,continuous_translation,trial_001,,exp1_system_characterization/continuous_translation,Arrival-Hold,Capture-Hold,Capture-Hold,candidate_processing_p95_ms,86.31781999990343,86.31781999990343,0.0,1
20260717_204156_controller_right,exp1_system_characterization,continuous_translation,trial_001,,exp1_system_characterization/continuous_translation,Arrival-Hold,Capture-Hold,Capture-Hold,observation_age_p50_ms,43.67760000604903,216.9720000019879,173.29439999593887,1
20260717_204156_controller_right,exp1_system_characterization,continuous_translation,trial_001,,exp1_system_characterization/continuous_translation,Arrival-Hold,Capture-Hold,Capture-Hold,observation_age_p95_ms,98.77750000014203,277.67578000202775,178.89828000188572,1
20260717_204156_controller_right,exp1_system_characterization,continuous_translation,trial_001,,exp1_system_characterization/continuous_translation,Arrival-Hold,Capture-Hold,Capture-Hold,smoothing_delay_p50_ms,43.67760000604903,216.9720000019879,173.29439999593887,1
20260717_204156_controller_right,exp1_system_characterization,continuous_translation,trial_001,,exp1_system_characterization/continuous_translation,Arrival-Hold,Capture-Hold,Capture-Hold,smoothing_delay_p95_ms,98.77750000014203,277.67578000202775,178.89828000188572,1
20260717_204156_controller_right,exp1_system_characterization,continuous_translation,trial_001,,exp1_system_characterization/continuous_translation,Arrival-Hold,Capture-Hold,Capture-Hold,visual_perception_hz,11.884567006502087,11.884567006502087,0.0,1
20260717_204156_controller_right,exp1_system_characterization,continuous_translation,trial_001,,exp1_system_characterization/continuous_translation,Arrival-Hold,Capture-Hold,Capture-Hold,render_hz,69.26664115320777,69.26664115320777,0.0,1
20260717_204156_controller_right,exp1_system_characterization,continuous_translation,trial_001,,exp1_system_characterization/continuous_translation,Arrival-Hold,One-Euro Anchor,One-Euro Anchor,reference_coverage,1.0,1.0,0.0,1
20260717_204156_controller_right,exp1_system_characterization,continuous_translation,trial_001,,exp1_system_characterization/continuous_translation,Arrival-Hold,One-Euro Anchor,One-Euro Anchor,display_coverage,1.0,1.0,0.0,1
20260717_204156_controller_right,exp1_system_characterization,continuous_translation,trial_001,,exp1_system_characterization/continuous_translation,Arrival-Hold,One-Euro Anchor,One-Euro Anchor,output_coverage,0.7446340121078702,0.7446340121078702,0.0,1
20260717_204156_controller_right,exp1_system_characterization,continuous_translation,trial_001,,exp1_system_characterization/continuous_translation,Arrival-Hold,One-Euro Anchor,One-Euro Anchor,translation_error_mm_median,3.9548064483368814,3.5227281782966067,-0.43207827004027477,1
20260717_204156_controller_right,exp1_system_characterization,continuous_translation,trial_001,,exp1_system_characterization/continuous_translation,Arrival-Hold,One-Euro Anchor,One-Euro Anchor,translation_error_mm_iqr,5.451767987550134,5.977117145735681,0.5253491581855467,1
20260717_204156_controller_right,exp1_system_characterization,continuous_translation,trial_001,,exp1_system_characterization/continuous_translation,Arrival-Hold,One-Euro Anchor,One-Euro Anchor,translation_error_mm_p95,112.52841491739491,112.46012757975718,-0.06828733763772732,1
20260717_204156_controller_right,exp1_system_characterization,continuous_translation,trial_001,,exp1_system_characterization/continuous_translation,Arrival-Hold,One-Euro Anchor,One-Euro Anchor,rotation_error_deg_median,4.175156714514473,4.434276823672749,0.25912010915827643,1
20260717_204156_controller_right,exp1_system_characterization,continuous_translation,trial_001,,exp1_system_characterization/continuous_translation,Arrival-Hold,One-Euro Anchor,One-Euro Anchor,rotation_error_deg_iqr,2.3943908258508872,1.9843533723337101,-0.41003745351717713,1
20260717_204156_controller_right,exp1_system_characterization,continuous_translation,trial_001,,exp1_system_characterization/continuous_translation,Arrival-Hold,One-Euro Anchor,One-Euro Anchor,rotation_error_deg_p95,63.17244902556832,63.09068976080151,-0.08175926476680928,1
20260717_204156_controller_right,exp1_system_characterization,continuous_translation,trial_001,,exp1_system_characterization/continuous_translation,Arrival-Hold,One-Euro Anchor,One-Euro Anchor,candidate_arrival_p50_ms,167.0735500047158,167.13385000184644,0.060299997130641714,1
20260717_204156_controller_right,exp1_system_characterization,continuous_translation,trial_001,,exp1_system_characterization/continuous_translation,Arrival-Hold,One-Euro Anchor,One-Euro Anchor,candidate_arrival_p95_ms,208.11205000245536,208.37557499908144,0.2635249966260744,1
20260717_204156_controller_right,exp1_system_characterization,continuous_translation,trial_001,,exp1_system_characterization/continuous_translation,Arrival-Hold,One-Euro Anchor,One-Euro Anchor,candidate_processing_p50_ms,71.33709999918938,71.33709999918938,0.0,1
20260717_204156_controller_right,exp1_system_characterization,continuous_translation,trial_001,,exp1_system_characterization/continuous_translation,Arrival-Hold,One-Euro Anchor,One-Euro Anchor,candidate_processing_p95_ms,86.31781999990343,86.31781999990343,0.0,1
20260717_204156_controller_right,exp1_system_characterization,continuous_translation,trial_001,,exp1_system_characterization/continuous_translation,Arrival-Hold,One-Euro Anchor,One-Euro Anchor,observation_age_p50_ms,43.67760000604903,216.9727000000421,173.29509999399306,1
20260717_204156_controller_right,exp1_system_characterization,continuous_translation,trial_001,,exp1_system_characterization/continuous_translation,Arrival-Hold,One-Euro Anchor,One-Euro Anchor,observation_age_p95_ms,98.77750000014203,277.67644000268774,178.89894000254571,1
20260717_204156_controller_right,exp1_system_characterization,continuous_translation,trial_001,,exp1_system_characterization/continuous_translation,Arrival-Hold,One-Euro Anchor,One-Euro Anchor,smoothing_delay_p50_ms,43.67760000604903,216.9727000000421,173.29509999399306,1
20260717_204156_controller_right,exp1_system_characterization,continuous_translation,trial_001,,exp1_system_characterization/continuous_translation,Arrival-Hold,One-Euro Anchor,One-Euro Anchor,smoothing_delay_p95_ms,98.77750000014203,277.67644000268774,178.89894000254571,1
20260717_204156_controller_right,exp1_system_characterization,continuous_translation,trial_001,,exp1_system_characterization/continuous_translation,Arrival-Hold,One-Euro Anchor,One-Euro Anchor,visual_perception_hz,11.884567006502087,11.884567006502087,0.0,1
20260717_204156_controller_right,exp1_system_characterization,continuous_translation,trial_001,,exp1_system_characterization/continuous_translation,Arrival-Hold,One-Euro Anchor,One-Euro Anchor,render_hz,69.26664115320777,69.26664115320777,0.0,1
20260717_204156_controller_right,exp1_system_characterization,continuous_translation,trial_001,,exp1_system_characterization/continuous_translation,Arrival-Hold,EgoAnchor,EgoAnchor,reference_coverage,1.0,1.0,0.0,1
20260717_204156_controller_right,exp1_system_characterization,continuous_translation,trial_001,,exp1_system_characterization/continuous_translation,Arrival-Hold,EgoAnchor,EgoAnchor,display_coverage,1.0,1.0,0.0,1
20260717_204156_controller_right,exp1_system_characterization,continuous_translation,trial_001,,exp1_system_characterization/continuous_translation,Arrival-Hold,EgoAnchor,EgoAnchor,output_coverage,0.7446340121078702,0.7407815079801872,-0.0038525041276830096,1
20260717_204156_controller_right,exp1_system_characterization,continuous_translation,trial_001,,exp1_system_characterization/continuous_translation,Arrival-Hold,EgoAnchor,EgoAnchor,translation_error_mm_median,3.9548064483368814,2.9485344534486884,-1.006271994888193,1
20260717_204156_controller_right,exp1_system_characterization,continuous_translation,trial_001,,exp1_system_characterization/continuous_translation,Arrival-Hold,EgoAnchor,EgoAnchor,translation_error_mm_iqr,5.451767987550134,6.087732131852727,0.6359641443025925,1
20260717_204156_controller_right,exp1_system_characterization,continuous_translation,trial_001,,exp1_system_characterization/continuous_translation,Arrival-Hold,EgoAnchor,EgoAnchor,translation_error_mm_p95,112.52841491739491,112.7855492445609,0.2571343271659856,1
20260717_204156_controller_right,exp1_system_characterization,continuous_translation,trial_001,,exp1_system_characterization/continuous_translation,Arrival-Hold,EgoAnchor,EgoAnchor,rotation_error_deg_median,4.175156714514473,4.127741368292534,-0.0474153462219391,1
20260717_204156_controller_right,exp1_system_characterization,continuous_translation,trial_001,,exp1_system_characterization/continuous_translation,Arrival-Hold,EgoAnchor,EgoAnchor,rotation_error_deg_iqr,2.3943908258508872,0.9754580927909227,-1.4189327330599646,1
20260717_204156_controller_right,exp1_system_characterization,continuous_translation,trial_001,,exp1_system_characterization/continuous_translation,Arrival-Hold,EgoAnchor,EgoAnchor,rotation_error_deg_p95,63.17244902556832,63.33417923237128,0.16173020680295735,1
20260717_204156_controller_right,exp1_system_characterization,continuous_translation,trial_001,,exp1_system_characterization/continuous_translation,Arrival-Hold,EgoAnchor,EgoAnchor,candidate_arrival_p50_ms,167.0735500047158,166.98275000453577,-0.09080000018002465,1
20260717_204156_controller_right,exp1_system_characterization,continuous_translation,trial_001,,exp1_system_characterization/continuous_translation,Arrival-Hold,EgoAnchor,EgoAnchor,candidate_arrival_p95_ms,208.11205000245536,208.03177499874437,-0.0802750037109945,1
20260717_204156_controller_right,exp1_system_characterization,continuous_translation,trial_001,,exp1_system_characterization/continuous_translation,Arrival-Hold,EgoAnchor,EgoAnchor,candidate_processing_p50_ms,71.33709999918938,71.33709999918938,0.0,1
20260717_204156_controller_right,exp1_system_characterization,continuous_translation,trial_001,,exp1_system_characterization/continuous_translation,Arrival-Hold,EgoAnchor,EgoAnchor,candidate_processing_p95_ms,86.31781999990343,86.31781999990343,0.0,1
20260717_204156_controller_right,exp1_system_characterization,continuous_translation,trial_001,,exp1_system_characterization/continuous_translation,Arrival-Hold,EgoAnchor,EgoAnchor,observation_age_p50_ms,43.67760000604903,216.9995000003837,173.32189999433467,1
20260717_204156_controller_right,exp1_system_characterization,continuous_translation,trial_001,,exp1_system_characterization/continuous_translation,Arrival-Hold,EgoAnchor,EgoAnchor,observation_age_p95_ms,98.77750000014203,277.6738499997009,178.89634999955888,1
20260717_204156_controller_right,exp1_system_characterization,continuous_translation,trial_001,,exp1_system_characterization/continuous_translation,Arrival-Hold,EgoAnchor,EgoAnchor,smoothing_delay_p50_ms,43.67760000604903,285.0363552570343,241.35875525098527,1
20260717_204156_controller_right,exp1_system_characterization,continuous_translation,trial_001,,exp1_system_characterization/continuous_translation,Arrival-Hold,EgoAnchor,EgoAnchor,smoothing_delay_p95_ms,98.77750000014203,841.5738850013439,742.7963850012019,1
20260717_204156_controller_right,exp1_system_characterization,continuous_translation,trial_001,,exp1_system_characterization/continuous_translation,Arrival-Hold,EgoAnchor,EgoAnchor,visual_perception_hz,11.884567006502087,11.884567006502087,0.0,1
20260717_204156_controller_right,exp1_system_characterization,continuous_translation,trial_001,,exp1_system_characterization/continuous_translation,Arrival-Hold,EgoAnchor,EgoAnchor,render_hz,69.26664115320777,69.26664115320777,0.0,1
20260717_204156_controller_right,exp1_system_characterization,continuous_translation,trial_001,event_001,exp1_system_characterization/continuous_translation,Arrival-Hold,Capture-Hold,Capture-Hold,reference_coverage,1.0,1.0,0.0,1
20260717_204156_controller_right,exp1_system_characterization,continuous_translation,trial_001,event_001,exp1_system_characterization/continuous_translation,Arrival-Hold,Capture-Hold,Capture-Hold,display_coverage,1.0,1.0,0.0,1
20260717_204156_controller_right,exp1_system_characterization,continuous_translation,trial_001,event_001,exp1_system_characterization/continuous_translation,Arrival-Hold,Capture-Hold,Capture-Hold,output_coverage,1.0,1.0,0.0,1
20260717_204156_controller_right,exp1_system_characterization,continuous_translation,trial_001,event_001,exp1_system_characterization/continuous_translation,Arrival-Hold,Capture-Hold,Capture-Hold,translation_error_mm_median,32.205098478283844,44.616276020132034,12.41117754184819,1
20260717_204156_controller_right,exp1_system_characterization,continuous_translation,trial_001,event_001,exp1_system_characterization/continuous_translation,Arrival-Hold,Capture-Hold,Capture-Hold,translation_error_mm_iqr,24.114474512996612,37.151747041663654,13.037272528667042,1
20260717_204156_controller_right,exp1_system_characterization,continuous_translation,trial_001,event_001,exp1_system_characterization/continuous_translation,Arrival-Hold,Capture-Hold,Capture-Hold,translation_error_mm_p95,52.70444078202456,68.84062272106671,16.136181939042146,1
20260717_204156_controller_right,exp1_system_characterization,continuous_translation,trial_001,event_001,exp1_system_characterization/continuous_translation,Arrival-Hold,Capture-Hold,Capture-Hold,rotation_error_deg_median,3.43497248707458,4.347249721597663,0.9122772345230832,1
20260717_204156_controller_right,exp1_system_characterization,continuous_translation,trial_001,event_001,exp1_system_characterization/continuous_translation,Arrival-Hold,Capture-Hold,Capture-Hold,rotation_error_deg_iqr,1.5066349064222408,2.196882080869491,0.6902471744472503,1
20260717_204156_controller_right,exp1_system_characterization,continuous_translation,trial_001,event_001,exp1_system_characterization/continuous_translation,Arrival-Hold,Capture-Hold,Capture-Hold,rotation_error_deg_p95,5.191063646405582,6.349006617750786,1.1579429713452036,1
20260717_204156_controller_right,exp1_system_characterization,continuous_translation,trial_001,event_001,exp1_system_characterization/continuous_translation,Arrival-Hold,Capture-Hold,Capture-Hold,candidate_arrival_p50_ms,166.46079999918584,166.49470000265865,0.03390000347280875,1
20260717_204156_controller_right,exp1_system_characterization,continuous_translation,trial_001,event_001,exp1_system_characterization/continuous_translation,Arrival-Hold,Capture-Hold,Capture-Hold,candidate_arrival_p95_ms,192.70533000089924,192.73578000575068,0.030450004851445556,1
20260717_204156_controller_right,exp1_system_characterization,continuous_translation,trial_001,event_001,exp1_system_characterization/continuous_translation,Arrival-Hold,Capture-Hold,Capture-Hold,candidate_processing_p50_ms,75.62139999866486,75.62139999866486,0.0,1
20260717_204156_controller_right,exp1_system_characterization,continuous_translation,trial_001,event_001,exp1_system_characterization/continuous_translation,Arrival-Hold,Capture-Hold,Capture-Hold,candidate_processing_p95_ms,86.64606000110507,86.64606000110507,0.0,1
20260717_204156_controller_right,exp1_system_characterization,continuous_translation,trial_001,event_001,exp1_system_characterization/continuous_translation,Arrival-Hold,Capture-Hold,Capture-Hold,observation_age_p50_ms,48.6421999958111,215.80505000019912,167.16285000438802,1
20260717_204156_controller_right,exp1_system_characterization,continuous_translation,trial_001,event_001,exp1_system_characterization/continuous_translation,Arrival-Hold,Capture-Hold,Capture-Hold,observation_age_p95_ms,98.64542499963133,265.52990000309364,166.8844750034623,1
20260717_204156_controller_right,exp1_system_characterization,continuous_translation,trial_001,event_001,exp1_system_characterization/continuous_translation,Arrival-Hold,Capture-Hold,Capture-Hold,smoothing_delay_p50_ms,48.6421999958111,215.80505000019912,167.16285000438802,1
20260717_204156_controller_right,exp1_system_characterization,continuous_translation,trial_001,event_001,exp1_system_characterization/continuous_translation,Arrival-Hold,Capture-Hold,Capture-Hold,smoothing_delay_p95_ms,98.64542499963133,265.52990000309364,166.8844750034623,1
20260717_204156_controller_right,exp1_system_characterization,continuous_translation,trial_001,event_001,exp1_system_characterization/continuous_translation,Arrival-Hold,Capture-Hold,Capture-Hold,visual_perception_hz,9.554302224107369,9.554302224107369,0.0,1
20260717_204156_controller_right,exp1_system_characterization,continuous_translation,trial_001,event_001,exp1_system_characterization/continuous_translation,Arrival-Hold,Capture-Hold,Capture-Hold,render_hz,68.40925287394393,68.40925287394393,0.0,1
20260717_204156_controller_right,exp1_system_characterization,continuous_translation,trial_001,event_001,exp1_system_characterization/continuous_translation,Arrival-Hold,One-Euro Anchor,One-Euro Anchor,reference_coverage,1.0,1.0,0.0,1
20260717_204156_controller_right,exp1_system_characterization,continuous_translation,trial_001,event_001,exp1_system_characterization/continuous_translation,Arrival-Hold,One-Euro Anchor,One-Euro Anchor,display_coverage,1.0,1.0,0.0,1
20260717_204156_controller_right,exp1_system_characterization,continuous_translation,trial_001,event_001,exp1_system_characterization/continuous_translation,Arrival-Hold,One-Euro Anchor,One-Euro Anchor,output_coverage,1.0,1.0,0.0,1
20260717_204156_controller_right,exp1_system_characterization,continuous_translation,trial_001,event_001,exp1_system_characterization/continuous_translation,Arrival-Hold,One-Euro Anchor,One-Euro Anchor,translation_error_mm_median,32.205098478283844,67.12324598383775,34.918147505553904,1
20260717_204156_controller_right,exp1_system_characterization,continuous_translation,trial_001,event_001,exp1_system_characterization/continuous_translation,Arrival-Hold,One-Euro Anchor,One-Euro Anchor,translation_error_mm_iqr,24.114474512996612,64.87550149470069,40.76102698170408,1
20260717_204156_controller_right,exp1_system_characterization,continuous_translation,trial_001,event_001,exp1_system_characterization/continuous_translation,Arrival-Hold,One-Euro Anchor,One-Euro Anchor,translation_error_mm_p95,52.70444078202456,102.95364054600233,50.24919976397777,1
20260717_204156_controller_right,exp1_system_characterization,continuous_translation,trial_001,event_001,exp1_system_characterization/continuous_translation,Arrival-Hold,One-Euro Anchor,One-Euro Anchor,rotation_error_deg_median,3.43497248707458,6.002710475427743,2.567737988353163,1
20260717_204156_controller_right,exp1_system_characterization,continuous_translation,trial_001,event_001,exp1_system_characterization/continuous_translation,Arrival-Hold,One-Euro Anchor,One-Euro Anchor,rotation_error_deg_iqr,1.5066349064222408,3.8826904011889116,2.3760554947666708,1
20260717_204156_controller_right,exp1_system_characterization,continuous_translation,trial_001,event_001,exp1_system_characterization/continuous_translation,Arrival-Hold,One-Euro Anchor,One-Euro Anchor,rotation_error_deg_p95,5.191063646405582,8.375421020091466,3.1843573736858835,1
20260717_204156_controller_right,exp1_system_characterization,continuous_translation,trial_001,event_001,exp1_system_characterization/continuous_translation,Arrival-Hold,One-Euro Anchor,One-Euro Anchor,candidate_arrival_p50_ms,166.46079999918584,166.52299999987008,0.062200000684242696,1
20260717_204156_controller_right,exp1_system_characterization,continuous_translation,trial_001,event_001,exp1_system_characterization/continuous_translation,Arrival-Hold,One-Euro Anchor,One-Euro Anchor,candidate_arrival_p95_ms,192.70533000089924,192.76441000110933,0.059080000210087746,1
20260717_204156_controller_right,exp1_system_characterization,continuous_translation,trial_001,event_001,exp1_system_characterization/continuous_translation,Arrival-Hold,One-Euro Anchor,One-Euro Anchor,candidate_processing_p50_ms,75.62139999866486,75.62139999866486,0.0,1
20260717_204156_controller_right,exp1_system_characterization,continuous_translation,trial_001,event_001,exp1_system_characterization/continuous_translation,Arrival-Hold,One-Euro Anchor,One-Euro Anchor,candidate_processing_p95_ms,86.64606000110507,86.64606000110507,0.0,1
20260717_204156_controller_right,exp1_system_characterization,continuous_translation,trial_001,event_001,exp1_system_characterization/continuous_translation,Arrival-Hold,One-Euro Anchor,One-Euro Anchor,observation_age_p50_ms,48.6421999958111,215.80584999901475,167.16365000320366,1
20260717_204156_controller_right,exp1_system_characterization,continuous_translation,trial_001,event_001,exp1_system_characterization/continuous_translation,Arrival-Hold,One-Euro Anchor,One-Euro Anchor,observation_age_p95_ms,98.64542499963133,265.53069000219693,166.8852650025656,1
20260717_204156_controller_right,exp1_system_characterization,continuous_translation,trial_001,event_001,exp1_system_characterization/continuous_translation,Arrival-Hold,One-Euro Anchor,One-Euro Anchor,smoothing_delay_p50_ms,48.6421999958111,215.80584999901475,167.16365000320366,1
20260717_204156_controller_right,exp1_system_characterization,continuous_translation,trial_001,event_001,exp1_system_characterization/continuous_translation,Arrival-Hold,One-Euro Anchor,One-Euro Anchor,smoothing_delay_p95_ms,98.64542499963133,265.53069000219693,166.8852650025656,1
20260717_204156_controller_right,exp1_system_characterization,continuous_translation,trial_001,event_001,exp1_system_characterization/continuous_translation,Arrival-Hold,One-Euro Anchor,One-Euro Anchor,visual_perception_hz,9.554302224107369,9.554302224107369,0.0,1
20260717_204156_controller_right,exp1_system_characterization,continuous_translation,trial_001,event_001,exp1_system_characterization/continuous_translation,Arrival-Hold,One-Euro Anchor,One-Euro Anchor,render_hz,68.40925287394393,68.40925287394393,0.0,1
20260717_204156_controller_right,exp1_system_characterization,continuous_translation,trial_001,event_001,exp1_system_characterization/continuous_translation,Arrival-Hold,EgoAnchor,EgoAnchor,reference_coverage,1.0,1.0,0.0,1
20260717_204156_controller_right,exp1_system_characterization,continuous_translation,trial_001,event_001,exp1_system_characterization/continuous_translation,Arrival-Hold,EgoAnchor,EgoAnchor,display_coverage,1.0,1.0,0.0,1
20260717_204156_controller_right,exp1_system_characterization,continuous_translation,trial_001,event_001,exp1_system_characterization/continuous_translation,Arrival-Hold,EgoAnchor,EgoAnchor,output_coverage,1.0,1.0,0.0,1
20260717_204156_controller_right,exp1_system_characterization,continuous_translation,trial_001,event_001,exp1_system_characterization/continuous_translation,Arrival-Hold,EgoAnchor,EgoAnchor,translation_error_mm_median,32.205098478283844,71.41010214364954,39.205003665365695,1
20260717_204156_controller_right,exp1_system_characterization,continuous_translation,trial_001,event_001,exp1_system_characterization/continuous_translation,Arrival-Hold,EgoAnchor,EgoAnchor,translation_error_mm_iqr,24.114474512996612,59.154644977801816,35.0401704648052,1
20260717_204156_controller_right,exp1_system_characterization,continuous_translation,trial_001,event_001,exp1_system_characterization/continuous_translation,Arrival-Hold,EgoAnchor,EgoAnchor,translation_error_mm_p95,52.70444078202456,97.96647712610006,45.2620363440755,1
20260717_204156_controller_right,exp1_system_characterization,continuous_translation,trial_001,event_001,exp1_system_characterization/continuous_translation,Arrival-Hold,EgoAnchor,EgoAnchor,rotation_error_deg_median,3.43497248707458,5.948972204559309,2.5139997174847295,1
20260717_204156_controller_right,exp1_system_characterization,continuous_translation,trial_001,event_001,exp1_system_characterization/continuous_translation,Arrival-Hold,EgoAnchor,EgoAnchor,rotation_error_deg_iqr,1.5066349064222408,3.9303473254745933,2.4237124190523525,1
20260717_204156_controller_right,exp1_system_characterization,continuous_translation,trial_001,event_001,exp1_system_characterization/continuous_translation,Arrival-Hold,EgoAnchor,EgoAnchor,rotation_error_deg_p95,5.191063646405582,7.727741330967837,2.536677684562255,1
20260717_204156_controller_right,exp1_system_characterization,continuous_translation,trial_001,event_001,exp1_system_characterization/continuous_translation,Arrival-Hold,EgoAnchor,EgoAnchor,candidate_arrival_p50_ms,166.46079999918584,166.37590000027558,-0.08489999891025946,1
20260717_204156_controller_right,exp1_system_characterization,continuous_translation,trial_001,event_001,exp1_system_characterization/continuous_translation,Arrival-Hold,EgoAnchor,EgoAnchor,candidate_arrival_p95_ms,192.70533000089924,192.61902000507686,-0.08630999582237564,1
20260717_204156_controller_right,exp1_system_characterization,continuous_translation,trial_001,event_001,exp1_system_characterization/continuous_translation,Arrival-Hold,EgoAnchor,EgoAnchor,candidate_processing_p50_ms,75.62139999866486,75.62139999866486,0.0,1
20260717_204156_controller_right,exp1_system_characterization,continuous_translation,trial_001,event_001,exp1_system_characterization/continuous_translation,Arrival-Hold,EgoAnchor,EgoAnchor,candidate_processing_p95_ms,86.64606000110507,86.64606000110507,0.0,1
20260717_204156_controller_right,exp1_system_characterization,continuous_translation,trial_001,event_001,exp1_system_characterization/continuous_translation,Arrival-Hold,EgoAnchor,EgoAnchor,observation_age_p50_ms,48.6421999958111,215.79625000231317,167.15405000650208,1
20260717_204156_controller_right,exp1_system_characterization,continuous_translation,trial_001,event_001,exp1_system_characterization/continuous_translation,Arrival-Hold,EgoAnchor,EgoAnchor,observation_age_p95_ms,98.64542499963133,265.5204450034944,166.87502000386306,1
20260717_204156_controller_right,exp1_system_characterization,continuous_translation,trial_001,event_001,exp1_system_characterization/continuous_translation,Arrival-Hold,EgoAnchor,EgoAnchor,smoothing_delay_p50_ms,48.6421999958111,277.1952748298645,228.5530748340534,1
20260717_204156_controller_right,exp1_system_characterization,continuous_translation,trial_001,event_001,exp1_system_characterization/continuous_translation,Arrival-Hold,EgoAnchor,EgoAnchor,smoothing_delay_p95_ms,98.64542499963133,279.33284640312195,180.68742140349062,1
20260717_204156_controller_right,exp1_system_characterization,continuous_translation,trial_001,event_001,exp1_system_characterization/continuous_translation,Arrival-Hold,EgoAnchor,EgoAnchor,visual_perception_hz,9.554302224107369,9.554302224107369,0.0,1
20260717_204156_controller_right,exp1_system_characterization,continuous_translation,trial_001,event_001,exp1_system_characterization/continuous_translation,Arrival-Hold,EgoAnchor,EgoAnchor,render_hz,68.40925287394393,68.40925287394393,0.0,1
20260717_204156_controller_right,exp1_system_characterization,continuous_translation,trial_001,event_002,exp1_system_characterization/continuous_translation,Arrival-Hold,Capture-Hold,Capture-Hold,reference_coverage,1.0,1.0,0.0,1
20260717_204156_controller_right,exp1_system_characterization,continuous_translation,trial_001,event_002,exp1_system_characterization/continuous_translation,Arrival-Hold,Capture-Hold,Capture-Hold,display_coverage,1.0,1.0,0.0,1
20260717_204156_controller_right,exp1_system_characterization,continuous_translation,trial_001,event_002,exp1_system_characterization/continuous_translation,Arrival-Hold,Capture-Hold,Capture-Hold,output_coverage,1.0,1.0,0.0,1
20260717_204156_controller_right,exp1_system_characterization,continuous_translation,trial_001,event_002,exp1_system_characterization/continuous_translation,Arrival-Hold,Capture-Hold,Capture-Hold,translation_error_mm_median,31.267217649678262,45.16323713696805,13.896019487289788,1
20260717_204156_controller_right,exp1_system_characterization,continuous_translation,trial_001,event_002,exp1_system_characterization/continuous_translation,Arrival-Hold,Capture-Hold,Capture-Hold,translation_error_mm_iqr,13.191381999876,11.668166018856127,-1.5232159810198738,1
20260717_204156_controller_right,exp1_system_characterization,continuous_translation,trial_001,event_002,exp1_system_characterization/continuous_translation,Arrival-Hold,Capture-Hold,Capture-Hold,translation_error_mm_p95,47.701726218888254,59.39505960616382,11.693333387275565,1
20260717_204156_controller_right,exp1_system_characterization,continuous_translation,trial_001,event_002,exp1_system_characterization/continuous_translation,Arrival-Hold,Capture-Hold,Capture-Hold,rotation_error_deg_median,2.0851187500865045,2.219238169678082,0.13411941959157758,1
20260717_204156_controller_right,exp1_system_characterization,continuous_translation,trial_001,event_002,exp1_system_characterization/continuous_translation,Arrival-Hold,Capture-Hold,Capture-Hold,rotation_error_deg_iqr,1.3329569150427676,0.9604104095037878,-0.37254650553897983,1
20260717_204156_controller_right,exp1_system_characterization,continuous_translation,trial_001,event_002,exp1_system_characterization/continuous_translation,Arrival-Hold,Capture-Hold,Capture-Hold,rotation_error_deg_p95,3.451258642314556,3.933077759030515,0.4818191167159589,1
20260717_204156_controller_right,exp1_system_characterization,continuous_translation,trial_001,event_002,exp1_system_characterization/continuous_translation,Arrival-Hold,Capture-Hold,Capture-Hold,candidate_arrival_p50_ms,167.31119999894872,167.34810000343714,0.036900004488416016,1
20260717_204156_controller_right,exp1_system_characterization,continuous_translation,trial_001,event_002,exp1_system_characterization/continuous_translation,Arrival-Hold,Capture-Hold,Capture-Hold,candidate_arrival_p95_ms,185.92101999893202,185.95783000127994,0.03681000234792009,1
20260717_204156_controller_right,exp1_system_characterization,continuous_translation,trial_001,event_002,exp1_system_characterization/continuous_translation,Arrival-Hold,Capture-Hold,Capture-Hold,candidate_processing_p50_ms,75.92130000516772,75.92130000516772,0.0,1
20260717_204156_controller_right,exp1_system_characterization,continuous_translation,trial_001,event_002,exp1_system_characterization/continuous_translation,Arrival-Hold,Capture-Hold,Capture-Hold,candidate_processing_p95_ms,94.96227000057696,94.96227000057696,0.0,1
20260717_204156_controller_right,exp1_system_characterization,continuous_translation,trial_001,event_002,exp1_system_characterization/continuous_translation,Arrival-Hold,Capture-Hold,Capture-Hold,observation_age_p50_ms,42.73085000022547,216.2375499974587,173.50669999723323,1
20260717_204156_controller_right,exp1_system_characterization,continuous_translation,trial_001,event_002,exp1_system_characterization/continuous_translation,Arrival-Hold,Capture-Hold,Capture-Hold,observation_age_p95_ms,105.01967000127479,265.10524499935855,160.08557499808376,1
20260717_204156_controller_right,exp1_system_characterization,continuous_translation,trial_001,event_002,exp1_system_characterization/continuous_translation,Arrival-Hold,Capture-Hold,Capture-Hold,smoothing_delay_p50_ms,42.73085000022547,216.2375499974587,173.50669999723323,1
20260717_204156_controller_right,exp1_system_characterization,continuous_translation,trial_001,event_002,exp1_system_characterization/continuous_translation,Arrival-Hold,Capture-Hold,Capture-Hold,smoothing_delay_p95_ms,105.01967000127479,265.10524499935855,160.08557499808376,1
20260717_204156_controller_right,exp1_system_characterization,continuous_translation,trial_001,event_002,exp1_system_characterization/continuous_translation,Arrival-Hold,Capture-Hold,Capture-Hold,visual_perception_hz,9.38986721993069,9.38986721993069,0.0,1
20260717_204156_controller_right,exp1_system_characterization,continuous_translation,trial_001,event_002,exp1_system_characterization/continuous_translation,Arrival-Hold,Capture-Hold,Capture-Hold,render_hz,70.46564076299538,70.46564076299538,0.0,1
20260717_204156_controller_right,exp1_system_characterization,continuous_translation,trial_001,event_002,exp1_system_characterization/continuous_translation,Arrival-Hold,One-Euro Anchor,One-Euro Anchor,reference_coverage,1.0,1.0,0.0,1
20260717_204156_controller_right,exp1_system_characterization,continuous_translation,trial_001,event_002,exp1_system_characterization/continuous_translation,Arrival-Hold,One-Euro Anchor,One-Euro Anchor,display_coverage,1.0,1.0,0.0,1
20260717_204156_controller_right,exp1_system_characterization,continuous_translation,trial_001,event_002,exp1_system_characterization/continuous_translation,Arrival-Hold,One-Euro Anchor,One-Euro Anchor,output_coverage,1.0,1.0,0.0,1
20260717_204156_controller_right,exp1_system_characterization,continuous_translation,trial_001,event_002,exp1_system_characterization/continuous_translation,Arrival-Hold,One-Euro Anchor,One-Euro Anchor,translation_error_mm_median,31.267217649678262,71.11843891198657,39.851221262308314,1
20260717_204156_controller_right,exp1_system_characterization,continuous_translation,trial_001,event_002,exp1_system_characterization/continuous_translation,Arrival-Hold,One-Euro Anchor,One-Euro Anchor,translation_error_mm_iqr,13.191381999876,12.386746913040696,-0.8046350868353045,1
20260717_204156_controller_right,exp1_system_characterization,continuous_translation,trial_001,event_002,exp1_system_characterization/continuous_translation,Arrival-Hold,One-Euro Anchor,One-Euro Anchor,translation_error_mm_p95,47.701726218888254,84.78278940775019,37.08106318886193,1
20260717_204156_controller_right,exp1_system_characterization,continuous_translation,trial_001,event_002,exp1_system_characterization/continuous_translation,Arrival-Hold,One-Euro Anchor,One-Euro Anchor,rotation_error_deg_median,2.0851187500865045,1.98113142813622,-0.10398732195028448,1
20260717_204156_controller_right,exp1_system_characterization,continuous_translation,trial_001,event_002,exp1_system_characterization/continuous_translation,Arrival-Hold,One-Euro Anchor,One-Euro Anchor,rotation_error_deg_iqr,1.3329569150427676,2.646696447754828,1.3137395327120602,1
20260717_204156_controller_right,exp1_system_characterization,continuous_translation,trial_001,event_002,exp1_system_characterization/continuous_translation,Arrival-Hold,One-Euro Anchor,One-Euro Anchor,rotation_error_deg_p95,3.451258642314556,4.7217838824633915,1.2705252401488356,1
20260717_204156_controller_right,exp1_system_characterization,continuous_translation,trial_001,event_002,exp1_system_characterization/continuous_translation,Arrival-Hold,One-Euro Anchor,One-Euro Anchor,candidate_arrival_p50_ms,167.31119999894872,167.37990000547143,0.06870000652270392,1
20260717_204156_controller_right,exp1_system_characterization,continuous_translation,trial_001,event_002,exp1_system_characterization/continuous_translation,Arrival-Hold,One-Euro Anchor,One-Euro Anchor,candidate_arrival_p95_ms,185.92101999893202,185.9879000003275,0.06688000139547512,1
20260717_204156_controller_right,exp1_system_characterization,continuous_translation,trial_001,event_002,exp1_system_characterization/continuous_translation,Arrival-Hold,One-Euro Anchor,One-Euro Anchor,candidate_processing_p50_ms,75.92130000516772,75.92130000516772,0.0,1
20260717_204156_controller_right,exp1_system_characterization,continuous_translation,trial_001,event_002,exp1_system_characterization/continuous_translation,Arrival-Hold,One-Euro Anchor,One-Euro Anchor,candidate_processing_p95_ms,94.96227000057696,94.96227000057696,0.0,1
20260717_204156_controller_right,exp1_system_characterization,continuous_translation,trial_001,event_002,exp1_system_characterization/continuous_translation,Arrival-Hold,One-Euro Anchor,One-Euro Anchor,observation_age_p50_ms,42.73085000022547,216.23845000067377,173.5076000004483,1
20260717_204156_controller_right,exp1_system_characterization,continuous_translation,trial_001,event_002,exp1_system_characterization/continuous_translation,Arrival-Hold,One-Euro Anchor,One-Euro Anchor,observation_age_p95_ms,105.01967000127479,265.10599999783153,160.08632999655674,1
20260717_204156_controller_right,exp1_system_characterization,continuous_translation,trial_001,event_002,exp1_system_characterization/continuous_translation,Arrival-Hold,One-Euro Anchor,One-Euro Anchor,smoothing_delay_p50_ms,42.73085000022547,216.23845000067377,173.5076000004483,1
20260717_204156_controller_right,exp1_system_characterization,continuous_translation,trial_001,event_002,exp1_system_characterization/continuous_translation,Arrival-Hold,One-Euro Anchor,One-Euro Anchor,smoothing_delay_p95_ms,105.01967000127479,265.10599999783153,160.08632999655674,1
20260717_204156_controller_right,exp1_system_characterization,continuous_translation,trial_001,event_002,exp1_system_characterization/continuous_translation,Arrival-Hold,One-Euro Anchor,One-Euro Anchor,visual_perception_hz,9.38986721993069,9.38986721993069,0.0,1
20260717_204156_controller_right,exp1_system_characterization,continuous_translation,trial_001,event_002,exp1_system_characterization/continuous_translation,Arrival-Hold,One-Euro Anchor,One-Euro Anchor,render_hz,70.46564076299538,70.46564076299538,0.0,1
20260717_204156_controller_right,exp1_system_characterization,continuous_translation,trial_001,event_002,exp1_system_characterization/continuous_translation,Arrival-Hold,EgoAnchor,EgoAnchor,reference_coverage,1.0,1.0,0.0,1
20260717_204156_controller_right,exp1_system_characterization,continuous_translation,trial_001,event_002,exp1_system_characterization/continuous_translation,Arrival-Hold,EgoAnchor,EgoAnchor,display_coverage,1.0,1.0,0.0,1
20260717_204156_controller_right,exp1_system_characterization,continuous_translation,trial_001,event_002,exp1_system_characterization/continuous_translation,Arrival-Hold,EgoAnchor,EgoAnchor,output_coverage,1.0,1.0,0.0,1
20260717_204156_controller_right,exp1_system_characterization,continuous_translation,trial_001,event_002,exp1_system_characterization/continuous_translation,Arrival-Hold,EgoAnchor,EgoAnchor,translation_error_mm_median,31.267217649678262,58.791102812431575,27.523885162753313,1
20260717_204156_controller_right,exp1_system_characterization,continuous_translation,trial_001,event_002,exp1_system_characterization/continuous_translation,Arrival-Hold,EgoAnchor,EgoAnchor,translation_error_mm_iqr,13.191381999876,11.358396865355104,-1.8329851345208965,1
20260717_204156_controller_right,exp1_system_characterization,continuous_translation,trial_001,event_002,exp1_system_characterization/continuous_translation,Arrival-Hold,EgoAnchor,EgoAnchor,translation_error_mm_p95,47.701726218888254,65.47799891692834,17.77627269804009,1
20260717_204156_controller_right,exp1_system_characterization,continuous_translation,trial_001,event_002,exp1_system_characterization/continuous_translation,Arrival-Hold,EgoAnchor,EgoAnchor,rotation_error_deg_median,2.0851187500865045,2.4763898368890143,0.39127108680250977,1
20260717_204156_controller_right,exp1_system_characterization,continuous_translation,trial_001,event_002,exp1_system_characterization/continuous_translation,Arrival-Hold,EgoAnchor,EgoAnchor,rotation_error_deg_iqr,1.3329569150427676,1.4199802524351535,0.08702333739238588,1
20260717_204156_controller_right,exp1_system_characterization,continuous_translation,trial_001,event_002,exp1_system_characterization/continuous_translation,Arrival-Hold,EgoAnchor,EgoAnchor,rotation_error_deg_p95,3.451258642314556,3.996888512544784,0.5456298702302282,1
20260717_204156_controller_right,exp1_system_characterization,continuous_translation,trial_001,event_002,exp1_system_characterization/continuous_translation,Arrival-Hold,EgoAnchor,EgoAnchor,candidate_arrival_p50_ms,167.31119999894872,167.21810000308324,-0.09309999586548656,1
20260717_204156_controller_right,exp1_system_characterization,continuous_translation,trial_001,event_002,exp1_system_characterization/continuous_translation,Arrival-Hold,EgoAnchor,EgoAnchor,candidate_arrival_p95_ms,185.92101999893202,185.83460000227205,-0.08641999665996991,1
20260717_204156_controller_right,exp1_system_characterization,continuous_translation,trial_001,event_002,exp1_system_characterization/continuous_translation,Arrival-Hold,EgoAnchor,EgoAnchor,candidate_processing_p50_ms,75.92130000516772,75.92130000516772,0.0,1
20260717_204156_controller_right,exp1_system_characterization,continuous_translation,trial_001,event_002,exp1_system_characterization/continuous_translation,Arrival-Hold,EgoAnchor,EgoAnchor,candidate_processing_p95_ms,94.96227000057696,94.96227000057696,0.0,1
20260717_204156_controller_right,exp1_system_characterization,continuous_translation,trial_001,event_002,exp1_system_characterization/continuous_translation,Arrival-Hold,EgoAnchor,EgoAnchor,observation_age_p50_ms,42.73085000022547,216.22819999902276,173.4973499987973,1
20260717_204156_controller_right,exp1_system_characterization,continuous_translation,trial_001,event_002,exp1_system_characterization/continuous_translation,Arrival-Hold,EgoAnchor,EgoAnchor,observation_age_p95_ms,105.01967000127479,265.09630500077037,160.07663499949558,1
20260717_204156_controller_right,exp1_system_characterization,continuous_translation,trial_001,event_002,exp1_system_characterization/continuous_translation,Arrival-Hold,EgoAnchor,EgoAnchor,smoothing_delay_p50_ms,42.73085000022547,279.86182272434235,237.13097272411687,1
20260717_204156_controller_right,exp1_system_characterization,continuous_translation,trial_001,event_002,exp1_system_characterization/continuous_translation,Arrival-Hold,EgoAnchor,EgoAnchor,smoothing_delay_p95_ms,105.01967000127479,284.1997802257538,179.180110224479,1
20260717_204156_controller_right,exp1_system_characterization,continuous_translation,trial_001,event_002,exp1_system_characterization/continuous_translation,Arrival-Hold,EgoAnchor,EgoAnchor,visual_perception_hz,9.38986721993069,9.38986721993069,0.0,1
20260717_204156_controller_right,exp1_system_characterization,continuous_translation,trial_001,event_002,exp1_system_characterization/continuous_translation,Arrival-Hold,EgoAnchor,EgoAnchor,render_hz,70.46564076299538,70.46564076299538,0.0,1
20260717_204156_controller_right,exp1_system_characterization,continuous_translation,trial_001,event_003,exp1_system_characterization/continuous_translation,Arrival-Hold,Capture-Hold,Capture-Hold,reference_coverage,1.0,1.0,0.0,1
20260717_204156_controller_right,exp1_system_characterization,continuous_translation,trial_001,event_003,exp1_system_characterization/continuous_translation,Arrival-Hold,Capture-Hold,Capture-Hold,display_coverage,1.0,1.0,0.0,1
20260717_204156_controller_right,exp1_system_characterization,continuous_translation,trial_001,event_003,exp1_system_characterization/continuous_translation,Arrival-Hold,Capture-Hold,Capture-Hold,output_coverage,1.0,1.0,0.0,1
20260717_204156_controller_right,exp1_system_characterization,continuous_translation,trial_001,event_003,exp1_system_characterization/continuous_translation,Arrival-Hold,Capture-Hold,Capture-Hold,translation_error_mm_median,41.20224618373117,62.93127623660993,21.729030052878763,1
20260717_204156_controller_right,exp1_system_characterization,continuous_translation,trial_001,event_003,exp1_system_characterization/continuous_translation,Arrival-Hold,Capture-Hold,Capture-Hold,translation_error_mm_iqr,22.955281346725528,30.256131447621705,7.300850100896177,1
20260717_204156_controller_right,exp1_system_characterization,continuous_translation,trial_001,event_003,exp1_system_characterization/continuous_translation,Arrival-Hold,Capture-Hold,Capture-Hold,translation_error_mm_p95,61.8082368172254,85.12304899467723,23.314812177451834,1
20260717_204156_controller_right,exp1_system_characterization,continuous_translation,trial_001,event_003,exp1_system_characterization/continuous_translation,Arrival-Hold,Capture-Hold,Capture-Hold,rotation_error_deg_median,2.796114089467825,3.008484382074417,0.21237029260659224,1
20260717_204156_controller_right,exp1_system_characterization,continuous_translation,trial_001,event_003,exp1_system_characterization/continuous_translation,Arrival-Hold,Capture-Hold,Capture-Hold,rotation_error_deg_iqr,1.5157438510404455,1.7035108282741052,0.18776697723365965,1
20260717_204156_controller_right,exp1_system_characterization,continuous_translation,trial_001,event_003,exp1_system_characterization/continuous_translation,Arrival-Hold,Capture-Hold,Capture-Hold,rotation_error_deg_p95,3.9149709900607528,4.483885503650672,0.5689145135899194,1
20260717_204156_controller_right,exp1_system_characterization,continuous_translation,trial_001,event_003,exp1_system_characterization/continuous_translation,Arrival-Hold,Capture-Hold,Capture-Hold,candidate_arrival_p50_ms,166.8223999949987,166.86810000101104,0.045700006012339145,1
20260717_204156_controller_right,exp1_system_characterization,continuous_translation,trial_001,event_003,exp1_system_characterization/continuous_translation,Arrival-Hold,Capture-Hold,Capture-Hold,candidate_arrival_p95_ms,194.25910000427393,194.2992000040249,0.040099999750964344,1
20260717_204156_controller_right,exp1_system_characterization,continuous_translation,trial_001,event_003,exp1_system_characterization/continuous_translation,Arrival-Hold,Capture-Hold,Capture-Hold,candidate_processing_p50_ms,75.13250000402331,75.13250000402331,0.0,1
20260717_204156_controller_right,exp1_system_characterization,continuous_translation,trial_001,event_003,exp1_system_characterization/continuous_translation,Arrival-Hold,Capture-Hold,Capture-Hold,candidate_processing_p95_ms,83.39510000124574,83.39510000124574,0.0,1
20260717_204156_controller_right,exp1_system_characterization,continuous_translation,trial_001,event_003,exp1_system_characterization/continuous_translation,Arrival-Hold,Capture-Hold,Capture-Hold,observation_age_p50_ms,42.453000001842156,216.31190000334755,173.8589000015054,1
20260717_204156_controller_right,exp1_system_characterization,continuous_translation,trial_001,event_003,exp1_system_characterization/continuous_translation,Arrival-Hold,Capture-Hold,Capture-Hold,observation_age_p95_ms,98.08916000038153,265.4824800003553,167.39331999997376,1
20260717_204156_controller_right,exp1_system_characterization,continuous_translation,trial_001,event_003,exp1_system_characterization/continuous_translation,Arrival-Hold,Capture-Hold,Capture-Hold,smoothing_delay_p50_ms,42.453000001842156,216.31190000334755,173.8589000015054,1
20260717_204156_controller_right,exp1_system_characterization,continuous_translation,trial_001,event_003,exp1_system_characterization/continuous_translation,Arrival-Hold,Capture-Hold,Capture-Hold,smoothing_delay_p95_ms,98.08916000038153,265.4824800003553,167.39331999997376,1
20260717_204156_controller_right,exp1_system_characterization,continuous_translation,trial_001,event_003,exp1_system_characterization/continuous_translation,Arrival-Hold,Capture-Hold,Capture-Hold,visual_perception_hz,9.537288437313329,9.537288437313329,0.0,1
20260717_204156_controller_right,exp1_system_characterization,continuous_translation,trial_001,event_003,exp1_system_characterization/continuous_translation,Arrival-Hold,Capture-Hold,Capture-Hold,render_hz,69.76286820849857,69.76286820849857,0.0,1
20260717_204156_controller_right,exp1_system_characterization,continuous_translation,trial_001,event_003,exp1_system_characterization/continuous_translation,Arrival-Hold,One-Euro Anchor,One-Euro Anchor,reference_coverage,1.0,1.0,0.0,1
20260717_204156_controller_right,exp1_system_characterization,continuous_translation,trial_001,event_003,exp1_system_characterization/continuous_translation,Arrival-Hold,One-Euro Anchor,One-Euro Anchor,display_coverage,1.0,1.0,0.0,1
20260717_204156_controller_right,exp1_system_characterization,continuous_translation,trial_001,event_003,exp1_system_characterization/continuous_translation,Arrival-Hold,One-Euro Anchor,One-Euro Anchor,output_coverage,1.0,1.0,0.0,1
20260717_204156_controller_right,exp1_system_characterization,continuous_translation,trial_001,event_003,exp1_system_characterization/continuous_translation,Arrival-Hold,One-Euro Anchor,One-Euro Anchor,translation_error_mm_median,41.20224618373117,95.04721540021572,53.84496921648455,1
20260717_204156_controller_right,exp1_system_characterization,continuous_translation,trial_001,event_003,exp1_system_characterization/continuous_translation,Arrival-Hold,One-Euro Anchor,One-Euro Anchor,translation_error_mm_iqr,22.955281346725528,40.26574444545723,17.310463098731702,1
20260717_204156_controller_right,exp1_system_characterization,continuous_translation,trial_001,event_003,exp1_system_characterization/continuous_translation,Arrival-Hold,One-Euro Anchor,One-Euro Anchor,translation_error_mm_p95,61.8082368172254,121.17762755852986,59.369390741304464,1
20260717_204156_controller_right,exp1_system_characterization,continuous_translation,trial_001,event_003,exp1_system_characterization/continuous_translation,Arrival-Hold,One-Euro Anchor,One-Euro Anchor,rotation_error_deg_median,2.796114089467825,3.5265363083702836,0.7304222189024587,1
20260717_204156_controller_right,exp1_system_characterization,continuous_translation,trial_001,event_003,exp1_system_characterization/continuous_translation,Arrival-Hold,One-Euro Anchor,One-Euro Anchor,rotation_error_deg_iqr,1.5157438510404455,1.9058242705298092,0.3900804194893637,1
20260717_204156_controller_right,exp1_system_characterization,continuous_translation,trial_001,event_003,exp1_system_characterization/continuous_translation,Arrival-Hold,One-Euro Anchor,One-Euro Anchor,rotation_error_deg_p95,3.9149709900607528,5.1915739738873725,1.2766029838266197,1
20260717_204156_controller_right,exp1_system_characterization,continuous_translation,trial_001,event_003,exp1_system_characterization/continuous_translation,Arrival-Hold,One-Euro Anchor,One-Euro Anchor,candidate_arrival_p50_ms,166.8223999949987,166.89749999932246,0.07510000432375818,1
20260717_204156_controller_right,exp1_system_characterization,continuous_translation,trial_001,event_003,exp1_system_characterization/continuous_translation,Arrival-Hold,One-Euro Anchor,One-Euro Anchor,candidate_arrival_p95_ms,194.25910000427393,194.33389999903738,0.07479999476345256,1
20260717_204156_controller_right,exp1_system_characterization,continuous_translation,trial_001,event_003,exp1_system_characterization/continuous_translation,Arrival-Hold,One-Euro Anchor,One-Euro Anchor,candidate_processing_p50_ms,75.13250000402331,75.13250000402331,0.0,1
20260717_204156_controller_right,exp1_system_characterization,continuous_translation,trial_001,event_003,exp1_system_characterization/continuous_translation,Arrival-Hold,One-Euro Anchor,One-Euro Anchor,candidate_processing_p95_ms,83.39510000124574,83.39510000124574,0.0,1
20260717_204156_controller_right,exp1_system_characterization,continuous_translation,trial_001,event_003,exp1_system_characterization/continuous_translation,Arrival-Hold,One-Euro Anchor,One-Euro Anchor,observation_age_p50_ms,42.453000001842156,216.31280000292463,173.85980000108248,1
20260717_204156_controller_right,exp1_system_characterization,continuous_translation,trial_001,event_003,exp1_system_characterization/continuous_translation,Arrival-Hold,One-Euro Anchor,One-Euro Anchor,observation_age_p95_ms,98.08916000038153,265.4832800020813,167.39412000169978,1
20260717_204156_controller_right,exp1_system_characterization,continuous_translation,trial_001,event_003,exp1_system_characterization/continuous_translation,Arrival-Hold,One-Euro Anchor,One-Euro Anchor,smoothing_delay_p50_ms,42.453000001842156,216.31280000292463,173.85980000108248,1
20260717_204156_controller_right,exp1_system_characterization,continuous_translation,trial_001,event_003,exp1_system_characterization/continuous_translation,Arrival-Hold,One-Euro Anchor,One-Euro Anchor,smoothing_delay_p95_ms,98.08916000038153,265.4832800020813,167.39412000169978,1
20260717_204156_controller_right,exp1_system_characterization,continuous_translation,trial_001,event_003,exp1_system_characterization/continuous_translation,Arrival-Hold,One-Euro Anchor,One-Euro Anchor,visual_perception_hz,9.537288437313329,9.537288437313329,0.0,1
20260717_204156_controller_right,exp1_system_characterization,continuous_translation,trial_001,event_003,exp1_system_characterization/continuous_translation,Arrival-Hold,One-Euro Anchor,One-Euro Anchor,render_hz,69.76286820849857,69.76286820849857,0.0,1
20260717_204156_controller_right,exp1_system_characterization,continuous_translation,trial_001,event_003,exp1_system_characterization/continuous_translation,Arrival-Hold,EgoAnchor,EgoAnchor,reference_coverage,1.0,1.0,0.0,1
20260717_204156_controller_right,exp1_system_characterization,continuous_translation,trial_001,event_003,exp1_system_characterization/continuous_translation,Arrival-Hold,EgoAnchor,EgoAnchor,display_coverage,1.0,1.0,0.0,1
20260717_204156_controller_right,exp1_system_characterization,continuous_translation,trial_001,event_003,exp1_system_characterization/continuous_translation,Arrival-Hold,EgoAnchor,EgoAnchor,output_coverage,1.0,1.0,0.0,1
20260717_204156_controller_right,exp1_system_characterization,continuous_translation,trial_001,event_003,exp1_system_characterization/continuous_translation,Arrival-Hold,EgoAnchor,EgoAnchor,translation_error_mm_median,41.20224618373117,82.12810288600866,40.92585670227749,1
20260717_204156_controller_right,exp1_system_characterization,continuous_translation,trial_001,event_003,exp1_system_characterization/continuous_translation,Arrival-Hold,EgoAnchor,EgoAnchor,translation_error_mm_iqr,22.955281346725528,37.91396172147985,14.958680374754323,1
20260717_204156_controller_right,exp1_system_characterization,continuous_translation,trial_001,event_003,exp1_system_characterization/continuous_translation,Arrival-Hold,EgoAnchor,EgoAnchor,translation_error_mm_p95,61.8082368172254,98.17467487048012,36.36643805325472,1
20260717_204156_controller_right,exp1_system_characterization,continuous_translation,trial_001,event_003,exp1_system_characterization/continuous_translation,Arrival-Hold,EgoAnchor,EgoAnchor,rotation_error_deg_median,2.796114089467825,3.3659821537076198,0.5698680642397949,1
20260717_204156_controller_right,exp1_system_characterization,continuous_translation,trial_001,event_003,exp1_system_characterization/continuous_translation,Arrival-Hold,EgoAnchor,EgoAnchor,rotation_error_deg_iqr,1.5157438510404455,1.7246628236067223,0.20891897256627678,1
20260717_204156_controller_right,exp1_system_characterization,continuous_translation,trial_001,event_003,exp1_system_characterization/continuous_translation,Arrival-Hold,EgoAnchor,EgoAnchor,rotation_error_deg_p95,3.9149709900607528,4.833566233624573,0.9185952435638205,1
20260717_204156_controller_right,exp1_system_characterization,continuous_translation,trial_001,event_003,exp1_system_characterization/continuous_translation,Arrival-Hold,EgoAnchor,EgoAnchor,candidate_arrival_p50_ms,166.8223999949987,166.74329999659676,-0.0790999984019436,1
20260717_204156_controller_right,exp1_system_characterization,continuous_translation,trial_001,event_003,exp1_system_characterization/continuous_translation,Arrival-Hold,EgoAnchor,EgoAnchor,candidate_arrival_p95_ms,194.25910000427393,194.1755000007106,-0.0836000035633333,1
20260717_204156_controller_right,exp1_system_characterization,continuous_translation,trial_001,event_003,exp1_system_characterization/continuous_translation,Arrival-Hold,EgoAnchor,EgoAnchor,candidate_processing_p50_ms,75.13250000402331,75.13250000402331,0.0,1
20260717_204156_controller_right,exp1_system_characterization,continuous_translation,trial_001,event_003,exp1_system_characterization/continuous_translation,Arrival-Hold,EgoAnchor,EgoAnchor,candidate_processing_p95_ms,83.39510000124574,83.39510000124574,0.0,1
20260717_204156_controller_right,exp1_system_characterization,continuous_translation,trial_001,event_003,exp1_system_characterization/continuous_translation,Arrival-Hold,EgoAnchor,EgoAnchor,observation_age_p50_ms,42.453000001842156,216.30270000605378,173.84970000421163,1
20260717_204156_controller_right,exp1_system_characterization,continuous_translation,trial_001,event_003,exp1_system_characterization/continuous_translation,Arrival-Hold,EgoAnchor,EgoAnchor,observation_age_p95_ms,98.08916000038153,265.4733200033661,167.38416000298457,1
20260717_204156_controller_right,exp1_system_characterization,continuous_translation,trial_001,event_003,exp1_system_characterization/continuous_translation,Arrival-Hold,EgoAnchor,EgoAnchor,smoothing_delay_p50_ms,42.453000001842156,280.03132343292236,237.5783234310802,1
20260717_204156_controller_right,exp1_system_characterization,continuous_translation,trial_001,event_003,exp1_system_characterization/continuous_translation,Arrival-Hold,EgoAnchor,EgoAnchor,smoothing_delay_p95_ms,98.08916000038153,286.60619258880615,188.51703258842463,1
20260717_204156_controller_right,exp1_system_characterization,continuous_translation,trial_001,event_003,exp1_system_characterization/continuous_translation,Arrival-Hold,EgoAnchor,EgoAnchor,visual_perception_hz,9.537288437313329,9.537288437313329,0.0,1
20260717_204156_controller_right,exp1_system_characterization,continuous_translation,trial_001,event_003,exp1_system_characterization/continuous_translation,Arrival-Hold,EgoAnchor,EgoAnchor,render_hz,69.76286820849857,69.76286820849857,0.0,1
20260717_204156_controller_right,exp1_system_characterization,continuous_translation,trial_001,event_004,exp1_system_characterization/continuous_translation,Arrival-Hold,Capture-Hold,Capture-Hold,reference_coverage,1.0,1.0,0.0,1
20260717_204156_controller_right,exp1_system_characterization,continuous_translation,trial_001,event_004,exp1_system_characterization/continuous_translation,Arrival-Hold,Capture-Hold,Capture-Hold,display_coverage,1.0,1.0,0.0,1
20260717_204156_controller_right,exp1_system_characterization,continuous_translation,trial_001,event_004,exp1_system_characterization/continuous_translation,Arrival-Hold,Capture-Hold,Capture-Hold,output_coverage,1.0,1.0,0.0,1
20260717_204156_controller_right,exp1_system_characterization,continuous_translation,trial_001,event_004,exp1_system_characterization/continuous_translation,Arrival-Hold,Capture-Hold,Capture-Hold,translation_error_mm_median,40.668533406457684,55.86744624560289,15.198912839145208,1
20260717_204156_controller_right,exp1_system_characterization,continuous_translation,trial_001,event_004,exp1_system_characterization/continuous_translation,Arrival-Hold,Capture-Hold,Capture-Hold,translation_error_mm_iqr,18.913434773615062,28.100810285255214,9.187375511640152,1
20260717_204156_controller_right,exp1_system_characterization,continuous_translation,trial_001,event_004,exp1_system_characterization/continuous_translation,Arrival-Hold,Capture-Hold,Capture-Hold,translation_error_mm_p95,63.90993278825344,81.29886958380939,17.38893679555595,1
20260717_204156_controller_right,exp1_system_characterization,continuous_translation,trial_001,event_004,exp1_system_characterization/continuous_translation,Arrival-Hold,Capture-Hold,Capture-Hold,rotation_error_deg_median,3.044690477162996,3.5480371767021026,0.5033466995391067,1
20260717_204156_controller_right,exp1_system_characterization,continuous_translation,trial_001,event_004,exp1_system_characterization/continuous_translation,Arrival-Hold,Capture-Hold,Capture-Hold,rotation_error_deg_iqr,1.6047055620591126,1.3684079561501958,-0.2362976059089168,1
20260717_204156_controller_right,exp1_system_characterization,continuous_translation,trial_001,event_004,exp1_system_characterization/continuous_translation,Arrival-Hold,Capture-Hold,Capture-Hold,rotation_error_deg_p95,6.812851823706796,6.986829548058087,0.17397772435129077,1
20260717_204156_controller_right,exp1_system_characterization,continuous_translation,trial_001,event_004,exp1_system_characterization/continuous_translation,Arrival-Hold,Capture-Hold,Capture-Hold,candidate_arrival_p50_ms,167.08110000035958,167.11560000112513,0.034500000765547156,1
20260717_204156_controller_right,exp1_system_characterization,continuous_translation,trial_001,event_004,exp1_system_characterization/continuous_translation,Arrival-Hold,Capture-Hold,Capture-Hold,candidate_arrival_p95_ms,193.8605200019083,193.88956000475446,0.02904000284615904,1
20260717_204156_controller_right,exp1_system_characterization,continuous_translation,trial_001,event_004,exp1_system_characterization/continuous_translation,Arrival-Hold,Capture-Hold,Capture-Hold,candidate_processing_p50_ms,77.20069999992847,77.20069999992847,0.0,1
20260717_204156_controller_right,exp1_system_characterization,continuous_translation,trial_001,event_004,exp1_system_characterization/continuous_translation,Arrival-Hold,Capture-Hold,Capture-Hold,candidate_processing_p95_ms,86.39533999934793,86.39533999934793,0.0,1
20260717_204156_controller_right,exp1_system_characterization,continuous_translation,trial_001,event_004,exp1_system_characterization/continuous_translation,Arrival-Hold,Capture-Hold,Capture-Hold,observation_age_p50_ms,49.128500002552755,216.6406000033021,167.51210000074934,1
20260717_204156_controller_right,exp1_system_characterization,continuous_translation,trial_001,event_004,exp1_system_characterization/continuous_translation,Arrival-Hold,Capture-Hold,Capture-Hold,observation_age_p95_ms,97.63581999577582,265.2447399974335,167.60892000165768,1
20260717_204156_controller_right,exp1_system_characterization,continuous_translation,trial_001,event_004,exp1_system_characterization/continuous_translation,Arrival-Hold,Capture-Hold,Capture-Hold,smoothing_delay_p50_ms,49.128500002552755,216.6406000033021,167.51210000074934,1
20260717_204156_controller_right,exp1_system_characterization,continuous_translation,trial_001,event_004,exp1_system_characterization/continuous_translation,Arrival-Hold,Capture-Hold,Capture-Hold,smoothing_delay_p95_ms,97.63581999577582,265.2447399974335,167.60892000165768,1
20260717_204156_controller_right,exp1_system_characterization,continuous_translation,trial_001,event_004,exp1_system_characterization/continuous_translation,Arrival-Hold,Capture-Hold,Capture-Hold,visual_perception_hz,9.481288203659092,9.481288203659092,0.0,1
20260717_204156_controller_right,exp1_system_characterization,continuous_translation,trial_001,event_004,exp1_system_characterization/continuous_translation,Arrival-Hold,Capture-Hold,Capture-Hold,render_hz,68.92897874886533,68.92897874886533,0.0,1
20260717_204156_controller_right,exp1_system_characterization,continuous_translation,trial_001,event_004,exp1_system_characterization/continuous_translation,Arrival-Hold,One-Euro Anchor,One-Euro Anchor,reference_coverage,1.0,1.0,0.0,1
20260717_204156_controller_right,exp1_system_characterization,continuous_translation,trial_001,event_004,exp1_system_characterization/continuous_translation,Arrival-Hold,One-Euro Anchor,One-Euro Anchor,display_coverage,1.0,1.0,0.0,1
20260717_204156_controller_right,exp1_system_characterization,continuous_translation,trial_001,event_004,exp1_system_characterization/continuous_translation,Arrival-Hold,One-Euro Anchor,One-Euro Anchor,output_coverage,1.0,1.0,0.0,1
20260717_204156_controller_right,exp1_system_characterization,continuous_translation,trial_001,event_004,exp1_system_characterization/continuous_translation,Arrival-Hold,One-Euro Anchor,One-Euro Anchor,translation_error_mm_median,40.668533406457684,83.78209192984048,43.11355852338279,1
20260717_204156_controller_right,exp1_system_characterization,continuous_translation,trial_001,event_004,exp1_system_characterization/continuous_translation,Arrival-Hold,One-Euro Anchor,One-Euro Anchor,translation_error_mm_iqr,18.913434773615062,37.15585489008133,18.242420116466267,1
20260717_204156_controller_right,exp1_system_characterization,continuous_translation,trial_001,event_004,exp1_system_characterization/continuous_translation,Arrival-Hold,One-Euro Anchor,One-Euro Anchor,translation_error_mm_p95,63.90993278825344,116.17997091746619,52.27003812921275,1
20260717_204156_controller_right,exp1_system_characterization,continuous_translation,trial_001,event_004,exp1_system_characterization/continuous_translation,Arrival-Hold,One-Euro Anchor,One-Euro Anchor,rotation_error_deg_median,3.044690477162996,3.9783789463418455,0.9336884691788496,1
20260717_204156_controller_right,exp1_system_characterization,continuous_translation,trial_001,event_004,exp1_system_characterization/continuous_translation,Arrival-Hold,One-Euro Anchor,One-Euro Anchor,rotation_error_deg_iqr,1.6047055620591126,1.229007652908534,-0.37569790915057855,1
20260717_204156_controller_right,exp1_system_characterization,continuous_translation,trial_001,event_004,exp1_system_characterization/continuous_translation,Arrival-Hold,One-Euro Anchor,One-Euro Anchor,rotation_error_deg_p95,6.812851823706796,5.96246468224631,-0.8503871414604864,1
20260717_204156_controller_right,exp1_system_characterization,continuous_translation,trial_001,event_004,exp1_system_characterization/continuous_translation,Arrival-Hold,One-Euro Anchor,One-Euro Anchor,candidate_arrival_p50_ms,167.08110000035958,167.14499999943655,0.0638999990769662,1
20260717_204156_controller_right,exp1_system_characterization,continuous_translation,trial_001,event_004,exp1_system_characterization/continuous_translation,Arrival-Hold,One-Euro Anchor,One-Euro Anchor,candidate_arrival_p95_ms,193.8605200019083,193.9210600045044,0.06054000259609893,1
20260717_204156_controller_right,exp1_system_characterization,continuous_translation,trial_001,event_004,exp1_system_characterization/continuous_translation,Arrival-Hold,One-Euro Anchor,One-Euro Anchor,candidate_processing_p50_ms,77.20069999992847,77.20069999992847,0.0,1
20260717_204156_controller_right,exp1_system_characterization,continuous_translation,trial_001,event_004,exp1_system_characterization/continuous_translation,Arrival-Hold,One-Euro Anchor,One-Euro Anchor,candidate_processing_p95_ms,86.39533999934793,86.39533999934793,0.0,1
20260717_204156_controller_right,exp1_system_characterization,continuous_translation,trial_001,event_004,exp1_system_characterization/continuous_translation,Arrival-Hold,One-Euro Anchor,One-Euro Anchor,observation_age_p50_ms,49.128500002552755,216.64140000211773,167.51289999956498,1
20260717_204156_controller_right,exp1_system_characterization,continuous_translation,trial_001,event_004,exp1_system_characterization/continuous_translation,Arrival-Hold,One-Euro Anchor,One-Euro Anchor,observation_age_p95_ms,97.63581999577582,265.2455599964014,167.6097400006256,1
20260717_204156_controller_right,exp1_system_characterization,continuous_translation,trial_001,event_004,exp1_system_characterization/continuous_translation,Arrival-Hold,One-Euro Anchor,One-Euro Anchor,smoothing_delay_p50_ms,49.128500002552755,216.64140000211773,167.51289999956498,1
20260717_204156_controller_right,exp1_system_characterization,continuous_translation,trial_001,event_004,exp1_system_characterization/continuous_translation,Arrival-Hold,One-Euro Anchor,One-Euro Anchor,smoothing_delay_p95_ms,97.63581999577582,265.2455599964014,167.6097400006256,1
20260717_204156_controller_right,exp1_system_characterization,continuous_translation,trial_001,event_004,exp1_system_characterization/continuous_translation,Arrival-Hold,One-Euro Anchor,One-Euro Anchor,visual_perception_hz,9.481288203659092,9.481288203659092,0.0,1
20260717_204156_controller_right,exp1_system_characterization,continuous_translation,trial_001,event_004,exp1_system_characterization/continuous_translation,Arrival-Hold,One-Euro Anchor,One-Euro Anchor,render_hz,68.92897874886533,68.92897874886533,0.0,1
20260717_204156_controller_right,exp1_system_characterization,continuous_translation,trial_001,event_004,exp1_system_characterization/continuous_translation,Arrival-Hold,EgoAnchor,EgoAnchor,reference_coverage,1.0,1.0,0.0,1
20260717_204156_controller_right,exp1_system_characterization,continuous_translation,trial_001,event_004,exp1_system_characterization/continuous_translation,Arrival-Hold,EgoAnchor,EgoAnchor,display_coverage,1.0,1.0,0.0,1
20260717_204156_controller_right,exp1_system_characterization,continuous_translation,trial_001,event_004,exp1_system_characterization/continuous_translation,Arrival-Hold,EgoAnchor,EgoAnchor,output_coverage,1.0,1.0,0.0,1
20260717_204156_controller_right,exp1_system_characterization,continuous_translation,trial_001,event_004,exp1_system_characterization/continuous_translation,Arrival-Hold,EgoAnchor,EgoAnchor,translation_error_mm_median,40.668533406457684,71.2411656639107,30.572632257453023,1
20260717_204156_controller_right,exp1_system_characterization,continuous_translation,trial_001,event_004,exp1_system_characterization/continuous_translation,Arrival-Hold,EgoAnchor,EgoAnchor,translation_error_mm_iqr,18.913434773615062,34.690779514746445,15.777344741131383,1
20260717_204156_controller_right,exp1_system_characterization,continuous_translation,trial_001,event_004,exp1_system_characterization/continuous_translation,Arrival-Hold,EgoAnchor,EgoAnchor,translation_error_mm_p95,63.90993278825344,93.30844876795149,29.398515979698047,1
20260717_204156_controller_right,exp1_system_characterization,continuous_translation,trial_001,event_004,exp1_system_characterization/continuous_translation,Arrival-Hold,EgoAnchor,EgoAnchor,rotation_error_deg_median,3.044690477162996,3.6161401107184856,0.5714496335554897,1
20260717_204156_controller_right,exp1_system_characterization,continuous_translation,trial_001,event_004,exp1_system_characterization/continuous_translation,Arrival-Hold,EgoAnchor,EgoAnchor,rotation_error_deg_iqr,1.6047055620591126,1.0821527420413743,-0.5225528200177383,1
20260717_204156_controller_right,exp1_system_characterization,continuous_translation,trial_001,event_004,exp1_system_characterization/continuous_translation,Arrival-Hold,EgoAnchor,EgoAnchor,rotation_error_deg_p95,6.812851823706796,6.531451064832003,-0.2814007588747929,1
20260717_204156_controller_right,exp1_system_characterization,continuous_translation,trial_001,event_004,exp1_system_characterization/continuous_translation,Arrival-Hold,EgoAnchor,EgoAnchor,candidate_arrival_p50_ms,167.08110000035958,166.99900000094203,-0.08209999941755086,1
20260717_204156_controller_right,exp1_system_characterization,continuous_translation,trial_001,event_004,exp1_system_characterization/continuous_translation,Arrival-Hold,EgoAnchor,EgoAnchor,candidate_arrival_p95_ms,193.8605200019083,193.77900000254158,-0.08151999936671928,1
20260717_204156_controller_right,exp1_system_characterization,continuous_translation,trial_001,event_004,exp1_system_characterization/continuous_translation,Arrival-Hold,EgoAnchor,EgoAnchor,candidate_processing_p50_ms,77.20069999992847,77.20069999992847,0.0,1
20260717_204156_controller_right,exp1_system_characterization,continuous_translation,trial_001,event_004,exp1_system_characterization/continuous_translation,Arrival-Hold,EgoAnchor,EgoAnchor,candidate_processing_p95_ms,86.39533999934793,86.39533999934793,0.0,1
20260717_204156_controller_right,exp1_system_characterization,continuous_translation,trial_001,event_004,exp1_system_characterization/continuous_translation,Arrival-Hold,EgoAnchor,EgoAnchor,observation_age_p50_ms,49.128500002552755,216.63170000101672,167.50319999846397,1
20260717_204156_controller_right,exp1_system_characterization,continuous_translation,trial_001,event_004,exp1_system_characterization/continuous_translation,Arrival-Hold,EgoAnchor,EgoAnchor,observation_age_p95_ms,97.63581999577582,265.23551999707706,167.59970000130124,1
20260717_204156_controller_right,exp1_system_characterization,continuous_translation,trial_001,event_004,exp1_system_characterization/continuous_translation,Arrival-Hold,EgoAnchor,EgoAnchor,smoothing_delay_p50_ms,49.128500002552755,284.9063277244568,235.77782772190403,1
20260717_204156_controller_right,exp1_system_characterization,continuous_translation,trial_001,event_004,exp1_system_characterization/continuous_translation,Arrival-Hold,EgoAnchor,EgoAnchor,smoothing_delay_p95_ms,97.63581999577582,295.25099992752075,197.61517993174493,1
20260717_204156_controller_right,exp1_system_characterization,continuous_translation,trial_001,event_004,exp1_system_characterization/continuous_translation,Arrival-Hold,EgoAnchor,EgoAnchor,visual_perception_hz,9.481288203659092,9.481288203659092,0.0,1
20260717_204156_controller_right,exp1_system_characterization,continuous_translation,trial_001,event_004,exp1_system_characterization/continuous_translation,Arrival-Hold,EgoAnchor,EgoAnchor,render_hz,68.92897874886533,68.92897874886533,0.0,1
20260717_204156_controller_right,exp1_system_characterization,continuous_translation,trial_001,event_005,exp1_system_characterization/continuous_translation,Arrival-Hold,Capture-Hold,Capture-Hold,reference_coverage,1.0,1.0,0.0,1
20260717_204156_controller_right,exp1_system_characterization,continuous_translation,trial_001,event_005,exp1_system_characterization/continuous_translation,Arrival-Hold,Capture-Hold,Capture-Hold,display_coverage,1.0,1.0,0.0,1
20260717_204156_controller_right,exp1_system_characterization,continuous_translation,trial_001,event_005,exp1_system_characterization/continuous_translation,Arrival-Hold,Capture-Hold,Capture-Hold,output_coverage,1.0,1.0,0.0,1
20260717_204156_controller_right,exp1_system_characterization,continuous_translation,trial_001,event_005,exp1_system_characterization/continuous_translation,Arrival-Hold,Capture-Hold,Capture-Hold,translation_error_mm_median,50.052657121065934,67.13778089801338,17.08512377694744,1
20260717_204156_controller_right,exp1_system_characterization,continuous_translation,trial_001,event_005,exp1_system_characterization/continuous_translation,Arrival-Hold,Capture-Hold,Capture-Hold,translation_error_mm_iqr,34.0107397026879,43.32395762531547,9.313217922627572,1
20260717_204156_controller_right,exp1_system_characterization,continuous_translation,trial_001,event_005,exp1_system_characterization/continuous_translation,Arrival-Hold,Capture-Hold,Capture-Hold,translation_error_mm_p95,80.13253644124892,103.54482055673259,23.412284115483672,1
20260717_204156_controller_right,exp1_system_characterization,continuous_translation,trial_001,event_005,exp1_system_characterization/continuous_translation,Arrival-Hold,Capture-Hold,Capture-Hold,rotation_error_deg_median,5.007487845308635,5.677272803524682,0.6697849582160469,1
20260717_204156_controller_right,exp1_system_characterization,continuous_translation,trial_001,event_005,exp1_system_characterization/continuous_translation,Arrival-Hold,Capture-Hold,Capture-Hold,rotation_error_deg_iqr,1.684680384742773,1.5923395776065439,-0.09234080713622905,1
20260717_204156_controller_right,exp1_system_characterization,continuous_translation,trial_001,event_005,exp1_system_characterization/continuous_translation,Arrival-Hold,Capture-Hold,Capture-Hold,rotation_error_deg_p95,7.414129210834943,8.32737644047909,0.9132472296441474,1
20260717_204156_controller_right,exp1_system_characterization,continuous_translation,trial_001,event_005,exp1_system_characterization/continuous_translation,Arrival-Hold,Capture-Hold,Capture-Hold,candidate_arrival_p50_ms,166.7709500034107,166.80225000163773,0.031299998227041215,1
20260717_204156_controller_right,exp1_system_characterization,continuous_translation,trial_001,event_005,exp1_system_characterization/continuous_translation,Arrival-Hold,Capture-Hold,Capture-Hold,candidate_arrival_p95_ms,182.91288499858638,182.94342000190227,0.030535003315890208,1
20260717_204156_controller_right,exp1_system_characterization,continuous_translation,trial_001,event_005,exp1_system_characterization/continuous_translation,Arrival-Hold,Capture-Hold,Capture-Hold,candidate_processing_p50_ms,73.13065000064671,73.13065000064671,0.0,1
20260717_204156_controller_right,exp1_system_characterization,continuous_translation,trial_001,event_005,exp1_system_characterization/continuous_translation,Arrival-Hold,Capture-Hold,Capture-Hold,candidate_processing_p95_ms,81.19053499847651,81.19053499847651,0.0,1
20260717_204156_controller_right,exp1_system_characterization,continuous_translation,trial_001,event_005,exp1_system_characterization/continuous_translation,Arrival-Hold,Capture-Hold,Capture-Hold,observation_age_p50_ms,48.91549999956624,216.02865000386373,167.1131500042975,1
20260717_204156_controller_right,exp1_system_characterization,continuous_translation,trial_001,event_005,exp1_system_characterization/continuous_translation,Arrival-Hold,Capture-Hold,Capture-Hold,observation_age_p95_ms,96.37365000344289,264.48775000426394,168.11410000082105,1
20260717_204156_controller_right,exp1_system_characterization,continuous_translation,trial_001,event_005,exp1_system_characterization/continuous_translation,Arrival-Hold,Capture-Hold,Capture-Hold,smoothing_delay_p50_ms,48.91549999956624,216.02865000386373,167.1131500042975,1
20260717_204156_controller_right,exp1_system_characterization,continuous_translation,trial_001,event_005,exp1_system_characterization/continuous_translation,Arrival-Hold,Capture-Hold,Capture-Hold,smoothing_delay_p95_ms,96.37365000344289,264.48775000426394,168.11410000082105,1
20260717_204156_controller_right,exp1_system_characterization,continuous_translation,trial_001,event_005,exp1_system_characterization/continuous_translation,Arrival-Hold,Capture-Hold,Capture-Hold,visual_perception_hz,9.89793998417156,9.89793998417156,0.0,1
20260717_204156_controller_right,exp1_system_characterization,continuous_translation,trial_001,event_005,exp1_system_characterization/continuous_translation,Arrival-Hold,Capture-Hold,Capture-Hold,render_hz,66.92137403149054,66.92137403149054,0.0,1
20260717_204156_controller_right,exp1_system_characterization,continuous_translation,trial_001,event_005,exp1_system_characterization/continuous_translation,Arrival-Hold,One-Euro Anchor,One-Euro Anchor,reference_coverage,1.0,1.0,0.0,1
20260717_204156_controller_right,exp1_system_characterization,continuous_translation,trial_001,event_005,exp1_system_characterization/continuous_translation,Arrival-Hold,One-Euro Anchor,One-Euro Anchor,display_coverage,1.0,1.0,0.0,1
20260717_204156_controller_right,exp1_system_characterization,continuous_translation,trial_001,event_005,exp1_system_characterization/continuous_translation,Arrival-Hold,One-Euro Anchor,One-Euro Anchor,output_coverage,1.0,1.0,0.0,1
20260717_204156_controller_right,exp1_system_characterization,continuous_translation,trial_001,event_005,exp1_system_characterization/continuous_translation,Arrival-Hold,One-Euro Anchor,One-Euro Anchor,translation_error_mm_median,50.052657121065934,104.7369383118079,54.68428119074197,1
20260717_204156_controller_right,exp1_system_characterization,continuous_translation,trial_001,event_005,exp1_system_characterization/continuous_translation,Arrival-Hold,One-Euro Anchor,One-Euro Anchor,translation_error_mm_iqr,34.0107397026879,62.998561739230816,28.987822036542916,1
20260717_204156_controller_right,exp1_system_characterization,continuous_translation,trial_001,event_005,exp1_system_characterization/continuous_translation,Arrival-Hold,One-Euro Anchor,One-Euro Anchor,translation_error_mm_p95,80.13253644124892,146.751324072589,66.61878763134008,1
20260717_204156_controller_right,exp1_system_characterization,continuous_translation,trial_001,event_005,exp1_system_characterization/continuous_translation,Arrival-Hold,One-Euro Anchor,One-Euro Anchor,rotation_error_deg_median,5.007487845308635,7.694145913835007,2.6866580685263717,1
20260717_204156_controller_right,exp1_system_characterization,continuous_translation,trial_001,event_005,exp1_system_characterization/continuous_translation,Arrival-Hold,One-Euro Anchor,One-Euro Anchor,rotation_error_deg_iqr,1.684680384742773,3.2142911743223266,1.5296107895795537,1
20260717_204156_controller_right,exp1_system_characterization,continuous_translation,trial_001,event_005,exp1_system_characterization/continuous_translation,Arrival-Hold,One-Euro Anchor,One-Euro Anchor,rotation_error_deg_p95,7.414129210834943,10.329051255686567,2.9149220448516235,1
20260717_204156_controller_right,exp1_system_characterization,continuous_translation,trial_001,event_005,exp1_system_characterization/continuous_translation,Arrival-Hold,One-Euro Anchor,One-Euro Anchor,candidate_arrival_p50_ms,166.7709500034107,166.83055000248714,0.05959999907645397,1
20260717_204156_controller_right,exp1_system_characterization,continuous_translation,trial_001,event_005,exp1_system_characterization/continuous_translation,Arrival-Hold,One-Euro Anchor,One-Euro Anchor,candidate_arrival_p95_ms,182.91288499858638,182.9754900027183,0.06260500413191039,1
20260717_204156_controller_right,exp1_system_characterization,continuous_translation,trial_001,event_005,exp1_system_characterization/continuous_translation,Arrival-Hold,One-Euro Anchor,One-Euro Anchor,candidate_processing_p50_ms,73.13065000064671,73.13065000064671,0.0,1
20260717_204156_controller_right,exp1_system_characterization,continuous_translation,trial_001,event_005,exp1_system_characterization/continuous_translation,Arrival-Hold,One-Euro Anchor,One-Euro Anchor,candidate_processing_p95_ms,81.19053499847651,81.19053499847651,0.0,1
20260717_204156_controller_right,exp1_system_characterization,continuous_translation,trial_001,event_005,exp1_system_characterization/continuous_translation,Arrival-Hold,One-Euro Anchor,One-Euro Anchor,observation_age_p50_ms,48.91549999956624,216.02960000382154,167.1141000042553,1
20260717_204156_controller_right,exp1_system_characterization,continuous_translation,trial_001,event_005,exp1_system_characterization/continuous_translation,Arrival-Hold,One-Euro Anchor,One-Euro Anchor,observation_age_p95_ms,96.37365000344289,264.48862500365067,168.11497500020778,1
20260717_204156_controller_right,exp1_system_characterization,continuous_translation,trial_001,event_005,exp1_system_characterization/continuous_translation,Arrival-Hold,One-Euro Anchor,One-Euro Anchor,smoothing_delay_p50_ms,48.91549999956624,216.02960000382154,167.1141000042553,1
20260717_204156_controller_right,exp1_system_characterization,continuous_translation,trial_001,event_005,exp1_system_characterization/continuous_translation,Arrival-Hold,One-Euro Anchor,One-Euro Anchor,smoothing_delay_p95_ms,96.37365000344289,264.48862500365067,168.11497500020778,1
20260717_204156_controller_right,exp1_system_characterization,continuous_translation,trial_001,event_005,exp1_system_characterization/continuous_translation,Arrival-Hold,One-Euro Anchor,One-Euro Anchor,visual_perception_hz,9.89793998417156,9.89793998417156,0.0,1
20260717_204156_controller_right,exp1_system_characterization,continuous_translation,trial_001,event_005,exp1_system_characterization/continuous_translation,Arrival-Hold,One-Euro Anchor,One-Euro Anchor,render_hz,66.92137403149054,66.92137403149054,0.0,1
20260717_204156_controller_right,exp1_system_characterization,continuous_translation,trial_001,event_005,exp1_system_characterization/continuous_translation,Arrival-Hold,EgoAnchor,EgoAnchor,reference_coverage,1.0,1.0,0.0,1
20260717_204156_controller_right,exp1_system_characterization,continuous_translation,trial_001,event_005,exp1_system_characterization/continuous_translation,Arrival-Hold,EgoAnchor,EgoAnchor,display_coverage,1.0,1.0,0.0,1
20260717_204156_controller_right,exp1_system_characterization,continuous_translation,trial_001,event_005,exp1_system_characterization/continuous_translation,Arrival-Hold,EgoAnchor,EgoAnchor,output_coverage,1.0,1.0,0.0,1
20260717_204156_controller_right,exp1_system_characterization,continuous_translation,trial_001,event_005,exp1_system_characterization/continuous_translation,Arrival-Hold,EgoAnchor,EgoAnchor,translation_error_mm_median,50.052657121065934,89.00663147179486,38.95397435072893,1
20260717_204156_controller_right,exp1_system_characterization,continuous_translation,trial_001,event_005,exp1_system_characterization/continuous_translation,Arrival-Hold,EgoAnchor,EgoAnchor,translation_error_mm_iqr,34.0107397026879,56.227719169562434,22.216979466874534,1
20260717_204156_controller_right,exp1_system_characterization,continuous_translation,trial_001,event_005,exp1_system_characterization/continuous_translation,Arrival-Hold,EgoAnchor,EgoAnchor,translation_error_mm_p95,80.13253644124892,119.278235928264,39.14569948701508,1
20260717_204156_controller_right,exp1_system_characterization,continuous_translation,trial_001,event_005,exp1_system_characterization/continuous_translation,Arrival-Hold,EgoAnchor,EgoAnchor,rotation_error_deg_median,5.007487845308635,6.59758037336708,1.5900925280584453,1
20260717_204156_controller_right,exp1_system_characterization,continuous_translation,trial_001,event_005,exp1_system_characterization/continuous_translation,Arrival-Hold,EgoAnchor,EgoAnchor,rotation_error_deg_iqr,1.684680384742773,2.2419809089245124,0.5573005241817395,1
20260717_204156_controller_right,exp1_system_characterization,continuous_translation,trial_001,event_005,exp1_system_characterization/continuous_translation,Arrival-Hold,EgoAnchor,EgoAnchor,rotation_error_deg_p95,7.414129210834943,9.416426133491951,2.002296922657008,1
20260717_204156_controller_right,exp1_system_characterization,continuous_translation,trial_001,event_005,exp1_system_characterization/continuous_translation,Arrival-Hold,EgoAnchor,EgoAnchor,candidate_arrival_p50_ms,166.7709500034107,166.68275000120047,-0.08820000221021473,1
20260717_204156_controller_right,exp1_system_characterization,continuous_translation,trial_001,event_005,exp1_system_characterization/continuous_translation,Arrival-Hold,EgoAnchor,EgoAnchor,candidate_arrival_p95_ms,182.91288499858638,182.82807000105095,-0.08481499753543176,1
20260717_204156_controller_right,exp1_system_characterization,continuous_translation,trial_001,event_005,exp1_system_characterization/continuous_translation,Arrival-Hold,EgoAnchor,EgoAnchor,candidate_processing_p50_ms,73.13065000064671,73.13065000064671,0.0,1
20260717_204156_controller_right,exp1_system_characterization,continuous_translation,trial_001,event_005,exp1_system_characterization/continuous_translation,Arrival-Hold,EgoAnchor,EgoAnchor,candidate_processing_p95_ms,81.19053499847651,81.19053499847651,0.0,1
20260717_204156_controller_right,exp1_system_characterization,continuous_translation,trial_001,event_005,exp1_system_characterization/continuous_translation,Arrival-Hold,EgoAnchor,EgoAnchor,observation_age_p50_ms,48.91549999956624,216.01940000255127,167.10390000298503,1
20260717_204156_controller_right,exp1_system_characterization,continuous_translation,trial_001,event_005,exp1_system_characterization/continuous_translation,Arrival-Hold,EgoAnchor,EgoAnchor,observation_age_p95_ms,96.37365000344289,264.47942500089994,168.10577499745705,1
20260717_204156_controller_right,exp1_system_characterization,continuous_translation,trial_001,event_005,exp1_system_characterization/continuous_translation,Arrival-Hold,EgoAnchor,EgoAnchor,smoothing_delay_p50_ms,48.91549999956624,282.390296459198,233.47479645963176,1
20260717_204156_controller_right,exp1_system_characterization,continuous_translation,trial_001,event_005,exp1_system_characterization/continuous_translation,Arrival-Hold,EgoAnchor,EgoAnchor,smoothing_delay_p95_ms,96.37365000344289,290.08349776268005,193.70984775923716,1
20260717_204156_controller_right,exp1_system_characterization,continuous_translation,trial_001,event_005,exp1_system_characterization/continuous_translation,Arrival-Hold,EgoAnchor,EgoAnchor,visual_perception_hz,9.89793998417156,9.89793998417156,0.0,1
20260717_204156_controller_right,exp1_system_characterization,continuous_translation,trial_001,event_005,exp1_system_characterization/continuous_translation,Arrival-Hold,EgoAnchor,EgoAnchor,render_hz,66.92137403149054,66.92137403149054,0.0,1
20260717_204156_controller_right,exp1_system_characterization,continuous_translation,trial_001,event_006,exp1_system_characterization/continuous_translation,Arrival-Hold,Capture-Hold,Capture-Hold,reference_coverage,1.0,1.0,0.0,1
20260717_204156_controller_right,exp1_system_characterization,continuous_translation,trial_001,event_006,exp1_system_characterization/continuous_translation,Arrival-Hold,Capture-Hold,Capture-Hold,display_coverage,1.0,1.0,0.0,1
20260717_204156_controller_right,exp1_system_characterization,continuous_translation,trial_001,event_006,exp1_system_characterization/continuous_translation,Arrival-Hold,Capture-Hold,Capture-Hold,output_coverage,1.0,1.0,0.0,1
20260717_204156_controller_right,exp1_system_characterization,continuous_translation,trial_001,event_006,exp1_system_characterization/continuous_translation,Arrival-Hold,Capture-Hold,Capture-Hold,translation_error_mm_median,44.105052741149464,63.94612242095842,19.841069679808953,1
20260717_204156_controller_right,exp1_system_characterization,continuous_translation,trial_001,event_006,exp1_system_characterization/continuous_translation,Arrival-Hold,Capture-Hold,Capture-Hold,translation_error_mm_iqr,24.745533336671155,33.91365839788001,9.168125061208858,1
20260717_204156_controller_right,exp1_system_characterization,continuous_translation,trial_001,event_006,exp1_system_characterization/continuous_translation,Arrival-Hold,Capture-Hold,Capture-Hold,translation_error_mm_p95,72.76646202314774,99.94708834539846,27.180626322250717,1
20260717_204156_controller_right,exp1_system_characterization,continuous_translation,trial_001,event_006,exp1_system_characterization/continuous_translation,Arrival-Hold,Capture-Hold,Capture-Hold,rotation_error_deg_median,2.450934229970355,3.1266037442095325,0.6756695142391775,1
20260717_204156_controller_right,exp1_system_characterization,continuous_translation,trial_001,event_006,exp1_system_characterization/continuous_translation,Arrival-Hold,Capture-Hold,Capture-Hold,rotation_error_deg_iqr,1.5399795021057907,1.746886096979079,0.20690659487328822,1
20260717_204156_controller_right,exp1_system_characterization,continuous_translation,trial_001,event_006,exp1_system_characterization/continuous_translation,Arrival-Hold,Capture-Hold,Capture-Hold,rotation_error_deg_p95,4.381925319006201,4.697057176547976,0.3151318575417754,1
20260717_204156_controller_right,exp1_system_characterization,continuous_translation,trial_001,event_006,exp1_system_characterization/continuous_translation,Arrival-Hold,Capture-Hold,Capture-Hold,candidate_arrival_p50_ms,166.7614500001946,166.7928499991831,0.03139999898849055,1
20260717_204156_controller_right,exp1_system_characterization,continuous_translation,trial_001,event_006,exp1_system_characterization/continuous_translation,Arrival-Hold,Capture-Hold,Capture-Hold,candidate_arrival_p95_ms,207.02875000060885,207.05957500249497,0.030825001886114478,1
20260717_204156_controller_right,exp1_system_characterization,continuous_translation,trial_001,event_006,exp1_system_characterization/continuous_translation,Arrival-Hold,Capture-Hold,Capture-Hold,candidate_processing_p50_ms,77.13735000044107,77.13735000044107,0.0,1
20260717_204156_controller_right,exp1_system_characterization,continuous_translation,trial_001,event_006,exp1_system_characterization/continuous_translation,Arrival-Hold,Capture-Hold,Capture-Hold,candidate_processing_p95_ms,88.33572499845177,88.33572499845177,0.0,1
20260717_204156_controller_right,exp1_system_characterization,continuous_translation,trial_001,event_006,exp1_system_characterization/continuous_translation,Arrival-Hold,Capture-Hold,Capture-Hold,observation_age_p50_ms,48.97979999805102,222.4612999962119,173.48149999816087,1
20260717_204156_controller_right,exp1_system_characterization,continuous_translation,trial_001,event_006,exp1_system_characterization/continuous_translation,Arrival-Hold,Capture-Hold,Capture-Hold,observation_age_p95_ms,98.32490999506263,277.32795500160137,179.00304500653874,1
20260717_204156_controller_right,exp1_system_characterization,continuous_translation,trial_001,event_006,exp1_system_characterization/continuous_translation,Arrival-Hold,Capture-Hold,Capture-Hold,smoothing_delay_p50_ms,48.97979999805102,222.4612999962119,173.48149999816087,1
20260717_204156_controller_right,exp1_system_characterization,continuous_translation,trial_001,event_006,exp1_system_characterization/continuous_translation,Arrival-Hold,Capture-Hold,Capture-Hold,smoothing_delay_p95_ms,98.32490999506263,277.32795500160137,179.00304500653874,1
20260717_204156_controller_right,exp1_system_characterization,continuous_translation,trial_001,event_006,exp1_system_characterization/continuous_translation,Arrival-Hold,Capture-Hold,Capture-Hold,visual_perception_hz,9.474265998715016,9.474265998715016,0.0,1
20260717_204156_controller_right,exp1_system_characterization,continuous_translation,trial_001,event_006,exp1_system_characterization/continuous_translation,Arrival-Hold,Capture-Hold,Capture-Hold,render_hz,67.96639323263193,67.96639323263193,0.0,1
20260717_204156_controller_right,exp1_system_characterization,continuous_translation,trial_001,event_006,exp1_system_characterization/continuous_translation,Arrival-Hold,One-Euro Anchor,One-Euro Anchor,reference_coverage,1.0,1.0,0.0,1
20260717_204156_controller_right,exp1_system_characterization,continuous_translation,trial_001,event_006,exp1_system_characterization/continuous_translation,Arrival-Hold,One-Euro Anchor,One-Euro Anchor,display_coverage,1.0,1.0,0.0,1
20260717_204156_controller_right,exp1_system_characterization,continuous_translation,trial_001,event_006,exp1_system_characterization/continuous_translation,Arrival-Hold,One-Euro Anchor,One-Euro Anchor,output_coverage,1.0,1.0,0.0,1
20260717_204156_controller_right,exp1_system_characterization,continuous_translation,trial_001,event_006,exp1_system_characterization/continuous_translation,Arrival-Hold,One-Euro Anchor,One-Euro Anchor,translation_error_mm_median,44.105052741149464,98.28901368371677,54.18396094256731,1
20260717_204156_controller_right,exp1_system_characterization,continuous_translation,trial_001,event_006,exp1_system_characterization/continuous_translation,Arrival-Hold,One-Euro Anchor,One-Euro Anchor,translation_error_mm_iqr,24.745533336671155,53.41804383121212,28.672510494540962,1
20260717_204156_controller_right,exp1_system_characterization,continuous_translation,trial_001,event_006,exp1_system_characterization/continuous_translation,Arrival-Hold,One-Euro Anchor,One-Euro Anchor,translation_error_mm_p95,72.76646202314774,140.90456871093568,68.13810668778794,1
20260717_204156_controller_right,exp1_system_characterization,continuous_translation,trial_001,event_006,exp1_system_characterization/continuous_translation,Arrival-Hold,One-Euro Anchor,One-Euro Anchor,rotation_error_deg_median,2.450934229970355,4.316402852899308,1.8654686229289528,1
20260717_204156_controller_right,exp1_system_characterization,continuous_translation,trial_001,event_006,exp1_system_characterization/continuous_translation,Arrival-Hold,One-Euro Anchor,One-Euro Anchor,rotation_error_deg_iqr,1.5399795021057907,2.077211137370477,0.5372316352646862,1
20260717_204156_controller_right,exp1_system_characterization,continuous_translation,trial_001,event_006,exp1_system_characterization/continuous_translation,Arrival-Hold,One-Euro Anchor,One-Euro Anchor,rotation_error_deg_p95,4.381925319006201,6.28931849264939,1.9073931736431895,1
20260717_204156_controller_right,exp1_system_characterization,continuous_translation,trial_001,event_006,exp1_system_characterization/continuous_translation,Arrival-Hold,One-Euro Anchor,One-Euro Anchor,candidate_arrival_p50_ms,166.7614500001946,166.81989999779034,0.05844999759574421,1
20260717_204156_controller_right,exp1_system_characterization,continuous_translation,trial_001,event_006,exp1_system_characterization/continuous_translation,Arrival-Hold,One-Euro Anchor,One-Euro Anchor,candidate_arrival_p95_ms,207.02875000060885,207.08782499896188,0.059074998353025876,1
20260717_204156_controller_right,exp1_system_characterization,continuous_translation,trial_001,event_006,exp1_system_characterization/continuous_translation,Arrival-Hold,One-Euro Anchor,One-Euro Anchor,candidate_processing_p50_ms,77.13735000044107,77.13735000044107,0.0,1
20260717_204156_controller_right,exp1_system_characterization,continuous_translation,trial_001,event_006,exp1_system_characterization/continuous_translation,Arrival-Hold,One-Euro Anchor,One-Euro Anchor,candidate_processing_p95_ms,88.33572499845177,88.33572499845177,0.0,1
20260717_204156_controller_right,exp1_system_characterization,continuous_translation,trial_001,event_006,exp1_system_characterization/continuous_translation,Arrival-Hold,One-Euro Anchor,One-Euro Anchor,observation_age_p50_ms,48.97979999805102,222.4620999986655,173.4823000006145,1
20260717_204156_controller_right,exp1_system_characterization,continuous_translation,trial_001,event_006,exp1_system_characterization/continuous_translation,Arrival-Hold,One-Euro Anchor,One-Euro Anchor,observation_age_p95_ms,98.32490999506263,277.32885500117845,179.00394500611583,1
20260717_204156_controller_right,exp1_system_characterization,continuous_translation,trial_001,event_006,exp1_system_characterization/continuous_translation,Arrival-Hold,One-Euro Anchor,One-Euro Anchor,smoothing_delay_p50_ms,48.97979999805102,222.4620999986655,173.4823000006145,1
20260717_204156_controller_right,exp1_system_characterization,continuous_translation,trial_001,event_006,exp1_system_characterization/continuous_translation,Arrival-Hold,One-Euro Anchor,One-Euro Anchor,smoothing_delay_p95_ms,98.32490999506263,277.32885500117845,179.00394500611583,1
20260717_204156_controller_right,exp1_system_characterization,continuous_translation,trial_001,event_006,exp1_system_characterization/continuous_translation,Arrival-Hold,One-Euro Anchor,One-Euro Anchor,visual_perception_hz,9.474265998715016,9.474265998715016,0.0,1
20260717_204156_controller_right,exp1_system_characterization,continuous_translation,trial_001,event_006,exp1_system_characterization/continuous_translation,Arrival-Hold,One-Euro Anchor,One-Euro Anchor,render_hz,67.96639323263193,67.96639323263193,0.0,1
20260717_204156_controller_right,exp1_system_characterization,continuous_translation,trial_001,event_006,exp1_system_characterization/continuous_translation,Arrival-Hold,EgoAnchor,EgoAnchor,reference_coverage,1.0,1.0,0.0,1
20260717_204156_controller_right,exp1_system_characterization,continuous_translation,trial_001,event_006,exp1_system_characterization/continuous_translation,Arrival-Hold,EgoAnchor,EgoAnchor,display_coverage,1.0,1.0,0.0,1
20260717_204156_controller_right,exp1_system_characterization,continuous_translation,trial_001,event_006,exp1_system_characterization/continuous_translation,Arrival-Hold,EgoAnchor,EgoAnchor,output_coverage,1.0,1.0,0.0,1
20260717_204156_controller_right,exp1_system_characterization,continuous_translation,trial_001,event_006,exp1_system_characterization/continuous_translation,Arrival-Hold,EgoAnchor,EgoAnchor,translation_error_mm_median,44.105052741149464,84.46358383921893,40.35853109806946,1
20260717_204156_controller_right,exp1_system_characterization,continuous_translation,trial_001,event_006,exp1_system_characterization/continuous_translation,Arrival-Hold,EgoAnchor,EgoAnchor,translation_error_mm_iqr,24.745533336671155,42.75612258742636,18.010589250755206,1
20260717_204156_controller_right,exp1_system_characterization,continuous_translation,trial_001,event_006,exp1_system_characterization/continuous_translation,Arrival-Hold,EgoAnchor,EgoAnchor,translation_error_mm_p95,72.76646202314774,111.37078897434009,38.60432695119235,1
20260717_204156_controller_right,exp1_system_characterization,continuous_translation,trial_001,event_006,exp1_system_characterization/continuous_translation,Arrival-Hold,EgoAnchor,EgoAnchor,rotation_error_deg_median,2.450934229970355,3.565200097302425,1.1142658673320702,1
20260717_204156_controller_right,exp1_system_characterization,continuous_translation,trial_001,event_006,exp1_system_characterization/continuous_translation,Arrival-Hold,EgoAnchor,EgoAnchor,rotation_error_deg_iqr,1.5399795021057907,1.5066479106664503,-0.03333159143934039,1
20260717_204156_controller_right,exp1_system_characterization,continuous_translation,trial_001,event_006,exp1_system_characterization/continuous_translation,Arrival-Hold,EgoAnchor,EgoAnchor,rotation_error_deg_p95,4.381925319006201,5.463345692820972,1.0814203738147707,1
20260717_204156_controller_right,exp1_system_characterization,continuous_translation,trial_001,event_006,exp1_system_characterization/continuous_translation,Arrival-Hold,EgoAnchor,EgoAnchor,candidate_arrival_p50_ms,166.7614500001946,166.68154999933904,-0.07990000085555948,1
20260717_204156_controller_right,exp1_system_characterization,continuous_translation,trial_001,event_006,exp1_system_characterization/continuous_translation,Arrival-Hold,EgoAnchor,EgoAnchor,candidate_arrival_p95_ms,207.02875000060885,206.9395349968545,-0.08921500375436153,1
20260717_204156_controller_right,exp1_system_characterization,continuous_translation,trial_001,event_006,exp1_system_characterization/continuous_translation,Arrival-Hold,EgoAnchor,EgoAnchor,candidate_processing_p50_ms,77.13735000044107,77.13735000044107,0.0,1
20260717_204156_controller_right,exp1_system_characterization,continuous_translation,trial_001,event_006,exp1_system_characterization/continuous_translation,Arrival-Hold,EgoAnchor,EgoAnchor,candidate_processing_p95_ms,88.33572499845177,88.33572499845177,0.0,1
20260717_204156_controller_right,exp1_system_characterization,continuous_translation,trial_001,event_006,exp1_system_characterization/continuous_translation,Arrival-Hold,EgoAnchor,EgoAnchor,observation_age_p50_ms,48.97979999805102,222.4533499975223,173.4735499994713,1
20260717_204156_controller_right,exp1_system_characterization,continuous_translation,trial_001,event_006,exp1_system_characterization/continuous_translation,Arrival-Hold,EgoAnchor,EgoAnchor,observation_age_p95_ms,98.32490999506263,277.32129500400333,178.9963850089407,1
20260717_204156_controller_right,exp1_system_characterization,continuous_translation,trial_001,event_006,exp1_system_characterization/continuous_translation,Arrival-Hold,EgoAnchor,EgoAnchor,smoothing_delay_p50_ms,48.97979999805102,286.5167409181595,237.53694092010846,1
20260717_204156_controller_right,exp1_system_characterization,continuous_translation,trial_001,event_006,exp1_system_characterization/continuous_translation,Arrival-Hold,EgoAnchor,EgoAnchor,smoothing_delay_p95_ms,98.32490999506263,303.88177186250687,205.55686186744424,1
20260717_204156_controller_right,exp1_system_characterization,continuous_translation,trial_001,event_006,exp1_system_characterization/continuous_translation,Arrival-Hold,EgoAnchor,EgoAnchor,visual_perception_hz,9.474265998715016,9.474265998715016,0.0,1
20260717_204156_controller_right,exp1_system_characterization,continuous_translation,trial_001,event_006,exp1_system_characterization/continuous_translation,Arrival-Hold,EgoAnchor,EgoAnchor,render_hz,67.96639323263193,67.96639323263193,0.0,1
20260717_204156_controller_right,exp1_system_characterization,continuous_translation,trial_001,event_007,exp1_system_characterization/continuous_translation,Arrival-Hold,Capture-Hold,Capture-Hold,reference_coverage,1.0,1.0,0.0,1
20260717_204156_controller_right,exp1_system_characterization,continuous_translation,trial_001,event_007,exp1_system_characterization/continuous_translation,Arrival-Hold,Capture-Hold,Capture-Hold,display_coverage,1.0,1.0,0.0,1
20260717_204156_controller_right,exp1_system_characterization,continuous_translation,trial_001,event_007,exp1_system_characterization/continuous_translation,Arrival-Hold,Capture-Hold,Capture-Hold,output_coverage,1.0,1.0,0.0,1
20260717_204156_controller_right,exp1_system_characterization,continuous_translation,trial_001,event_007,exp1_system_characterization/continuous_translation,Arrival-Hold,Capture-Hold,Capture-Hold,translation_error_mm_median,48.86572756244938,71.19707102963704,22.331343467187665,1
20260717_204156_controller_right,exp1_system_characterization,continuous_translation,trial_001,event_007,exp1_system_characterization/continuous_translation,Arrival-Hold,Capture-Hold,Capture-Hold,translation_error_mm_iqr,33.67666069361849,54.32903149944463,20.652370805826145,1
20260717_204156_controller_right,exp1_system_characterization,continuous_translation,trial_001,event_007,exp1_system_characterization/continuous_translation,Arrival-Hold,Capture-Hold,Capture-Hold,translation_error_mm_p95,75.3313949724443,119.02773606138595,43.69634108894165,1
20260717_204156_controller_right,exp1_system_characterization,continuous_translation,trial_001,event_007,exp1_system_characterization/continuous_translation,Arrival-Hold,Capture-Hold,Capture-Hold,rotation_error_deg_median,3.385859786662224,5.5534262952500475,2.1675665085878233,1
20260717_204156_controller_right,exp1_system_characterization,continuous_translation,trial_001,event_007,exp1_system_characterization/continuous_translation,Arrival-Hold,Capture-Hold,Capture-Hold,rotation_error_deg_iqr,2.955492081973921,4.843700576886583,1.888208494912662,1
20260717_204156_controller_right,exp1_system_characterization,continuous_translation,trial_001,event_007,exp1_system_characterization/continuous_translation,Arrival-Hold,Capture-Hold,Capture-Hold,rotation_error_deg_p95,6.6287000569828685,9.141542445404339,2.51284238842147,1
20260717_204156_controller_right,exp1_system_characterization,continuous_translation,trial_001,event_007,exp1_system_characterization/continuous_translation,Arrival-Hold,Capture-Hold,Capture-Hold,candidate_arrival_p50_ms,166.32625000056578,166.36130000188132,0.0350500013155397,1
20260717_204156_controller_right,exp1_system_characterization,continuous_translation,trial_001,event_007,exp1_system_characterization/continuous_translation,Arrival-Hold,Capture-Hold,Capture-Hold,candidate_arrival_p95_ms,222.57453999700374,222.6108849976299,0.036345000626170076,1
20260717_204156_controller_right,exp1_system_characterization,continuous_translation,trial_001,event_007,exp1_system_characterization/continuous_translation,Arrival-Hold,Capture-Hold,Capture-Hold,candidate_processing_p50_ms,77.10719999857247,77.10719999857247,0.0,1
20260717_204156_controller_right,exp1_system_characterization,continuous_translation,trial_001,event_007,exp1_system_characterization/continuous_translation,Arrival-Hold,Capture-Hold,Capture-Hold,candidate_processing_p95_ms,83.85060999691487,83.85060999691487,0.0,1
20260717_204156_controller_right,exp1_system_characterization,continuous_translation,trial_001,event_007,exp1_system_characterization/continuous_translation,Arrival-Hold,Capture-Hold,Capture-Hold,observation_age_p50_ms,49.16860000230372,223.27999999833992,174.1113999960362,1
20260717_204156_controller_right,exp1_system_characterization,continuous_translation,trial_001,event_007,exp1_system_characterization/continuous_translation,Arrival-Hold,Capture-Hold,Capture-Hold,observation_age_p95_ms,98.46960000140825,278.2459000009112,179.77629999950295,1
20260717_204156_controller_right,exp1_system_characterization,continuous_translation,trial_001,event_007,exp1_system_characterization/continuous_translation,Arrival-Hold,Capture-Hold,Capture-Hold,smoothing_delay_p50_ms,49.16860000230372,223.27999999833992,174.1113999960362,1
20260717_204156_controller_right,exp1_system_characterization,continuous_translation,trial_001,event_007,exp1_system_characterization/continuous_translation,Arrival-Hold,Capture-Hold,Capture-Hold,smoothing_delay_p95_ms,98.46960000140825,278.2459000009112,179.77629999950295,1
20260717_204156_controller_right,exp1_system_characterization,continuous_translation,trial_001,event_007,exp1_system_characterization/continuous_translation,Arrival-Hold,Capture-Hold,Capture-Hold,visual_perception_hz,9.531508648555668,9.531508648555668,0.0,1
20260717_204156_controller_right,exp1_system_characterization,continuous_translation,trial_001,event_007,exp1_system_characterization/continuous_translation,Arrival-Hold,Capture-Hold,Capture-Hold,render_hz,69.21127693948168,69.21127693948168,0.0,1
20260717_204156_controller_right,exp1_system_characterization,continuous_translation,trial_001,event_007,exp1_system_characterization/continuous_translation,Arrival-Hold,One-Euro Anchor,One-Euro Anchor,reference_coverage,1.0,1.0,0.0,1
20260717_204156_controller_right,exp1_system_characterization,continuous_translation,trial_001,event_007,exp1_system_characterization/continuous_translation,Arrival-Hold,One-Euro Anchor,One-Euro Anchor,display_coverage,1.0,1.0,0.0,1
20260717_204156_controller_right,exp1_system_characterization,continuous_translation,trial_001,event_007,exp1_system_characterization/continuous_translation,Arrival-Hold,One-Euro Anchor,One-Euro Anchor,output_coverage,1.0,1.0,0.0,1
20260717_204156_controller_right,exp1_system_characterization,continuous_translation,trial_001,event_007,exp1_system_characterization/continuous_translation,Arrival-Hold,One-Euro Anchor,One-Euro Anchor,translation_error_mm_median,48.86572756244938,108.37293456500498,59.5072070025556,1
20260717_204156_controller_right,exp1_system_characterization,continuous_translation,trial_001,event_007,exp1_system_characterization/continuous_translation,Arrival-Hold,One-Euro Anchor,One-Euro Anchor,translation_error_mm_iqr,33.67666069361849,83.16081915594418,49.484158462325695,1
20260717_204156_controller_right,exp1_system_characterization,continuous_translation,trial_001,event_007,exp1_system_characterization/continuous_translation,Arrival-Hold,One-Euro Anchor,One-Euro Anchor,translation_error_mm_p95,75.3313949724443,168.27889916707824,92.94750419463394,1
20260717_204156_controller_right,exp1_system_characterization,continuous_translation,trial_001,event_007,exp1_system_characterization/continuous_translation,Arrival-Hold,One-Euro Anchor,One-Euro Anchor,rotation_error_deg_median,3.385859786662224,7.1436889191639,3.7578291325016755,1
20260717_204156_controller_right,exp1_system_characterization,continuous_translation,trial_001,event_007,exp1_system_characterization/continuous_translation,Arrival-Hold,One-Euro Anchor,One-Euro Anchor,rotation_error_deg_iqr,2.955492081973921,7.474242884174853,4.518750802200932,1
20260717_204156_controller_right,exp1_system_characterization,continuous_translation,trial_001,event_007,exp1_system_characterization/continuous_translation,Arrival-Hold,One-Euro Anchor,One-Euro Anchor,rotation_error_deg_p95,6.6287000569828685,10.723143201133768,4.094443144150899,1
20260717_204156_controller_right,exp1_system_characterization,continuous_translation,trial_001,event_007,exp1_system_characterization/continuous_translation,Arrival-Hold,One-Euro Anchor,One-Euro Anchor,candidate_arrival_p50_ms,166.32625000056578,166.39375000522705,0.06750000466126949,1
20260717_204156_controller_right,exp1_system_characterization,continuous_translation,trial_001,event_007,exp1_system_characterization/continuous_translation,Arrival-Hold,One-Euro Anchor,One-Euro Anchor,candidate_arrival_p95_ms,222.57453999700374,222.64315499705845,0.06861500005470589,1
20260717_204156_controller_right,exp1_system_characterization,continuous_translation,trial_001,event_007,exp1_system_characterization/continuous_translation,Arrival-Hold,One-Euro Anchor,One-Euro Anchor,candidate_processing_p50_ms,77.10719999857247,77.10719999857247,0.0,1
20260717_204156_controller_right,exp1_system_characterization,continuous_translation,trial_001,event_007,exp1_system_characterization/continuous_translation,Arrival-Hold,One-Euro Anchor,One-Euro Anchor,candidate_processing_p95_ms,83.85060999691487,83.85060999691487,0.0,1
20260717_204156_controller_right,exp1_system_characterization,continuous_translation,trial_001,event_007,exp1_system_characterization/continuous_translation,Arrival-Hold,One-Euro Anchor,One-Euro Anchor,observation_age_p50_ms,49.16860000230372,223.2808000044315,174.1122000021278,1
20260717_204156_controller_right,exp1_system_characterization,continuous_translation,trial_001,event_007,exp1_system_characterization/continuous_translation,Arrival-Hold,One-Euro Anchor,One-Euro Anchor,observation_age_p95_ms,98.46960000140825,278.2465999989654,179.77699999755714,1
20260717_204156_controller_right,exp1_system_characterization,continuous_translation,trial_001,event_007,exp1_system_characterization/continuous_translation,Arrival-Hold,One-Euro Anchor,One-Euro Anchor,smoothing_delay_p50_ms,49.16860000230372,223.2808000044315,174.1122000021278,1
20260717_204156_controller_right,exp1_system_characterization,continuous_translation,trial_001,event_007,exp1_system_characterization/continuous_translation,Arrival-Hold,One-Euro Anchor,One-Euro Anchor,smoothing_delay_p95_ms,98.46960000140825,278.2465999989654,179.77699999755714,1
20260717_204156_controller_right,exp1_system_characterization,continuous_translation,trial_001,event_007,exp1_system_characterization/continuous_translation,Arrival-Hold,One-Euro Anchor,One-Euro Anchor,visual_perception_hz,9.531508648555668,9.531508648555668,0.0,1
20260717_204156_controller_right,exp1_system_characterization,continuous_translation,trial_001,event_007,exp1_system_characterization/continuous_translation,Arrival-Hold,One-Euro Anchor,One-Euro Anchor,render_hz,69.21127693948168,69.21127693948168,0.0,1
20260717_204156_controller_right,exp1_system_characterization,continuous_translation,trial_001,event_007,exp1_system_characterization/continuous_translation,Arrival-Hold,EgoAnchor,EgoAnchor,reference_coverage,1.0,1.0,0.0,1
20260717_204156_controller_right,exp1_system_characterization,continuous_translation,trial_001,event_007,exp1_system_characterization/continuous_translation,Arrival-Hold,EgoAnchor,EgoAnchor,display_coverage,1.0,1.0,0.0,1
20260717_204156_controller_right,exp1_system_characterization,continuous_translation,trial_001,event_007,exp1_system_characterization/continuous_translation,Arrival-Hold,EgoAnchor,EgoAnchor,output_coverage,1.0,1.0,0.0,1
20260717_204156_controller_right,exp1_system_characterization,continuous_translation,trial_001,event_007,exp1_system_characterization/continuous_translation,Arrival-Hold,EgoAnchor,EgoAnchor,translation_error_mm_median,48.86572756244938,93.21707835895992,44.351350796510545,1
20260717_204156_controller_right,exp1_system_characterization,continuous_translation,trial_001,event_007,exp1_system_characterization/continuous_translation,Arrival-Hold,EgoAnchor,EgoAnchor,translation_error_mm_iqr,33.67666069361849,67.16151687359596,33.48485617997747,1
20260717_204156_controller_right,exp1_system_characterization,continuous_translation,trial_001,event_007,exp1_system_characterization/continuous_translation,Arrival-Hold,EgoAnchor,EgoAnchor,translation_error_mm_p95,75.3313949724443,128.88444560697815,53.55305063453385,1
20260717_204156_controller_right,exp1_system_characterization,continuous_translation,trial_001,event_007,exp1_system_characterization/continuous_translation,Arrival-Hold,EgoAnchor,EgoAnchor,rotation_error_deg_median,3.385859786662224,6.8661025517446,3.4802427650823757,1
20260717_204156_controller_right,exp1_system_characterization,continuous_translation,trial_001,event_007,exp1_system_characterization/continuous_translation,Arrival-Hold,EgoAnchor,EgoAnchor,rotation_error_deg_iqr,2.955492081973921,6.271805706791849,3.3163136248179277,1
20260717_204156_controller_right,exp1_system_characterization,continuous_translation,trial_001,event_007,exp1_system_characterization/continuous_translation,Arrival-Hold,EgoAnchor,EgoAnchor,rotation_error_deg_p95,6.6287000569828685,9.747381941159178,3.1186818841763095,1
20260717_204156_controller_right,exp1_system_characterization,continuous_translation,trial_001,event_007,exp1_system_characterization/continuous_translation,Arrival-Hold,EgoAnchor,EgoAnchor,candidate_arrival_p50_ms,166.32625000056578,166.22950000237324,-0.09674999819253571,1
20260717_204156_controller_right,exp1_system_characterization,continuous_translation,trial_001,event_007,exp1_system_characterization/continuous_translation,Arrival-Hold,EgoAnchor,EgoAnchor,candidate_arrival_p95_ms,222.57453999700374,222.4953999997524,-0.0791399972513318,1
20260717_204156_controller_right,exp1_system_characterization,continuous_translation,trial_001,event_007,exp1_system_characterization/continuous_translation,Arrival-Hold,EgoAnchor,EgoAnchor,candidate_processing_p50_ms,77.10719999857247,77.10719999857247,0.0,1
20260717_204156_controller_right,exp1_system_characterization,continuous_translation,trial_001,event_007,exp1_system_characterization/continuous_translation,Arrival-Hold,EgoAnchor,EgoAnchor,candidate_processing_p95_ms,83.85060999691487,83.85060999691487,0.0,1
20260717_204156_controller_right,exp1_system_characterization,continuous_translation,trial_001,event_007,exp1_system_characterization/continuous_translation,Arrival-Hold,EgoAnchor,EgoAnchor,observation_age_p50_ms,49.16860000230372,223.27280000172323,174.1041999994195,1
20260717_204156_controller_right,exp1_system_characterization,continuous_translation,trial_001,event_007,exp1_system_characterization/continuous_translation,Arrival-Hold,EgoAnchor,EgoAnchor,observation_age_p95_ms,98.46960000140825,278.2375999959186,179.76799999451032,1
20260717_204156_controller_right,exp1_system_characterization,continuous_translation,trial_001,event_007,exp1_system_characterization/continuous_translation,Arrival-Hold,EgoAnchor,EgoAnchor,smoothing_delay_p50_ms,49.16860000230372,288.4339690208435,239.2653690185398,1
20260717_204156_controller_right,exp1_system_characterization,continuous_translation,trial_001,event_007,exp1_system_characterization/continuous_translation,Arrival-Hold,EgoAnchor,EgoAnchor,smoothing_delay_p95_ms,98.46960000140825,305.5052161216736,207.03561612026533,1
20260717_204156_controller_right,exp1_system_characterization,continuous_translation,trial_001,event_007,exp1_system_characterization/continuous_translation,Arrival-Hold,EgoAnchor,EgoAnchor,visual_perception_hz,9.531508648555668,9.531508648555668,0.0,1
20260717_204156_controller_right,exp1_system_characterization,continuous_translation,trial_001,event_007,exp1_system_characterization/continuous_translation,Arrival-Hold,EgoAnchor,EgoAnchor,render_hz,69.21127693948168,69.21127693948168,0.0,1
20260717_204156_controller_right,exp1_system_characterization,continuous_translation,trial_001,event_008,exp1_system_characterization/continuous_translation,Arrival-Hold,Capture-Hold,Capture-Hold,reference_coverage,1.0,1.0,0.0,1
20260717_204156_controller_right,exp1_system_characterization,continuous_translation,trial_001,event_008,exp1_system_characterization/continuous_translation,Arrival-Hold,Capture-Hold,Capture-Hold,display_coverage,1.0,1.0,0.0,1
20260717_204156_controller_right,exp1_system_characterization,continuous_translation,trial_001,event_008,exp1_system_characterization/continuous_translation,Arrival-Hold,Capture-Hold,Capture-Hold,output_coverage,1.0,1.0,0.0,1
20260717_204156_controller_right,exp1_system_characterization,continuous_translation,trial_001,event_008,exp1_system_characterization/continuous_translation,Arrival-Hold,Capture-Hold,Capture-Hold,translation_error_mm_median,43.76052490137072,61.92794305185953,18.167418150488807,1
20260717_204156_controller_right,exp1_system_characterization,continuous_translation,trial_001,event_008,exp1_system_characterization/continuous_translation,Arrival-Hold,Capture-Hold,Capture-Hold,translation_error_mm_iqr,24.20807084635506,34.19300315865725,9.984932312302188,1
20260717_204156_controller_right,exp1_system_characterization,continuous_translation,trial_001,event_008,exp1_system_characterization/continuous_translation,Arrival-Hold,Capture-Hold,Capture-Hold,translation_error_mm_p95,71.1481927621075,98.89677333459909,27.74858057249159,1
20260717_204156_controller_right,exp1_system_characterization,continuous_translation,trial_001,event_008,exp1_system_characterization/continuous_translation,Arrival-Hold,Capture-Hold,Capture-Hold,rotation_error_deg_median,4.72575155218114,5.649845769500032,0.924094217318892,1
20260717_204156_controller_right,exp1_system_characterization,continuous_translation,trial_001,event_008,exp1_system_characterization/continuous_translation,Arrival-Hold,Capture-Hold,Capture-Hold,rotation_error_deg_iqr,2.8270654925755103,4.242269658320407,1.415204165744897,1
20260717_204156_controller_right,exp1_system_characterization,continuous_translation,trial_001,event_008,exp1_system_characterization/continuous_translation,Arrival-Hold,Capture-Hold,Capture-Hold,rotation_error_deg_p95,7.111815551551626,8.761104073765217,1.6492885222135918,1
20260717_204156_controller_right,exp1_system_characterization,continuous_translation,trial_001,event_008,exp1_system_characterization/continuous_translation,Arrival-Hold,Capture-Hold,Capture-Hold,candidate_arrival_p50_ms,166.6265999992902,166.66034999798285,0.033749998692655936,1
20260717_204156_controller_right,exp1_system_characterization,continuous_translation,trial_001,event_008,exp1_system_characterization/continuous_translation,Arrival-Hold,Capture-Hold,Capture-Hold,candidate_arrival_p95_ms,196.71502000164762,196.7703699971025,0.05534999545488972,1
20260717_204156_controller_right,exp1_system_characterization,continuous_translation,trial_001,event_008,exp1_system_characterization/continuous_translation,Arrival-Hold,Capture-Hold,Capture-Hold,candidate_processing_p50_ms,75.94395000301301,75.94395000301301,0.0,1
20260717_204156_controller_right,exp1_system_characterization,continuous_translation,trial_001,event_008,exp1_system_characterization/continuous_translation,Arrival-Hold,Capture-Hold,Capture-Hold,candidate_processing_p95_ms,84.06833000332114,84.06833000332114,0.0,1
20260717_204156_controller_right,exp1_system_characterization,continuous_translation,trial_001,event_008,exp1_system_characterization/continuous_translation,Arrival-Hold,Capture-Hold,Capture-Hold,observation_age_p50_ms,48.995999997714534,216.17734999745153,167.181349999737,1
20260717_204156_controller_right,exp1_system_characterization,continuous_translation,trial_001,event_008,exp1_system_characterization/continuous_translation,Arrival-Hold,Capture-Hold,Capture-Hold,observation_age_p95_ms,98.39598999824375,265.5642949983303,167.16830500008655,1
20260717_204156_controller_right,exp1_system_characterization,continuous_translation,trial_001,event_008,exp1_system_characterization/continuous_translation,Arrival-Hold,Capture-Hold,Capture-Hold,smoothing_delay_p50_ms,48.995999997714534,216.17734999745153,167.181349999737,1
20260717_204156_controller_right,exp1_system_characterization,continuous_translation,trial_001,event_008,exp1_system_characterization/continuous_translation,Arrival-Hold,Capture-Hold,Capture-Hold,smoothing_delay_p95_ms,98.39598999824375,265.5642949983303,167.16830500008655,1
20260717_204156_controller_right,exp1_system_characterization,continuous_translation,trial_001,event_008,exp1_system_characterization/continuous_translation,Arrival-Hold,Capture-Hold,Capture-Hold,visual_perception_hz,9.502963694887663,9.502963694887663,0.0,1
20260717_204156_controller_right,exp1_system_characterization,continuous_translation,trial_001,event_008,exp1_system_characterization/continuous_translation,Arrival-Hold,Capture-Hold,Capture-Hold,render_hz,70.06920175593645,70.06920175593645,0.0,1
20260717_204156_controller_right,exp1_system_characterization,continuous_translation,trial_001,event_008,exp1_system_characterization/continuous_translation,Arrival-Hold,One-Euro Anchor,One-Euro Anchor,reference_coverage,1.0,1.0,0.0,1
20260717_204156_controller_right,exp1_system_characterization,continuous_translation,trial_001,event_008,exp1_system_characterization/continuous_translation,Arrival-Hold,One-Euro Anchor,One-Euro Anchor,display_coverage,1.0,1.0,0.0,1
20260717_204156_controller_right,exp1_system_characterization,continuous_translation,trial_001,event_008,exp1_system_characterization/continuous_translation,Arrival-Hold,One-Euro Anchor,One-Euro Anchor,output_coverage,1.0,1.0,0.0,1
20260717_204156_controller_right,exp1_system_characterization,continuous_translation,trial_001,event_008,exp1_system_characterization/continuous_translation,Arrival-Hold,One-Euro Anchor,One-Euro Anchor,translation_error_mm_median,43.76052490137072,95.04273905434259,51.28221415297187,1
20260717_204156_controller_right,exp1_system_characterization,continuous_translation,trial_001,event_008,exp1_system_characterization/continuous_translation,Arrival-Hold,One-Euro Anchor,One-Euro Anchor,translation_error_mm_iqr,24.20807084635506,55.55681515190797,31.34874430555291,1
20260717_204156_controller_right,exp1_system_characterization,continuous_translation,trial_001,event_008,exp1_system_characterization/continuous_translation,Arrival-Hold,One-Euro Anchor,One-Euro Anchor,translation_error_mm_p95,71.1481927621075,139.15297510308525,68.00478234097775,1
20260717_204156_controller_right,exp1_system_characterization,continuous_translation,trial_001,event_008,exp1_system_characterization/continuous_translation,Arrival-Hold,One-Euro Anchor,One-Euro Anchor,rotation_error_deg_median,4.72575155218114,8.05577930649043,3.330027754309291,1
20260717_204156_controller_right,exp1_system_characterization,continuous_translation,trial_001,event_008,exp1_system_characterization/continuous_translation,Arrival-Hold,One-Euro Anchor,One-Euro Anchor,rotation_error_deg_iqr,2.8270654925755103,5.9750648471984,3.1479993546228897,1
20260717_204156_controller_right,exp1_system_characterization,continuous_translation,trial_001,event_008,exp1_system_characterization/continuous_translation,Arrival-Hold,One-Euro Anchor,One-Euro Anchor,rotation_error_deg_p95,7.111815551551626,11.812557298586047,4.700741747034421,1
20260717_204156_controller_right,exp1_system_characterization,continuous_translation,trial_001,event_008,exp1_system_characterization/continuous_translation,Arrival-Hold,One-Euro Anchor,One-Euro Anchor,candidate_arrival_p50_ms,166.6265999992902,166.6905999991286,0.06399999983841553,1
20260717_204156_controller_right,exp1_system_characterization,continuous_translation,trial_001,event_008,exp1_system_characterization/continuous_translation,Arrival-Hold,One-Euro Anchor,One-Euro Anchor,candidate_arrival_p95_ms,196.71502000164762,196.80293000055823,0.08790999891061801,1
20260717_204156_controller_right,exp1_system_characterization,continuous_translation,trial_001,event_008,exp1_system_characterization/continuous_translation,Arrival-Hold,One-Euro Anchor,One-Euro Anchor,candidate_processing_p50_ms,75.94395000301301,75.94395000301301,0.0,1
20260717_204156_controller_right,exp1_system_characterization,continuous_translation,trial_001,event_008,exp1_system_characterization/continuous_translation,Arrival-Hold,One-Euro Anchor,One-Euro Anchor,candidate_processing_p95_ms,84.06833000332114,84.06833000332114,0.0,1
20260717_204156_controller_right,exp1_system_characterization,continuous_translation,trial_001,event_008,exp1_system_characterization/continuous_translation,Arrival-Hold,One-Euro Anchor,One-Euro Anchor,observation_age_p50_ms,48.995999997714534,216.17804999550572,167.18204999779118,1
20260717_204156_controller_right,exp1_system_characterization,continuous_translation,trial_001,event_008,exp1_system_characterization/continuous_translation,Arrival-Hold,One-Euro Anchor,One-Euro Anchor,observation_age_p95_ms,98.39598999824375,265.5661399970995,167.17014999885578,1
20260717_204156_controller_right,exp1_system_characterization,continuous_translation,trial_001,event_008,exp1_system_characterization/continuous_translation,Arrival-Hold,One-Euro Anchor,One-Euro Anchor,smoothing_delay_p50_ms,48.995999997714534,216.17804999550572,167.18204999779118,1
20260717_204156_controller_right,exp1_system_characterization,continuous_translation,trial_001,event_008,exp1_system_characterization/continuous_translation,Arrival-Hold,One-Euro Anchor,One-Euro Anchor,smoothing_delay_p95_ms,98.39598999824375,265.5661399970995,167.17014999885578,1
20260717_204156_controller_right,exp1_system_characterization,continuous_translation,trial_001,event_008,exp1_system_characterization/continuous_translation,Arrival-Hold,One-Euro Anchor,One-Euro Anchor,visual_perception_hz,9.502963694887663,9.502963694887663,0.0,1
20260717_204156_controller_right,exp1_system_characterization,continuous_translation,trial_001,event_008,exp1_system_characterization/continuous_translation,Arrival-Hold,One-Euro Anchor,One-Euro Anchor,render_hz,70.06920175593645,70.06920175593645,0.0,1
20260717_204156_controller_right,exp1_system_characterization,continuous_translation,trial_001,event_008,exp1_system_characterization/continuous_translation,Arrival-Hold,EgoAnchor,EgoAnchor,reference_coverage,1.0,1.0,0.0,1
20260717_204156_controller_right,exp1_system_characterization,continuous_translation,trial_001,event_008,exp1_system_characterization/continuous_translation,Arrival-Hold,EgoAnchor,EgoAnchor,display_coverage,1.0,1.0,0.0,1
20260717_204156_controller_right,exp1_system_characterization,continuous_translation,trial_001,event_008,exp1_system_characterization/continuous_translation,Arrival-Hold,EgoAnchor,EgoAnchor,output_coverage,1.0,1.0,0.0,1
20260717_204156_controller_right,exp1_system_characterization,continuous_translation,trial_001,event_008,exp1_system_characterization/continuous_translation,Arrival-Hold,EgoAnchor,EgoAnchor,translation_error_mm_median,43.76052490137072,82.68013817064585,38.919613269275125,1
20260717_204156_controller_right,exp1_system_characterization,continuous_translation,trial_001,event_008,exp1_system_characterization/continuous_translation,Arrival-Hold,EgoAnchor,EgoAnchor,translation_error_mm_iqr,24.20807084635506,44.69174789302079,20.48367704666573,1
20260717_204156_controller_right,exp1_system_characterization,continuous_translation,trial_001,event_008,exp1_system_characterization/continuous_translation,Arrival-Hold,EgoAnchor,EgoAnchor,translation_error_mm_p95,71.1481927621075,108.96683947783245,37.81864671572495,1
20260717_204156_controller_right,exp1_system_characterization,continuous_translation,trial_001,event_008,exp1_system_characterization/continuous_translation,Arrival-Hold,EgoAnchor,EgoAnchor,rotation_error_deg_median,4.72575155218114,7.071754717627332,2.3460031654461924,1
20260717_204156_controller_right,exp1_system_characterization,continuous_translation,trial_001,event_008,exp1_system_characterization/continuous_translation,Arrival-Hold,EgoAnchor,EgoAnchor,rotation_error_deg_iqr,2.8270654925755103,5.036193032107986,2.209127539532476,1
20260717_204156_controller_right,exp1_system_characterization,continuous_translation,trial_001,event_008,exp1_system_characterization/continuous_translation,Arrival-Hold,EgoAnchor,EgoAnchor,rotation_error_deg_p95,7.111815551551626,9.378841631724423,2.2670260801727977,1
20260717_204156_controller_right,exp1_system_characterization,continuous_translation,trial_001,event_008,exp1_system_characterization/continuous_translation,Arrival-Hold,EgoAnchor,EgoAnchor,candidate_arrival_p50_ms,166.6265999992902,166.5450000000419,-0.08159999924828298,1
20260717_204156_controller_right,exp1_system_characterization,continuous_translation,trial_001,event_008,exp1_system_characterization/continuous_translation,Arrival-Hold,EgoAnchor,EgoAnchor,candidate_arrival_p95_ms,196.71502000164762,196.60931499929572,-0.10570500235189684,1
20260717_204156_controller_right,exp1_system_characterization,continuous_translation,trial_001,event_008,exp1_system_characterization/continuous_translation,Arrival-Hold,EgoAnchor,EgoAnchor,candidate_processing_p50_ms,75.94395000301301,75.94395000301301,0.0,1
20260717_204156_controller_right,exp1_system_characterization,continuous_translation,trial_001,event_008,exp1_system_characterization/continuous_translation,Arrival-Hold,EgoAnchor,EgoAnchor,candidate_processing_p95_ms,84.06833000332114,84.06833000332114,0.0,1
20260717_204156_controller_right,exp1_system_characterization,continuous_translation,trial_001,event_008,exp1_system_characterization/continuous_translation,Arrival-Hold,EgoAnchor,EgoAnchor,observation_age_p50_ms,48.995999997714534,216.16849999918486,167.17250000147033,1
20260717_204156_controller_right,exp1_system_characterization,continuous_translation,trial_001,event_008,exp1_system_characterization/continuous_translation,Arrival-Hold,EgoAnchor,EgoAnchor,observation_age_p95_ms,98.39598999824375,265.55520499859995,167.1592150003562,1
20260717_204156_controller_right,exp1_system_characterization,continuous_translation,trial_001,event_008,exp1_system_characterization/continuous_translation,Arrival-Hold,EgoAnchor,EgoAnchor,smoothing_delay_p50_ms,48.995999997714534,275.06764233112335,226.07164233340882,1
20260717_204156_controller_right,exp1_system_characterization,continuous_translation,trial_001,event_008,exp1_system_characterization/continuous_translation,Arrival-Hold,EgoAnchor,EgoAnchor,smoothing_delay_p95_ms,98.39598999824375,284.5266342163086,186.13064421806484,1
20260717_204156_controller_right,exp1_system_characterization,continuous_translation,trial_001,event_008,exp1_system_characterization/continuous_translation,Arrival-Hold,EgoAnchor,EgoAnchor,visual_perception_hz,9.502963694887663,9.502963694887663,0.0,1
20260717_204156_controller_right,exp1_system_characterization,continuous_translation,trial_001,event_008,exp1_system_characterization/continuous_translation,Arrival-Hold,EgoAnchor,EgoAnchor,render_hz,70.06920175593645,70.06920175593645,0.0,1
20260717_204156_controller_right,exp1_system_characterization,continuous_translation,trial_001,event_009,exp1_system_characterization/continuous_translation,Arrival-Hold,Capture-Hold,Capture-Hold,reference_coverage,1.0,1.0,0.0,1
20260717_204156_controller_right,exp1_system_characterization,continuous_translation,trial_001,event_009,exp1_system_characterization/continuous_translation,Arrival-Hold,Capture-Hold,Capture-Hold,display_coverage,1.0,1.0,0.0,1
20260717_204156_controller_right,exp1_system_characterization,continuous_translation,trial_001,event_009,exp1_system_characterization/continuous_translation,Arrival-Hold,Capture-Hold,Capture-Hold,output_coverage,1.0,1.0,0.0,1
20260717_204156_controller_right,exp1_system_characterization,continuous_translation,trial_001,event_009,exp1_system_characterization/continuous_translation,Arrival-Hold,Capture-Hold,Capture-Hold,translation_error_mm_median,44.524953283007164,53.43511235427993,8.910159071272766,1
20260717_204156_controller_right,exp1_system_characterization,continuous_translation,trial_001,event_009,exp1_system_characterization/continuous_translation,Arrival-Hold,Capture-Hold,Capture-Hold,translation_error_mm_iqr,26.42956517765542,27.60503158015318,1.1754664024977615,1
20260717_204156_controller_right,exp1_system_characterization,continuous_translation,trial_001,event_009,exp1_system_characterization/continuous_translation,Arrival-Hold,Capture-Hold,Capture-Hold,translation_error_mm_p95,66.52101939763298,78.25968283897993,11.738663441346944,1
20260717_204156_controller_right,exp1_system_characterization,continuous_translation,trial_001,event_009,exp1_system_characterization/continuous_translation,Arrival-Hold,Capture-Hold,Capture-Hold,rotation_error_deg_median,2.8481608057243166,2.684224864955012,-0.16393594076930462,1
20260717_204156_controller_right,exp1_system_characterization,continuous_translation,trial_001,event_009,exp1_system_characterization/continuous_translation,Arrival-Hold,Capture-Hold,Capture-Hold,rotation_error_deg_iqr,2.1483613101845283,2.08929093270222,-0.059070377482308256,1
20260717_204156_controller_right,exp1_system_characterization,continuous_translation,trial_001,event_009,exp1_system_characterization/continuous_translation,Arrival-Hold,Capture-Hold,Capture-Hold,rotation_error_deg_p95,5.154364424636179,5.399350348036925,0.24498592340074588,1
20260717_204156_controller_right,exp1_system_characterization,continuous_translation,trial_001,event_009,exp1_system_characterization/continuous_translation,Arrival-Hold,Capture-Hold,Capture-Hold,candidate_arrival_p50_ms,166.8299000011757,166.8668999991496,0.03699999797390774,1
20260717_204156_controller_right,exp1_system_characterization,continuous_translation,trial_001,event_009,exp1_system_characterization/continuous_translation,Arrival-Hold,Capture-Hold,Capture-Hold,candidate_arrival_p95_ms,181.67180999880657,181.7058399981761,0.03402999936952256,1
20260717_204156_controller_right,exp1_system_characterization,continuous_translation,trial_001,event_009,exp1_system_characterization/continuous_translation,Arrival-Hold,Capture-Hold,Capture-Hold,candidate_processing_p50_ms,74.4320000000298,74.4320000000298,0.0,1
20260717_204156_controller_right,exp1_system_characterization,continuous_translation,trial_001,event_009,exp1_system_characterization/continuous_translation,Arrival-Hold,Capture-Hold,Capture-Hold,candidate_processing_p95_ms,84.59570000134408,84.59570000134408,0.0,1
20260717_204156_controller_right,exp1_system_characterization,continuous_translation,trial_001,event_009,exp1_system_characterization/continuous_translation,Arrival-Hold,Capture-Hold,Capture-Hold,observation_age_p50_ms,49.94395000176155,216.99214999898686,167.0481999972253,1
20260717_204156_controller_right,exp1_system_characterization,continuous_translation,trial_001,event_009,exp1_system_characterization/continuous_translation,Arrival-Hold,Capture-Hold,Capture-Hold,observation_age_p95_ms,97.42369999548828,274.16230000198993,176.73860000650166,1
20260717_204156_controller_right,exp1_system_characterization,continuous_translation,trial_001,event_009,exp1_system_characterization/continuous_translation,Arrival-Hold,Capture-Hold,Capture-Hold,smoothing_delay_p50_ms,49.94395000176155,216.99214999898686,167.0481999972253,1
20260717_204156_controller_right,exp1_system_characterization,continuous_translation,trial_001,event_009,exp1_system_characterization/continuous_translation,Arrival-Hold,Capture-Hold,Capture-Hold,smoothing_delay_p95_ms,97.42369999548828,274.16230000198993,176.73860000650166,1
20260717_204156_controller_right,exp1_system_characterization,continuous_translation,trial_001,event_009,exp1_system_characterization/continuous_translation,Arrival-Hold,Capture-Hold,Capture-Hold,visual_perception_hz,9.587243815988232,9.587243815988232,0.0,1
20260717_204156_controller_right,exp1_system_characterization,continuous_translation,trial_001,event_009,exp1_system_characterization/continuous_translation,Arrival-Hold,Capture-Hold,Capture-Hold,render_hz,66.84178790699607,66.84178790699607,0.0,1
20260717_204156_controller_right,exp1_system_characterization,continuous_translation,trial_001,event_009,exp1_system_characterization/continuous_translation,Arrival-Hold,One-Euro Anchor,One-Euro Anchor,reference_coverage,1.0,1.0,0.0,1
20260717_204156_controller_right,exp1_system_characterization,continuous_translation,trial_001,event_009,exp1_system_characterization/continuous_translation,Arrival-Hold,One-Euro Anchor,One-Euro Anchor,display_coverage,1.0,1.0,0.0,1
20260717_204156_controller_right,exp1_system_characterization,continuous_translation,trial_001,event_009,exp1_system_characterization/continuous_translation,Arrival-Hold,One-Euro Anchor,One-Euro Anchor,output_coverage,1.0,1.0,0.0,1
20260717_204156_controller_right,exp1_system_characterization,continuous_translation,trial_001,event_009,exp1_system_characterization/continuous_translation,Arrival-Hold,One-Euro Anchor,One-Euro Anchor,translation_error_mm_median,44.524953283007164,82.94939535676528,38.424442073758115,1
20260717_204156_controller_right,exp1_system_characterization,continuous_translation,trial_001,event_009,exp1_system_characterization/continuous_translation,Arrival-Hold,One-Euro Anchor,One-Euro Anchor,translation_error_mm_iqr,26.42956517765542,36.48531272471493,10.05574754705951,1
20260717_204156_controller_right,exp1_system_characterization,continuous_translation,trial_001,event_009,exp1_system_characterization/continuous_translation,Arrival-Hold,One-Euro Anchor,One-Euro Anchor,translation_error_mm_p95,66.52101939763298,112.41348002473855,45.892460627105564,1
20260717_204156_controller_right,exp1_system_characterization,continuous_translation,trial_001,event_009,exp1_system_characterization/continuous_translation,Arrival-Hold,One-Euro Anchor,One-Euro Anchor,rotation_error_deg_median,2.8481608057243166,3.20493843109798,0.3567776253736632,1
20260717_204156_controller_right,exp1_system_characterization,continuous_translation,trial_001,event_009,exp1_system_characterization/continuous_translation,Arrival-Hold,One-Euro Anchor,One-Euro Anchor,rotation_error_deg_iqr,2.1483613101845283,1.73108072102497,-0.41728058915955835,1
20260717_204156_controller_right,exp1_system_characterization,continuous_translation,trial_001,event_009,exp1_system_characterization/continuous_translation,Arrival-Hold,One-Euro Anchor,One-Euro Anchor,rotation_error_deg_p95,5.154364424636179,5.921839342239223,0.7674749176030442,1
20260717_204156_controller_right,exp1_system_characterization,continuous_translation,trial_001,event_009,exp1_system_characterization/continuous_translation,Arrival-Hold,One-Euro Anchor,One-Euro Anchor,candidate_arrival_p50_ms,166.8299000011757,166.89839999889955,0.06849999772384763,1
20260717_204156_controller_right,exp1_system_characterization,continuous_translation,trial_001,event_009,exp1_system_characterization/continuous_translation,Arrival-Hold,One-Euro Anchor,One-Euro Anchor,candidate_arrival_p95_ms,181.67180999880657,181.73590999867884,0.06409999987226911,1
20260717_204156_controller_right,exp1_system_characterization,continuous_translation,trial_001,event_009,exp1_system_characterization/continuous_translation,Arrival-Hold,One-Euro Anchor,One-Euro Anchor,candidate_processing_p50_ms,74.4320000000298,74.4320000000298,0.0,1
20260717_204156_controller_right,exp1_system_characterization,continuous_translation,trial_001,event_009,exp1_system_characterization/continuous_translation,Arrival-Hold,One-Euro Anchor,One-Euro Anchor,candidate_processing_p95_ms,84.59570000134408,84.59570000134408,0.0,1
20260717_204156_controller_right,exp1_system_characterization,continuous_translation,trial_001,event_009,exp1_system_characterization/continuous_translation,Arrival-Hold,One-Euro Anchor,One-Euro Anchor,observation_age_p50_ms,49.94395000176155,216.99290000105975,167.0489499992982,1
20260717_204156_controller_right,exp1_system_characterization,continuous_translation,trial_001,event_009,exp1_system_characterization/continuous_translation,Arrival-Hold,One-Euro Anchor,One-Euro Anchor,observation_age_p95_ms,97.42369999548828,274.16310000080557,176.7394000053173,1
20260717_204156_controller_right,exp1_system_characterization,continuous_translation,trial_001,event_009,exp1_system_characterization/continuous_translation,Arrival-Hold,One-Euro Anchor,One-Euro Anchor,smoothing_delay_p50_ms,49.94395000176155,216.99290000105975,167.0489499992982,1
20260717_204156_controller_right,exp1_system_characterization,continuous_translation,trial_001,event_009,exp1_system_characterization/continuous_translation,Arrival-Hold,One-Euro Anchor,One-Euro Anchor,smoothing_delay_p95_ms,97.42369999548828,274.16310000080557,176.7394000053173,1
20260717_204156_controller_right,exp1_system_characterization,continuous_translation,trial_001,event_009,exp1_system_characterization/continuous_translation,Arrival-Hold,One-Euro Anchor,One-Euro Anchor,visual_perception_hz,9.587243815988232,9.587243815988232,0.0,1
20260717_204156_controller_right,exp1_system_characterization,continuous_translation,trial_001,event_009,exp1_system_characterization/continuous_translation,Arrival-Hold,One-Euro Anchor,One-Euro Anchor,render_hz,66.84178790699607,66.84178790699607,0.0,1
20260717_204156_controller_right,exp1_system_characterization,continuous_translation,trial_001,event_009,exp1_system_characterization/continuous_translation,Arrival-Hold,EgoAnchor,EgoAnchor,reference_coverage,1.0,1.0,0.0,1
20260717_204156_controller_right,exp1_system_characterization,continuous_translation,trial_001,event_009,exp1_system_characterization/continuous_translation,Arrival-Hold,EgoAnchor,EgoAnchor,display_coverage,1.0,1.0,0.0,1
20260717_204156_controller_right,exp1_system_characterization,continuous_translation,trial_001,event_009,exp1_system_characterization/continuous_translation,Arrival-Hold,EgoAnchor,EgoAnchor,output_coverage,1.0,1.0,0.0,1
20260717_204156_controller_right,exp1_system_characterization,continuous_translation,trial_001,event_009,exp1_system_characterization/continuous_translation,Arrival-Hold,EgoAnchor,EgoAnchor,translation_error_mm_median,44.524953283007164,70.71968658743606,26.194733304428894,1
20260717_204156_controller_right,exp1_system_characterization,continuous_translation,trial_001,event_009,exp1_system_characterization/continuous_translation,Arrival-Hold,EgoAnchor,EgoAnchor,translation_error_mm_iqr,26.42956517765542,36.58014796293628,10.15058278528086,1
20260717_204156_controller_right,exp1_system_characterization,continuous_translation,trial_001,event_009,exp1_system_characterization/continuous_translation,Arrival-Hold,EgoAnchor,EgoAnchor,translation_error_mm_p95,66.52101939763298,87.21450984635945,20.693490448726465,1
20260717_204156_controller_right,exp1_system_characterization,continuous_translation,trial_001,event_009,exp1_system_characterization/continuous_translation,Arrival-Hold,EgoAnchor,EgoAnchor,rotation_error_deg_median,2.8481608057243166,2.9040259520334697,0.05586514630915307,1
20260717_204156_controller_right,exp1_system_characterization,continuous_translation,trial_001,event_009,exp1_system_characterization/continuous_translation,Arrival-Hold,EgoAnchor,EgoAnchor,rotation_error_deg_iqr,2.1483613101845283,1.5917081446984787,-0.5566531654860496,1
20260717_204156_controller_right,exp1_system_characterization,continuous_translation,trial_001,event_009,exp1_system_characterization/continuous_translation,Arrival-Hold,EgoAnchor,EgoAnchor,rotation_error_deg_p95,5.154364424636179,6.167707777812591,1.0133433531764124,1
20260717_204156_controller_right,exp1_system_characterization,continuous_translation,trial_001,event_009,exp1_system_characterization/continuous_translation,Arrival-Hold,EgoAnchor,EgoAnchor,candidate_arrival_p50_ms,166.8299000011757,166.73540000192588,-0.09449999924981967,1
20260717_204156_controller_right,exp1_system_characterization,continuous_translation,trial_001,event_009,exp1_system_characterization/continuous_translation,Arrival-Hold,EgoAnchor,EgoAnchor,candidate_arrival_p95_ms,181.67180999880657,181.58959999855142,-0.08221000025514513,1
20260717_204156_controller_right,exp1_system_characterization,continuous_translation,trial_001,event_009,exp1_system_characterization/continuous_translation,Arrival-Hold,EgoAnchor,EgoAnchor,candidate_processing_p50_ms,74.4320000000298,74.4320000000298,0.0,1
20260717_204156_controller_right,exp1_system_characterization,continuous_translation,trial_001,event_009,exp1_system_characterization/continuous_translation,Arrival-Hold,EgoAnchor,EgoAnchor,candidate_processing_p95_ms,84.59570000134408,84.59570000134408,0.0,1
20260717_204156_controller_right,exp1_system_characterization,continuous_translation,trial_001,event_009,exp1_system_characterization/continuous_translation,Arrival-Hold,EgoAnchor,EgoAnchor,observation_age_p50_ms,49.94395000176155,216.98235000076238,167.03839999900083,1
20260717_204156_controller_right,exp1_system_characterization,continuous_translation,trial_001,event_009,exp1_system_characterization/continuous_translation,Arrival-Hold,EgoAnchor,EgoAnchor,observation_age_p95_ms,97.42369999548828,274.15407500120637,176.7303750057181,1
20260717_204156_controller_right,exp1_system_characterization,continuous_translation,trial_001,event_009,exp1_system_characterization/continuous_translation,Arrival-Hold,EgoAnchor,EgoAnchor,smoothing_delay_p50_ms,49.94395000176155,287.456214427948,237.51226442618645,1
20260717_204156_controller_right,exp1_system_characterization,continuous_translation,trial_001,event_009,exp1_system_characterization/continuous_translation,Arrival-Hold,EgoAnchor,EgoAnchor,smoothing_delay_p95_ms,97.42369999548828,292.93130338191986,195.50760338643158,1
20260717_204156_controller_right,exp1_system_characterization,continuous_translation,trial_001,event_009,exp1_system_characterization/continuous_translation,Arrival-Hold,EgoAnchor,EgoAnchor,visual_perception_hz,9.587243815988232,9.587243815988232,0.0,1
20260717_204156_controller_right,exp1_system_characterization,continuous_translation,trial_001,event_009,exp1_system_characterization/continuous_translation,Arrival-Hold,EgoAnchor,EgoAnchor,render_hz,66.84178790699607,66.84178790699607,0.0,1
20260717_204156_controller_right,exp1_system_characterization,continuous_translation,trial_001,event_010,exp1_system_characterization/continuous_translation,Arrival-Hold,Capture-Hold,Capture-Hold,reference_coverage,1.0,1.0,0.0,1
20260717_204156_controller_right,exp1_system_characterization,continuous_translation,trial_001,event_010,exp1_system_characterization/continuous_translation,Arrival-Hold,Capture-Hold,Capture-Hold,display_coverage,1.0,1.0,0.0,1
20260717_204156_controller_right,exp1_system_characterization,continuous_translation,trial_001,event_010,exp1_system_characterization/continuous_translation,Arrival-Hold,Capture-Hold,Capture-Hold,output_coverage,1.0,1.0,0.0,1
20260717_204156_controller_right,exp1_system_characterization,continuous_translation,trial_001,event_010,exp1_system_characterization/continuous_translation,Arrival-Hold,Capture-Hold,Capture-Hold,translation_error_mm_median,41.54297769675324,66.69679812850768,25.15382043175444,1
20260717_204156_controller_right,exp1_system_characterization,continuous_translation,trial_001,event_010,exp1_system_characterization/continuous_translation,Arrival-Hold,Capture-Hold,Capture-Hold,translation_error_mm_iqr,26.56756679689446,40.04923941428769,13.48167261739323,1
20260717_204156_controller_right,exp1_system_characterization,continuous_translation,trial_001,event_010,exp1_system_characterization/continuous_translation,Arrival-Hold,Capture-Hold,Capture-Hold,translation_error_mm_p95,73.96147369220625,105.77175595883492,31.81028226662866,1
20260717_204156_controller_right,exp1_system_characterization,continuous_translation,trial_001,event_010,exp1_system_characterization/continuous_translation,Arrival-Hold,Capture-Hold,Capture-Hold,rotation_error_deg_median,5.282025058133215,6.488357319513042,1.2063322613798277,1
20260717_204156_controller_right,exp1_system_characterization,continuous_translation,trial_001,event_010,exp1_system_characterization/continuous_translation,Arrival-Hold,Capture-Hold,Capture-Hold,rotation_error_deg_iqr,1.795123752661648,2.274132715144712,0.47900896248306424,1
20260717_204156_controller_right,exp1_system_characterization,continuous_translation,trial_001,event_010,exp1_system_characterization/continuous_translation,Arrival-Hold,Capture-Hold,Capture-Hold,rotation_error_deg_p95,7.683194698113847,9.581806587705612,1.8986118895917654,1
20260717_204156_controller_right,exp1_system_characterization,continuous_translation,trial_001,event_010,exp1_system_characterization/continuous_translation,Arrival-Hold,Capture-Hold,Capture-Hold,candidate_arrival_p50_ms,173.90454999986105,173.9372000010917,0.03265000123064965,1
20260717_204156_controller_right,exp1_system_characterization,continuous_translation,trial_001,event_010,exp1_system_characterization/continuous_translation,Arrival-Hold,Capture-Hold,Capture-Hold,candidate_arrival_p95_ms,183.81092499839727,183.8513649941888,0.04043999579153024,1
20260717_204156_controller_right,exp1_system_characterization,continuous_translation,trial_001,event_010,exp1_system_characterization/continuous_translation,Arrival-Hold,Capture-Hold,Capture-Hold,candidate_processing_p50_ms,73.77685000188649,73.77685000188649,0.0,1
20260717_204156_controller_right,exp1_system_characterization,continuous_translation,trial_001,event_010,exp1_system_characterization/continuous_translation,Arrival-Hold,Capture-Hold,Capture-Hold,candidate_processing_p95_ms,83.35549000371248,83.35549000371248,0.0,1
20260717_204156_controller_right,exp1_system_characterization,continuous_translation,trial_001,event_010,exp1_system_characterization/continuous_translation,Arrival-Hold,Capture-Hold,Capture-Hold,observation_age_p50_ms,45.26299999997718,219.5555999969656,174.29259999698843,1
20260717_204156_controller_right,exp1_system_characterization,continuous_translation,trial_001,event_010,exp1_system_characterization/continuous_translation,Arrival-Hold,Capture-Hold,Capture-Hold,observation_age_p95_ms,96.01058499756618,276.88894999846525,180.87836500089907,1
20260717_204156_controller_right,exp1_system_characterization,continuous_translation,trial_001,event_010,exp1_system_characterization/continuous_translation,Arrival-Hold,Capture-Hold,Capture-Hold,smoothing_delay_p50_ms,45.26299999997718,219.5555999969656,174.29259999698843,1
20260717_204156_controller_right,exp1_system_characterization,continuous_translation,trial_001,event_010,exp1_system_characterization/continuous_translation,Arrival-Hold,Capture-Hold,Capture-Hold,smoothing_delay_p95_ms,96.01058499756618,276.88894999846525,180.87836500089907,1
20260717_204156_controller_right,exp1_system_characterization,continuous_translation,trial_001,event_010,exp1_system_characterization/continuous_translation,Arrival-Hold,Capture-Hold,Capture-Hold,visual_perception_hz,9.752267761543951,9.752267761543951,0.0,1
20260717_204156_controller_right,exp1_system_characterization,continuous_translation,trial_001,event_010,exp1_system_characterization/continuous_translation,Arrival-Hold,Capture-Hold,Capture-Hold,render_hz,69.99744483765076,69.99744483765076,0.0,1
20260717_204156_controller_right,exp1_system_characterization,continuous_translation,trial_001,event_010,exp1_system_characterization/continuous_translation,Arrival-Hold,One-Euro Anchor,One-Euro Anchor,reference_coverage,1.0,1.0,0.0,1
20260717_204156_controller_right,exp1_system_characterization,continuous_translation,trial_001,event_010,exp1_system_characterization/continuous_translation,Arrival-Hold,One-Euro Anchor,One-Euro Anchor,display_coverage,1.0,1.0,0.0,1
20260717_204156_controller_right,exp1_system_characterization,continuous_translation,trial_001,event_010,exp1_system_characterization/continuous_translation,Arrival-Hold,One-Euro Anchor,One-Euro Anchor,output_coverage,1.0,1.0,0.0,1
20260717_204156_controller_right,exp1_system_characterization,continuous_translation,trial_001,event_010,exp1_system_characterization/continuous_translation,Arrival-Hold,One-Euro Anchor,One-Euro Anchor,translation_error_mm_median,41.54297769675324,98.78338423572723,57.240406538973986,1
20260717_204156_controller_right,exp1_system_characterization,continuous_translation,trial_001,event_010,exp1_system_characterization/continuous_translation,Arrival-Hold,One-Euro Anchor,One-Euro Anchor,translation_error_mm_iqr,26.56756679689446,61.53995248372033,34.97238568682587,1
20260717_204156_controller_right,exp1_system_characterization,continuous_translation,trial_001,event_010,exp1_system_characterization/continuous_translation,Arrival-Hold,One-Euro Anchor,One-Euro Anchor,translation_error_mm_p95,73.96147369220625,150.9777385878859,77.01626489567965,1
20260717_204156_controller_right,exp1_system_characterization,continuous_translation,trial_001,event_010,exp1_system_characterization/continuous_translation,Arrival-Hold,One-Euro Anchor,One-Euro Anchor,rotation_error_deg_median,5.282025058133215,8.424324829294264,3.142299771161049,1
20260717_204156_controller_right,exp1_system_characterization,continuous_translation,trial_001,event_010,exp1_system_characterization/continuous_translation,Arrival-Hold,One-Euro Anchor,One-Euro Anchor,rotation_error_deg_iqr,1.795123752661648,3.477044141793411,1.6819203891317631,1
20260717_204156_controller_right,exp1_system_characterization,continuous_translation,trial_001,event_010,exp1_system_characterization/continuous_translation,Arrival-Hold,One-Euro Anchor,One-Euro Anchor,rotation_error_deg_p95,7.683194698113847,11.175130088354956,3.4919353902411094,1
20260717_204156_controller_right,exp1_system_characterization,continuous_translation,trial_001,event_010,exp1_system_characterization/continuous_translation,Arrival-Hold,One-Euro Anchor,One-Euro Anchor,candidate_arrival_p50_ms,173.90454999986105,173.96765000012238,0.06310000026132911,1
20260717_204156_controller_right,exp1_system_characterization,continuous_translation,trial_001,event_010,exp1_system_characterization/continuous_translation,Arrival-Hold,One-Euro Anchor,One-Euro Anchor,candidate_arrival_p95_ms,183.81092499839727,183.88216999665022,0.07124499825295061,1
20260717_204156_controller_right,exp1_system_characterization,continuous_translation,trial_001,event_010,exp1_system_characterization/continuous_translation,Arrival-Hold,One-Euro Anchor,One-Euro Anchor,candidate_processing_p50_ms,73.77685000188649,73.77685000188649,0.0,1
20260717_204156_controller_right,exp1_system_characterization,continuous_translation,trial_001,event_010,exp1_system_characterization/continuous_translation,Arrival-Hold,One-Euro Anchor,One-Euro Anchor,candidate_processing_p95_ms,83.35549000371248,83.35549000371248,0.0,1
20260717_204156_controller_right,exp1_system_characterization,continuous_translation,trial_001,event_010,exp1_system_characterization/continuous_translation,Arrival-Hold,One-Euro Anchor,One-Euro Anchor,observation_age_p50_ms,45.26299999997718,219.5564999965427,174.29349999656552,1
20260717_204156_controller_right,exp1_system_characterization,continuous_translation,trial_001,event_010,exp1_system_characterization/continuous_translation,Arrival-Hold,One-Euro Anchor,One-Euro Anchor,observation_age_p95_ms,96.01058499756618,276.8897499972809,180.8791649997147,1
20260717_204156_controller_right,exp1_system_characterization,continuous_translation,trial_001,event_010,exp1_system_characterization/continuous_translation,Arrival-Hold,One-Euro Anchor,One-Euro Anchor,smoothing_delay_p50_ms,45.26299999997718,219.5564999965427,174.29349999656552,1
20260717_204156_controller_right,exp1_system_characterization,continuous_translation,trial_001,event_010,exp1_system_characterization/continuous_translation,Arrival-Hold,One-Euro Anchor,One-Euro Anchor,smoothing_delay_p95_ms,96.01058499756618,276.8897499972809,180.8791649997147,1
20260717_204156_controller_right,exp1_system_characterization,continuous_translation,trial_001,event_010,exp1_system_characterization/continuous_translation,Arrival-Hold,One-Euro Anchor,One-Euro Anchor,visual_perception_hz,9.752267761543951,9.752267761543951,0.0,1
20260717_204156_controller_right,exp1_system_characterization,continuous_translation,trial_001,event_010,exp1_system_characterization/continuous_translation,Arrival-Hold,One-Euro Anchor,One-Euro Anchor,render_hz,69.99744483765076,69.99744483765076,0.0,1
20260717_204156_controller_right,exp1_system_characterization,continuous_translation,trial_001,event_010,exp1_system_characterization/continuous_translation,Arrival-Hold,EgoAnchor,EgoAnchor,reference_coverage,1.0,1.0,0.0,1
20260717_204156_controller_right,exp1_system_characterization,continuous_translation,trial_001,event_010,exp1_system_characterization/continuous_translation,Arrival-Hold,EgoAnchor,EgoAnchor,display_coverage,1.0,1.0,0.0,1
20260717_204156_controller_right,exp1_system_characterization,continuous_translation,trial_001,event_010,exp1_system_characterization/continuous_translation,Arrival-Hold,EgoAnchor,EgoAnchor,output_coverage,1.0,1.0,0.0,1
20260717_204156_controller_right,exp1_system_characterization,continuous_translation,trial_001,event_010,exp1_system_characterization/continuous_translation,Arrival-Hold,EgoAnchor,EgoAnchor,translation_error_mm_median,41.54297769675324,84.91318320015695,43.37020550340371,1
20260717_204156_controller_right,exp1_system_characterization,continuous_translation,trial_001,event_010,exp1_system_characterization/continuous_translation,Arrival-Hold,EgoAnchor,EgoAnchor,translation_error_mm_iqr,26.56756679689446,51.59772701671057,25.03016021981611,1
20260717_204156_controller_right,exp1_system_characterization,continuous_translation,trial_001,event_010,exp1_system_characterization/continuous_translation,Arrival-Hold,EgoAnchor,EgoAnchor,translation_error_mm_p95,73.96147369220625,117.08299256336635,43.12151887116009,1
20260717_204156_controller_right,exp1_system_characterization,continuous_translation,trial_001,event_010,exp1_system_characterization/continuous_translation,Arrival-Hold,EgoAnchor,EgoAnchor,rotation_error_deg_median,5.282025058133215,7.713359239558638,2.4313341814254237,1
20260717_204156_controller_right,exp1_system_characterization,continuous_translation,trial_001,event_010,exp1_system_characterization/continuous_translation,Arrival-Hold,EgoAnchor,EgoAnchor,rotation_error_deg_iqr,1.795123752661648,2.876514392109736,1.081390639448088,1
20260717_204156_controller_right,exp1_system_characterization,continuous_translation,trial_001,event_010,exp1_system_characterization/continuous_translation,Arrival-Hold,EgoAnchor,EgoAnchor,rotation_error_deg_p95,7.683194698113847,10.213915941022712,2.5307212429088652,1
20260717_204156_controller_right,exp1_system_characterization,continuous_translation,trial_001,event_010,exp1_system_characterization/continuous_translation,Arrival-Hold,EgoAnchor,EgoAnchor,candidate_arrival_p50_ms,173.90454999986105,173.82474999976694,-0.07980000009411015,1
20260717_204156_controller_right,exp1_system_characterization,continuous_translation,trial_001,event_010,exp1_system_characterization/continuous_translation,Arrival-Hold,EgoAnchor,EgoAnchor,candidate_arrival_p95_ms,183.81092499839727,183.72276499649163,-0.088160001905635,1
20260717_204156_controller_right,exp1_system_characterization,continuous_translation,trial_001,event_010,exp1_system_characterization/continuous_translation,Arrival-Hold,EgoAnchor,EgoAnchor,candidate_processing_p50_ms,73.77685000188649,73.77685000188649,0.0,1
20260717_204156_controller_right,exp1_system_characterization,continuous_translation,trial_001,event_010,exp1_system_characterization/continuous_translation,Arrival-Hold,EgoAnchor,EgoAnchor,candidate_processing_p95_ms,83.35549000371248,83.35549000371248,0.0,1
20260717_204156_controller_right,exp1_system_characterization,continuous_translation,trial_001,event_010,exp1_system_characterization/continuous_translation,Arrival-Hold,EgoAnchor,EgoAnchor,observation_age_p50_ms,45.26299999997718,219.54454999649897,174.2815499965218,1
20260717_204156_controller_right,exp1_system_characterization,continuous_translation,trial_001,event_010,exp1_system_characterization/continuous_translation,Arrival-Hold,EgoAnchor,EgoAnchor,observation_age_p95_ms,96.01058499756618,276.88078999563004,180.87020499806385,1
20260717_204156_controller_right,exp1_system_characterization,continuous_translation,trial_001,event_010,exp1_system_characterization/continuous_translation,Arrival-Hold,EgoAnchor,EgoAnchor,smoothing_delay_p50_ms,45.26299999997718,284.2555344104767,238.9925344104995,1
20260717_204156_controller_right,exp1_system_characterization,continuous_translation,trial_001,event_010,exp1_system_characterization/continuous_translation,Arrival-Hold,EgoAnchor,EgoAnchor,smoothing_delay_p95_ms,96.01058499756618,295.3118473291397,199.30126233157353,1
20260717_204156_controller_right,exp1_system_characterization,continuous_translation,trial_001,event_010,exp1_system_characterization/continuous_translation,Arrival-Hold,EgoAnchor,EgoAnchor,visual_perception_hz,9.752267761543951,9.752267761543951,0.0,1
20260717_204156_controller_right,exp1_system_characterization,continuous_translation,trial_001,event_010,exp1_system_characterization/continuous_translation,Arrival-Hold,EgoAnchor,EgoAnchor,render_hz,69.99744483765076,69.99744483765076,0.0,1
20260717_204156_controller_right,exp1_system_characterization,continuous_translation,trial_001,event_011,exp1_system_characterization/continuous_translation,Arrival-Hold,Capture-Hold,Capture-Hold,reference_coverage,1.0,1.0,0.0,1
20260717_204156_controller_right,exp1_system_characterization,continuous_translation,trial_001,event_011,exp1_system_characterization/continuous_translation,Arrival-Hold,Capture-Hold,Capture-Hold,display_coverage,1.0,1.0,0.0,1
20260717_204156_controller_right,exp1_system_characterization,continuous_translation,trial_001,event_011,exp1_system_characterization/continuous_translation,Arrival-Hold,Capture-Hold,Capture-Hold,output_coverage,1.0,1.0,0.0,1
20260717_204156_controller_right,exp1_system_characterization,continuous_translation,trial_001,event_011,exp1_system_characterization/continuous_translation,Arrival-Hold,Capture-Hold,Capture-Hold,translation_error_mm_median,51.36758476481752,68.95847846650335,17.59089370168583,1
20260717_204156_controller_right,exp1_system_characterization,continuous_translation,trial_001,event_011,exp1_system_characterization/continuous_translation,Arrival-Hold,Capture-Hold,Capture-Hold,translation_error_mm_iqr,20.57157644835423,23.1843816441162,2.612805195761972,1
20260717_204156_controller_right,exp1_system_characterization,continuous_translation,trial_001,event_011,exp1_system_characterization/continuous_translation,Arrival-Hold,Capture-Hold,Capture-Hold,translation_error_mm_p95,77.05930666531272,97.7071438530194,20.647837187706685,1
20260717_204156_controller_right,exp1_system_characterization,continuous_translation,trial_001,event_011,exp1_system_characterization/continuous_translation,Arrival-Hold,Capture-Hold,Capture-Hold,rotation_error_deg_median,3.4308479370247884,4.447819796012835,1.0169718589880468,1
20260717_204156_controller_right,exp1_system_characterization,continuous_translation,trial_001,event_011,exp1_system_characterization/continuous_translation,Arrival-Hold,Capture-Hold,Capture-Hold,rotation_error_deg_iqr,1.2195213168769445,1.175671565992249,-0.04384975088469556,1
20260717_204156_controller_right,exp1_system_characterization,continuous_translation,trial_001,event_011,exp1_system_characterization/continuous_translation,Arrival-Hold,Capture-Hold,Capture-Hold,rotation_error_deg_p95,5.1449898689216145,5.891420432380337,0.7464305634587225,1
20260717_204156_controller_right,exp1_system_characterization,continuous_translation,trial_001,event_011,exp1_system_characterization/continuous_translation,Arrival-Hold,Capture-Hold,Capture-Hold,candidate_arrival_p50_ms,167.0892999973148,167.15390000172192,0.06460000440711156,1
20260717_204156_controller_right,exp1_system_characterization,continuous_translation,trial_001,event_011,exp1_system_characterization/continuous_translation,Arrival-Hold,Capture-Hold,Capture-Hold,candidate_arrival_p95_ms,195.1721399978851,195.20401999616297,0.0318799982778728,1
20260717_204156_controller_right,exp1_system_characterization,continuous_translation,trial_001,event_011,exp1_system_characterization/continuous_translation,Arrival-Hold,Capture-Hold,Capture-Hold,candidate_processing_p50_ms,73.6512000001967,73.6512000001967,0.0,1
20260717_204156_controller_right,exp1_system_characterization,continuous_translation,trial_001,event_011,exp1_system_characterization/continuous_translation,Arrival-Hold,Capture-Hold,Capture-Hold,candidate_processing_p95_ms,90.36707999929783,90.36707999929783,0.0,1
20260717_204156_controller_right,exp1_system_characterization,continuous_translation,trial_001,event_011,exp1_system_characterization/continuous_translation,Arrival-Hold,Capture-Hold,Capture-Hold,observation_age_p50_ms,43.204450001212535,223.2134000005317,180.00894999931916,1
20260717_204156_controller_right,exp1_system_characterization,continuous_translation,trial_001,event_011,exp1_system_characterization/continuous_translation,Arrival-Hold,Capture-Hold,Capture-Hold,observation_age_p95_ms,99.46749000082487,277.37035500322236,177.9028650023975,1
20260717_204156_controller_right,exp1_system_characterization,continuous_translation,trial_001,event_011,exp1_system_characterization/continuous_translation,Arrival-Hold,Capture-Hold,Capture-Hold,smoothing_delay_p50_ms,43.204450001212535,223.2134000005317,180.00894999931916,1
20260717_204156_controller_right,exp1_system_characterization,continuous_translation,trial_001,event_011,exp1_system_characterization/continuous_translation,Arrival-Hold,Capture-Hold,Capture-Hold,smoothing_delay_p95_ms,99.46749000082487,277.37035500322236,177.9028650023975,1
20260717_204156_controller_right,exp1_system_characterization,continuous_translation,trial_001,event_011,exp1_system_characterization/continuous_translation,Arrival-Hold,Capture-Hold,Capture-Hold,visual_perception_hz,9.524180664503607,9.524180664503607,0.0,1
20260717_204156_controller_right,exp1_system_characterization,continuous_translation,trial_001,event_011,exp1_system_characterization/continuous_translation,Arrival-Hold,Capture-Hold,Capture-Hold,render_hz,69.5281689433973,69.5281689433973,0.0,1
20260717_204156_controller_right,exp1_system_characterization,continuous_translation,trial_001,event_011,exp1_system_characterization/continuous_translation,Arrival-Hold,One-Euro Anchor,One-Euro Anchor,reference_coverage,1.0,1.0,0.0,1
20260717_204156_controller_right,exp1_system_characterization,continuous_translation,trial_001,event_011,exp1_system_characterization/continuous_translation,Arrival-Hold,One-Euro Anchor,One-Euro Anchor,display_coverage,1.0,1.0,0.0,1
20260717_204156_controller_right,exp1_system_characterization,continuous_translation,trial_001,event_011,exp1_system_characterization/continuous_translation,Arrival-Hold,One-Euro Anchor,One-Euro Anchor,output_coverage,1.0,1.0,0.0,1
20260717_204156_controller_right,exp1_system_characterization,continuous_translation,trial_001,event_011,exp1_system_characterization/continuous_translation,Arrival-Hold,One-Euro Anchor,One-Euro Anchor,translation_error_mm_median,51.36758476481752,103.88128307404875,52.51369830923123,1
20260717_204156_controller_right,exp1_system_characterization,continuous_translation,trial_001,event_011,exp1_system_characterization/continuous_translation,Arrival-Hold,One-Euro Anchor,One-Euro Anchor,translation_error_mm_iqr,20.57157644835423,25.854525493576062,5.282949045221834,1
20260717_204156_controller_right,exp1_system_characterization,continuous_translation,trial_001,event_011,exp1_system_characterization/continuous_translation,Arrival-Hold,One-Euro Anchor,One-Euro Anchor,translation_error_mm_p95,77.05930666531272,135.7791809792457,58.719874313932976,1
20260717_204156_controller_right,exp1_system_characterization,continuous_translation,trial_001,event_011,exp1_system_characterization/continuous_translation,Arrival-Hold,One-Euro Anchor,One-Euro Anchor,rotation_error_deg_median,3.4308479370247884,4.276605611648112,0.8457576746233233,1
20260717_204156_controller_right,exp1_system_characterization,continuous_translation,trial_001,event_011,exp1_system_characterization/continuous_translation,Arrival-Hold,One-Euro Anchor,One-Euro Anchor,rotation_error_deg_iqr,1.2195213168769445,1.7586720472824626,0.5391507304055181,1
20260717_204156_controller_right,exp1_system_characterization,continuous_translation,trial_001,event_011,exp1_system_characterization/continuous_translation,Arrival-Hold,One-Euro Anchor,One-Euro Anchor,rotation_error_deg_p95,5.1449898689216145,6.179473177638938,1.0344833087173235,1
20260717_204156_controller_right,exp1_system_characterization,continuous_translation,trial_001,event_011,exp1_system_characterization/continuous_translation,Arrival-Hold,One-Euro Anchor,One-Euro Anchor,candidate_arrival_p50_ms,167.0892999973148,167.1864000018104,0.0971000044955872,1
20260717_204156_controller_right,exp1_system_characterization,continuous_translation,trial_001,event_011,exp1_system_characterization/continuous_translation,Arrival-Hold,One-Euro Anchor,One-Euro Anchor,candidate_arrival_p95_ms,195.1721399978851,195.2313999965554,0.05925999867031351,1
20260717_204156_controller_right,exp1_system_characterization,continuous_translation,trial_001,event_011,exp1_system_characterization/continuous_translation,Arrival-Hold,One-Euro Anchor,One-Euro Anchor,candidate_processing_p50_ms,73.6512000001967,73.6512000001967,0.0,1
20260717_204156_controller_right,exp1_system_characterization,continuous_translation,trial_001,event_011,exp1_system_characterization/continuous_translation,Arrival-Hold,One-Euro Anchor,One-Euro Anchor,candidate_processing_p95_ms,90.36707999929783,90.36707999929783,0.0,1
20260717_204156_controller_right,exp1_system_characterization,continuous_translation,trial_001,event_011,exp1_system_characterization/continuous_translation,Arrival-Hold,One-Euro Anchor,One-Euro Anchor,observation_age_p50_ms,43.204450001212535,223.21419999934733,180.0097499981348,1
20260717_204156_controller_right,exp1_system_characterization,continuous_translation,trial_001,event_011,exp1_system_characterization/continuous_translation,Arrival-Hold,One-Euro Anchor,One-Euro Anchor,observation_age_p95_ms,99.46749000082487,277.37105500236794,177.9035650015431,1
20260717_204156_controller_right,exp1_system_characterization,continuous_translation,trial_001,event_011,exp1_system_characterization/continuous_translation,Arrival-Hold,One-Euro Anchor,One-Euro Anchor,smoothing_delay_p50_ms,43.204450001212535,223.21419999934733,180.0097499981348,1
20260717_204156_controller_right,exp1_system_characterization,continuous_translation,trial_001,event_011,exp1_system_characterization/continuous_translation,Arrival-Hold,One-Euro Anchor,One-Euro Anchor,smoothing_delay_p95_ms,99.46749000082487,277.37105500236794,177.9035650015431,1
20260717_204156_controller_right,exp1_system_characterization,continuous_translation,trial_001,event_011,exp1_system_characterization/continuous_translation,Arrival-Hold,One-Euro Anchor,One-Euro Anchor,visual_perception_hz,9.524180664503607,9.524180664503607,0.0,1
20260717_204156_controller_right,exp1_system_characterization,continuous_translation,trial_001,event_011,exp1_system_characterization/continuous_translation,Arrival-Hold,One-Euro Anchor,One-Euro Anchor,render_hz,69.5281689433973,69.5281689433973,0.0,1
20260717_204156_controller_right,exp1_system_characterization,continuous_translation,trial_001,event_011,exp1_system_characterization/continuous_translation,Arrival-Hold,EgoAnchor,EgoAnchor,reference_coverage,1.0,1.0,0.0,1
20260717_204156_controller_right,exp1_system_characterization,continuous_translation,trial_001,event_011,exp1_system_characterization/continuous_translation,Arrival-Hold,EgoAnchor,EgoAnchor,display_coverage,1.0,1.0,0.0,1
20260717_204156_controller_right,exp1_system_characterization,continuous_translation,trial_001,event_011,exp1_system_characterization/continuous_translation,Arrival-Hold,EgoAnchor,EgoAnchor,output_coverage,1.0,1.0,0.0,1
20260717_204156_controller_right,exp1_system_characterization,continuous_translation,trial_001,event_011,exp1_system_characterization/continuous_translation,Arrival-Hold,EgoAnchor,EgoAnchor,translation_error_mm_median,51.36758476481752,88.16098703677902,36.7934022719615,1
20260717_204156_controller_right,exp1_system_characterization,continuous_translation,trial_001,event_011,exp1_system_characterization/continuous_translation,Arrival-Hold,EgoAnchor,EgoAnchor,translation_error_mm_iqr,20.57157644835423,28.398351763352593,7.826775314998365,1
20260717_204156_controller_right,exp1_system_characterization,continuous_translation,trial_001,event_011,exp1_system_characterization/continuous_translation,Arrival-Hold,EgoAnchor,EgoAnchor,translation_error_mm_p95,77.05930666531272,111.8153686954683,34.756062030155576,1
20260717_204156_controller_right,exp1_system_characterization,continuous_translation,trial_001,event_011,exp1_system_characterization/continuous_translation,Arrival-Hold,EgoAnchor,EgoAnchor,rotation_error_deg_median,3.4308479370247884,4.802863086233842,1.3720151492090533,1
20260717_204156_controller_right,exp1_system_characterization,continuous_translation,trial_001,event_011,exp1_system_characterization/continuous_translation,Arrival-Hold,EgoAnchor,EgoAnchor,rotation_error_deg_iqr,1.2195213168769445,1.0490368430819421,-0.17048447379500242,1
20260717_204156_controller_right,exp1_system_characterization,continuous_translation,trial_001,event_011,exp1_system_characterization/continuous_translation,Arrival-Hold,EgoAnchor,EgoAnchor,rotation_error_deg_p95,5.1449898689216145,5.787803504839589,0.6428136359179746,1
20260717_204156_controller_right,exp1_system_characterization,continuous_translation,trial_001,event_011,exp1_system_characterization/continuous_translation,Arrival-Hold,EgoAnchor,EgoAnchor,candidate_arrival_p50_ms,167.0892999973148,167.00219999620458,-0.08710000111022964,1
20260717_204156_controller_right,exp1_system_characterization,continuous_translation,trial_001,event_011,exp1_system_characterization/continuous_translation,Arrival-Hold,EgoAnchor,EgoAnchor,candidate_arrival_p95_ms,195.1721399978851,195.0804399952176,-0.09170000266749412,1
20260717_204156_controller_right,exp1_system_characterization,continuous_translation,trial_001,event_011,exp1_system_characterization/continuous_translation,Arrival-Hold,EgoAnchor,EgoAnchor,candidate_processing_p50_ms,73.6512000001967,73.6512000001967,0.0,1
20260717_204156_controller_right,exp1_system_characterization,continuous_translation,trial_001,event_011,exp1_system_characterization/continuous_translation,Arrival-Hold,EgoAnchor,EgoAnchor,candidate_processing_p95_ms,90.36707999929783,90.36707999929783,0.0,1
20260717_204156_controller_right,exp1_system_characterization,continuous_translation,trial_001,event_011,exp1_system_characterization/continuous_translation,Arrival-Hold,EgoAnchor,EgoAnchor,observation_age_p50_ms,43.204450001212535,223.2050499987963,180.00059999758378,1
20260717_204156_controller_right,exp1_system_characterization,continuous_translation,trial_001,event_011,exp1_system_characterization/continuous_translation,Arrival-Hold,EgoAnchor,EgoAnchor,observation_age_p95_ms,99.46749000082487,277.3618200026249,177.89433000180003,1
20260717_204156_controller_right,exp1_system_characterization,continuous_translation,trial_001,event_011,exp1_system_characterization/continuous_translation,Arrival-Hold,EgoAnchor,EgoAnchor,smoothing_delay_p50_ms,43.204450001212535,287.7994179725647,244.59496797135216,1
20260717_204156_controller_right,exp1_system_characterization,continuous_translation,trial_001,event_011,exp1_system_characterization/continuous_translation,Arrival-Hold,EgoAnchor,EgoAnchor,smoothing_delay_p95_ms,99.46749000082487,293.6940610408783,194.22657104005344,1
20260717_204156_controller_right,exp1_system_characterization,continuous_translation,trial_001,event_011,exp1_system_characterization/continuous_translation,Arrival-Hold,EgoAnchor,EgoAnchor,visual_perception_hz,9.524180664503607,9.524180664503607,0.0,1
20260717_204156_controller_right,exp1_system_characterization,continuous_translation,trial_001,event_011,exp1_system_characterization/continuous_translation,Arrival-Hold,EgoAnchor,EgoAnchor,render_hz,69.5281689433973,69.5281689433973,0.0,1
20260717_204156_controller_right,exp1_system_characterization,continuous_translation,trial_001,event_012,exp1_system_characterization/continuous_translation,Arrival-Hold,Capture-Hold,Capture-Hold,reference_coverage,1.0,1.0,0.0,1
20260717_204156_controller_right,exp1_system_characterization,continuous_translation,trial_001,event_012,exp1_system_characterization/continuous_translation,Arrival-Hold,Capture-Hold,Capture-Hold,display_coverage,1.0,1.0,0.0,1
20260717_204156_controller_right,exp1_system_characterization,continuous_translation,trial_001,event_012,exp1_system_characterization/continuous_translation,Arrival-Hold,Capture-Hold,Capture-Hold,output_coverage,1.0,1.0,0.0,1
20260717_204156_controller_right,exp1_system_characterization,continuous_translation,trial_001,event_012,exp1_system_characterization/continuous_translation,Arrival-Hold,Capture-Hold,Capture-Hold,translation_error_mm_median,49.318711514384034,72.50717654425767,23.18846502987364,1
20260717_204156_controller_right,exp1_system_characterization,continuous_translation,trial_001,event_012,exp1_system_characterization/continuous_translation,Arrival-Hold,Capture-Hold,Capture-Hold,translation_error_mm_iqr,29.007035016776797,39.19281545227336,10.18578043549656,1
20260717_204156_controller_right,exp1_system_characterization,continuous_translation,trial_001,event_012,exp1_system_characterization/continuous_translation,Arrival-Hold,Capture-Hold,Capture-Hold,translation_error_mm_p95,79.52578114455832,107.0817312249801,27.55595008042178,1
20260717_204156_controller_right,exp1_system_characterization,continuous_translation,trial_001,event_012,exp1_system_characterization/continuous_translation,Arrival-Hold,Capture-Hold,Capture-Hold,rotation_error_deg_median,6.469378002015259,8.51232836121663,2.042950359201371,1
20260717_204156_controller_right,exp1_system_characterization,continuous_translation,trial_001,event_012,exp1_system_characterization/continuous_translation,Arrival-Hold,Capture-Hold,Capture-Hold,rotation_error_deg_iqr,4.085564337559511,5.852076543499072,1.766512205939561,1
20260717_204156_controller_right,exp1_system_characterization,continuous_translation,trial_001,event_012,exp1_system_characterization/continuous_translation,Arrival-Hold,Capture-Hold,Capture-Hold,rotation_error_deg_p95,10.121300237111292,12.017775233933454,1.8964749968221621,1
20260717_204156_controller_right,exp1_system_characterization,continuous_translation,trial_001,event_012,exp1_system_characterization/continuous_translation,Arrival-Hold,Capture-Hold,Capture-Hold,candidate_arrival_p50_ms,174.94950000036624,174.98745000193594,0.03795000156969763,1
20260717_204156_controller_right,exp1_system_characterization,continuous_translation,trial_001,event_012,exp1_system_characterization/continuous_translation,Arrival-Hold,Capture-Hold,Capture-Hold,candidate_arrival_p95_ms,208.46697500019218,208.4996250050608,0.03265000486862846,1
20260717_204156_controller_right,exp1_system_characterization,continuous_translation,trial_001,event_012,exp1_system_characterization/continuous_translation,Arrival-Hold,Capture-Hold,Capture-Hold,candidate_processing_p50_ms,77.20160000026226,77.20160000026226,0.0,1
20260717_204156_controller_right,exp1_system_characterization,continuous_translation,trial_001,event_012,exp1_system_characterization/continuous_translation,Arrival-Hold,Capture-Hold,Capture-Hold,candidate_processing_p95_ms,89.86582499928772,89.86582499928772,0.0,1
20260717_204156_controller_right,exp1_system_characterization,continuous_translation,trial_001,event_012,exp1_system_characterization/continuous_translation,Arrival-Hold,Capture-Hold,Capture-Hold,observation_age_p50_ms,48.811600005137734,223.49549999489682,174.68389998975908,1
20260717_204156_controller_right,exp1_system_characterization,continuous_translation,trial_001,event_012,exp1_system_characterization/continuous_translation,Arrival-Hold,Capture-Hold,Capture-Hold,observation_age_p95_ms,104.8943900015729,277.7079400002549,172.813549998682,1
20260717_204156_controller_right,exp1_system_characterization,continuous_translation,trial_001,event_012,exp1_system_characterization/continuous_translation,Arrival-Hold,Capture-Hold,Capture-Hold,smoothing_delay_p50_ms,48.811600005137734,223.49549999489682,174.68389998975908,1
20260717_204156_controller_right,exp1_system_characterization,continuous_translation,trial_001,event_012,exp1_system_characterization/continuous_translation,Arrival-Hold,Capture-Hold,Capture-Hold,smoothing_delay_p95_ms,104.8943900015729,277.7079400002549,172.813549998682,1
20260717_204156_controller_right,exp1_system_characterization,continuous_translation,trial_001,event_012,exp1_system_characterization/continuous_translation,Arrival-Hold,Capture-Hold,Capture-Hold,visual_perception_hz,9.234890549293889,9.234890549293889,0.0,1
20260717_204156_controller_right,exp1_system_characterization,continuous_translation,trial_001,event_012,exp1_system_characterization/continuous_translation,Arrival-Hold,Capture-Hold,Capture-Hold,render_hz,68.06030692428278,68.06030692428278,0.0,1
20260717_204156_controller_right,exp1_system_characterization,continuous_translation,trial_001,event_012,exp1_system_characterization/continuous_translation,Arrival-Hold,One-Euro Anchor,One-Euro Anchor,reference_coverage,1.0,1.0,0.0,1
20260717_204156_controller_right,exp1_system_characterization,continuous_translation,trial_001,event_012,exp1_system_characterization/continuous_translation,Arrival-Hold,One-Euro Anchor,One-Euro Anchor,display_coverage,1.0,1.0,0.0,1
20260717_204156_controller_right,exp1_system_characterization,continuous_translation,trial_001,event_012,exp1_system_characterization/continuous_translation,Arrival-Hold,One-Euro Anchor,One-Euro Anchor,output_coverage,1.0,1.0,0.0,1
20260717_204156_controller_right,exp1_system_characterization,continuous_translation,trial_001,event_012,exp1_system_characterization/continuous_translation,Arrival-Hold,One-Euro Anchor,One-Euro Anchor,translation_error_mm_median,49.318711514384034,106.54055721268882,57.22184569830479,1
20260717_204156_controller_right,exp1_system_characterization,continuous_translation,trial_001,event_012,exp1_system_characterization/continuous_translation,Arrival-Hold,One-Euro Anchor,One-Euro Anchor,translation_error_mm_iqr,29.007035016776797,51.45657517159577,22.449540154818976,1
20260717_204156_controller_right,exp1_system_characterization,continuous_translation,trial_001,event_012,exp1_system_characterization/continuous_translation,Arrival-Hold,One-Euro Anchor,One-Euro Anchor,translation_error_mm_p95,79.52578114455832,151.02985839059468,71.50407724603636,1
20260717_204156_controller_right,exp1_system_characterization,continuous_translation,trial_001,event_012,exp1_system_characterization/continuous_translation,Arrival-Hold,One-Euro Anchor,One-Euro Anchor,rotation_error_deg_median,6.469378002015259,10.182044386428103,3.7126663844128442,1
20260717_204156_controller_right,exp1_system_characterization,continuous_translation,trial_001,event_012,exp1_system_characterization/continuous_translation,Arrival-Hold,One-Euro Anchor,One-Euro Anchor,rotation_error_deg_iqr,4.085564337559511,7.749692835661946,3.6641284981024356,1
20260717_204156_controller_right,exp1_system_characterization,continuous_translation,trial_001,event_012,exp1_system_characterization/continuous_translation,Arrival-Hold,One-Euro Anchor,One-Euro Anchor,rotation_error_deg_p95,10.121300237111292,15.287601320313428,5.166301083202136,1
20260717_204156_controller_right,exp1_system_characterization,continuous_translation,trial_001,event_012,exp1_system_characterization/continuous_translation,Arrival-Hold,One-Euro Anchor,One-Euro Anchor,candidate_arrival_p50_ms,174.94950000036624,175.0244000031671,0.07490000280085951,1
20260717_204156_controller_right,exp1_system_characterization,continuous_translation,trial_001,event_012,exp1_system_characterization/continuous_translation,Arrival-Hold,One-Euro Anchor,One-Euro Anchor,candidate_arrival_p95_ms,208.46697500019218,208.5296000022936,0.06262500210141297,1
20260717_204156_controller_right,exp1_system_characterization,continuous_translation,trial_001,event_012,exp1_system_characterization/continuous_translation,Arrival-Hold,One-Euro Anchor,One-Euro Anchor,candidate_processing_p50_ms,77.20160000026226,77.20160000026226,0.0,1
20260717_204156_controller_right,exp1_system_characterization,continuous_translation,trial_001,event_012,exp1_system_characterization/continuous_translation,Arrival-Hold,One-Euro Anchor,One-Euro Anchor,candidate_processing_p95_ms,89.86582499928772,89.86582499928772,0.0,1
20260717_204156_controller_right,exp1_system_characterization,continuous_translation,trial_001,event_012,exp1_system_characterization/continuous_translation,Arrival-Hold,One-Euro Anchor,One-Euro Anchor,observation_age_p50_ms,48.811600005137734,223.4963999944739,174.68479998933617,1
20260717_204156_controller_right,exp1_system_characterization,continuous_translation,trial_001,event_012,exp1_system_characterization/continuous_translation,Arrival-Hold,One-Euro Anchor,One-Euro Anchor,observation_age_p95_ms,104.8943900015729,277.7087799993751,172.8143899978022,1
20260717_204156_controller_right,exp1_system_characterization,continuous_translation,trial_001,event_012,exp1_system_characterization/continuous_translation,Arrival-Hold,One-Euro Anchor,One-Euro Anchor,smoothing_delay_p50_ms,48.811600005137734,223.4963999944739,174.68479998933617,1
20260717_204156_controller_right,exp1_system_characterization,continuous_translation,trial_001,event_012,exp1_system_characterization/continuous_translation,Arrival-Hold,One-Euro Anchor,One-Euro Anchor,smoothing_delay_p95_ms,104.8943900015729,277.7087799993751,172.8143899978022,1
20260717_204156_controller_right,exp1_system_characterization,continuous_translation,trial_001,event_012,exp1_system_characterization/continuous_translation,Arrival-Hold,One-Euro Anchor,One-Euro Anchor,visual_perception_hz,9.234890549293889,9.234890549293889,0.0,1
20260717_204156_controller_right,exp1_system_characterization,continuous_translation,trial_001,event_012,exp1_system_characterization/continuous_translation,Arrival-Hold,One-Euro Anchor,One-Euro Anchor,render_hz,68.06030692428278,68.06030692428278,0.0,1
20260717_204156_controller_right,exp1_system_characterization,continuous_translation,trial_001,event_012,exp1_system_characterization/continuous_translation,Arrival-Hold,EgoAnchor,EgoAnchor,reference_coverage,1.0,1.0,0.0,1
20260717_204156_controller_right,exp1_system_characterization,continuous_translation,trial_001,event_012,exp1_system_characterization/continuous_translation,Arrival-Hold,EgoAnchor,EgoAnchor,display_coverage,1.0,1.0,0.0,1
20260717_204156_controller_right,exp1_system_characterization,continuous_translation,trial_001,event_012,exp1_system_characterization/continuous_translation,Arrival-Hold,EgoAnchor,EgoAnchor,output_coverage,1.0,1.0,0.0,1
20260717_204156_controller_right,exp1_system_characterization,continuous_translation,trial_001,event_012,exp1_system_characterization/continuous_translation,Arrival-Hold,EgoAnchor,EgoAnchor,translation_error_mm_median,49.318711514384034,97.22131023197886,47.90259871759483,1
20260717_204156_controller_right,exp1_system_characterization,continuous_translation,trial_001,event_012,exp1_system_characterization/continuous_translation,Arrival-Hold,EgoAnchor,EgoAnchor,translation_error_mm_iqr,29.007035016776797,51.631487992932804,22.624452976156007,1
20260717_204156_controller_right,exp1_system_characterization,continuous_translation,trial_001,event_012,exp1_system_characterization/continuous_translation,Arrival-Hold,EgoAnchor,EgoAnchor,translation_error_mm_p95,79.52578114455832,121.9629228328038,42.437141688245475,1
20260717_204156_controller_right,exp1_system_characterization,continuous_translation,trial_001,event_012,exp1_system_characterization/continuous_translation,Arrival-Hold,EgoAnchor,EgoAnchor,rotation_error_deg_median,6.469378002015259,9.249100001100658,2.7797219990853987,1
20260717_204156_controller_right,exp1_system_characterization,continuous_translation,trial_001,event_012,exp1_system_characterization/continuous_translation,Arrival-Hold,EgoAnchor,EgoAnchor,rotation_error_deg_iqr,4.085564337559511,8.425587483411327,4.340023145851816,1
20260717_204156_controller_right,exp1_system_characterization,continuous_translation,trial_001,event_012,exp1_system_characterization/continuous_translation,Arrival-Hold,EgoAnchor,EgoAnchor,rotation_error_deg_p95,10.121300237111292,13.437203614859337,3.315903377748045,1
20260717_204156_controller_right,exp1_system_characterization,continuous_translation,trial_001,event_012,exp1_system_characterization/continuous_translation,Arrival-Hold,EgoAnchor,EgoAnchor,candidate_arrival_p50_ms,174.94950000036624,174.85545000090497,-0.09404999946127646,1
20260717_204156_controller_right,exp1_system_characterization,continuous_translation,trial_001,event_012,exp1_system_characterization/continuous_translation,Arrival-Hold,EgoAnchor,EgoAnchor,candidate_arrival_p95_ms,208.46697500019218,208.3727750032267,-0.09419999696547166,1
20260717_204156_controller_right,exp1_system_characterization,continuous_translation,trial_001,event_012,exp1_system_characterization/continuous_translation,Arrival-Hold,EgoAnchor,EgoAnchor,candidate_processing_p50_ms,77.20160000026226,77.20160000026226,0.0,1
20260717_204156_controller_right,exp1_system_characterization,continuous_translation,trial_001,event_012,exp1_system_characterization/continuous_translation,Arrival-Hold,EgoAnchor,EgoAnchor,candidate_processing_p95_ms,89.86582499928772,89.86582499928772,0.0,1
20260717_204156_controller_right,exp1_system_characterization,continuous_translation,trial_001,event_012,exp1_system_characterization/continuous_translation,Arrival-Hold,EgoAnchor,EgoAnchor,observation_age_p50_ms,48.811600005137734,223.48719999718014,174.6755999920424,1
20260717_204156_controller_right,exp1_system_characterization,continuous_translation,trial_001,event_012,exp1_system_characterization/continuous_translation,Arrival-Hold,EgoAnchor,EgoAnchor,observation_age_p95_ms,104.8943900015729,277.7001999995264,172.80580999795347,1
20260717_204156_controller_right,exp1_system_characterization,continuous_translation,trial_001,event_012,exp1_system_characterization/continuous_translation,Arrival-Hold,EgoAnchor,EgoAnchor,smoothing_delay_p50_ms,48.811600005137734,293.39534044265747,244.58374043751974,1
20260717_204156_controller_right,exp1_system_characterization,continuous_translation,trial_001,event_012,exp1_system_characterization/continuous_translation,Arrival-Hold,EgoAnchor,EgoAnchor,smoothing_delay_p95_ms,104.8943900015729,300.8461803197861,195.95179031821317,1
20260717_204156_controller_right,exp1_system_characterization,continuous_translation,trial_001,event_012,exp1_system_characterization/continuous_translation,Arrival-Hold,EgoAnchor,EgoAnchor,visual_perception_hz,9.234890549293889,9.234890549293889,0.0,1
20260717_204156_controller_right,exp1_system_characterization,continuous_translation,trial_001,event_012,exp1_system_characterization/continuous_translation,Arrival-Hold,EgoAnchor,EgoAnchor,render_hz,68.06030692428278,68.06030692428278,0.0,1
20260717_204156_controller_right,exp1_system_characterization,continuous_translation,trial_001,event_013,exp1_system_characterization/continuous_translation,Arrival-Hold,Capture-Hold,Capture-Hold,reference_coverage,1.0,1.0,0.0,1
20260717_204156_controller_right,exp1_system_characterization,continuous_translation,trial_001,event_013,exp1_system_characterization/continuous_translation,Arrival-Hold,Capture-Hold,Capture-Hold,display_coverage,1.0,1.0,0.0,1
20260717_204156_controller_right,exp1_system_characterization,continuous_translation,trial_001,event_013,exp1_system_characterization/continuous_translation,Arrival-Hold,Capture-Hold,Capture-Hold,output_coverage,1.0,1.0,0.0,1
20260717_204156_controller_right,exp1_system_characterization,continuous_translation,trial_001,event_013,exp1_system_characterization/continuous_translation,Arrival-Hold,Capture-Hold,Capture-Hold,translation_error_mm_median,40.52762893617074,52.4791984438201,11.95156950764936,1
20260717_204156_controller_right,exp1_system_characterization,continuous_translation,trial_001,event_013,exp1_system_characterization/continuous_translation,Arrival-Hold,Capture-Hold,Capture-Hold,translation_error_mm_iqr,36.270379454698755,39.08896117138249,2.818581716683738,1
20260717_204156_controller_right,exp1_system_characterization,continuous_translation,trial_001,event_013,exp1_system_characterization/continuous_translation,Arrival-Hold,Capture-Hold,Capture-Hold,translation_error_mm_p95,81.15080246464622,94.76850937664463,13.617706911998411,1
20260717_204156_controller_right,exp1_system_characterization,continuous_translation,trial_001,event_013,exp1_system_characterization/continuous_translation,Arrival-Hold,Capture-Hold,Capture-Hold,rotation_error_deg_median,3.7896526947772995,3.983223203036359,0.19357050825905953,1
20260717_204156_controller_right,exp1_system_characterization,continuous_translation,trial_001,event_013,exp1_system_characterization/continuous_translation,Arrival-Hold,Capture-Hold,Capture-Hold,rotation_error_deg_iqr,1.4281526704378367,1.4895520182742397,0.061399347836402995,1
20260717_204156_controller_right,exp1_system_characterization,continuous_translation,trial_001,event_013,exp1_system_characterization/continuous_translation,Arrival-Hold,Capture-Hold,Capture-Hold,rotation_error_deg_p95,6.331759830541048,6.4293271569860675,0.0975673264450192,1
20260717_204156_controller_right,exp1_system_characterization,continuous_translation,trial_001,event_013,exp1_system_characterization/continuous_translation,Arrival-Hold,Capture-Hold,Capture-Hold,candidate_arrival_p50_ms,166.39330000180053,166.42470000078902,0.03139999898849055,1
20260717_204156_controller_right,exp1_system_characterization,continuous_translation,trial_001,event_013,exp1_system_characterization/continuous_translation,Arrival-Hold,Capture-Hold,Capture-Hold,candidate_arrival_p95_ms,181.91782000212697,181.95256000035442,0.034739998227451,1
20260717_204156_controller_right,exp1_system_characterization,continuous_translation,trial_001,event_013,exp1_system_characterization/continuous_translation,Arrival-Hold,Capture-Hold,Capture-Hold,candidate_processing_p50_ms,73.96549999713898,73.96549999713898,0.0,1
20260717_204156_controller_right,exp1_system_characterization,continuous_translation,trial_001,event_013,exp1_system_characterization/continuous_translation,Arrival-Hold,Capture-Hold,Capture-Hold,candidate_processing_p95_ms,79.1854600019753,79.1854600019753,0.0,1
20260717_204156_controller_right,exp1_system_characterization,continuous_translation,trial_001,event_013,exp1_system_characterization/continuous_translation,Arrival-Hold,Capture-Hold,Capture-Hold,observation_age_p50_ms,48.87120000057621,215.81239999795798,166.94119999738177,1
20260717_204156_controller_right,exp1_system_characterization,continuous_translation,trial_001,event_013,exp1_system_characterization/continuous_translation,Arrival-Hold,Capture-Hold,Capture-Hold,observation_age_p95_ms,92.74400000140304,258.0757000032463,165.33170000184327,1
20260717_204156_controller_right,exp1_system_characterization,continuous_translation,trial_001,event_013,exp1_system_characterization/continuous_translation,Arrival-Hold,Capture-Hold,Capture-Hold,smoothing_delay_p50_ms,48.87120000057621,215.81239999795798,166.94119999738177,1
20260717_204156_controller_right,exp1_system_characterization,continuous_translation,trial_001,event_013,exp1_system_characterization/continuous_translation,Arrival-Hold,Capture-Hold,Capture-Hold,smoothing_delay_p95_ms,92.74400000140304,258.0757000032463,165.33170000184327,1
20260717_204156_controller_right,exp1_system_characterization,continuous_translation,trial_001,event_013,exp1_system_characterization/continuous_translation,Arrival-Hold,Capture-Hold,Capture-Hold,visual_perception_hz,9.810179766020573,9.810179766020573,0.0,1
20260717_204156_controller_right,exp1_system_characterization,continuous_translation,trial_001,event_013,exp1_system_characterization/continuous_translation,Arrival-Hold,Capture-Hold,Capture-Hold,render_hz,69.03907957085906,69.03907957085906,0.0,1
20260717_204156_controller_right,exp1_system_characterization,continuous_translation,trial_001,event_013,exp1_system_characterization/continuous_translation,Arrival-Hold,One-Euro Anchor,One-Euro Anchor,reference_coverage,1.0,1.0,0.0,1
20260717_204156_controller_right,exp1_system_characterization,continuous_translation,trial_001,event_013,exp1_system_characterization/continuous_translation,Arrival-Hold,One-Euro Anchor,One-Euro Anchor,display_coverage,1.0,1.0,0.0,1
20260717_204156_controller_right,exp1_system_characterization,continuous_translation,trial_001,event_013,exp1_system_characterization/continuous_translation,Arrival-Hold,One-Euro Anchor,One-Euro Anchor,output_coverage,1.0,1.0,0.0,1
20260717_204156_controller_right,exp1_system_characterization,continuous_translation,trial_001,event_013,exp1_system_characterization/continuous_translation,Arrival-Hold,One-Euro Anchor,One-Euro Anchor,translation_error_mm_median,40.52762893617074,82.25151215034306,41.72388321417232,1
20260717_204156_controller_right,exp1_system_characterization,continuous_translation,trial_001,event_013,exp1_system_characterization/continuous_translation,Arrival-Hold,One-Euro Anchor,One-Euro Anchor,translation_error_mm_iqr,36.270379454698755,51.63136508165444,15.360985626955681,1
20260717_204156_controller_right,exp1_system_characterization,continuous_translation,trial_001,event_013,exp1_system_characterization/continuous_translation,Arrival-Hold,One-Euro Anchor,One-Euro Anchor,translation_error_mm_p95,81.15080246464622,132.0367137547694,50.88591129012319,1
20260717_204156_controller_right,exp1_system_characterization,continuous_translation,trial_001,event_013,exp1_system_characterization/continuous_translation,Arrival-Hold,One-Euro Anchor,One-Euro Anchor,rotation_error_deg_median,3.7896526947772995,5.181311130217201,1.391658435439901,1
20260717_204156_controller_right,exp1_system_characterization,continuous_translation,trial_001,event_013,exp1_system_characterization/continuous_translation,Arrival-Hold,One-Euro Anchor,One-Euro Anchor,rotation_error_deg_iqr,1.4281526704378367,1.9469288599777919,0.5187761895399552,1
20260717_204156_controller_right,exp1_system_characterization,continuous_translation,trial_001,event_013,exp1_system_characterization/continuous_translation,Arrival-Hold,One-Euro Anchor,One-Euro Anchor,rotation_error_deg_p95,6.331759830541048,7.642196546278825,1.3104367157377768,1
20260717_204156_controller_right,exp1_system_characterization,continuous_translation,trial_001,event_013,exp1_system_characterization/continuous_translation,Arrival-Hold,One-Euro Anchor,One-Euro Anchor,candidate_arrival_p50_ms,166.39330000180053,166.45460000290768,0.06130000110715628,1
20260717_204156_controller_right,exp1_system_characterization,continuous_translation,trial_001,event_013,exp1_system_characterization/continuous_translation,Arrival-Hold,One-Euro Anchor,One-Euro Anchor,candidate_arrival_p95_ms,181.91782000212697,181.9827399973292,0.06491999520221725,1
20260717_204156_controller_right,exp1_system_characterization,continuous_translation,trial_001,event_013,exp1_system_characterization/continuous_translation,Arrival-Hold,One-Euro Anchor,One-Euro Anchor,candidate_processing_p50_ms,73.96549999713898,73.96549999713898,0.0,1
20260717_204156_controller_right,exp1_system_characterization,continuous_translation,trial_001,event_013,exp1_system_characterization/continuous_translation,Arrival-Hold,One-Euro Anchor,One-Euro Anchor,candidate_processing_p95_ms,79.1854600019753,79.1854600019753,0.0,1
20260717_204156_controller_right,exp1_system_characterization,continuous_translation,trial_001,event_013,exp1_system_characterization/continuous_translation,Arrival-Hold,One-Euro Anchor,One-Euro Anchor,observation_age_p50_ms,48.87120000057621,215.81310000328813,166.94190000271192,1
20260717_204156_controller_right,exp1_system_characterization,continuous_translation,trial_001,event_013,exp1_system_characterization/continuous_translation,Arrival-Hold,One-Euro Anchor,One-Euro Anchor,observation_age_p95_ms,92.74400000140304,258.07650000206195,165.3325000006589,1
20260717_204156_controller_right,exp1_system_characterization,continuous_translation,trial_001,event_013,exp1_system_characterization/continuous_translation,Arrival-Hold,One-Euro Anchor,One-Euro Anchor,smoothing_delay_p50_ms,48.87120000057621,215.81310000328813,166.94190000271192,1
20260717_204156_controller_right,exp1_system_characterization,continuous_translation,trial_001,event_013,exp1_system_characterization/continuous_translation,Arrival-Hold,One-Euro Anchor,One-Euro Anchor,smoothing_delay_p95_ms,92.74400000140304,258.07650000206195,165.3325000006589,1
20260717_204156_controller_right,exp1_system_characterization,continuous_translation,trial_001,event_013,exp1_system_characterization/continuous_translation,Arrival-Hold,One-Euro Anchor,One-Euro Anchor,visual_perception_hz,9.810179766020573,9.810179766020573,0.0,1
20260717_204156_controller_right,exp1_system_characterization,continuous_translation,trial_001,event_013,exp1_system_characterization/continuous_translation,Arrival-Hold,One-Euro Anchor,One-Euro Anchor,render_hz,69.03907957085906,69.03907957085906,0.0,1
20260717_204156_controller_right,exp1_system_characterization,continuous_translation,trial_001,event_013,exp1_system_characterization/continuous_translation,Arrival-Hold,EgoAnchor,EgoAnchor,reference_coverage,1.0,1.0,0.0,1
20260717_204156_controller_right,exp1_system_characterization,continuous_translation,trial_001,event_013,exp1_system_characterization/continuous_translation,Arrival-Hold,EgoAnchor,EgoAnchor,display_coverage,1.0,1.0,0.0,1
20260717_204156_controller_right,exp1_system_characterization,continuous_translation,trial_001,event_013,exp1_system_characterization/continuous_translation,Arrival-Hold,EgoAnchor,EgoAnchor,output_coverage,1.0,1.0,0.0,1
20260717_204156_controller_right,exp1_system_characterization,continuous_translation,trial_001,event_013,exp1_system_characterization/continuous_translation,Arrival-Hold,EgoAnchor,EgoAnchor,translation_error_mm_median,40.52762893617074,67.05369481851505,26.526065882344312,1
20260717_204156_controller_right,exp1_system_characterization,continuous_translation,trial_001,event_013,exp1_system_characterization/continuous_translation,Arrival-Hold,EgoAnchor,EgoAnchor,translation_error_mm_iqr,36.270379454698755,45.9591603966707,9.688780941971942,1
20260717_204156_controller_right,exp1_system_characterization,continuous_translation,trial_001,event_013,exp1_system_characterization/continuous_translation,Arrival-Hold,EgoAnchor,EgoAnchor,translation_error_mm_p95,81.15080246464622,106.9476302890117,25.79682782436548,1
20260717_204156_controller_right,exp1_system_characterization,continuous_translation,trial_001,event_013,exp1_system_characterization/continuous_translation,Arrival-Hold,EgoAnchor,EgoAnchor,rotation_error_deg_median,3.7896526947772995,4.471061269122207,0.6814085743449074,1
20260717_204156_controller_right,exp1_system_characterization,continuous_translation,trial_001,event_013,exp1_system_characterization/continuous_translation,Arrival-Hold,EgoAnchor,EgoAnchor,rotation_error_deg_iqr,1.4281526704378367,1.776783819364388,0.3486311489265512,1
20260717_204156_controller_right,exp1_system_characterization,continuous_translation,trial_001,event_013,exp1_system_characterization/continuous_translation,Arrival-Hold,EgoAnchor,EgoAnchor,rotation_error_deg_p95,6.331759830541048,6.29531257531145,-0.03644725522959824,1
20260717_204156_controller_right,exp1_system_characterization,continuous_translation,trial_001,event_013,exp1_system_characterization/continuous_translation,Arrival-Hold,EgoAnchor,EgoAnchor,candidate_arrival_p50_ms,166.39330000180053,166.31300000153715,-0.08030000026337802,1
20260717_204156_controller_right,exp1_system_characterization,continuous_translation,trial_001,event_013,exp1_system_characterization/continuous_translation,Arrival-Hold,EgoAnchor,EgoAnchor,candidate_arrival_p95_ms,181.91782000212697,181.83869999775197,-0.07912000437499955,1
20260717_204156_controller_right,exp1_system_characterization,continuous_translation,trial_001,event_013,exp1_system_characterization/continuous_translation,Arrival-Hold,EgoAnchor,EgoAnchor,candidate_processing_p50_ms,73.96549999713898,73.96549999713898,0.0,1
20260717_204156_controller_right,exp1_system_characterization,continuous_translation,trial_001,event_013,exp1_system_characterization/continuous_translation,Arrival-Hold,EgoAnchor,EgoAnchor,candidate_processing_p95_ms,79.1854600019753,79.1854600019753,0.0,1
20260717_204156_controller_right,exp1_system_characterization,continuous_translation,trial_001,event_013,exp1_system_characterization/continuous_translation,Arrival-Hold,EgoAnchor,EgoAnchor,observation_age_p50_ms,48.87120000057621,215.80340000218712,166.9322000016109,1
20260717_204156_controller_right,exp1_system_characterization,continuous_translation,trial_001,event_013,exp1_system_characterization/continuous_translation,Arrival-Hold,EgoAnchor,EgoAnchor,observation_age_p95_ms,92.74400000140304,258.0658000006224,165.32179999921937,1
20260717_204156_controller_right,exp1_system_characterization,continuous_translation,trial_001,event_013,exp1_system_characterization/continuous_translation,Arrival-Hold,EgoAnchor,EgoAnchor,smoothing_delay_p50_ms,48.87120000057621,270.67214250564575,221.80094250506954,1
20260717_204156_controller_right,exp1_system_characterization,continuous_translation,trial_001,event_013,exp1_system_characterization/continuous_translation,Arrival-Hold,EgoAnchor,EgoAnchor,smoothing_delay_p95_ms,92.74400000140304,279.6914279460907,186.94742794468766,1
20260717_204156_controller_right,exp1_system_characterization,continuous_translation,trial_001,event_013,exp1_system_characterization/continuous_translation,Arrival-Hold,EgoAnchor,EgoAnchor,visual_perception_hz,9.810179766020573,9.810179766020573,0.0,1
20260717_204156_controller_right,exp1_system_characterization,continuous_translation,trial_001,event_013,exp1_system_characterization/continuous_translation,Arrival-Hold,EgoAnchor,EgoAnchor,render_hz,69.03907957085906,69.03907957085906,0.0,1
20260717_204156_controller_right,exp1_system_characterization,continuous_translation,trial_001,event_014,exp1_system_characterization/continuous_translation,Arrival-Hold,Capture-Hold,Capture-Hold,reference_coverage,1.0,1.0,0.0,1
20260717_204156_controller_right,exp1_system_characterization,continuous_translation,trial_001,event_014,exp1_system_characterization/continuous_translation,Arrival-Hold,Capture-Hold,Capture-Hold,display_coverage,1.0,1.0,0.0,1
20260717_204156_controller_right,exp1_system_characterization,continuous_translation,trial_001,event_014,exp1_system_characterization/continuous_translation,Arrival-Hold,Capture-Hold,Capture-Hold,output_coverage,1.0,1.0,0.0,1
20260717_204156_controller_right,exp1_system_characterization,continuous_translation,trial_001,event_014,exp1_system_characterization/continuous_translation,Arrival-Hold,Capture-Hold,Capture-Hold,translation_error_mm_median,58.484483308235546,80.64804822688575,22.163564918650202,1
20260717_204156_controller_right,exp1_system_characterization,continuous_translation,trial_001,event_014,exp1_system_characterization/continuous_translation,Arrival-Hold,Capture-Hold,Capture-Hold,translation_error_mm_iqr,35.68174851318572,36.67731168098017,0.995563167794451,1
20260717_204156_controller_right,exp1_system_characterization,continuous_translation,trial_001,event_014,exp1_system_characterization/continuous_translation,Arrival-Hold,Capture-Hold,Capture-Hold,translation_error_mm_p95,91.34526673659002,117.38589381988406,26.04062708329404,1
20260717_204156_controller_right,exp1_system_characterization,continuous_translation,trial_001,event_014,exp1_system_characterization/continuous_translation,Arrival-Hold,Capture-Hold,Capture-Hold,rotation_error_deg_median,4.481485148946154,6.409984080037828,1.9284989310916734,1
20260717_204156_controller_right,exp1_system_characterization,continuous_translation,trial_001,event_014,exp1_system_characterization/continuous_translation,Arrival-Hold,Capture-Hold,Capture-Hold,rotation_error_deg_iqr,3.5188657630968514,4.624815883233507,1.1059501201366553,1
20260717_204156_controller_right,exp1_system_characterization,continuous_translation,trial_001,event_014,exp1_system_characterization/continuous_translation,Arrival-Hold,Capture-Hold,Capture-Hold,rotation_error_deg_p95,6.593704383130581,9.234980580653934,2.6412761975233527,1
20260717_204156_controller_right,exp1_system_characterization,continuous_translation,trial_001,event_014,exp1_system_characterization/continuous_translation,Arrival-Hold,Capture-Hold,Capture-Hold,candidate_arrival_p50_ms,167.01029999967432,167.11690000374801,0.10660000407369807,1
20260717_204156_controller_right,exp1_system_characterization,continuous_translation,trial_001,event_014,exp1_system_characterization/continuous_translation,Arrival-Hold,Capture-Hold,Capture-Hold,candidate_arrival_p95_ms,195.25577999957022,195.41691999911563,0.16113999954541214,1
20260717_204156_controller_right,exp1_system_characterization,continuous_translation,trial_001,event_014,exp1_system_characterization/continuous_translation,Arrival-Hold,Capture-Hold,Capture-Hold,candidate_processing_p50_ms,75.7538000009954,75.7538000009954,0.0,1
20260717_204156_controller_right,exp1_system_characterization,continuous_translation,trial_001,event_014,exp1_system_characterization/continuous_translation,Arrival-Hold,Capture-Hold,Capture-Hold,candidate_processing_p95_ms,82.84009999856352,82.84009999856352,0.0,1
20260717_204156_controller_right,exp1_system_characterization,continuous_translation,trial_001,event_014,exp1_system_characterization/continuous_translation,Arrival-Hold,Capture-Hold,Capture-Hold,observation_age_p50_ms,49.392200002330355,220.31050000077812,170.91829999844776,1
20260717_204156_controller_right,exp1_system_characterization,continuous_translation,trial_001,event_014,exp1_system_characterization/continuous_translation,Arrival-Hold,Capture-Hold,Capture-Hold,observation_age_p95_ms,97.95357999610131,265.4748800014204,167.52130000531906,1
20260717_204156_controller_right,exp1_system_characterization,continuous_translation,trial_001,event_014,exp1_system_characterization/continuous_translation,Arrival-Hold,Capture-Hold,Capture-Hold,smoothing_delay_p50_ms,49.392200002330355,220.31050000077812,170.91829999844776,1
20260717_204156_controller_right,exp1_system_characterization,continuous_translation,trial_001,event_014,exp1_system_characterization/continuous_translation,Arrival-Hold,Capture-Hold,Capture-Hold,smoothing_delay_p95_ms,97.95357999610131,265.4748800014204,167.52130000531906,1
20260717_204156_controller_right,exp1_system_characterization,continuous_translation,trial_001,event_014,exp1_system_characterization/continuous_translation,Arrival-Hold,Capture-Hold,Capture-Hold,visual_perception_hz,9.77681540117192,9.77681540117192,0.0,1
20260717_204156_controller_right,exp1_system_characterization,continuous_translation,trial_001,event_014,exp1_system_characterization/continuous_translation,Arrival-Hold,Capture-Hold,Capture-Hold,render_hz,56.54406615111048,56.54406615111048,0.0,1
20260717_204156_controller_right,exp1_system_characterization,continuous_translation,trial_001,event_014,exp1_system_characterization/continuous_translation,Arrival-Hold,One-Euro Anchor,One-Euro Anchor,reference_coverage,1.0,1.0,0.0,1
20260717_204156_controller_right,exp1_system_characterization,continuous_translation,trial_001,event_014,exp1_system_characterization/continuous_translation,Arrival-Hold,One-Euro Anchor,One-Euro Anchor,display_coverage,1.0,1.0,0.0,1
20260717_204156_controller_right,exp1_system_characterization,continuous_translation,trial_001,event_014,exp1_system_characterization/continuous_translation,Arrival-Hold,One-Euro Anchor,One-Euro Anchor,output_coverage,1.0,1.0,0.0,1
20260717_204156_controller_right,exp1_system_characterization,continuous_translation,trial_001,event_014,exp1_system_characterization/continuous_translation,Arrival-Hold,One-Euro Anchor,One-Euro Anchor,translation_error_mm_median,58.484483308235546,120.6521579271478,62.16767461891225,1
20260717_204156_controller_right,exp1_system_characterization,continuous_translation,trial_001,event_014,exp1_system_characterization/continuous_translation,Arrival-Hold,One-Euro Anchor,One-Euro Anchor,translation_error_mm_iqr,35.68174851318572,63.15872953124975,27.47698101806403,1
20260717_204156_controller_right,exp1_system_characterization,continuous_translation,trial_001,event_014,exp1_system_characterization/continuous_translation,Arrival-Hold,One-Euro Anchor,One-Euro Anchor,translation_error_mm_p95,91.34526673659002,163.70753999958015,72.36227326299013,1
20260717_204156_controller_right,exp1_system_characterization,continuous_translation,trial_001,event_014,exp1_system_characterization/continuous_translation,Arrival-Hold,One-Euro Anchor,One-Euro Anchor,rotation_error_deg_median,4.481485148946154,7.051013400131846,2.569528251185692,1
20260717_204156_controller_right,exp1_system_characterization,continuous_translation,trial_001,event_014,exp1_system_characterization/continuous_translation,Arrival-Hold,One-Euro Anchor,One-Euro Anchor,rotation_error_deg_iqr,3.5188657630968514,6.810639291867252,3.291773528770401,1
20260717_204156_controller_right,exp1_system_characterization,continuous_translation,trial_001,event_014,exp1_system_characterization/continuous_translation,Arrival-Hold,One-Euro Anchor,One-Euro Anchor,rotation_error_deg_p95,6.593704383130581,11.186697806423007,4.592993423292426,1
20260717_204156_controller_right,exp1_system_characterization,continuous_translation,trial_001,event_014,exp1_system_characterization/continuous_translation,Arrival-Hold,One-Euro Anchor,One-Euro Anchor,candidate_arrival_p50_ms,167.01029999967432,167.2467999960645,0.2364999963901937,1
20260717_204156_controller_right,exp1_system_characterization,continuous_translation,trial_001,event_014,exp1_system_characterization/continuous_translation,Arrival-Hold,One-Euro Anchor,One-Euro Anchor,candidate_arrival_p95_ms,195.25577999957022,195.56286000224645,0.3070800026762299,1
20260717_204156_controller_right,exp1_system_characterization,continuous_translation,trial_001,event_014,exp1_system_characterization/continuous_translation,Arrival-Hold,One-Euro Anchor,One-Euro Anchor,candidate_processing_p50_ms,75.7538000009954,75.7538000009954,0.0,1
20260717_204156_controller_right,exp1_system_characterization,continuous_translation,trial_001,event_014,exp1_system_characterization/continuous_translation,Arrival-Hold,One-Euro Anchor,One-Euro Anchor,candidate_processing_p95_ms,82.84009999856352,82.84009999856352,0.0,1
20260717_204156_controller_right,exp1_system_characterization,continuous_translation,trial_001,event_014,exp1_system_characterization/continuous_translation,Arrival-Hold,One-Euro Anchor,One-Euro Anchor,observation_age_p50_ms,49.392200002330355,220.31120000610827,170.9190000037779,1
20260717_204156_controller_right,exp1_system_characterization,continuous_translation,trial_001,event_014,exp1_system_characterization/continuous_translation,Arrival-Hold,One-Euro Anchor,One-Euro Anchor,observation_age_p95_ms,97.95357999610131,265.47571000046446,167.52213000436313,1
20260717_204156_controller_right,exp1_system_characterization,continuous_translation,trial_001,event_014,exp1_system_characterization/continuous_translation,Arrival-Hold,One-Euro Anchor,One-Euro Anchor,smoothing_delay_p50_ms,49.392200002330355,220.31120000610827,170.9190000037779,1
20260717_204156_controller_right,exp1_system_characterization,continuous_translation,trial_001,event_014,exp1_system_characterization/continuous_translation,Arrival-Hold,One-Euro Anchor,One-Euro Anchor,smoothing_delay_p95_ms,97.95357999610131,265.47571000046446,167.52213000436313,1
20260717_204156_controller_right,exp1_system_characterization,continuous_translation,trial_001,event_014,exp1_system_characterization/continuous_translation,Arrival-Hold,One-Euro Anchor,One-Euro Anchor,visual_perception_hz,9.77681540117192,9.77681540117192,0.0,1
20260717_204156_controller_right,exp1_system_characterization,continuous_translation,trial_001,event_014,exp1_system_characterization/continuous_translation,Arrival-Hold,One-Euro Anchor,One-Euro Anchor,render_hz,56.54406615111048,56.54406615111048,0.0,1
20260717_204156_controller_right,exp1_system_characterization,continuous_translation,trial_001,event_014,exp1_system_characterization/continuous_translation,Arrival-Hold,EgoAnchor,EgoAnchor,reference_coverage,1.0,1.0,0.0,1
20260717_204156_controller_right,exp1_system_characterization,continuous_translation,trial_001,event_014,exp1_system_characterization/continuous_translation,Arrival-Hold,EgoAnchor,EgoAnchor,display_coverage,1.0,1.0,0.0,1
20260717_204156_controller_right,exp1_system_characterization,continuous_translation,trial_001,event_014,exp1_system_characterization/continuous_translation,Arrival-Hold,EgoAnchor,EgoAnchor,output_coverage,1.0,1.0,0.0,1
20260717_204156_controller_right,exp1_system_characterization,continuous_translation,trial_001,event_014,exp1_system_characterization/continuous_translation,Arrival-Hold,EgoAnchor,EgoAnchor,translation_error_mm_median,58.484483308235546,100.81857275646173,42.33408944822619,1
20260717_204156_controller_right,exp1_system_characterization,continuous_translation,trial_001,event_014,exp1_system_characterization/continuous_translation,Arrival-Hold,EgoAnchor,EgoAnchor,translation_error_mm_iqr,35.68174851318572,51.54137440653099,15.859625893345275,1
20260717_204156_controller_right,exp1_system_characterization,continuous_translation,trial_001,event_014,exp1_system_characterization/continuous_translation,Arrival-Hold,EgoAnchor,EgoAnchor,translation_error_mm_p95,91.34526673659002,134.66407686754488,43.31881013095486,1
20260717_204156_controller_right,exp1_system_characterization,continuous_translation,trial_001,event_014,exp1_system_characterization/continuous_translation,Arrival-Hold,EgoAnchor,EgoAnchor,rotation_error_deg_median,4.481485148946154,7.627832863685179,3.146347714739025,1
20260717_204156_controller_right,exp1_system_characterization,continuous_translation,trial_001,event_014,exp1_system_characterization/continuous_translation,Arrival-Hold,EgoAnchor,EgoAnchor,rotation_error_deg_iqr,3.5188657630968514,6.216259077765206,2.6973933146683544,1
20260717_204156_controller_right,exp1_system_characterization,continuous_translation,trial_001,event_014,exp1_system_characterization/continuous_translation,Arrival-Hold,EgoAnchor,EgoAnchor,rotation_error_deg_p95,6.593704383130581,9.92086899463022,3.327164611499639,1
20260717_204156_controller_right,exp1_system_characterization,continuous_translation,trial_001,event_014,exp1_system_characterization/continuous_translation,Arrival-Hold,EgoAnchor,EgoAnchor,candidate_arrival_p50_ms,167.01029999967432,166.90789999847766,-0.10240000119665638,1
20260717_204156_controller_right,exp1_system_characterization,continuous_translation,trial_001,event_014,exp1_system_characterization/continuous_translation,Arrival-Hold,EgoAnchor,EgoAnchor,candidate_arrival_p95_ms,195.25577999957022,195.04536000240478,-0.21041999716544524,1
20260717_204156_controller_right,exp1_system_characterization,continuous_translation,trial_001,event_014,exp1_system_characterization/continuous_translation,Arrival-Hold,EgoAnchor,EgoAnchor,candidate_processing_p50_ms,75.7538000009954,75.7538000009954,0.0,1
20260717_204156_controller_right,exp1_system_characterization,continuous_translation,trial_001,event_014,exp1_system_characterization/continuous_translation,Arrival-Hold,EgoAnchor,EgoAnchor,candidate_processing_p95_ms,82.84009999856352,82.84009999856352,0.0,1
20260717_204156_controller_right,exp1_system_characterization,continuous_translation,trial_001,event_014,exp1_system_characterization/continuous_translation,Arrival-Hold,EgoAnchor,EgoAnchor,observation_age_p50_ms,49.392200002330355,220.30150000500726,170.9093000026769,1
20260717_204156_controller_right,exp1_system_characterization,continuous_translation,trial_001,event_014,exp1_system_characterization/continuous_translation,Arrival-Hold,EgoAnchor,EgoAnchor,observation_age_p95_ms,97.95357999610131,265.46690999821294,167.51333000211162,1
20260717_204156_controller_right,exp1_system_characterization,continuous_translation,trial_001,event_014,exp1_system_characterization/continuous_translation,Arrival-Hold,EgoAnchor,EgoAnchor,smoothing_delay_p50_ms,49.392200002330355,285.27531027793884,235.8831102756085,1
20260717_204156_controller_right,exp1_system_characterization,continuous_translation,trial_001,event_014,exp1_system_characterization/continuous_translation,Arrival-Hold,EgoAnchor,EgoAnchor,smoothing_delay_p95_ms,97.95357999610131,292.35793352127075,194.40435352516943,1
20260717_204156_controller_right,exp1_system_characterization,continuous_translation,trial_001,event_014,exp1_system_characterization/continuous_translation,Arrival-Hold,EgoAnchor,EgoAnchor,visual_perception_hz,9.77681540117192,9.77681540117192,0.0,1
20260717_204156_controller_right,exp1_system_characterization,continuous_translation,trial_001,event_014,exp1_system_characterization/continuous_translation,Arrival-Hold,EgoAnchor,EgoAnchor,render_hz,56.54406615111048,56.54406615111048,0.0,1
20260717_204156_controller_right,exp1_system_characterization,continuous_translation,trial_001,event_015,exp1_system_characterization/continuous_translation,Arrival-Hold,Capture-Hold,Capture-Hold,reference_coverage,1.0,1.0,0.0,1
20260717_204156_controller_right,exp1_system_characterization,continuous_translation,trial_001,event_015,exp1_system_characterization/continuous_translation,Arrival-Hold,Capture-Hold,Capture-Hold,display_coverage,1.0,1.0,0.0,1
20260717_204156_controller_right,exp1_system_characterization,continuous_translation,trial_001,event_015,exp1_system_characterization/continuous_translation,Arrival-Hold,Capture-Hold,Capture-Hold,output_coverage,1.0,1.0,0.0,1
20260717_204156_controller_right,exp1_system_characterization,continuous_translation,trial_001,event_015,exp1_system_characterization/continuous_translation,Arrival-Hold,Capture-Hold,Capture-Hold,translation_error_mm_median,44.99906456202794,65.35492533888723,20.355860776859288,1
20260717_204156_controller_right,exp1_system_characterization,continuous_translation,trial_001,event_015,exp1_system_characterization/continuous_translation,Arrival-Hold,Capture-Hold,Capture-Hold,translation_error_mm_iqr,25.839017130352197,35.039275249219195,9.200258118866998,1
20260717_204156_controller_right,exp1_system_characterization,continuous_translation,trial_001,event_015,exp1_system_characterization/continuous_translation,Arrival-Hold,Capture-Hold,Capture-Hold,translation_error_mm_p95,71.20222748440736,98.51646824229094,27.31424075788358,1
20260717_204156_controller_right,exp1_system_characterization,continuous_translation,trial_001,event_015,exp1_system_characterization/continuous_translation,Arrival-Hold,Capture-Hold,Capture-Hold,rotation_error_deg_median,6.367546864838854,8.294489354245663,1.9269424894068088,1
20260717_204156_controller_right,exp1_system_characterization,continuous_translation,trial_001,event_015,exp1_system_characterization/continuous_translation,Arrival-Hold,Capture-Hold,Capture-Hold,rotation_error_deg_iqr,1.9172513057797058,2.7032463800861013,0.7859950743063955,1
20260717_204156_controller_right,exp1_system_characterization,continuous_translation,trial_001,event_015,exp1_system_characterization/continuous_translation,Arrival-Hold,Capture-Hold,Capture-Hold,rotation_error_deg_p95,8.416170705072794,11.069199039856445,2.6530283347836505,1
20260717_204156_controller_right,exp1_system_characterization,continuous_translation,trial_001,event_015,exp1_system_characterization/continuous_translation,Arrival-Hold,Capture-Hold,Capture-Hold,candidate_arrival_p50_ms,166.53479999877163,166.56639999928302,0.031600000511389226,1
20260717_204156_controller_right,exp1_system_characterization,continuous_translation,trial_001,event_015,exp1_system_characterization/continuous_translation,Arrival-Hold,Capture-Hold,Capture-Hold,candidate_arrival_p95_ms,183.44825499407307,183.4814749938232,0.03321999975014478,1
20260717_204156_controller_right,exp1_system_characterization,continuous_translation,trial_001,event_015,exp1_system_characterization/continuous_translation,Arrival-Hold,Capture-Hold,Capture-Hold,candidate_processing_p50_ms,76.2320499997586,76.2320499997586,0.0,1
20260717_204156_controller_right,exp1_system_characterization,continuous_translation,trial_001,event_015,exp1_system_characterization/continuous_translation,Arrival-Hold,Capture-Hold,Capture-Hold,candidate_processing_p95_ms,79.90941999983042,79.90941999983042,0.0,1
20260717_204156_controller_right,exp1_system_characterization,continuous_translation,trial_001,event_015,exp1_system_characterization/continuous_translation,Arrival-Hold,Capture-Hold,Capture-Hold,observation_age_p50_ms,45.42035000122269,215.95505000368576,170.53470000246307,1
20260717_204156_controller_right,exp1_system_characterization,continuous_translation,trial_001,event_015,exp1_system_characterization/continuous_translation,Arrival-Hold,Capture-Hold,Capture-Hold,observation_age_p95_ms,94.78522999670528,265.475389999483,170.69016000277773,1
20260717_204156_controller_right,exp1_system_characterization,continuous_translation,trial_001,event_015,exp1_system_characterization/continuous_translation,Arrival-Hold,Capture-Hold,Capture-Hold,smoothing_delay_p50_ms,45.42035000122269,215.95505000368576,170.53470000246307,1
20260717_204156_controller_right,exp1_system_characterization,continuous_translation,trial_001,event_015,exp1_system_characterization/continuous_translation,Arrival-Hold,Capture-Hold,Capture-Hold,smoothing_delay_p95_ms,94.78522999670528,265.475389999483,170.69016000277773,1
20260717_204156_controller_right,exp1_system_characterization,continuous_translation,trial_001,event_015,exp1_system_characterization/continuous_translation,Arrival-Hold,Capture-Hold,Capture-Hold,visual_perception_hz,9.778178420046844,9.778178420046844,0.0,1
20260717_204156_controller_right,exp1_system_characterization,continuous_translation,trial_001,event_015,exp1_system_characterization/continuous_translation,Arrival-Hold,Capture-Hold,Capture-Hold,render_hz,68.000131815509,68.000131815509,0.0,1
20260717_204156_controller_right,exp1_system_characterization,continuous_translation,trial_001,event_015,exp1_system_characterization/continuous_translation,Arrival-Hold,One-Euro Anchor,One-Euro Anchor,reference_coverage,1.0,1.0,0.0,1
20260717_204156_controller_right,exp1_system_characterization,continuous_translation,trial_001,event_015,exp1_system_characterization/continuous_translation,Arrival-Hold,One-Euro Anchor,One-Euro Anchor,display_coverage,1.0,1.0,0.0,1
20260717_204156_controller_right,exp1_system_characterization,continuous_translation,trial_001,event_015,exp1_system_characterization/continuous_translation,Arrival-Hold,One-Euro Anchor,One-Euro Anchor,output_coverage,1.0,1.0,0.0,1
20260717_204156_controller_right,exp1_system_characterization,continuous_translation,trial_001,event_015,exp1_system_characterization/continuous_translation,Arrival-Hold,One-Euro Anchor,One-Euro Anchor,translation_error_mm_median,44.99906456202794,99.70935221687195,54.71028765484401,1
20260717_204156_controller_right,exp1_system_characterization,continuous_translation,trial_001,event_015,exp1_system_characterization/continuous_translation,Arrival-Hold,One-Euro Anchor,One-Euro Anchor,translation_error_mm_iqr,25.839017130352197,48.4960195593973,22.6570024290451,1
20260717_204156_controller_right,exp1_system_characterization,continuous_translation,trial_001,event_015,exp1_system_characterization/continuous_translation,Arrival-Hold,One-Euro Anchor,One-Euro Anchor,translation_error_mm_p95,71.20222748440736,141.6084200661164,70.40619258170904,1
20260717_204156_controller_right,exp1_system_characterization,continuous_translation,trial_001,event_015,exp1_system_characterization/continuous_translation,Arrival-Hold,One-Euro Anchor,One-Euro Anchor,rotation_error_deg_median,6.367546864838854,10.438679257776375,4.071132392937521,1
20260717_204156_controller_right,exp1_system_characterization,continuous_translation,trial_001,event_015,exp1_system_characterization/continuous_translation,Arrival-Hold,One-Euro Anchor,One-Euro Anchor,rotation_error_deg_iqr,1.9172513057797058,4.406285782439442,2.489034476659736,1
20260717_204156_controller_right,exp1_system_characterization,continuous_translation,trial_001,event_015,exp1_system_characterization/continuous_translation,Arrival-Hold,One-Euro Anchor,One-Euro Anchor,rotation_error_deg_p95,8.416170705072794,14.238941557386548,5.822770852313754,1
20260717_204156_controller_right,exp1_system_characterization,continuous_translation,trial_001,event_015,exp1_system_characterization/continuous_translation,Arrival-Hold,One-Euro Anchor,One-Euro Anchor,candidate_arrival_p50_ms,166.53479999877163,166.5965500033053,0.06175000453367829,1
20260717_204156_controller_right,exp1_system_characterization,continuous_translation,trial_001,event_015,exp1_system_characterization/continuous_translation,Arrival-Hold,One-Euro Anchor,One-Euro Anchor,candidate_arrival_p95_ms,183.44825499407307,183.5094649959501,0.061210001877043396,1
20260717_204156_controller_right,exp1_system_characterization,continuous_translation,trial_001,event_015,exp1_system_characterization/continuous_translation,Arrival-Hold,One-Euro Anchor,One-Euro Anchor,candidate_processing_p50_ms,76.2320499997586,76.2320499997586,0.0,1
20260717_204156_controller_right,exp1_system_characterization,continuous_translation,trial_001,event_015,exp1_system_characterization/continuous_translation,Arrival-Hold,One-Euro Anchor,One-Euro Anchor,candidate_processing_p95_ms,79.90941999983042,79.90941999983042,0.0,1
20260717_204156_controller_right,exp1_system_characterization,continuous_translation,trial_001,event_015,exp1_system_characterization/continuous_translation,Arrival-Hold,One-Euro Anchor,One-Euro Anchor,observation_age_p50_ms,45.42035000122269,215.95580000212067,170.53545000089798,1
20260717_204156_controller_right,exp1_system_characterization,continuous_translation,trial_001,event_015,exp1_system_characterization/continuous_translation,Arrival-Hold,One-Euro Anchor,One-Euro Anchor,observation_age_p95_ms,94.78522999670528,265.4761049976514,170.69087500094614,1
20260717_204156_controller_right,exp1_system_characterization,continuous_translation,trial_001,event_015,exp1_system_characterization/continuous_translation,Arrival-Hold,One-Euro Anchor,One-Euro Anchor,smoothing_delay_p50_ms,45.42035000122269,215.95580000212067,170.53545000089798,1
20260717_204156_controller_right,exp1_system_characterization,continuous_translation,trial_001,event_015,exp1_system_characterization/continuous_translation,Arrival-Hold,One-Euro Anchor,One-Euro Anchor,smoothing_delay_p95_ms,94.78522999670528,265.4761049976514,170.69087500094614,1
20260717_204156_controller_right,exp1_system_characterization,continuous_translation,trial_001,event_015,exp1_system_characterization/continuous_translation,Arrival-Hold,One-Euro Anchor,One-Euro Anchor,visual_perception_hz,9.778178420046844,9.778178420046844,0.0,1
20260717_204156_controller_right,exp1_system_characterization,continuous_translation,trial_001,event_015,exp1_system_characterization/continuous_translation,Arrival-Hold,One-Euro Anchor,One-Euro Anchor,render_hz,68.000131815509,68.000131815509,0.0,1
20260717_204156_controller_right,exp1_system_characterization,continuous_translation,trial_001,event_015,exp1_system_characterization/continuous_translation,Arrival-Hold,EgoAnchor,EgoAnchor,reference_coverage,1.0,1.0,0.0,1
20260717_204156_controller_right,exp1_system_characterization,continuous_translation,trial_001,event_015,exp1_system_characterization/continuous_translation,Arrival-Hold,EgoAnchor,EgoAnchor,display_coverage,1.0,1.0,0.0,1
20260717_204156_controller_right,exp1_system_characterization,continuous_translation,trial_001,event_015,exp1_system_characterization/continuous_translation,Arrival-Hold,EgoAnchor,EgoAnchor,output_coverage,1.0,1.0,0.0,1
20260717_204156_controller_right,exp1_system_characterization,continuous_translation,trial_001,event_015,exp1_system_characterization/continuous_translation,Arrival-Hold,EgoAnchor,EgoAnchor,translation_error_mm_median,44.99906456202794,84.06580996374453,39.06674540171659,1
20260717_204156_controller_right,exp1_system_characterization,continuous_translation,trial_001,event_015,exp1_system_characterization/continuous_translation,Arrival-Hold,EgoAnchor,EgoAnchor,translation_error_mm_iqr,25.839017130352197,40.3796804132383,14.5406632828861,1
20260717_204156_controller_right,exp1_system_characterization,continuous_translation,trial_001,event_015,exp1_system_characterization/continuous_translation,Arrival-Hold,EgoAnchor,EgoAnchor,translation_error_mm_p95,71.20222748440736,113.89000845972922,42.68778097532186,1
20260717_204156_controller_right,exp1_system_characterization,continuous_translation,trial_001,event_015,exp1_system_characterization/continuous_translation,Arrival-Hold,EgoAnchor,EgoAnchor,rotation_error_deg_median,6.367546864838854,9.730530501660864,3.36298363682201,1
20260717_204156_controller_right,exp1_system_characterization,continuous_translation,trial_001,event_015,exp1_system_characterization/continuous_translation,Arrival-Hold,EgoAnchor,EgoAnchor,rotation_error_deg_iqr,1.9172513057797058,3.040307939645148,1.123056633865442,1
20260717_204156_controller_right,exp1_system_characterization,continuous_translation,trial_001,event_015,exp1_system_characterization/continuous_translation,Arrival-Hold,EgoAnchor,EgoAnchor,rotation_error_deg_p95,8.416170705072794,12.362397797861254,3.94622709278846,1
20260717_204156_controller_right,exp1_system_characterization,continuous_translation,trial_001,event_015,exp1_system_characterization/continuous_translation,Arrival-Hold,EgoAnchor,EgoAnchor,candidate_arrival_p50_ms,166.53479999877163,166.450150001765,-0.08464999700663611,1
20260717_204156_controller_right,exp1_system_characterization,continuous_translation,trial_001,event_015,exp1_system_characterization/continuous_translation,Arrival-Hold,EgoAnchor,EgoAnchor,candidate_arrival_p95_ms,183.44825499407307,183.36691499971494,-0.08133999435813166,1
20260717_204156_controller_right,exp1_system_characterization,continuous_translation,trial_001,event_015,exp1_system_characterization/continuous_translation,Arrival-Hold,EgoAnchor,EgoAnchor,candidate_processing_p50_ms,76.2320499997586,76.2320499997586,0.0,1
20260717_204156_controller_right,exp1_system_characterization,continuous_translation,trial_001,event_015,exp1_system_characterization/continuous_translation,Arrival-Hold,EgoAnchor,EgoAnchor,candidate_processing_p95_ms,79.90941999983042,79.90941999983042,0.0,1
20260717_204156_controller_right,exp1_system_characterization,continuous_translation,trial_001,event_015,exp1_system_characterization/continuous_translation,Arrival-Hold,EgoAnchor,EgoAnchor,observation_age_p50_ms,45.42035000122269,215.946400003304,170.52605000208132,1
20260717_204156_controller_right,exp1_system_characterization,continuous_translation,trial_001,event_015,exp1_system_characterization/continuous_translation,Arrival-Hold,EgoAnchor,EgoAnchor,observation_age_p95_ms,94.78522999670528,265.46765999883064,170.68243000212536,1
20260717_204156_controller_right,exp1_system_characterization,continuous_translation,trial_001,event_015,exp1_system_characterization/continuous_translation,Arrival-Hold,EgoAnchor,EgoAnchor,smoothing_delay_p50_ms,45.42035000122269,279.0554016828537,233.635051681631,1
20260717_204156_controller_right,exp1_system_characterization,continuous_translation,trial_001,event_015,exp1_system_characterization/continuous_translation,Arrival-Hold,EgoAnchor,EgoAnchor,smoothing_delay_p95_ms,94.78522999670528,287.11844980716705,192.33321981046177,1
20260717_204156_controller_right,exp1_system_characterization,continuous_translation,trial_001,event_015,exp1_system_characterization/continuous_translation,Arrival-Hold,EgoAnchor,EgoAnchor,visual_perception_hz,9.778178420046844,9.778178420046844,0.0,1
20260717_204156_controller_right,exp1_system_characterization,continuous_translation,trial_001,event_015,exp1_system_characterization/continuous_translation,Arrival-Hold,EgoAnchor,EgoAnchor,render_hz,68.000131815509,68.000131815509,0.0,1
20260717_204156_controller_right,exp1_system_characterization,continuous_translation,trial_001,event_016,exp1_system_characterization/continuous_translation,Arrival-Hold,Capture-Hold,Capture-Hold,reference_coverage,1.0,1.0,0.0,1
20260717_204156_controller_right,exp1_system_characterization,continuous_translation,trial_001,event_016,exp1_system_characterization/continuous_translation,Arrival-Hold,Capture-Hold,Capture-Hold,display_coverage,1.0,1.0,0.0,1
20260717_204156_controller_right,exp1_system_characterization,continuous_translation,trial_001,event_016,exp1_system_characterization/continuous_translation,Arrival-Hold,Capture-Hold,Capture-Hold,output_coverage,1.0,1.0,0.0,1
20260717_204156_controller_right,exp1_system_characterization,continuous_translation,trial_001,event_016,exp1_system_characterization/continuous_translation,Arrival-Hold,Capture-Hold,Capture-Hold,translation_error_mm_median,59.87562855333237,75.73560758904276,15.859979035710388,1
20260717_204156_controller_right,exp1_system_characterization,continuous_translation,trial_001,event_016,exp1_system_characterization/continuous_translation,Arrival-Hold,Capture-Hold,Capture-Hold,translation_error_mm_iqr,45.18714252302376,48.39633390661895,3.20919138359519,1
20260717_204156_controller_right,exp1_system_characterization,continuous_translation,trial_001,event_016,exp1_system_characterization/continuous_translation,Arrival-Hold,Capture-Hold,Capture-Hold,translation_error_mm_p95,100.8704953559537,119.02129166492341,18.150796308969717,1
20260717_204156_controller_right,exp1_system_characterization,continuous_translation,trial_001,event_016,exp1_system_characterization/continuous_translation,Arrival-Hold,Capture-Hold,Capture-Hold,rotation_error_deg_median,6.69954128601344,7.539294745024086,0.8397534590106464,1
20260717_204156_controller_right,exp1_system_characterization,continuous_translation,trial_001,event_016,exp1_system_characterization/continuous_translation,Arrival-Hold,Capture-Hold,Capture-Hold,rotation_error_deg_iqr,3.32855045078057,2.9741802043849894,-0.3543702463955807,1
20260717_204156_controller_right,exp1_system_characterization,continuous_translation,trial_001,event_016,exp1_system_characterization/continuous_translation,Arrival-Hold,Capture-Hold,Capture-Hold,rotation_error_deg_p95,10.896990019257142,12.058388029950487,1.161398010693345,1
20260717_204156_controller_right,exp1_system_characterization,continuous_translation,trial_001,event_016,exp1_system_characterization/continuous_translation,Arrival-Hold,Capture-Hold,Capture-Hold,candidate_arrival_p50_ms,166.91815000376664,166.94949999873643,0.031349994969787076,1
20260717_204156_controller_right,exp1_system_characterization,continuous_translation,trial_001,event_016,exp1_system_characterization/continuous_translation,Arrival-Hold,Capture-Hold,Capture-Hold,candidate_arrival_p95_ms,184.00238999965953,184.03291999893557,0.030529999276041053,1
20260717_204156_controller_right,exp1_system_characterization,continuous_translation,trial_001,event_016,exp1_system_characterization/continuous_translation,Arrival-Hold,Capture-Hold,Capture-Hold,candidate_processing_p50_ms,76.38205000013113,76.38205000013113,0.0,1
20260717_204156_controller_right,exp1_system_characterization,continuous_translation,trial_001,event_016,exp1_system_characterization/continuous_translation,Arrival-Hold,Capture-Hold,Capture-Hold,candidate_processing_p95_ms,84.10871999766678,84.10871999766678,0.0,1
20260717_204156_controller_right,exp1_system_characterization,continuous_translation,trial_001,event_016,exp1_system_characterization/continuous_translation,Arrival-Hold,Capture-Hold,Capture-Hold,observation_age_p50_ms,49.22420000002603,216.69679999831715,167.47259999829112,1
20260717_204156_controller_right,exp1_system_characterization,continuous_translation,trial_001,event_016,exp1_system_characterization/continuous_translation,Arrival-Hold,Capture-Hold,Capture-Hold,observation_age_p95_ms,98.20090000175696,274.49087500463065,176.2899750028737,1
20260717_204156_controller_right,exp1_system_characterization,continuous_translation,trial_001,event_016,exp1_system_characterization/continuous_translation,Arrival-Hold,Capture-Hold,Capture-Hold,smoothing_delay_p50_ms,49.22420000002603,216.69679999831715,167.47259999829112,1
20260717_204156_controller_right,exp1_system_characterization,continuous_translation,trial_001,event_016,exp1_system_characterization/continuous_translation,Arrival-Hold,Capture-Hold,Capture-Hold,smoothing_delay_p95_ms,98.20090000175696,274.49087500463065,176.2899750028737,1
20260717_204156_controller_right,exp1_system_characterization,continuous_translation,trial_001,event_016,exp1_system_characterization/continuous_translation,Arrival-Hold,Capture-Hold,Capture-Hold,visual_perception_hz,9.542984944225216,9.542984944225216,0.0,1
20260717_204156_controller_right,exp1_system_characterization,continuous_translation,trial_001,event_016,exp1_system_characterization/continuous_translation,Arrival-Hold,Capture-Hold,Capture-Hold,render_hz,70.76063288299761,70.76063288299761,0.0,1
20260717_204156_controller_right,exp1_system_characterization,continuous_translation,trial_001,event_016,exp1_system_characterization/continuous_translation,Arrival-Hold,One-Euro Anchor,One-Euro Anchor,reference_coverage,1.0,1.0,0.0,1
20260717_204156_controller_right,exp1_system_characterization,continuous_translation,trial_001,event_016,exp1_system_characterization/continuous_translation,Arrival-Hold,One-Euro Anchor,One-Euro Anchor,display_coverage,1.0,1.0,0.0,1
20260717_204156_controller_right,exp1_system_characterization,continuous_translation,trial_001,event_016,exp1_system_characterization/continuous_translation,Arrival-Hold,One-Euro Anchor,One-Euro Anchor,output_coverage,1.0,1.0,0.0,1
20260717_204156_controller_right,exp1_system_characterization,continuous_translation,trial_001,event_016,exp1_system_characterization/continuous_translation,Arrival-Hold,One-Euro Anchor,One-Euro Anchor,translation_error_mm_median,59.87562855333237,115.28167170130638,55.40604314797401,1
20260717_204156_controller_right,exp1_system_characterization,continuous_translation,trial_001,event_016,exp1_system_characterization/continuous_translation,Arrival-Hold,One-Euro Anchor,One-Euro Anchor,translation_error_mm_iqr,45.18714252302376,69.73239758874331,24.54525506571955,1
20260717_204156_controller_right,exp1_system_characterization,continuous_translation,trial_001,event_016,exp1_system_characterization/continuous_translation,Arrival-Hold,One-Euro Anchor,One-Euro Anchor,translation_error_mm_p95,100.8704953559537,170.89772357366314,70.02722821770945,1
20260717_204156_controller_right,exp1_system_characterization,continuous_translation,trial_001,event_016,exp1_system_characterization/continuous_translation,Arrival-Hold,One-Euro Anchor,One-Euro Anchor,rotation_error_deg_median,6.69954128601344,8.863084689624088,2.1635434036106487,1
20260717_204156_controller_right,exp1_system_characterization,continuous_translation,trial_001,event_016,exp1_system_characterization/continuous_translation,Arrival-Hold,One-Euro Anchor,One-Euro Anchor,rotation_error_deg_iqr,3.32855045078057,4.435347903773348,1.1067974529927778,1
20260717_204156_controller_right,exp1_system_characterization,continuous_translation,trial_001,event_016,exp1_system_characterization/continuous_translation,Arrival-Hold,One-Euro Anchor,One-Euro Anchor,rotation_error_deg_p95,10.896990019257142,14.104817616666606,3.207827597409464,1
20260717_204156_controller_right,exp1_system_characterization,continuous_translation,trial_001,event_016,exp1_system_characterization/continuous_translation,Arrival-Hold,One-Euro Anchor,One-Euro Anchor,candidate_arrival_p50_ms,166.91815000376664,166.9809000013629,0.06274999759625643,1
20260717_204156_controller_right,exp1_system_characterization,continuous_translation,trial_001,event_016,exp1_system_characterization/continuous_translation,Arrival-Hold,One-Euro Anchor,One-Euro Anchor,candidate_arrival_p95_ms,184.00238999965953,184.05659999552884,0.0542099958693143,1
20260717_204156_controller_right,exp1_system_characterization,continuous_translation,trial_001,event_016,exp1_system_characterization/continuous_translation,Arrival-Hold,One-Euro Anchor,One-Euro Anchor,candidate_processing_p50_ms,76.38205000013113,76.38205000013113,0.0,1
20260717_204156_controller_right,exp1_system_characterization,continuous_translation,trial_001,event_016,exp1_system_characterization/continuous_translation,Arrival-Hold,One-Euro Anchor,One-Euro Anchor,candidate_processing_p95_ms,84.10871999766678,84.10871999766678,0.0,1
20260717_204156_controller_right,exp1_system_characterization,continuous_translation,trial_001,event_016,exp1_system_characterization/continuous_translation,Arrival-Hold,One-Euro Anchor,One-Euro Anchor,observation_age_p50_ms,49.22420000002603,216.6975000000093,167.47329999998328,1
20260717_204156_controller_right,exp1_system_characterization,continuous_translation,trial_001,event_016,exp1_system_characterization/continuous_translation,Arrival-Hold,One-Euro Anchor,One-Euro Anchor,observation_age_p95_ms,98.20090000175696,274.49150000211375,176.2906000003568,1
20260717_204156_controller_right,exp1_system_characterization,continuous_translation,trial_001,event_016,exp1_system_characterization/continuous_translation,Arrival-Hold,One-Euro Anchor,One-Euro Anchor,smoothing_delay_p50_ms,49.22420000002603,216.6975000000093,167.47329999998328,1
20260717_204156_controller_right,exp1_system_characterization,continuous_translation,trial_001,event_016,exp1_system_characterization/continuous_translation,Arrival-Hold,One-Euro Anchor,One-Euro Anchor,smoothing_delay_p95_ms,98.20090000175696,274.49150000211375,176.2906000003568,1
20260717_204156_controller_right,exp1_system_characterization,continuous_translation,trial_001,event_016,exp1_system_characterization/continuous_translation,Arrival-Hold,One-Euro Anchor,One-Euro Anchor,visual_perception_hz,9.542984944225216,9.542984944225216,0.0,1
20260717_204156_controller_right,exp1_system_characterization,continuous_translation,trial_001,event_016,exp1_system_characterization/continuous_translation,Arrival-Hold,One-Euro Anchor,One-Euro Anchor,render_hz,70.76063288299761,70.76063288299761,0.0,1
20260717_204156_controller_right,exp1_system_characterization,continuous_translation,trial_001,event_016,exp1_system_characterization/continuous_translation,Arrival-Hold,EgoAnchor,EgoAnchor,reference_coverage,1.0,1.0,0.0,1
20260717_204156_controller_right,exp1_system_characterization,continuous_translation,trial_001,event_016,exp1_system_characterization/continuous_translation,Arrival-Hold,EgoAnchor,EgoAnchor,display_coverage,1.0,1.0,0.0,1
20260717_204156_controller_right,exp1_system_characterization,continuous_translation,trial_001,event_016,exp1_system_characterization/continuous_translation,Arrival-Hold,EgoAnchor,EgoAnchor,output_coverage,1.0,1.0,0.0,1
20260717_204156_controller_right,exp1_system_characterization,continuous_translation,trial_001,event_016,exp1_system_characterization/continuous_translation,Arrival-Hold,EgoAnchor,EgoAnchor,translation_error_mm_median,59.87562855333237,96.68853483092316,36.81290627759079,1
20260717_204156_controller_right,exp1_system_characterization,continuous_translation,trial_001,event_016,exp1_system_characterization/continuous_translation,Arrival-Hold,EgoAnchor,EgoAnchor,translation_error_mm_iqr,45.18714252302376,63.81039893128365,18.62325640825989,1
20260717_204156_controller_right,exp1_system_characterization,continuous_translation,trial_001,event_016,exp1_system_characterization/continuous_translation,Arrival-Hold,EgoAnchor,EgoAnchor,translation_error_mm_p95,100.8704953559537,137.48511466858832,36.61461931263463,1
20260717_204156_controller_right,exp1_system_characterization,continuous_translation,trial_001,event_016,exp1_system_characterization/continuous_translation,Arrival-Hold,EgoAnchor,EgoAnchor,rotation_error_deg_median,6.69954128601344,7.938784826053475,1.239243540040035,1
20260717_204156_controller_right,exp1_system_characterization,continuous_translation,trial_001,event_016,exp1_system_characterization/continuous_translation,Arrival-Hold,EgoAnchor,EgoAnchor,rotation_error_deg_iqr,3.32855045078057,3.3377126371648753,0.009162186384305215,1
20260717_204156_controller_right,exp1_system_characterization,continuous_translation,trial_001,event_016,exp1_system_characterization/continuous_translation,Arrival-Hold,EgoAnchor,EgoAnchor,rotation_error_deg_p95,10.896990019257142,12.77455185229857,1.8775618330414279,1
20260717_204156_controller_right,exp1_system_characterization,continuous_translation,trial_001,event_016,exp1_system_characterization/continuous_translation,Arrival-Hold,EgoAnchor,EgoAnchor,candidate_arrival_p50_ms,166.91815000376664,166.83464999732678,-0.08350000643986277,1
20260717_204156_controller_right,exp1_system_characterization,continuous_translation,trial_001,event_016,exp1_system_characterization/continuous_translation,Arrival-Hold,EgoAnchor,EgoAnchor,candidate_arrival_p95_ms,184.00238999965953,183.91924999741607,-0.08314000224345364,1
20260717_204156_controller_right,exp1_system_characterization,continuous_translation,trial_001,event_016,exp1_system_characterization/continuous_translation,Arrival-Hold,EgoAnchor,EgoAnchor,candidate_processing_p50_ms,76.38205000013113,76.38205000013113,0.0,1
20260717_204156_controller_right,exp1_system_characterization,continuous_translation,trial_001,event_016,exp1_system_characterization/continuous_translation,Arrival-Hold,EgoAnchor,EgoAnchor,candidate_processing_p95_ms,84.10871999766678,84.10871999766678,0.0,1
20260717_204156_controller_right,exp1_system_characterization,continuous_translation,trial_001,event_016,exp1_system_characterization/continuous_translation,Arrival-Hold,EgoAnchor,EgoAnchor,observation_age_p50_ms,49.22420000002603,216.68774999852758,167.46354999850155,1
20260717_204156_controller_right,exp1_system_characterization,continuous_translation,trial_001,event_016,exp1_system_characterization/continuous_translation,Arrival-Hold,EgoAnchor,EgoAnchor,observation_age_p95_ms,98.20090000175696,274.4826500020281,176.28175000027113,1
20260717_204156_controller_right,exp1_system_characterization,continuous_translation,trial_001,event_016,exp1_system_characterization/continuous_translation,Arrival-Hold,EgoAnchor,EgoAnchor,smoothing_delay_p50_ms,49.22420000002603,283.054918050766,233.83071805073996,1
20260717_204156_controller_right,exp1_system_characterization,continuous_translation,trial_001,event_016,exp1_system_characterization/continuous_translation,Arrival-Hold,EgoAnchor,EgoAnchor,smoothing_delay_p95_ms,98.20090000175696,295.10049521923065,196.8995952174737,1
20260717_204156_controller_right,exp1_system_characterization,continuous_translation,trial_001,event_016,exp1_system_characterization/continuous_translation,Arrival-Hold,EgoAnchor,EgoAnchor,visual_perception_hz,9.542984944225216,9.542984944225216,0.0,1
20260717_204156_controller_right,exp1_system_characterization,continuous_translation,trial_001,event_016,exp1_system_characterization/continuous_translation,Arrival-Hold,EgoAnchor,EgoAnchor,render_hz,70.76063288299761,70.76063288299761,0.0,1
20260717_204156_controller_right,exp1_system_characterization,continuous_translation,trial_001,event_017,exp1_system_characterization/continuous_translation,Arrival-Hold,Capture-Hold,Capture-Hold,reference_coverage,1.0,1.0,0.0,1
20260717_204156_controller_right,exp1_system_characterization,continuous_translation,trial_001,event_017,exp1_system_characterization/continuous_translation,Arrival-Hold,Capture-Hold,Capture-Hold,display_coverage,1.0,1.0,0.0,1
20260717_204156_controller_right,exp1_system_characterization,continuous_translation,trial_001,event_017,exp1_system_characterization/continuous_translation,Arrival-Hold,Capture-Hold,Capture-Hold,output_coverage,1.0,1.0,0.0,1
20260717_204156_controller_right,exp1_system_characterization,continuous_translation,trial_001,event_017,exp1_system_characterization/continuous_translation,Arrival-Hold,Capture-Hold,Capture-Hold,translation_error_mm_median,41.002734253791246,51.1139608659401,10.111226612148855,1
20260717_204156_controller_right,exp1_system_characterization,continuous_translation,trial_001,event_017,exp1_system_characterization/continuous_translation,Arrival-Hold,Capture-Hold,Capture-Hold,translation_error_mm_iqr,21.42520317446512,25.232121467738658,3.8069182932735366,1
20260717_204156_controller_right,exp1_system_characterization,continuous_translation,trial_001,event_017,exp1_system_characterization/continuous_translation,Arrival-Hold,Capture-Hold,Capture-Hold,translation_error_mm_p95,61.11208667605367,71.7478157787918,10.635729102738132,1
20260717_204156_controller_right,exp1_system_characterization,continuous_translation,trial_001,event_017,exp1_system_characterization/continuous_translation,Arrival-Hold,Capture-Hold,Capture-Hold,rotation_error_deg_median,4.345440232590062,4.833246944191099,0.4878067116010367,1
20260717_204156_controller_right,exp1_system_characterization,continuous_translation,trial_001,event_017,exp1_system_characterization/continuous_translation,Arrival-Hold,Capture-Hold,Capture-Hold,rotation_error_deg_iqr,37.62477635758532,36.18664460882447,-1.4381317487608456,1
20260717_204156_controller_right,exp1_system_characterization,continuous_translation,trial_001,event_017,exp1_system_characterization/continuous_translation,Arrival-Hold,Capture-Hold,Capture-Hold,rotation_error_deg_p95,64.965012047542,64.38887605708116,-0.5761359904608412,1
20260717_204156_controller_right,exp1_system_characterization,continuous_translation,trial_001,event_017,exp1_system_characterization/continuous_translation,Arrival-Hold,Capture-Hold,Capture-Hold,candidate_arrival_p50_ms,167.4454499989224,167.47749999922235,0.032050000299932435,1
20260717_204156_controller_right,exp1_system_characterization,continuous_translation,trial_001,event_017,exp1_system_characterization/continuous_translation,Arrival-Hold,Capture-Hold,Capture-Hold,candidate_arrival_p95_ms,195.47614999610232,195.51156499874196,0.03541500263963826,1
20260717_204156_controller_right,exp1_system_characterization,continuous_translation,trial_001,event_017,exp1_system_characterization/continuous_translation,Arrival-Hold,Capture-Hold,Capture-Hold,candidate_processing_p50_ms,75.8099500015378,75.8099500015378,0.0,1
20260717_204156_controller_right,exp1_system_characterization,continuous_translation,trial_001,event_017,exp1_system_characterization/continuous_translation,Arrival-Hold,Capture-Hold,Capture-Hold,candidate_processing_p95_ms,84.87743500415236,84.87743500415236,0.0,1
20260717_204156_controller_right,exp1_system_characterization,continuous_translation,trial_001,event_017,exp1_system_characterization/continuous_translation,Arrival-Hold,Capture-Hold,Capture-Hold,observation_age_p50_ms,41.93860000668792,217.0057999974233,175.0671999907354,1
20260717_204156_controller_right,exp1_system_characterization,continuous_translation,trial_001,event_017,exp1_system_characterization/continuous_translation,Arrival-Hold,Capture-Hold,Capture-Hold,observation_age_p95_ms,98.25520000013057,265.9654999981285,167.71029999799794,1
20260717_204156_controller_right,exp1_system_characterization,continuous_translation,trial_001,event_017,exp1_system_characterization/continuous_translation,Arrival-Hold,Capture-Hold,Capture-Hold,smoothing_delay_p50_ms,41.93860000668792,217.0057999974233,175.0671999907354,1
20260717_204156_controller_right,exp1_system_characterization,continuous_translation,trial_001,event_017,exp1_system_characterization/continuous_translation,Arrival-Hold,Capture-Hold,Capture-Hold,smoothing_delay_p95_ms,98.25520000013057,265.9654999981285,167.71029999799794,1
20260717_204156_controller_right,exp1_system_characterization,continuous_translation,trial_001,event_017,exp1_system_characterization/continuous_translation,Arrival-Hold,Capture-Hold,Capture-Hold,visual_perception_hz,9.591266656997265,9.591266656997265,0.0,1
20260717_204156_controller_right,exp1_system_characterization,continuous_translation,trial_001,event_017,exp1_system_characterization/continuous_translation,Arrival-Hold,Capture-Hold,Capture-Hold,render_hz,65.91322678785718,65.91322678785718,0.0,1
20260717_204156_controller_right,exp1_system_characterization,continuous_translation,trial_001,event_017,exp1_system_characterization/continuous_translation,Arrival-Hold,One-Euro Anchor,One-Euro Anchor,reference_coverage,1.0,1.0,0.0,1
20260717_204156_controller_right,exp1_system_characterization,continuous_translation,trial_001,event_017,exp1_system_characterization/continuous_translation,Arrival-Hold,One-Euro Anchor,One-Euro Anchor,display_coverage,1.0,1.0,0.0,1
20260717_204156_controller_right,exp1_system_characterization,continuous_translation,trial_001,event_017,exp1_system_characterization/continuous_translation,Arrival-Hold,One-Euro Anchor,One-Euro Anchor,output_coverage,1.0,1.0,0.0,1
20260717_204156_controller_right,exp1_system_characterization,continuous_translation,trial_001,event_017,exp1_system_characterization/continuous_translation,Arrival-Hold,One-Euro Anchor,One-Euro Anchor,translation_error_mm_median,41.002734253791246,78.80636122770835,37.803626973917105,1
20260717_204156_controller_right,exp1_system_characterization,continuous_translation,trial_001,event_017,exp1_system_characterization/continuous_translation,Arrival-Hold,One-Euro Anchor,One-Euro Anchor,translation_error_mm_iqr,21.42520317446512,33.73252987513471,12.307326700669588,1
20260717_204156_controller_right,exp1_system_characterization,continuous_translation,trial_001,event_017,exp1_system_characterization/continuous_translation,Arrival-Hold,One-Euro Anchor,One-Euro Anchor,translation_error_mm_p95,61.11208667605367,102.85010568046317,41.7380190044095,1
20260717_204156_controller_right,exp1_system_characterization,continuous_translation,trial_001,event_017,exp1_system_characterization/continuous_translation,Arrival-Hold,One-Euro Anchor,One-Euro Anchor,rotation_error_deg_median,4.345440232590062,11.827476580786922,7.48203634819686,1
20260717_204156_controller_right,exp1_system_characterization,continuous_translation,trial_001,event_017,exp1_system_characterization/continuous_translation,Arrival-Hold,One-Euro Anchor,One-Euro Anchor,rotation_error_deg_iqr,37.62477635758532,43.80258288128253,6.177806523697214,1
20260717_204156_controller_right,exp1_system_characterization,continuous_translation,trial_001,event_017,exp1_system_characterization/continuous_translation,Arrival-Hold,One-Euro Anchor,One-Euro Anchor,rotation_error_deg_p95,64.965012047542,54.78480869944594,-10.180203348096065,1
20260717_204156_controller_right,exp1_system_characterization,continuous_translation,trial_001,event_017,exp1_system_characterization/continuous_translation,Arrival-Hold,One-Euro Anchor,One-Euro Anchor,candidate_arrival_p50_ms,167.4454499989224,167.50490000049467,0.05945000157225877,1
20260717_204156_controller_right,exp1_system_characterization,continuous_translation,trial_001,event_017,exp1_system_characterization/continuous_translation,Arrival-Hold,One-Euro Anchor,One-Euro Anchor,candidate_arrival_p95_ms,195.47614999610232,195.5407550023665,0.06460500626417343,1
20260717_204156_controller_right,exp1_system_characterization,continuous_translation,trial_001,event_017,exp1_system_characterization/continuous_translation,Arrival-Hold,One-Euro Anchor,One-Euro Anchor,candidate_processing_p50_ms,75.8099500015378,75.8099500015378,0.0,1
20260717_204156_controller_right,exp1_system_characterization,continuous_translation,trial_001,event_017,exp1_system_characterization/continuous_translation,Arrival-Hold,One-Euro Anchor,One-Euro Anchor,candidate_processing_p95_ms,84.87743500415236,84.87743500415236,0.0,1
20260717_204156_controller_right,exp1_system_characterization,continuous_translation,trial_001,event_017,exp1_system_characterization/continuous_translation,Arrival-Hold,One-Euro Anchor,One-Euro Anchor,observation_age_p50_ms,41.93860000668792,217.00659999623895,175.06799998955103,1
20260717_204156_controller_right,exp1_system_characterization,continuous_translation,trial_001,event_017,exp1_system_characterization/continuous_translation,Arrival-Hold,One-Euro Anchor,One-Euro Anchor,observation_age_p95_ms,98.25520000013057,265.9663599959458,167.71115999581525,1
20260717_204156_controller_right,exp1_system_characterization,continuous_translation,trial_001,event_017,exp1_system_characterization/continuous_translation,Arrival-Hold,One-Euro Anchor,One-Euro Anchor,smoothing_delay_p50_ms,41.93860000668792,217.00659999623895,175.06799998955103,1
20260717_204156_controller_right,exp1_system_characterization,continuous_translation,trial_001,event_017,exp1_system_characterization/continuous_translation,Arrival-Hold,One-Euro Anchor,One-Euro Anchor,smoothing_delay_p95_ms,98.25520000013057,265.9663599959458,167.71115999581525,1
20260717_204156_controller_right,exp1_system_characterization,continuous_translation,trial_001,event_017,exp1_system_characterization/continuous_translation,Arrival-Hold,One-Euro Anchor,One-Euro Anchor,visual_perception_hz,9.591266656997265,9.591266656997265,0.0,1
20260717_204156_controller_right,exp1_system_characterization,continuous_translation,trial_001,event_017,exp1_system_characterization/continuous_translation,Arrival-Hold,One-Euro Anchor,One-Euro Anchor,render_hz,65.91322678785718,65.91322678785718,0.0,1
20260717_204156_controller_right,exp1_system_characterization,continuous_translation,trial_001,event_017,exp1_system_characterization/continuous_translation,Arrival-Hold,EgoAnchor,EgoAnchor,reference_coverage,1.0,1.0,0.0,1
20260717_204156_controller_right,exp1_system_characterization,continuous_translation,trial_001,event_017,exp1_system_characterization/continuous_translation,Arrival-Hold,EgoAnchor,EgoAnchor,display_coverage,1.0,1.0,0.0,1
20260717_204156_controller_right,exp1_system_characterization,continuous_translation,trial_001,event_017,exp1_system_characterization/continuous_translation,Arrival-Hold,EgoAnchor,EgoAnchor,output_coverage,1.0,1.0,0.0,1
20260717_204156_controller_right,exp1_system_characterization,continuous_translation,trial_001,event_017,exp1_system_characterization/continuous_translation,Arrival-Hold,EgoAnchor,EgoAnchor,translation_error_mm_median,41.002734253791246,68.39976312725074,27.39702887345949,1
20260717_204156_controller_right,exp1_system_characterization,continuous_translation,trial_001,event_017,exp1_system_characterization/continuous_translation,Arrival-Hold,EgoAnchor,EgoAnchor,translation_error_mm_iqr,21.42520317446512,27.78760283493807,6.362399660472949,1
20260717_204156_controller_right,exp1_system_characterization,continuous_translation,trial_001,event_017,exp1_system_characterization/continuous_translation,Arrival-Hold,EgoAnchor,EgoAnchor,translation_error_mm_p95,61.11208667605367,80.83374458520338,19.721657909149705,1
20260717_204156_controller_right,exp1_system_characterization,continuous_translation,trial_001,event_017,exp1_system_characterization/continuous_translation,Arrival-Hold,EgoAnchor,EgoAnchor,rotation_error_deg_median,4.345440232590062,14.005129654304753,9.659689421714692,1
20260717_204156_controller_right,exp1_system_characterization,continuous_translation,trial_001,event_017,exp1_system_characterization/continuous_translation,Arrival-Hold,EgoAnchor,EgoAnchor,rotation_error_deg_iqr,37.62477635758532,41.83043945003463,4.2056630924493135,1
20260717_204156_controller_right,exp1_system_characterization,continuous_translation,trial_001,event_017,exp1_system_characterization/continuous_translation,Arrival-Hold,EgoAnchor,EgoAnchor,rotation_error_deg_p95,64.965012047542,59.21544682592054,-5.7495652216214665,1
20260717_204156_controller_right,exp1_system_characterization,continuous_translation,trial_001,event_017,exp1_system_characterization/continuous_translation,Arrival-Hold,EgoAnchor,EgoAnchor,candidate_arrival_p50_ms,167.4454499989224,167.35854999933508,-0.08689999958733097,1
20260717_204156_controller_right,exp1_system_characterization,continuous_translation,trial_001,event_017,exp1_system_characterization/continuous_translation,Arrival-Hold,EgoAnchor,EgoAnchor,candidate_arrival_p95_ms,195.47614999610232,195.38653000163322,-0.0896199944691034,1
20260717_204156_controller_right,exp1_system_characterization,continuous_translation,trial_001,event_017,exp1_system_characterization/continuous_translation,Arrival-Hold,EgoAnchor,EgoAnchor,candidate_processing_p50_ms,75.8099500015378,75.8099500015378,0.0,1
20260717_204156_controller_right,exp1_system_characterization,continuous_translation,trial_001,event_017,exp1_system_characterization/continuous_translation,Arrival-Hold,EgoAnchor,EgoAnchor,candidate_processing_p95_ms,84.87743500415236,84.87743500415236,0.0,1
20260717_204156_controller_right,exp1_system_characterization,continuous_translation,trial_001,event_017,exp1_system_characterization/continuous_translation,Arrival-Hold,EgoAnchor,EgoAnchor,observation_age_p50_ms,41.93860000668792,216.9953999982681,175.0567999915802,1
20260717_204156_controller_right,exp1_system_characterization,continuous_translation,trial_001,event_017,exp1_system_characterization/continuous_translation,Arrival-Hold,EgoAnchor,EgoAnchor,observation_age_p95_ms,98.25520000013057,265.9565999987535,167.70139999862295,1
20260717_204156_controller_right,exp1_system_characterization,continuous_translation,trial_001,event_017,exp1_system_characterization/continuous_translation,Arrival-Hold,EgoAnchor,EgoAnchor,smoothing_delay_p50_ms,41.93860000668792,285.98061203956604,244.04201203287812,1
20260717_204156_controller_right,exp1_system_characterization,continuous_translation,trial_001,event_017,exp1_system_characterization/continuous_translation,Arrival-Hold,EgoAnchor,EgoAnchor,smoothing_delay_p95_ms,98.25520000013057,291.70323610305786,193.4480361029273,1
20260717_204156_controller_right,exp1_system_characterization,continuous_translation,trial_001,event_017,exp1_system_characterization/continuous_translation,Arrival-Hold,EgoAnchor,EgoAnchor,visual_perception_hz,9.591266656997265,9.591266656997265,0.0,1
20260717_204156_controller_right,exp1_system_characterization,continuous_translation,trial_001,event_017,exp1_system_characterization/continuous_translation,Arrival-Hold,EgoAnchor,EgoAnchor,render_hz,65.91322678785718,65.91322678785718,0.0,1
20260717_204156_controller_right,exp1_system_characterization,continuous_translation,trial_001,event_018,exp1_system_characterization/continuous_translation,Arrival-Hold,Capture-Hold,Capture-Hold,reference_coverage,1.0,1.0,0.0,1
20260717_204156_controller_right,exp1_system_characterization,continuous_translation,trial_001,event_018,exp1_system_characterization/continuous_translation,Arrival-Hold,Capture-Hold,Capture-Hold,display_coverage,1.0,1.0,0.0,1
20260717_204156_controller_right,exp1_system_characterization,continuous_translation,trial_001,event_018,exp1_system_characterization/continuous_translation,Arrival-Hold,Capture-Hold,Capture-Hold,output_coverage,1.0,1.0,0.0,1
20260717_204156_controller_right,exp1_system_characterization,continuous_translation,trial_001,event_018,exp1_system_characterization/continuous_translation,Arrival-Hold,Capture-Hold,Capture-Hold,translation_error_mm_median,8.025210247534082,7.983546253358266,-0.04166399417581523,1
20260717_204156_controller_right,exp1_system_characterization,continuous_translation,trial_001,event_018,exp1_system_characterization/continuous_translation,Arrival-Hold,Capture-Hold,Capture-Hold,translation_error_mm_iqr,8.444090987550533,14.866772724277858,6.422681736727325,1
20260717_204156_controller_right,exp1_system_characterization,continuous_translation,trial_001,event_018,exp1_system_characterization/continuous_translation,Arrival-Hold,Capture-Hold,Capture-Hold,translation_error_mm_p95,83.36801760139244,114.45626574525686,31.08824814386442,1
20260717_204156_controller_right,exp1_system_characterization,continuous_translation,trial_001,event_018,exp1_system_characterization/continuous_translation,Arrival-Hold,Capture-Hold,Capture-Hold,rotation_error_deg_median,2.2385883211269997,2.392628365243414,0.15404004411641425,1
20260717_204156_controller_right,exp1_system_characterization,continuous_translation,trial_001,event_018,exp1_system_characterization/continuous_translation,Arrival-Hold,Capture-Hold,Capture-Hold,rotation_error_deg_iqr,1.3193276343204345,1.8703529618022214,0.5510253274817869,1
20260717_204156_controller_right,exp1_system_characterization,continuous_translation,trial_001,event_018,exp1_system_characterization/continuous_translation,Arrival-Hold,Capture-Hold,Capture-Hold,rotation_error_deg_p95,4.368523352328221,6.281140756744415,1.9126174044161939,1
20260717_204156_controller_right,exp1_system_characterization,continuous_translation,trial_001,event_018,exp1_system_characterization/continuous_translation,Arrival-Hold,Capture-Hold,Capture-Hold,candidate_arrival_p50_ms,180.70274999990943,180.7373000010557,0.034550001146271825,1
20260717_204156_controller_right,exp1_system_characterization,continuous_translation,trial_001,event_018,exp1_system_characterization/continuous_translation,Arrival-Hold,Capture-Hold,Capture-Hold,candidate_arrival_p95_ms,202.3361400046269,202.3703650011157,0.034224996488774195,1
20260717_204156_controller_right,exp1_system_characterization,continuous_translation,trial_001,event_018,exp1_system_characterization/continuous_translation,Arrival-Hold,Capture-Hold,Capture-Hold,candidate_processing_p50_ms,75.3068000022322,75.3068000022322,0.0,1
20260717_204156_controller_right,exp1_system_characterization,continuous_translation,trial_001,event_018,exp1_system_characterization/continuous_translation,Arrival-Hold,Capture-Hold,Capture-Hold,candidate_processing_p95_ms,85.86735000032931,85.86735000032931,0.0,1
20260717_204156_controller_right,exp1_system_characterization,continuous_translation,trial_001,event_018,exp1_system_characterization/continuous_translation,Arrival-Hold,Capture-Hold,Capture-Hold,observation_age_p50_ms,46.93019999831449,222.99149999889778,176.0613000005833,1
20260717_204156_controller_right,exp1_system_characterization,continuous_translation,trial_001,event_018,exp1_system_characterization/continuous_translation,Arrival-Hold,Capture-Hold,Capture-Hold,observation_age_p95_ms,103.76030000043102,277.89800000027753,174.13769999984652,1
20260717_204156_controller_right,exp1_system_characterization,continuous_translation,trial_001,event_018,exp1_system_characterization/continuous_translation,Arrival-Hold,Capture-Hold,Capture-Hold,smoothing_delay_p50_ms,46.93019999831449,222.99149999889778,176.0613000005833,1
20260717_204156_controller_right,exp1_system_characterization,continuous_translation,trial_001,event_018,exp1_system_characterization/continuous_translation,Arrival-Hold,Capture-Hold,Capture-Hold,smoothing_delay_p95_ms,103.76030000043102,277.89800000027753,174.13769999984652,1
20260717_204156_controller_right,exp1_system_characterization,continuous_translation,trial_001,event_018,exp1_system_characterization/continuous_translation,Arrival-Hold,Capture-Hold,Capture-Hold,visual_perception_hz,9.641010006180645,9.641010006180645,0.0,1
20260717_204156_controller_right,exp1_system_characterization,continuous_translation,trial_001,event_018,exp1_system_characterization/continuous_translation,Arrival-Hold,Capture-Hold,Capture-Hold,render_hz,66.7819053369959,66.7819053369959,0.0,1
20260717_204156_controller_right,exp1_system_characterization,continuous_translation,trial_001,event_018,exp1_system_characterization/continuous_translation,Arrival-Hold,One-Euro Anchor,One-Euro Anchor,reference_coverage,1.0,1.0,0.0,1
20260717_204156_controller_right,exp1_system_characterization,continuous_translation,trial_001,event_018,exp1_system_characterization/continuous_translation,Arrival-Hold,One-Euro Anchor,One-Euro Anchor,display_coverage,1.0,1.0,0.0,1
20260717_204156_controller_right,exp1_system_characterization,continuous_translation,trial_001,event_018,exp1_system_characterization/continuous_translation,Arrival-Hold,One-Euro Anchor,One-Euro Anchor,output_coverage,1.0,1.0,0.0,1
20260717_204156_controller_right,exp1_system_characterization,continuous_translation,trial_001,event_018,exp1_system_characterization/continuous_translation,Arrival-Hold,One-Euro Anchor,One-Euro Anchor,translation_error_mm_median,8.025210247534082,7.811628628660819,-0.21358161887326244,1
20260717_204156_controller_right,exp1_system_characterization,continuous_translation,trial_001,event_018,exp1_system_characterization/continuous_translation,Arrival-Hold,One-Euro Anchor,One-Euro Anchor,translation_error_mm_iqr,8.444090987550533,37.54928725323426,29.10519626568373,1
20260717_204156_controller_right,exp1_system_characterization,continuous_translation,trial_001,event_018,exp1_system_characterization/continuous_translation,Arrival-Hold,One-Euro Anchor,One-Euro Anchor,translation_error_mm_p95,83.36801760139244,168.2891105046361,84.92109290324368,1
20260717_204156_controller_right,exp1_system_characterization,continuous_translation,trial_001,event_018,exp1_system_characterization/continuous_translation,Arrival-Hold,One-Euro Anchor,One-Euro Anchor,rotation_error_deg_median,2.2385883211269997,2.0090849821216117,-0.229503339005388,1
20260717_204156_controller_right,exp1_system_characterization,continuous_translation,trial_001,event_018,exp1_system_characterization/continuous_translation,Arrival-Hold,One-Euro Anchor,One-Euro Anchor,rotation_error_deg_iqr,1.3193276343204345,1.5826435918033257,0.26331595748289116,1
20260717_204156_controller_right,exp1_system_characterization,continuous_translation,trial_001,event_018,exp1_system_characterization/continuous_translation,Arrival-Hold,One-Euro Anchor,One-Euro Anchor,rotation_error_deg_p95,4.368523352328221,9.233619996787024,4.865096644458802,1
20260717_204156_controller_right,exp1_system_characterization,continuous_translation,trial_001,event_018,exp1_system_characterization/continuous_translation,Arrival-Hold,One-Euro Anchor,One-Euro Anchor,candidate_arrival_p50_ms,180.70274999990943,180.76695000127074,0.06420000136131421,1
20260717_204156_controller_right,exp1_system_characterization,continuous_translation,trial_001,event_018,exp1_system_characterization/continuous_translation,Arrival-Hold,One-Euro Anchor,One-Euro Anchor,candidate_arrival_p95_ms,202.3361400046269,202.4000000030355,0.06385999840858858,1
20260717_204156_controller_right,exp1_system_characterization,continuous_translation,trial_001,event_018,exp1_system_characterization/continuous_translation,Arrival-Hold,One-Euro Anchor,One-Euro Anchor,candidate_processing_p50_ms,75.3068000022322,75.3068000022322,0.0,1
20260717_204156_controller_right,exp1_system_characterization,continuous_translation,trial_001,event_018,exp1_system_characterization/continuous_translation,Arrival-Hold,One-Euro Anchor,One-Euro Anchor,candidate_processing_p95_ms,85.86735000032931,85.86735000032931,0.0,1
20260717_204156_controller_right,exp1_system_characterization,continuous_translation,trial_001,event_018,exp1_system_characterization/continuous_translation,Arrival-Hold,One-Euro Anchor,One-Euro Anchor,observation_age_p50_ms,46.93019999831449,222.99219999695197,176.06199999863748,1
20260717_204156_controller_right,exp1_system_characterization,continuous_translation,trial_001,event_018,exp1_system_characterization/continuous_translation,Arrival-Hold,One-Euro Anchor,One-Euro Anchor,observation_age_p95_ms,103.76030000043102,277.89880000636913,174.1385000059381,1
20260717_204156_controller_right,exp1_system_characterization,continuous_translation,trial_001,event_018,exp1_system_characterization/continuous_translation,Arrival-Hold,One-Euro Anchor,One-Euro Anchor,smoothing_delay_p50_ms,46.93019999831449,222.99219999695197,176.06199999863748,1
20260717_204156_controller_right,exp1_system_characterization,continuous_translation,trial_001,event_018,exp1_system_characterization/continuous_translation,Arrival-Hold,One-Euro Anchor,One-Euro Anchor,smoothing_delay_p95_ms,103.76030000043102,277.89880000636913,174.1385000059381,1
20260717_204156_controller_right,exp1_system_characterization,continuous_translation,trial_001,event_018,exp1_system_characterization/continuous_translation,Arrival-Hold,One-Euro Anchor,One-Euro Anchor,visual_perception_hz,9.641010006180645,9.641010006180645,0.0,1
20260717_204156_controller_right,exp1_system_characterization,continuous_translation,trial_001,event_018,exp1_system_characterization/continuous_translation,Arrival-Hold,One-Euro Anchor,One-Euro Anchor,render_hz,66.7819053369959,66.7819053369959,0.0,1
20260717_204156_controller_right,exp1_system_characterization,continuous_translation,trial_001,event_018,exp1_system_characterization/continuous_translation,Arrival-Hold,EgoAnchor,EgoAnchor,reference_coverage,1.0,1.0,0.0,1
20260717_204156_controller_right,exp1_system_characterization,continuous_translation,trial_001,event_018,exp1_system_characterization/continuous_translation,Arrival-Hold,EgoAnchor,EgoAnchor,display_coverage,1.0,1.0,0.0,1
20260717_204156_controller_right,exp1_system_characterization,continuous_translation,trial_001,event_018,exp1_system_characterization/continuous_translation,Arrival-Hold,EgoAnchor,EgoAnchor,output_coverage,1.0,1.0,0.0,1
20260717_204156_controller_right,exp1_system_characterization,continuous_translation,trial_001,event_018,exp1_system_characterization/continuous_translation,Arrival-Hold,EgoAnchor,EgoAnchor,translation_error_mm_median,8.025210247534082,13.687646763235483,5.662436515701401,1
20260717_204156_controller_right,exp1_system_characterization,continuous_translation,trial_001,event_018,exp1_system_characterization/continuous_translation,Arrival-Hold,EgoAnchor,EgoAnchor,translation_error_mm_iqr,8.444090987550533,21.91908856610324,13.474997578552708,1
20260717_204156_controller_right,exp1_system_characterization,continuous_translation,trial_001,event_018,exp1_system_characterization/continuous_translation,Arrival-Hold,EgoAnchor,EgoAnchor,translation_error_mm_p95,83.36801760139244,142.23547580245426,58.86745820106182,1
20260717_204156_controller_right,exp1_system_characterization,continuous_translation,trial_001,event_018,exp1_system_characterization/continuous_translation,Arrival-Hold,EgoAnchor,EgoAnchor,rotation_error_deg_median,2.2385883211269997,2.3037007992957212,0.06511247816872157,1
20260717_204156_controller_right,exp1_system_characterization,continuous_translation,trial_001,event_018,exp1_system_characterization/continuous_translation,Arrival-Hold,EgoAnchor,EgoAnchor,rotation_error_deg_iqr,1.3193276343204345,1.8507549302891557,0.5314272959687212,1
20260717_204156_controller_right,exp1_system_characterization,continuous_translation,trial_001,event_018,exp1_system_characterization/continuous_translation,Arrival-Hold,EgoAnchor,EgoAnchor,rotation_error_deg_p95,4.368523352328221,8.025511593548952,3.6569882412207306,1
20260717_204156_controller_right,exp1_system_characterization,continuous_translation,trial_001,event_018,exp1_system_characterization/continuous_translation,Arrival-Hold,EgoAnchor,EgoAnchor,candidate_arrival_p50_ms,180.70274999990943,180.6271999994351,-0.07555000047432259,1
20260717_204156_controller_right,exp1_system_characterization,continuous_translation,trial_001,event_018,exp1_system_characterization/continuous_translation,Arrival-Hold,EgoAnchor,EgoAnchor,candidate_arrival_p95_ms,202.3361400046269,202.25194000158805,-0.084200003038859,1
20260717_204156_controller_right,exp1_system_characterization,continuous_translation,trial_001,event_018,exp1_system_characterization/continuous_translation,Arrival-Hold,EgoAnchor,EgoAnchor,candidate_processing_p50_ms,75.3068000022322,75.3068000022322,0.0,1
20260717_204156_controller_right,exp1_system_characterization,continuous_translation,trial_001,event_018,exp1_system_characterization/continuous_translation,Arrival-Hold,EgoAnchor,EgoAnchor,candidate_processing_p95_ms,85.86735000032931,85.86735000032931,0.0,1
20260717_204156_controller_right,exp1_system_characterization,continuous_translation,trial_001,event_018,exp1_system_characterization/continuous_translation,Arrival-Hold,EgoAnchor,EgoAnchor,observation_age_p50_ms,46.93019999831449,222.98359999695094,176.05339999863645,1
20260717_204156_controller_right,exp1_system_characterization,continuous_translation,trial_001,event_018,exp1_system_characterization/continuous_translation,Arrival-Hold,EgoAnchor,EgoAnchor,observation_age_p95_ms,103.76030000043102,277.8896000017994,174.1293000013684,1
20260717_204156_controller_right,exp1_system_characterization,continuous_translation,trial_001,event_018,exp1_system_characterization/continuous_translation,Arrival-Hold,EgoAnchor,EgoAnchor,smoothing_delay_p50_ms,46.93019999831449,292.4468517303467,245.5166517320322,1
20260717_204156_controller_right,exp1_system_characterization,continuous_translation,trial_001,event_018,exp1_system_characterization/continuous_translation,Arrival-Hold,EgoAnchor,EgoAnchor,smoothing_delay_p95_ms,103.76030000043102,302.549546957016,198.78924695658498,1
20260717_204156_controller_right,exp1_system_characterization,continuous_translation,trial_001,event_018,exp1_system_characterization/continuous_translation,Arrival-Hold,EgoAnchor,EgoAnchor,visual_perception_hz,9.641010006180645,9.641010006180645,0.0,1
20260717_204156_controller_right,exp1_system_characterization,continuous_translation,trial_001,event_018,exp1_system_characterization/continuous_translation,Arrival-Hold,EgoAnchor,EgoAnchor,render_hz,66.7819053369959,66.7819053369959,0.0,1
20260717_204943_controller_right,exp1_system_characterization,continuous_rotation,trial_001,,exp1_system_characterization/continuous_rotation,Arrival-Hold,Capture-Hold,Capture-Hold,reference_coverage,1.0,1.0,0.0,1
20260717_204943_controller_right,exp1_system_characterization,continuous_rotation,trial_001,,exp1_system_characterization/continuous_rotation,Arrival-Hold,Capture-Hold,Capture-Hold,display_coverage,1.0,1.0,0.0,1
20260717_204943_controller_right,exp1_system_characterization,continuous_rotation,trial_001,,exp1_system_characterization/continuous_rotation,Arrival-Hold,Capture-Hold,Capture-Hold,output_coverage,1.0,1.0,0.0,1
20260717_204943_controller_right,exp1_system_characterization,continuous_rotation,trial_001,,exp1_system_characterization/continuous_rotation,Arrival-Hold,Capture-Hold,Capture-Hold,translation_error_mm_median,3.5802274355945896,3.5198784091075783,-0.06034902648701124,1
20260717_204943_controller_right,exp1_system_characterization,continuous_rotation,trial_001,,exp1_system_characterization/continuous_rotation,Arrival-Hold,Capture-Hold,Capture-Hold,translation_error_mm_iqr,0.622074046045118,0.5169933170473806,-0.10508072899773735,1
20260717_204943_controller_right,exp1_system_characterization,continuous_rotation,trial_001,,exp1_system_characterization/continuous_rotation,Arrival-Hold,Capture-Hold,Capture-Hold,translation_error_mm_p95,4.343607613424395,4.333018971598937,-0.010588641825457934,1
20260717_204943_controller_right,exp1_system_characterization,continuous_rotation,trial_001,,exp1_system_characterization/continuous_rotation,Arrival-Hold,Capture-Hold,Capture-Hold,rotation_error_deg_median,1.3380275819845886,1.3370449839036802,-0.0009825980809083923,1
20260717_204943_controller_right,exp1_system_characterization,continuous_rotation,trial_001,,exp1_system_characterization/continuous_rotation,Arrival-Hold,Capture-Hold,Capture-Hold,rotation_error_deg_iqr,0.4559336572453385,0.4607237864059177,0.004790129160579193,1
20260717_204943_controller_right,exp1_system_characterization,continuous_rotation,trial_001,,exp1_system_characterization/continuous_rotation,Arrival-Hold,Capture-Hold,Capture-Hold,rotation_error_deg_p95,2.000058885234391,2.0261392904356437,0.026080405201252876,1
20260717_204943_controller_right,exp1_system_characterization,continuous_rotation,trial_001,,exp1_system_characterization/continuous_rotation,Arrival-Hold,Capture-Hold,Capture-Hold,candidate_arrival_p50_ms,166.58369999640854,166.61909999675117,0.035400000342633575,1
20260717_204943_controller_right,exp1_system_characterization,continuous_rotation,trial_001,,exp1_system_characterization/continuous_rotation,Arrival-Hold,Capture-Hold,Capture-Hold,candidate_arrival_p95_ms,194.68997999938438,194.72183999459958,0.03185999521519989,1
20260717_204943_controller_right,exp1_system_characterization,continuous_rotation,trial_001,,exp1_system_characterization/continuous_rotation,Arrival-Hold,Capture-Hold,Capture-Hold,candidate_processing_p50_ms,75.29470000043511,75.29470000043511,0.0,1
20260717_204943_controller_right,exp1_system_characterization,continuous_rotation,trial_001,,exp1_system_characterization/continuous_rotation,Arrival-Hold,Capture-Hold,Capture-Hold,candidate_processing_p95_ms,85.25554000139236,85.25554000139236,0.0,1
20260717_204943_controller_right,exp1_system_characterization,continuous_rotation,trial_001,,exp1_system_characterization/continuous_rotation,Arrival-Hold,Capture-Hold,Capture-Hold,observation_age_p50_ms,48.14359999727458,216.31690000504022,168.17330000776565,1
20260717_204943_controller_right,exp1_system_characterization,continuous_rotation,trial_001,,exp1_system_characterization/continuous_rotation,Arrival-Hold,Capture-Hold,Capture-Hold,observation_age_p95_ms,97.95309999753954,265.22290000139037,167.26980000385083,1
20260717_204943_controller_right,exp1_system_characterization,continuous_rotation,trial_001,,exp1_system_characterization/continuous_rotation,Arrival-Hold,Capture-Hold,Capture-Hold,smoothing_delay_p50_ms,48.14359999727458,216.31690000504022,168.17330000776565,1
20260717_204943_controller_right,exp1_system_characterization,continuous_rotation,trial_001,,exp1_system_characterization/continuous_rotation,Arrival-Hold,Capture-Hold,Capture-Hold,smoothing_delay_p95_ms,97.95309999753954,265.22290000139037,167.26980000385083,1
20260717_204943_controller_right,exp1_system_characterization,continuous_rotation,trial_001,,exp1_system_characterization/continuous_rotation,Arrival-Hold,Capture-Hold,Capture-Hold,visual_perception_hz,9.635753565629885,9.635753565629885,0.0,1
20260717_204943_controller_right,exp1_system_characterization,continuous_rotation,trial_001,,exp1_system_characterization/continuous_rotation,Arrival-Hold,Capture-Hold,Capture-Hold,render_hz,70.98114318427128,70.98114318427128,0.0,1
20260717_204943_controller_right,exp1_system_characterization,continuous_rotation,trial_001,,exp1_system_characterization/continuous_rotation,Arrival-Hold,One-Euro Anchor,One-Euro Anchor,reference_coverage,1.0,1.0,0.0,1
20260717_204943_controller_right,exp1_system_characterization,continuous_rotation,trial_001,,exp1_system_characterization/continuous_rotation,Arrival-Hold,One-Euro Anchor,One-Euro Anchor,display_coverage,1.0,1.0,0.0,1
20260717_204943_controller_right,exp1_system_characterization,continuous_rotation,trial_001,,exp1_system_characterization/continuous_rotation,Arrival-Hold,One-Euro Anchor,One-Euro Anchor,output_coverage,1.0,1.0,0.0,1
20260717_204943_controller_right,exp1_system_characterization,continuous_rotation,trial_001,,exp1_system_characterization/continuous_rotation,Arrival-Hold,One-Euro Anchor,One-Euro Anchor,translation_error_mm_median,3.5802274355945896,3.55418855480533,-0.026038880789259533,1
20260717_204943_controller_right,exp1_system_characterization,continuous_rotation,trial_001,,exp1_system_characterization/continuous_rotation,Arrival-Hold,One-Euro Anchor,One-Euro Anchor,translation_error_mm_iqr,0.622074046045118,0.5516864607841798,-0.07038758526093813,1
20260717_204943_controller_right,exp1_system_characterization,continuous_rotation,trial_001,,exp1_system_characterization/continuous_rotation,Arrival-Hold,One-Euro Anchor,One-Euro Anchor,translation_error_mm_p95,4.343607613424395,4.354715720788819,0.011108107364424136,1
20260717_204943_controller_right,exp1_system_characterization,continuous_rotation,trial_001,,exp1_system_characterization/continuous_rotation,Arrival-Hold,One-Euro Anchor,One-Euro Anchor,rotation_error_deg_median,1.3380275819845886,1.3470394966554513,0.009011914670862708,1
20260717_204943_controller_right,exp1_system_characterization,continuous_rotation,trial_001,,exp1_system_characterization/continuous_rotation,Arrival-Hold,One-Euro Anchor,One-Euro Anchor,rotation_error_deg_iqr,0.4559336572453385,0.41591742908147245,-0.040016228163866074,1
20260717_204943_controller_right,exp1_system_characterization,continuous_rotation,trial_001,,exp1_system_characterization/continuous_rotation,Arrival-Hold,One-Euro Anchor,One-Euro Anchor,rotation_error_deg_p95,2.000058885234391,2.030377155505573,0.03031827027118217,1
20260717_204943_controller_right,exp1_system_characterization,continuous_rotation,trial_001,,exp1_system_characterization/continuous_rotation,Arrival-Hold,One-Euro Anchor,One-Euro Anchor,candidate_arrival_p50_ms,166.58369999640854,166.64899999886984,0.0653000024612993,1
20260717_204943_controller_right,exp1_system_characterization,continuous_rotation,trial_001,,exp1_system_characterization/continuous_rotation,Arrival-Hold,One-Euro Anchor,One-Euro Anchor,candidate_arrival_p95_ms,194.68997999938438,194.74975999473827,0.059779995353892446,1
20260717_204943_controller_right,exp1_system_characterization,continuous_rotation,trial_001,,exp1_system_characterization/continuous_rotation,Arrival-Hold,One-Euro Anchor,One-Euro Anchor,candidate_processing_p50_ms,75.29470000043511,75.29470000043511,0.0,1
20260717_204943_controller_right,exp1_system_characterization,continuous_rotation,trial_001,,exp1_system_characterization/continuous_rotation,Arrival-Hold,One-Euro Anchor,One-Euro Anchor,candidate_processing_p95_ms,85.25554000139236,85.25554000139236,0.0,1
20260717_204943_controller_right,exp1_system_characterization,continuous_rotation,trial_001,,exp1_system_characterization/continuous_rotation,Arrival-Hold,One-Euro Anchor,One-Euro Anchor,observation_age_p50_ms,48.14359999727458,216.31750000233296,168.17390000505839,1
20260717_204943_controller_right,exp1_system_characterization,continuous_rotation,trial_001,,exp1_system_characterization/continuous_rotation,Arrival-Hold,One-Euro Anchor,One-Euro Anchor,observation_age_p95_ms,97.95309999753954,265.2234999986831,167.27040000114357,1
20260717_204943_controller_right,exp1_system_characterization,continuous_rotation,trial_001,,exp1_system_characterization/continuous_rotation,Arrival-Hold,One-Euro Anchor,One-Euro Anchor,smoothing_delay_p50_ms,48.14359999727458,216.31750000233296,168.17390000505839,1
20260717_204943_controller_right,exp1_system_characterization,continuous_rotation,trial_001,,exp1_system_characterization/continuous_rotation,Arrival-Hold,One-Euro Anchor,One-Euro Anchor,smoothing_delay_p95_ms,97.95309999753954,265.2234999986831,167.27040000114357,1
20260717_204943_controller_right,exp1_system_characterization,continuous_rotation,trial_001,,exp1_system_characterization/continuous_rotation,Arrival-Hold,One-Euro Anchor,One-Euro Anchor,visual_perception_hz,9.635753565629885,9.635753565629885,0.0,1
20260717_204943_controller_right,exp1_system_characterization,continuous_rotation,trial_001,,exp1_system_characterization/continuous_rotation,Arrival-Hold,One-Euro Anchor,One-Euro Anchor,render_hz,70.98114318427128,70.98114318427128,0.0,1
20260717_204943_controller_right,exp1_system_characterization,continuous_rotation,trial_001,,exp1_system_characterization/continuous_rotation,Arrival-Hold,EgoAnchor,EgoAnchor,reference_coverage,1.0,1.0,0.0,1
20260717_204943_controller_right,exp1_system_characterization,continuous_rotation,trial_001,,exp1_system_characterization/continuous_rotation,Arrival-Hold,EgoAnchor,EgoAnchor,display_coverage,1.0,1.0,0.0,1
20260717_204943_controller_right,exp1_system_characterization,continuous_rotation,trial_001,,exp1_system_characterization/continuous_rotation,Arrival-Hold,EgoAnchor,EgoAnchor,output_coverage,1.0,1.0,0.0,1
20260717_204943_controller_right,exp1_system_characterization,continuous_rotation,trial_001,,exp1_system_characterization/continuous_rotation,Arrival-Hold,EgoAnchor,EgoAnchor,translation_error_mm_median,3.5802274355945896,3.9943675652716424,0.4141401296770528,1
20260717_204943_controller_right,exp1_system_characterization,continuous_rotation,trial_001,,exp1_system_characterization/continuous_rotation,Arrival-Hold,EgoAnchor,EgoAnchor,translation_error_mm_iqr,0.622074046045118,0.7381420874588378,0.11606804141371985,1
20260717_204943_controller_right,exp1_system_characterization,continuous_rotation,trial_001,,exp1_system_characterization/continuous_rotation,Arrival-Hold,EgoAnchor,EgoAnchor,translation_error_mm_p95,4.343607613424395,4.922032877523374,0.5784252640989784,1
20260717_204943_controller_right,exp1_system_characterization,continuous_rotation,trial_001,,exp1_system_characterization/continuous_rotation,Arrival-Hold,EgoAnchor,EgoAnchor,rotation_error_deg_median,1.3380275819845886,1.9022315986259255,0.5642040166413369,1
20260717_204943_controller_right,exp1_system_characterization,continuous_rotation,trial_001,,exp1_system_characterization/continuous_rotation,Arrival-Hold,EgoAnchor,EgoAnchor,rotation_error_deg_iqr,0.4559336572453385,0.5459409367281476,0.09000727948280907,1
20260717_204943_controller_right,exp1_system_characterization,continuous_rotation,trial_001,,exp1_system_characterization/continuous_rotation,Arrival-Hold,EgoAnchor,EgoAnchor,rotation_error_deg_p95,2.000058885234391,4.191938000512182,2.191879115277791,1
20260717_204943_controller_right,exp1_system_characterization,continuous_rotation,trial_001,,exp1_system_characterization/continuous_rotation,Arrival-Hold,EgoAnchor,EgoAnchor,candidate_arrival_p50_ms,166.58369999640854,166.50700000172947,-0.07669999467907473,1
20260717_204943_controller_right,exp1_system_characterization,continuous_rotation,trial_001,,exp1_system_characterization/continuous_rotation,Arrival-Hold,EgoAnchor,EgoAnchor,candidate_arrival_p95_ms,194.68997999938438,194.60467999742832,-0.0853000019560568,1
20260717_204943_controller_right,exp1_system_characterization,continuous_rotation,trial_001,,exp1_system_characterization/continuous_rotation,Arrival-Hold,EgoAnchor,EgoAnchor,candidate_processing_p50_ms,75.29470000043511,75.29470000043511,0.0,1
20260717_204943_controller_right,exp1_system_characterization,continuous_rotation,trial_001,,exp1_system_characterization/continuous_rotation,Arrival-Hold,EgoAnchor,EgoAnchor,candidate_processing_p95_ms,85.25554000139236,85.25554000139236,0.0,1
20260717_204943_controller_right,exp1_system_characterization,continuous_rotation,trial_001,,exp1_system_characterization/continuous_rotation,Arrival-Hold,EgoAnchor,EgoAnchor,observation_age_p50_ms,48.14359999727458,216.30620000360068,168.1626000063261,1
20260717_204943_controller_right,exp1_system_characterization,continuous_rotation,trial_001,,exp1_system_characterization/continuous_rotation,Arrival-Hold,EgoAnchor,EgoAnchor,observation_age_p95_ms,97.95309999753954,265.2123000007123,167.25920000317274,1
20260717_204943_controller_right,exp1_system_characterization,continuous_rotation,trial_001,,exp1_system_characterization/continuous_rotation,Arrival-Hold,EgoAnchor,EgoAnchor,smoothing_delay_p50_ms,48.14359999727458,279.6905040740967,231.5469040768221,1
20260717_204943_controller_right,exp1_system_characterization,continuous_rotation,trial_001,,exp1_system_characterization/continuous_rotation,Arrival-Hold,EgoAnchor,EgoAnchor,smoothing_delay_p95_ms,97.95309999753954,282.40660429000854,184.453504292469,1
20260717_204943_controller_right,exp1_system_characterization,continuous_rotation,trial_001,,exp1_system_characterization/continuous_rotation,Arrival-Hold,EgoAnchor,EgoAnchor,visual_perception_hz,9.635753565629885,9.635753565629885,0.0,1
20260717_204943_controller_right,exp1_system_characterization,continuous_rotation,trial_001,,exp1_system_characterization/continuous_rotation,Arrival-Hold,EgoAnchor,EgoAnchor,render_hz,70.98114318427128,70.98114318427128,0.0,1
20260717_204943_controller_right,exp1_system_characterization,continuous_rotation,trial_001,event_001,exp1_system_characterization/continuous_rotation,Arrival-Hold,Capture-Hold,Capture-Hold,reference_coverage,1.0,1.0,0.0,1
20260717_204943_controller_right,exp1_system_characterization,continuous_rotation,trial_001,event_001,exp1_system_characterization/continuous_rotation,Arrival-Hold,Capture-Hold,Capture-Hold,display_coverage,1.0,1.0,0.0,1
20260717_204943_controller_right,exp1_system_characterization,continuous_rotation,trial_001,event_001,exp1_system_characterization/continuous_rotation,Arrival-Hold,Capture-Hold,Capture-Hold,output_coverage,1.0,1.0,0.0,1
20260717_204943_controller_right,exp1_system_characterization,continuous_rotation,trial_001,event_001,exp1_system_characterization/continuous_rotation,Arrival-Hold,Capture-Hold,Capture-Hold,translation_error_mm_median,7.003403204032692,6.801312572738286,-0.2020906312944053,1
20260717_204943_controller_right,exp1_system_characterization,continuous_rotation,trial_001,event_001,exp1_system_characterization/continuous_rotation,Arrival-Hold,Capture-Hold,Capture-Hold,translation_error_mm_iqr,6.408976456351638,6.259734521143374,-0.14924193520826456,1
20260717_204943_controller_right,exp1_system_characterization,continuous_rotation,trial_001,event_001,exp1_system_characterization/continuous_rotation,Arrival-Hold,Capture-Hold,Capture-Hold,translation_error_mm_p95,15.954563406865518,15.139651611680542,-0.814911795184976,1
20260717_204943_controller_right,exp1_system_characterization,continuous_rotation,trial_001,event_001,exp1_system_characterization/continuous_rotation,Arrival-Hold,Capture-Hold,Capture-Hold,rotation_error_deg_median,8.833755919916879,8.97216459588099,0.13840867596411144,1
20260717_204943_controller_right,exp1_system_characterization,continuous_rotation,trial_001,event_001,exp1_system_characterization/continuous_rotation,Arrival-Hold,Capture-Hold,Capture-Hold,rotation_error_deg_iqr,8.367834956995768,8.260745690432291,-0.10708926656347728,1
20260717_204943_controller_right,exp1_system_characterization,continuous_rotation,trial_001,event_001,exp1_system_characterization/continuous_rotation,Arrival-Hold,Capture-Hold,Capture-Hold,rotation_error_deg_p95,19.339187655639915,19.38600620351447,0.04681854787455464,1
20260717_204943_controller_right,exp1_system_characterization,continuous_rotation,trial_001,event_001,exp1_system_characterization/continuous_rotation,Arrival-Hold,Capture-Hold,Capture-Hold,candidate_arrival_p50_ms,166.60234999653767,166.63714999958756,0.03480000304989517,1
20260717_204943_controller_right,exp1_system_characterization,continuous_rotation,trial_001,event_001,exp1_system_characterization/continuous_rotation,Arrival-Hold,Capture-Hold,Capture-Hold,candidate_arrival_p95_ms,208.1585499981884,208.19202500206302,0.03347500387462787,1
20260717_204943_controller_right,exp1_system_characterization,continuous_rotation,trial_001,event_001,exp1_system_characterization/continuous_rotation,Arrival-Hold,Capture-Hold,Capture-Hold,candidate_processing_p50_ms,75.87989999912679,75.87989999912679,0.0,1
20260717_204943_controller_right,exp1_system_characterization,continuous_rotation,trial_001,event_001,exp1_system_characterization/continuous_rotation,Arrival-Hold,Capture-Hold,Capture-Hold,candidate_processing_p95_ms,86.53622500225902,86.53622500225902,0.0,1
20260717_204943_controller_right,exp1_system_characterization,continuous_rotation,trial_001,event_001,exp1_system_characterization/continuous_rotation,Arrival-Hold,Capture-Hold,Capture-Hold,observation_age_p50_ms,49.10859999654349,216.35860000242246,167.25000000587897,1
20260717_204943_controller_right,exp1_system_characterization,continuous_rotation,trial_001,event_001,exp1_system_characterization/continuous_rotation,Arrival-Hold,Capture-Hold,Capture-Hold,observation_age_p95_ms,98.61339999915799,277.7539600021555,179.14056000299752,1
20260717_204943_controller_right,exp1_system_characterization,continuous_rotation,trial_001,event_001,exp1_system_characterization/continuous_rotation,Arrival-Hold,Capture-Hold,Capture-Hold,smoothing_delay_p50_ms,49.10859999654349,216.35860000242246,167.25000000587897,1
20260717_204943_controller_right,exp1_system_characterization,continuous_rotation,trial_001,event_001,exp1_system_characterization/continuous_rotation,Arrival-Hold,Capture-Hold,Capture-Hold,smoothing_delay_p95_ms,98.61339999915799,277.7539600021555,179.14056000299752,1
20260717_204943_controller_right,exp1_system_characterization,continuous_rotation,trial_001,event_001,exp1_system_characterization/continuous_rotation,Arrival-Hold,Capture-Hold,Capture-Hold,visual_perception_hz,9.602601431374236,9.602601431374236,0.0,1
20260717_204943_controller_right,exp1_system_characterization,continuous_rotation,trial_001,event_001,exp1_system_characterization/continuous_rotation,Arrival-Hold,Capture-Hold,Capture-Hold,render_hz,69.89582121457249,69.89582121457249,0.0,1
20260717_204943_controller_right,exp1_system_characterization,continuous_rotation,trial_001,event_001,exp1_system_characterization/continuous_rotation,Arrival-Hold,One-Euro Anchor,One-Euro Anchor,reference_coverage,1.0,1.0,0.0,1
20260717_204943_controller_right,exp1_system_characterization,continuous_rotation,trial_001,event_001,exp1_system_characterization/continuous_rotation,Arrival-Hold,One-Euro Anchor,One-Euro Anchor,display_coverage,1.0,1.0,0.0,1
20260717_204943_controller_right,exp1_system_characterization,continuous_rotation,trial_001,event_001,exp1_system_characterization/continuous_rotation,Arrival-Hold,One-Euro Anchor,One-Euro Anchor,output_coverage,1.0,1.0,0.0,1
20260717_204943_controller_right,exp1_system_characterization,continuous_rotation,trial_001,event_001,exp1_system_characterization/continuous_rotation,Arrival-Hold,One-Euro Anchor,One-Euro Anchor,translation_error_mm_median,7.003403204032692,7.8331322564063575,0.8297290523736658,1
20260717_204943_controller_right,exp1_system_characterization,continuous_rotation,trial_001,event_001,exp1_system_characterization/continuous_rotation,Arrival-Hold,One-Euro Anchor,One-Euro Anchor,translation_error_mm_iqr,6.408976456351638,7.683423042207252,1.274446585855614,1
20260717_204943_controller_right,exp1_system_characterization,continuous_rotation,trial_001,event_001,exp1_system_characterization/continuous_rotation,Arrival-Hold,One-Euro Anchor,One-Euro Anchor,translation_error_mm_p95,15.954563406865518,19.615018521622602,3.6604551147570845,1
20260717_204943_controller_right,exp1_system_characterization,continuous_rotation,trial_001,event_001,exp1_system_characterization/continuous_rotation,Arrival-Hold,One-Euro Anchor,One-Euro Anchor,rotation_error_deg_median,8.833755919916879,13.287141503805191,4.453385583888313,1
20260717_204943_controller_right,exp1_system_characterization,continuous_rotation,trial_001,event_001,exp1_system_characterization/continuous_rotation,Arrival-Hold,One-Euro Anchor,One-Euro Anchor,rotation_error_deg_iqr,8.367834956995768,10.516624877236465,2.148789920240697,1
20260717_204943_controller_right,exp1_system_characterization,continuous_rotation,trial_001,event_001,exp1_system_characterization/continuous_rotation,Arrival-Hold,One-Euro Anchor,One-Euro Anchor,rotation_error_deg_p95,19.339187655639915,26.57944521453893,7.240257558899014,1
20260717_204943_controller_right,exp1_system_characterization,continuous_rotation,trial_001,event_001,exp1_system_characterization/continuous_rotation,Arrival-Hold,One-Euro Anchor,One-Euro Anchor,candidate_arrival_p50_ms,166.60234999653767,166.66760000225622,0.06525000571855344,1
20260717_204943_controller_right,exp1_system_characterization,continuous_rotation,trial_001,event_001,exp1_system_characterization/continuous_rotation,Arrival-Hold,One-Euro Anchor,One-Euro Anchor,candidate_arrival_p95_ms,208.1585499981884,208.22125000267988,0.06270000449148938,1
20260717_204943_controller_right,exp1_system_characterization,continuous_rotation,trial_001,event_001,exp1_system_characterization/continuous_rotation,Arrival-Hold,One-Euro Anchor,One-Euro Anchor,candidate_processing_p50_ms,75.87989999912679,75.87989999912679,0.0,1
20260717_204943_controller_right,exp1_system_characterization,continuous_rotation,trial_001,event_001,exp1_system_characterization/continuous_rotation,Arrival-Hold,One-Euro Anchor,One-Euro Anchor,candidate_processing_p95_ms,86.53622500225902,86.53622500225902,0.0,1
20260717_204943_controller_right,exp1_system_characterization,continuous_rotation,trial_001,event_001,exp1_system_characterization/continuous_rotation,Arrival-Hold,One-Euro Anchor,One-Euro Anchor,observation_age_p50_ms,49.10859999654349,216.3594000012381,167.2508000046946,1
20260717_204943_controller_right,exp1_system_characterization,continuous_rotation,trial_001,event_001,exp1_system_characterization/continuous_rotation,Arrival-Hold,One-Euro Anchor,One-Euro Anchor,observation_age_p95_ms,98.61339999915799,277.7545999997528,179.14120000059484,1
20260717_204943_controller_right,exp1_system_characterization,continuous_rotation,trial_001,event_001,exp1_system_characterization/continuous_rotation,Arrival-Hold,One-Euro Anchor,One-Euro Anchor,smoothing_delay_p50_ms,49.10859999654349,216.3594000012381,167.2508000046946,1
20260717_204943_controller_right,exp1_system_characterization,continuous_rotation,trial_001,event_001,exp1_system_characterization/continuous_rotation,Arrival-Hold,One-Euro Anchor,One-Euro Anchor,smoothing_delay_p95_ms,98.61339999915799,277.7545999997528,179.14120000059484,1
20260717_204943_controller_right,exp1_system_characterization,continuous_rotation,trial_001,event_001,exp1_system_characterization/continuous_rotation,Arrival-Hold,One-Euro Anchor,One-Euro Anchor,visual_perception_hz,9.602601431374236,9.602601431374236,0.0,1
20260717_204943_controller_right,exp1_system_characterization,continuous_rotation,trial_001,event_001,exp1_system_characterization/continuous_rotation,Arrival-Hold,One-Euro Anchor,One-Euro Anchor,render_hz,69.89582121457249,69.89582121457249,0.0,1
20260717_204943_controller_right,exp1_system_characterization,continuous_rotation,trial_001,event_001,exp1_system_characterization/continuous_rotation,Arrival-Hold,EgoAnchor,EgoAnchor,reference_coverage,1.0,1.0,0.0,1
20260717_204943_controller_right,exp1_system_characterization,continuous_rotation,trial_001,event_001,exp1_system_characterization/continuous_rotation,Arrival-Hold,EgoAnchor,EgoAnchor,display_coverage,1.0,1.0,0.0,1
20260717_204943_controller_right,exp1_system_characterization,continuous_rotation,trial_001,event_001,exp1_system_characterization/continuous_rotation,Arrival-Hold,EgoAnchor,EgoAnchor,output_coverage,1.0,1.0,0.0,1
20260717_204943_controller_right,exp1_system_characterization,continuous_rotation,trial_001,event_001,exp1_system_characterization/continuous_rotation,Arrival-Hold,EgoAnchor,EgoAnchor,translation_error_mm_median,7.003403204032692,8.085493804876343,1.0820906008436513,1
20260717_204943_controller_right,exp1_system_characterization,continuous_rotation,trial_001,event_001,exp1_system_characterization/continuous_rotation,Arrival-Hold,EgoAnchor,EgoAnchor,translation_error_mm_iqr,6.408976456351638,7.356711436022369,0.9477349796707308,1
20260717_204943_controller_right,exp1_system_characterization,continuous_rotation,trial_001,event_001,exp1_system_characterization/continuous_rotation,Arrival-Hold,EgoAnchor,EgoAnchor,translation_error_mm_p95,15.954563406865518,17.825462398688728,1.8708989918232106,1
20260717_204943_controller_right,exp1_system_characterization,continuous_rotation,trial_001,event_001,exp1_system_characterization/continuous_rotation,Arrival-Hold,EgoAnchor,EgoAnchor,rotation_error_deg_median,8.833755919916879,12.37607994452232,3.542324024605442,1
20260717_204943_controller_right,exp1_system_characterization,continuous_rotation,trial_001,event_001,exp1_system_characterization/continuous_rotation,Arrival-Hold,EgoAnchor,EgoAnchor,rotation_error_deg_iqr,8.367834956995768,9.764642523294171,1.3968075662984027,1
20260717_204943_controller_right,exp1_system_characterization,continuous_rotation,trial_001,event_001,exp1_system_characterization/continuous_rotation,Arrival-Hold,EgoAnchor,EgoAnchor,rotation_error_deg_p95,19.339187655639915,23.020919857306723,3.681732201666808,1
20260717_204943_controller_right,exp1_system_characterization,continuous_rotation,trial_001,event_001,exp1_system_characterization/continuous_rotation,Arrival-Hold,EgoAnchor,EgoAnchor,candidate_arrival_p50_ms,166.60234999653767,166.5151999986847,-0.0871499978529755,1
20260717_204943_controller_right,exp1_system_characterization,continuous_rotation,trial_001,event_001,exp1_system_characterization/continuous_rotation,Arrival-Hold,EgoAnchor,EgoAnchor,candidate_arrival_p95_ms,208.1585499981884,208.08070000020962,-0.0778499979787739,1
20260717_204943_controller_right,exp1_system_characterization,continuous_rotation,trial_001,event_001,exp1_system_characterization/continuous_rotation,Arrival-Hold,EgoAnchor,EgoAnchor,candidate_processing_p50_ms,75.87989999912679,75.87989999912679,0.0,1
20260717_204943_controller_right,exp1_system_characterization,continuous_rotation,trial_001,event_001,exp1_system_characterization/continuous_rotation,Arrival-Hold,EgoAnchor,EgoAnchor,candidate_processing_p95_ms,86.53622500225902,86.53622500225902,0.0,1
20260717_204943_controller_right,exp1_system_characterization,continuous_rotation,trial_001,event_001,exp1_system_characterization/continuous_rotation,Arrival-Hold,EgoAnchor,EgoAnchor,observation_age_p50_ms,49.10859999654349,216.34700000140583,167.23840000486234,1
20260717_204943_controller_right,exp1_system_characterization,continuous_rotation,trial_001,event_001,exp1_system_characterization/continuous_rotation,Arrival-Hold,EgoAnchor,EgoAnchor,observation_age_p95_ms,98.61339999915799,277.74352000269573,179.13012000353774,1
20260717_204943_controller_right,exp1_system_characterization,continuous_rotation,trial_001,event_001,exp1_system_characterization/continuous_rotation,Arrival-Hold,EgoAnchor,EgoAnchor,smoothing_delay_p50_ms,49.10859999654349,281.82026743888855,232.71166744234506,1
20260717_204943_controller_right,exp1_system_characterization,continuous_rotation,trial_001,event_001,exp1_system_characterization/continuous_rotation,Arrival-Hold,EgoAnchor,EgoAnchor,smoothing_delay_p95_ms,98.61339999915799,324.8219817876816,226.2085817885236,1
20260717_204943_controller_right,exp1_system_characterization,continuous_rotation,trial_001,event_001,exp1_system_characterization/continuous_rotation,Arrival-Hold,EgoAnchor,EgoAnchor,visual_perception_hz,9.602601431374236,9.602601431374236,0.0,1
20260717_204943_controller_right,exp1_system_characterization,continuous_rotation,trial_001,event_001,exp1_system_characterization/continuous_rotation,Arrival-Hold,EgoAnchor,EgoAnchor,render_hz,69.89582121457249,69.89582121457249,0.0,1
20260717_204943_controller_right,exp1_system_characterization,continuous_rotation,trial_001,event_002,exp1_system_characterization/continuous_rotation,Arrival-Hold,Capture-Hold,Capture-Hold,reference_coverage,1.0,1.0,0.0,1
20260717_204943_controller_right,exp1_system_characterization,continuous_rotation,trial_001,event_002,exp1_system_characterization/continuous_rotation,Arrival-Hold,Capture-Hold,Capture-Hold,display_coverage,1.0,1.0,0.0,1
20260717_204943_controller_right,exp1_system_characterization,continuous_rotation,trial_001,event_002,exp1_system_characterization/continuous_rotation,Arrival-Hold,Capture-Hold,Capture-Hold,output_coverage,1.0,1.0,0.0,1
20260717_204943_controller_right,exp1_system_characterization,continuous_rotation,trial_001,event_002,exp1_system_characterization/continuous_rotation,Arrival-Hold,Capture-Hold,Capture-Hold,translation_error_mm_median,5.731816209694715,5.72708111553294,-0.004735094161775422,1
20260717_204943_controller_right,exp1_system_characterization,continuous_rotation,trial_001,event_002,exp1_system_characterization/continuous_rotation,Arrival-Hold,Capture-Hold,Capture-Hold,translation_error_mm_iqr,2.974561747137982,2.604824025878357,-0.3697377212596251,1
20260717_204943_controller_right,exp1_system_characterization,continuous_rotation,trial_001,event_002,exp1_system_characterization/continuous_rotation,Arrival-Hold,Capture-Hold,Capture-Hold,translation_error_mm_p95,10.16807106417203,10.07377036360764,-0.094300700564391,1
20260717_204943_controller_right,exp1_system_characterization,continuous_rotation,trial_001,event_002,exp1_system_characterization/continuous_rotation,Arrival-Hold,Capture-Hold,Capture-Hold,rotation_error_deg_median,5.465854895919213,5.458516355612959,-0.007338540306253805,1
20260717_204943_controller_right,exp1_system_characterization,continuous_rotation,trial_001,event_002,exp1_system_characterization/continuous_rotation,Arrival-Hold,Capture-Hold,Capture-Hold,rotation_error_deg_iqr,6.130567464741913,6.157221498339151,0.026654033597238502,1
20260717_204943_controller_right,exp1_system_characterization,continuous_rotation,trial_001,event_002,exp1_system_characterization/continuous_rotation,Arrival-Hold,Capture-Hold,Capture-Hold,rotation_error_deg_p95,16.848311489811973,16.867649977604987,0.01933848779301428,1
20260717_204943_controller_right,exp1_system_characterization,continuous_rotation,trial_001,event_002,exp1_system_characterization/continuous_rotation,Arrival-Hold,Capture-Hold,Capture-Hold,candidate_arrival_p50_ms,166.5971999973408,166.63079999852926,0.03360000118846074,1
20260717_204943_controller_right,exp1_system_characterization,continuous_rotation,trial_001,event_002,exp1_system_characterization/continuous_rotation,Arrival-Hold,Capture-Hold,Capture-Hold,candidate_arrival_p95_ms,194.81527999596437,194.84601999865845,0.030740002694074064,1
20260717_204943_controller_right,exp1_system_characterization,continuous_rotation,trial_001,event_002,exp1_system_characterization/continuous_rotation,Arrival-Hold,Capture-Hold,Capture-Hold,candidate_processing_p50_ms,76.28450000286102,76.28450000286102,0.0,1
20260717_204943_controller_right,exp1_system_characterization,continuous_rotation,trial_001,event_002,exp1_system_characterization/continuous_rotation,Arrival-Hold,Capture-Hold,Capture-Hold,candidate_processing_p95_ms,88.66587999910116,88.66587999910116,0.0,1
20260717_204943_controller_right,exp1_system_characterization,continuous_rotation,trial_001,event_002,exp1_system_characterization/continuous_rotation,Arrival-Hold,Capture-Hold,Capture-Hold,observation_age_p50_ms,48.84404999756953,216.31015000093612,167.4661000033666,1
20260717_204943_controller_right,exp1_system_characterization,continuous_rotation,trial_001,event_002,exp1_system_characterization/continuous_rotation,Arrival-Hold,Capture-Hold,Capture-Hold,observation_age_p95_ms,98.79962999875715,265.98055999711505,167.1809299983579,1
20260717_204943_controller_right,exp1_system_characterization,continuous_rotation,trial_001,event_002,exp1_system_characterization/continuous_rotation,Arrival-Hold,Capture-Hold,Capture-Hold,smoothing_delay_p50_ms,48.84404999756953,216.31015000093612,167.4661000033666,1
20260717_204943_controller_right,exp1_system_characterization,continuous_rotation,trial_001,event_002,exp1_system_characterization/continuous_rotation,Arrival-Hold,Capture-Hold,Capture-Hold,smoothing_delay_p95_ms,98.79962999875715,265.98055999711505,167.1809299983579,1
20260717_204943_controller_right,exp1_system_characterization,continuous_rotation,trial_001,event_002,exp1_system_characterization/continuous_rotation,Arrival-Hold,Capture-Hold,Capture-Hold,visual_perception_hz,9.527221225676678,9.527221225676678,0.0,1
20260717_204943_controller_right,exp1_system_characterization,continuous_rotation,trial_001,event_002,exp1_system_characterization/continuous_rotation,Arrival-Hold,Capture-Hold,Capture-Hold,render_hz,69.58247784668386,69.58247784668386,0.0,1
20260717_204943_controller_right,exp1_system_characterization,continuous_rotation,trial_001,event_002,exp1_system_characterization/continuous_rotation,Arrival-Hold,One-Euro Anchor,One-Euro Anchor,reference_coverage,1.0,1.0,0.0,1
20260717_204943_controller_right,exp1_system_characterization,continuous_rotation,trial_001,event_002,exp1_system_characterization/continuous_rotation,Arrival-Hold,One-Euro Anchor,One-Euro Anchor,display_coverage,1.0,1.0,0.0,1
20260717_204943_controller_right,exp1_system_characterization,continuous_rotation,trial_001,event_002,exp1_system_characterization/continuous_rotation,Arrival-Hold,One-Euro Anchor,One-Euro Anchor,output_coverage,1.0,1.0,0.0,1
20260717_204943_controller_right,exp1_system_characterization,continuous_rotation,trial_001,event_002,exp1_system_characterization/continuous_rotation,Arrival-Hold,One-Euro Anchor,One-Euro Anchor,translation_error_mm_median,5.731816209694715,5.773115923739761,0.04129971404504573,1
20260717_204943_controller_right,exp1_system_characterization,continuous_rotation,trial_001,event_002,exp1_system_characterization/continuous_rotation,Arrival-Hold,One-Euro Anchor,One-Euro Anchor,translation_error_mm_iqr,2.974561747137982,2.6300509722991823,-0.3445107748387999,1
20260717_204943_controller_right,exp1_system_characterization,continuous_rotation,trial_001,event_002,exp1_system_characterization/continuous_rotation,Arrival-Hold,One-Euro Anchor,One-Euro Anchor,translation_error_mm_p95,10.16807106417203,10.115700613399614,-0.05237045077241653,1
20260717_204943_controller_right,exp1_system_characterization,continuous_rotation,trial_001,event_002,exp1_system_characterization/continuous_rotation,Arrival-Hold,One-Euro Anchor,One-Euro Anchor,rotation_error_deg_median,5.465854895919213,7.843335769200335,2.3774808732811223,1
20260717_204943_controller_right,exp1_system_characterization,continuous_rotation,trial_001,event_002,exp1_system_characterization/continuous_rotation,Arrival-Hold,One-Euro Anchor,One-Euro Anchor,rotation_error_deg_iqr,6.130567464741913,8.02001449158503,1.8894470268431176,1
20260717_204943_controller_right,exp1_system_characterization,continuous_rotation,trial_001,event_002,exp1_system_characterization/continuous_rotation,Arrival-Hold,One-Euro Anchor,One-Euro Anchor,rotation_error_deg_p95,16.848311489811973,18.654871798767388,1.8065603089554152,1
20260717_204943_controller_right,exp1_system_characterization,continuous_rotation,trial_001,event_002,exp1_system_characterization/continuous_rotation,Arrival-Hold,One-Euro Anchor,One-Euro Anchor,candidate_arrival_p50_ms,166.5971999973408,166.65500000090105,0.05780000356025994,1
20260717_204943_controller_right,exp1_system_characterization,continuous_rotation,trial_001,event_002,exp1_system_characterization/continuous_rotation,Arrival-Hold,One-Euro Anchor,One-Euro Anchor,candidate_arrival_p95_ms,194.81527999596437,194.87382000224898,0.058540006284601986,1
20260717_204943_controller_right,exp1_system_characterization,continuous_rotation,trial_001,event_002,exp1_system_characterization/continuous_rotation,Arrival-Hold,One-Euro Anchor,One-Euro Anchor,candidate_processing_p50_ms,76.28450000286102,76.28450000286102,0.0,1
20260717_204943_controller_right,exp1_system_characterization,continuous_rotation,trial_001,event_002,exp1_system_characterization/continuous_rotation,Arrival-Hold,One-Euro Anchor,One-Euro Anchor,candidate_processing_p95_ms,88.66587999910116,88.66587999910116,0.0,1
20260717_204943_controller_right,exp1_system_characterization,continuous_rotation,trial_001,event_002,exp1_system_characterization/continuous_rotation,Arrival-Hold,One-Euro Anchor,One-Euro Anchor,observation_age_p50_ms,48.84404999756953,216.31089999937103,167.4668500018015,1
20260717_204943_controller_right,exp1_system_characterization,continuous_rotation,trial_001,event_002,exp1_system_characterization/continuous_rotation,Arrival-Hold,One-Euro Anchor,One-Euro Anchor,observation_age_p95_ms,98.79962999875715,265.98131499558804,167.18168499683088,1
20260717_204943_controller_right,exp1_system_characterization,continuous_rotation,trial_001,event_002,exp1_system_characterization/continuous_rotation,Arrival-Hold,One-Euro Anchor,One-Euro Anchor,smoothing_delay_p50_ms,48.84404999756953,216.31089999937103,167.4668500018015,1
20260717_204943_controller_right,exp1_system_characterization,continuous_rotation,trial_001,event_002,exp1_system_characterization/continuous_rotation,Arrival-Hold,One-Euro Anchor,One-Euro Anchor,smoothing_delay_p95_ms,98.79962999875715,265.98131499558804,167.18168499683088,1
20260717_204943_controller_right,exp1_system_characterization,continuous_rotation,trial_001,event_002,exp1_system_characterization/continuous_rotation,Arrival-Hold,One-Euro Anchor,One-Euro Anchor,visual_perception_hz,9.527221225676678,9.527221225676678,0.0,1
20260717_204943_controller_right,exp1_system_characterization,continuous_rotation,trial_001,event_002,exp1_system_characterization/continuous_rotation,Arrival-Hold,One-Euro Anchor,One-Euro Anchor,render_hz,69.58247784668386,69.58247784668386,0.0,1
20260717_204943_controller_right,exp1_system_characterization,continuous_rotation,trial_001,event_002,exp1_system_characterization/continuous_rotation,Arrival-Hold,EgoAnchor,EgoAnchor,reference_coverage,1.0,1.0,0.0,1
20260717_204943_controller_right,exp1_system_characterization,continuous_rotation,trial_001,event_002,exp1_system_characterization/continuous_rotation,Arrival-Hold,EgoAnchor,EgoAnchor,display_coverage,1.0,1.0,0.0,1
20260717_204943_controller_right,exp1_system_characterization,continuous_rotation,trial_001,event_002,exp1_system_characterization/continuous_rotation,Arrival-Hold,EgoAnchor,EgoAnchor,output_coverage,1.0,1.0,0.0,1
20260717_204943_controller_right,exp1_system_characterization,continuous_rotation,trial_001,event_002,exp1_system_characterization/continuous_rotation,Arrival-Hold,EgoAnchor,EgoAnchor,translation_error_mm_median,5.731816209694715,5.962702355161893,0.23088614546717778,1
20260717_204943_controller_right,exp1_system_characterization,continuous_rotation,trial_001,event_002,exp1_system_characterization/continuous_rotation,Arrival-Hold,EgoAnchor,EgoAnchor,translation_error_mm_iqr,2.974561747137982,2.9418625838498285,-0.0326991632881537,1
20260717_204943_controller_right,exp1_system_characterization,continuous_rotation,trial_001,event_002,exp1_system_characterization/continuous_rotation,Arrival-Hold,EgoAnchor,EgoAnchor,translation_error_mm_p95,10.16807106417203,10.981887405393964,0.8138163412219335,1
20260717_204943_controller_right,exp1_system_characterization,continuous_rotation,trial_001,event_002,exp1_system_characterization/continuous_rotation,Arrival-Hold,EgoAnchor,EgoAnchor,rotation_error_deg_median,5.465854895919213,6.969522036567191,1.5036671406479778,1
20260717_204943_controller_right,exp1_system_characterization,continuous_rotation,trial_001,event_002,exp1_system_characterization/continuous_rotation,Arrival-Hold,EgoAnchor,EgoAnchor,rotation_error_deg_iqr,6.130567464741913,8.311619570960254,2.181052106218341,1
20260717_204943_controller_right,exp1_system_characterization,continuous_rotation,trial_001,event_002,exp1_system_characterization/continuous_rotation,Arrival-Hold,EgoAnchor,EgoAnchor,rotation_error_deg_p95,16.848311489811973,21.008484781300755,4.160173291488782,1
20260717_204943_controller_right,exp1_system_characterization,continuous_rotation,trial_001,event_002,exp1_system_characterization/continuous_rotation,Arrival-Hold,EgoAnchor,EgoAnchor,candidate_arrival_p50_ms,166.5971999973408,166.5186999962316,-0.07850000110920519,1
20260717_204943_controller_right,exp1_system_characterization,continuous_rotation,trial_001,event_002,exp1_system_characterization/continuous_rotation,Arrival-Hold,EgoAnchor,EgoAnchor,candidate_arrival_p95_ms,194.81527999596437,194.73047999927076,-0.0847999966936186,1
20260717_204943_controller_right,exp1_system_characterization,continuous_rotation,trial_001,event_002,exp1_system_characterization/continuous_rotation,Arrival-Hold,EgoAnchor,EgoAnchor,candidate_processing_p50_ms,76.28450000286102,76.28450000286102,0.0,1
20260717_204943_controller_right,exp1_system_characterization,continuous_rotation,trial_001,event_002,exp1_system_characterization/continuous_rotation,Arrival-Hold,EgoAnchor,EgoAnchor,candidate_processing_p95_ms,88.66587999910116,88.66587999910116,0.0,1
20260717_204943_controller_right,exp1_system_characterization,continuous_rotation,trial_001,event_002,exp1_system_characterization/continuous_rotation,Arrival-Hold,EgoAnchor,EgoAnchor,observation_age_p50_ms,48.84404999756953,216.29804999975022,167.4540000021807,1
20260717_204943_controller_right,exp1_system_characterization,continuous_rotation,trial_001,event_002,exp1_system_characterization/continuous_rotation,Arrival-Hold,EgoAnchor,EgoAnchor,observation_age_p95_ms,98.79962999875715,265.96937499598425,167.1697449972271,1
20260717_204943_controller_right,exp1_system_characterization,continuous_rotation,trial_001,event_002,exp1_system_characterization/continuous_rotation,Arrival-Hold,EgoAnchor,EgoAnchor,smoothing_delay_p50_ms,48.84404999756953,283.91772508621216,235.07367508864263,1
20260717_204943_controller_right,exp1_system_characterization,continuous_rotation,trial_001,event_002,exp1_system_characterization/continuous_rotation,Arrival-Hold,EgoAnchor,EgoAnchor,smoothing_delay_p95_ms,98.79962999875715,295.5964758992195,196.79684590046236,1
20260717_204943_controller_right,exp1_system_characterization,continuous_rotation,trial_001,event_002,exp1_system_characterization/continuous_rotation,Arrival-Hold,EgoAnchor,EgoAnchor,visual_perception_hz,9.527221225676678,9.527221225676678,0.0,1
20260717_204943_controller_right,exp1_system_characterization,continuous_rotation,trial_001,event_002,exp1_system_characterization/continuous_rotation,Arrival-Hold,EgoAnchor,EgoAnchor,render_hz,69.58247784668386,69.58247784668386,0.0,1
20260717_204943_controller_right,exp1_system_characterization,continuous_rotation,trial_001,event_003,exp1_system_characterization/continuous_rotation,Arrival-Hold,Capture-Hold,Capture-Hold,reference_coverage,1.0,1.0,0.0,1
20260717_204943_controller_right,exp1_system_characterization,continuous_rotation,trial_001,event_003,exp1_system_characterization/continuous_rotation,Arrival-Hold,Capture-Hold,Capture-Hold,display_coverage,1.0,1.0,0.0,1
20260717_204943_controller_right,exp1_system_characterization,continuous_rotation,trial_001,event_003,exp1_system_characterization/continuous_rotation,Arrival-Hold,Capture-Hold,Capture-Hold,output_coverage,1.0,1.0,0.0,1
20260717_204943_controller_right,exp1_system_characterization,continuous_rotation,trial_001,event_003,exp1_system_characterization/continuous_rotation,Arrival-Hold,Capture-Hold,Capture-Hold,translation_error_mm_median,8.18752358617808,8.300279715903251,0.11275612972517024,1
20260717_204943_controller_right,exp1_system_characterization,continuous_rotation,trial_001,event_003,exp1_system_characterization/continuous_rotation,Arrival-Hold,Capture-Hold,Capture-Hold,translation_error_mm_iqr,6.898518154943171,6.8744375820742984,-0.024080572868872885,1
20260717_204943_controller_right,exp1_system_characterization,continuous_rotation,trial_001,event_003,exp1_system_characterization/continuous_rotation,Arrival-Hold,Capture-Hold,Capture-Hold,translation_error_mm_p95,20.30947410417989,20.438079768884037,0.12860566470414625,1
20260717_204943_controller_right,exp1_system_characterization,continuous_rotation,trial_001,event_003,exp1_system_characterization/continuous_rotation,Arrival-Hold,Capture-Hold,Capture-Hold,rotation_error_deg_median,7.55056569673307,7.580810138009198,0.030244441276128242,1
20260717_204943_controller_right,exp1_system_characterization,continuous_rotation,trial_001,event_003,exp1_system_characterization/continuous_rotation,Arrival-Hold,Capture-Hold,Capture-Hold,rotation_error_deg_iqr,8.649095753422767,8.619921408260186,-0.02917434516258055,1
20260717_204943_controller_right,exp1_system_characterization,continuous_rotation,trial_001,event_003,exp1_system_characterization/continuous_rotation,Arrival-Hold,Capture-Hold,Capture-Hold,rotation_error_deg_p95,16.46852953889668,16.468375690206244,-0.00015384869043444382,1
20260717_204943_controller_right,exp1_system_characterization,continuous_rotation,trial_001,event_003,exp1_system_characterization/continuous_rotation,Arrival-Hold,Capture-Hold,Capture-Hold,candidate_arrival_p50_ms,166.9510000065202,166.98570000153268,0.034699995012488216,1
20260717_204943_controller_right,exp1_system_characterization,continuous_rotation,trial_001,event_003,exp1_system_characterization/continuous_rotation,Arrival-Hold,Capture-Hold,Capture-Hold,candidate_arrival_p95_ms,199.79915000003527,199.8479499998211,0.048799999785842374,1
20260717_204943_controller_right,exp1_system_characterization,continuous_rotation,trial_001,event_003,exp1_system_characterization/continuous_rotation,Arrival-Hold,Capture-Hold,Capture-Hold,candidate_processing_p50_ms,75.7846000008285,75.7846000008285,0.0,1
20260717_204943_controller_right,exp1_system_characterization,continuous_rotation,trial_001,event_003,exp1_system_characterization/continuous_rotation,Arrival-Hold,Capture-Hold,Capture-Hold,candidate_processing_p95_ms,88.39638000130653,88.39638000130653,0.0,1
20260717_204943_controller_right,exp1_system_characterization,continuous_rotation,trial_001,event_003,exp1_system_characterization/continuous_rotation,Arrival-Hold,Capture-Hold,Capture-Hold,observation_age_p50_ms,48.5844500035455,222.06309999819496,173.47864999464946,1
20260717_204943_controller_right,exp1_system_characterization,continuous_rotation,trial_001,event_003,exp1_system_characterization/continuous_rotation,Arrival-Hold,Capture-Hold,Capture-Hold,observation_age_p95_ms,98.72601499955636,278.30652499869757,179.5805099991412,1
20260717_204943_controller_right,exp1_system_characterization,continuous_rotation,trial_001,event_003,exp1_system_characterization/continuous_rotation,Arrival-Hold,Capture-Hold,Capture-Hold,smoothing_delay_p50_ms,48.5844500035455,222.06309999819496,173.47864999464946,1
20260717_204943_controller_right,exp1_system_characterization,continuous_rotation,trial_001,event_003,exp1_system_characterization/continuous_rotation,Arrival-Hold,Capture-Hold,Capture-Hold,smoothing_delay_p95_ms,98.72601499955636,278.30652499869757,179.5805099991412,1
20260717_204943_controller_right,exp1_system_characterization,continuous_rotation,trial_001,event_003,exp1_system_characterization/continuous_rotation,Arrival-Hold,Capture-Hold,Capture-Hold,visual_perception_hz,9.578618922173924,9.578618922173924,0.0,1
20260717_204943_controller_right,exp1_system_characterization,continuous_rotation,trial_001,event_003,exp1_system_characterization/continuous_rotation,Arrival-Hold,Capture-Hold,Capture-Hold,render_hz,69.73123756456624,69.73123756456624,0.0,1
20260717_204943_controller_right,exp1_system_characterization,continuous_rotation,trial_001,event_003,exp1_system_characterization/continuous_rotation,Arrival-Hold,One-Euro Anchor,One-Euro Anchor,reference_coverage,1.0,1.0,0.0,1
20260717_204943_controller_right,exp1_system_characterization,continuous_rotation,trial_001,event_003,exp1_system_characterization/continuous_rotation,Arrival-Hold,One-Euro Anchor,One-Euro Anchor,display_coverage,1.0,1.0,0.0,1
20260717_204943_controller_right,exp1_system_characterization,continuous_rotation,trial_001,event_003,exp1_system_characterization/continuous_rotation,Arrival-Hold,One-Euro Anchor,One-Euro Anchor,output_coverage,1.0,1.0,0.0,1
20260717_204943_controller_right,exp1_system_characterization,continuous_rotation,trial_001,event_003,exp1_system_characterization/continuous_rotation,Arrival-Hold,One-Euro Anchor,One-Euro Anchor,translation_error_mm_median,8.18752358617808,10.60751751350618,2.4199939273280986,1
20260717_204943_controller_right,exp1_system_characterization,continuous_rotation,trial_001,event_003,exp1_system_characterization/continuous_rotation,Arrival-Hold,One-Euro Anchor,One-Euro Anchor,translation_error_mm_iqr,6.898518154943171,8.939536379951704,2.041018225008533,1
20260717_204943_controller_right,exp1_system_characterization,continuous_rotation,trial_001,event_003,exp1_system_characterization/continuous_rotation,Arrival-Hold,One-Euro Anchor,One-Euro Anchor,translation_error_mm_p95,20.30947410417989,23.079723877517758,2.7702497733378664,1
20260717_204943_controller_right,exp1_system_characterization,continuous_rotation,trial_001,event_003,exp1_system_characterization/continuous_rotation,Arrival-Hold,One-Euro Anchor,One-Euro Anchor,rotation_error_deg_median,7.55056569673307,11.227959929773482,3.6773942330404115,1
20260717_204943_controller_right,exp1_system_characterization,continuous_rotation,trial_001,event_003,exp1_system_characterization/continuous_rotation,Arrival-Hold,One-Euro Anchor,One-Euro Anchor,rotation_error_deg_iqr,8.649095753422767,12.021121543031228,3.372025789608461,1
20260717_204943_controller_right,exp1_system_characterization,continuous_rotation,trial_001,event_003,exp1_system_characterization/continuous_rotation,Arrival-Hold,One-Euro Anchor,One-Euro Anchor,rotation_error_deg_p95,16.46852953889668,21.938466478758823,5.469936939862144,1
20260717_204943_controller_right,exp1_system_characterization,continuous_rotation,trial_001,event_003,exp1_system_characterization/continuous_rotation,Arrival-Hold,One-Euro Anchor,One-Euro Anchor,candidate_arrival_p50_ms,166.9510000065202,167.01620000094408,0.06519999442389235,1
20260717_204943_controller_right,exp1_system_characterization,continuous_rotation,trial_001,event_003,exp1_system_characterization/continuous_rotation,Arrival-Hold,One-Euro Anchor,One-Euro Anchor,candidate_arrival_p95_ms,199.79915000003527,199.92474000100626,0.1255900009709876,1
20260717_204943_controller_right,exp1_system_characterization,continuous_rotation,trial_001,event_003,exp1_system_characterization/continuous_rotation,Arrival-Hold,One-Euro Anchor,One-Euro Anchor,candidate_processing_p50_ms,75.7846000008285,75.7846000008285,0.0,1
20260717_204943_controller_right,exp1_system_characterization,continuous_rotation,trial_001,event_003,exp1_system_characterization/continuous_rotation,Arrival-Hold,One-Euro Anchor,One-Euro Anchor,candidate_processing_p95_ms,88.39638000130653,88.39638000130653,0.0,1
20260717_204943_controller_right,exp1_system_characterization,continuous_rotation,trial_001,event_003,exp1_system_characterization/continuous_rotation,Arrival-Hold,One-Euro Anchor,One-Euro Anchor,observation_age_p50_ms,48.5844500035455,222.06359999836423,173.47914999481873,1
20260717_204943_controller_right,exp1_system_characterization,continuous_rotation,trial_001,event_003,exp1_system_characterization/continuous_rotation,Arrival-Hold,One-Euro Anchor,One-Euro Anchor,observation_age_p95_ms,98.72601499955636,278.3071350033424,179.58112000378605,1
20260717_204943_controller_right,exp1_system_characterization,continuous_rotation,trial_001,event_003,exp1_system_characterization/continuous_rotation,Arrival-Hold,One-Euro Anchor,One-Euro Anchor,smoothing_delay_p50_ms,48.5844500035455,222.06359999836423,173.47914999481873,1
20260717_204943_controller_right,exp1_system_characterization,continuous_rotation,trial_001,event_003,exp1_system_characterization/continuous_rotation,Arrival-Hold,One-Euro Anchor,One-Euro Anchor,smoothing_delay_p95_ms,98.72601499955636,278.3071350033424,179.58112000378605,1
20260717_204943_controller_right,exp1_system_characterization,continuous_rotation,trial_001,event_003,exp1_system_characterization/continuous_rotation,Arrival-Hold,One-Euro Anchor,One-Euro Anchor,visual_perception_hz,9.578618922173924,9.578618922173924,0.0,1
20260717_204943_controller_right,exp1_system_characterization,continuous_rotation,trial_001,event_003,exp1_system_characterization/continuous_rotation,Arrival-Hold,One-Euro Anchor,One-Euro Anchor,render_hz,69.73123756456624,69.73123756456624,0.0,1
20260717_204943_controller_right,exp1_system_characterization,continuous_rotation,trial_001,event_003,exp1_system_characterization/continuous_rotation,Arrival-Hold,EgoAnchor,EgoAnchor,reference_coverage,1.0,1.0,0.0,1
20260717_204943_controller_right,exp1_system_characterization,continuous_rotation,trial_001,event_003,exp1_system_characterization/continuous_rotation,Arrival-Hold,EgoAnchor,EgoAnchor,display_coverage,1.0,1.0,0.0,1
20260717_204943_controller_right,exp1_system_characterization,continuous_rotation,trial_001,event_003,exp1_system_characterization/continuous_rotation,Arrival-Hold,EgoAnchor,EgoAnchor,output_coverage,1.0,1.0,0.0,1
20260717_204943_controller_right,exp1_system_characterization,continuous_rotation,trial_001,event_003,exp1_system_characterization/continuous_rotation,Arrival-Hold,EgoAnchor,EgoAnchor,translation_error_mm_median,8.18752358617808,9.715586493399513,1.5280629072214325,1
20260717_204943_controller_right,exp1_system_characterization,continuous_rotation,trial_001,event_003,exp1_system_characterization/continuous_rotation,Arrival-Hold,EgoAnchor,EgoAnchor,translation_error_mm_iqr,6.898518154943171,8.21333558892383,1.3148174339806582,1
20260717_204943_controller_right,exp1_system_characterization,continuous_rotation,trial_001,event_003,exp1_system_characterization/continuous_rotation,Arrival-Hold,EgoAnchor,EgoAnchor,translation_error_mm_p95,20.30947410417989,24.336440098578255,4.026965994398363,1
20260717_204943_controller_right,exp1_system_characterization,continuous_rotation,trial_001,event_003,exp1_system_characterization/continuous_rotation,Arrival-Hold,EgoAnchor,EgoAnchor,rotation_error_deg_median,7.55056569673307,10.015584017157579,2.465018320424509,1
20260717_204943_controller_right,exp1_system_characterization,continuous_rotation,trial_001,event_003,exp1_system_characterization/continuous_rotation,Arrival-Hold,EgoAnchor,EgoAnchor,rotation_error_deg_iqr,8.649095753422767,10.781372920647376,2.1322771672246095,1
20260717_204943_controller_right,exp1_system_characterization,continuous_rotation,trial_001,event_003,exp1_system_characterization/continuous_rotation,Arrival-Hold,EgoAnchor,EgoAnchor,rotation_error_deg_p95,16.46852953889668,20.846213177683456,4.3776836387867775,1
20260717_204943_controller_right,exp1_system_characterization,continuous_rotation,trial_001,event_003,exp1_system_characterization/continuous_rotation,Arrival-Hold,EgoAnchor,EgoAnchor,candidate_arrival_p50_ms,166.9510000065202,166.86640000261832,-0.08460000390186906,1
20260717_204943_controller_right,exp1_system_characterization,continuous_rotation,trial_001,event_003,exp1_system_characterization/continuous_rotation,Arrival-Hold,EgoAnchor,EgoAnchor,candidate_arrival_p95_ms,199.79915000003527,199.68968999964997,-0.10946000038529746,1
20260717_204943_controller_right,exp1_system_characterization,continuous_rotation,trial_001,event_003,exp1_system_characterization/continuous_rotation,Arrival-Hold,EgoAnchor,EgoAnchor,candidate_processing_p50_ms,75.7846000008285,75.7846000008285,0.0,1
20260717_204943_controller_right,exp1_system_characterization,continuous_rotation,trial_001,event_003,exp1_system_characterization/continuous_rotation,Arrival-Hold,EgoAnchor,EgoAnchor,candidate_processing_p95_ms,88.39638000130653,88.39638000130653,0.0,1
20260717_204943_controller_right,exp1_system_characterization,continuous_rotation,trial_001,event_003,exp1_system_characterization/continuous_rotation,Arrival-Hold,EgoAnchor,EgoAnchor,observation_age_p50_ms,48.5844500035455,222.0525499978976,173.4680999943521,1
20260717_204943_controller_right,exp1_system_characterization,continuous_rotation,trial_001,event_003,exp1_system_characterization/continuous_rotation,Arrival-Hold,EgoAnchor,EgoAnchor,observation_age_p95_ms,98.72601499955636,278.2938250038569,179.56781000430055,1
20260717_204943_controller_right,exp1_system_characterization,continuous_rotation,trial_001,event_003,exp1_system_characterization/continuous_rotation,Arrival-Hold,EgoAnchor,EgoAnchor,smoothing_delay_p50_ms,48.5844500035455,289.5442247390747,240.9597747355292,1
20260717_204943_controller_right,exp1_system_characterization,continuous_rotation,trial_001,event_003,exp1_system_characterization/continuous_rotation,Arrival-Hold,EgoAnchor,EgoAnchor,smoothing_delay_p95_ms,98.72601499955636,316.003954410553,217.27793941099662,1
20260717_204943_controller_right,exp1_system_characterization,continuous_rotation,trial_001,event_003,exp1_system_characterization/continuous_rotation,Arrival-Hold,EgoAnchor,EgoAnchor,visual_perception_hz,9.578618922173924,9.578618922173924,0.0,1
20260717_204943_controller_right,exp1_system_characterization,continuous_rotation,trial_001,event_003,exp1_system_characterization/continuous_rotation,Arrival-Hold,EgoAnchor,EgoAnchor,render_hz,69.73123756456624,69.73123756456624,0.0,1
20260717_205539_controller_right,exp1_system_characterization,occlusion_recovery,trial_001,,exp1_system_characterization/occlusion_recovery,Arrival-Hold,Capture-Hold,Capture-Hold,reference_coverage,1.0,1.0,0.0,1
20260717_205539_controller_right,exp1_system_characterization,occlusion_recovery,trial_001,,exp1_system_characterization/occlusion_recovery,Arrival-Hold,Capture-Hold,Capture-Hold,display_coverage,1.0,1.0,0.0,1
20260717_205539_controller_right,exp1_system_characterization,occlusion_recovery,trial_001,,exp1_system_characterization/occlusion_recovery,Arrival-Hold,Capture-Hold,Capture-Hold,output_coverage,0.9366153846153846,0.9366153846153846,0.0,1
20260717_205539_controller_right,exp1_system_characterization,occlusion_recovery,trial_001,,exp1_system_characterization/occlusion_recovery,Arrival-Hold,Capture-Hold,Capture-Hold,translation_error_mm_median,4.355750139220045,3.4616490023077633,-0.8941011369122815,1
20260717_205539_controller_right,exp1_system_characterization,occlusion_recovery,trial_001,,exp1_system_characterization/occlusion_recovery,Arrival-Hold,Capture-Hold,Capture-Hold,translation_error_mm_iqr,5.337693089144284,3.3492705137225083,-1.9884225754217755,1
20260717_205539_controller_right,exp1_system_characterization,occlusion_recovery,trial_001,,exp1_system_characterization/occlusion_recovery,Arrival-Hold,Capture-Hold,Capture-Hold,translation_error_mm_p95,55.26335584829632,54.43463807459444,-0.8287177737018823,1
20260717_205539_controller_right,exp1_system_characterization,occlusion_recovery,trial_001,,exp1_system_characterization/occlusion_recovery,Arrival-Hold,Capture-Hold,Capture-Hold,rotation_error_deg_median,3.7263295864430392,3.624901898860473,-0.10142768758256615,1
20260717_205539_controller_right,exp1_system_characterization,occlusion_recovery,trial_001,,exp1_system_characterization/occlusion_recovery,Arrival-Hold,Capture-Hold,Capture-Hold,rotation_error_deg_iqr,2.1588331142784734,2.218060696717616,0.05922758243914261,1
20260717_205539_controller_right,exp1_system_characterization,occlusion_recovery,trial_001,,exp1_system_characterization/occlusion_recovery,Arrival-Hold,Capture-Hold,Capture-Hold,rotation_error_deg_p95,48.07234500487461,48.23244869868078,0.16010369380616396,1
20260717_205539_controller_right,exp1_system_characterization,occlusion_recovery,trial_001,,exp1_system_characterization/occlusion_recovery,Arrival-Hold,Capture-Hold,Capture-Hold,candidate_arrival_p50_ms,166.8726499992772,166.90430000016931,0.031650000892113894,1
20260717_205539_controller_right,exp1_system_characterization,occlusion_recovery,trial_001,,exp1_system_characterization/occlusion_recovery,Arrival-Hold,Capture-Hold,Capture-Hold,candidate_arrival_p95_ms,236.77084999508224,236.80504999538243,0.03420000030018855,1
20260717_205539_controller_right,exp1_system_characterization,occlusion_recovery,trial_001,,exp1_system_characterization/occlusion_recovery,Arrival-Hold,Capture-Hold,Capture-Hold,candidate_processing_p50_ms,73.40230000019073,73.40230000019073,0.0,1
20260717_205539_controller_right,exp1_system_characterization,occlusion_recovery,trial_001,,exp1_system_characterization/occlusion_recovery,Arrival-Hold,Capture-Hold,Capture-Hold,candidate_processing_p95_ms,85.89514999836683,85.89514999836683,0.0,1
20260717_205539_controller_right,exp1_system_characterization,occlusion_recovery,trial_001,,exp1_system_characterization/occlusion_recovery,Arrival-Hold,Capture-Hold,Capture-Hold,observation_age_p50_ms,49.28070000096341,223.43234999789274,174.15164999692934,1
20260717_205539_controller_right,exp1_system_characterization,occlusion_recovery,trial_001,,exp1_system_characterization/occlusion_recovery,Arrival-Hold,Capture-Hold,Capture-Hold,observation_age_p95_ms,106.40024999702295,403.10212000258616,296.7018700055632,1
20260717_205539_controller_right,exp1_system_characterization,occlusion_recovery,trial_001,,exp1_system_characterization/occlusion_recovery,Arrival-Hold,Capture-Hold,Capture-Hold,smoothing_delay_p50_ms,49.28070000096341,223.43234999789274,174.15164999692934,1
20260717_205539_controller_right,exp1_system_characterization,occlusion_recovery,trial_001,,exp1_system_characterization/occlusion_recovery,Arrival-Hold,Capture-Hold,Capture-Hold,smoothing_delay_p95_ms,106.40024999702295,403.10212000258616,296.7018700055632,1
20260717_205539_controller_right,exp1_system_characterization,occlusion_recovery,trial_001,,exp1_system_characterization/occlusion_recovery,Arrival-Hold,Capture-Hold,Capture-Hold,visual_perception_hz,10.0008407106745,10.0008407106745,0.0,1
20260717_205539_controller_right,exp1_system_characterization,occlusion_recovery,trial_001,,exp1_system_characterization/occlusion_recovery,Arrival-Hold,Capture-Hold,Capture-Hold,render_hz,64.35617535308963,64.35617535308963,0.0,1
20260717_205539_controller_right,exp1_system_characterization,occlusion_recovery,trial_001,,exp1_system_characterization/occlusion_recovery,Arrival-Hold,One-Euro Anchor,One-Euro Anchor,reference_coverage,1.0,1.0,0.0,1
20260717_205539_controller_right,exp1_system_characterization,occlusion_recovery,trial_001,,exp1_system_characterization/occlusion_recovery,Arrival-Hold,One-Euro Anchor,One-Euro Anchor,display_coverage,1.0,1.0,0.0,1
20260717_205539_controller_right,exp1_system_characterization,occlusion_recovery,trial_001,,exp1_system_characterization/occlusion_recovery,Arrival-Hold,One-Euro Anchor,One-Euro Anchor,output_coverage,0.9366153846153846,0.9366153846153846,0.0,1
20260717_205539_controller_right,exp1_system_characterization,occlusion_recovery,trial_001,,exp1_system_characterization/occlusion_recovery,Arrival-Hold,One-Euro Anchor,One-Euro Anchor,translation_error_mm_median,4.355750139220045,3.357442204377809,-0.9983079348422357,1
20260717_205539_controller_right,exp1_system_characterization,occlusion_recovery,trial_001,,exp1_system_characterization/occlusion_recovery,Arrival-Hold,One-Euro Anchor,One-Euro Anchor,translation_error_mm_iqr,5.337693089144284,3.3300828951583124,-2.0076101939859714,1
20260717_205539_controller_right,exp1_system_characterization,occlusion_recovery,trial_001,,exp1_system_characterization/occlusion_recovery,Arrival-Hold,One-Euro Anchor,One-Euro Anchor,translation_error_mm_p95,55.26335584829632,25.655076899785048,-29.608278948511273,1
20260717_205539_controller_right,exp1_system_characterization,occlusion_recovery,trial_001,,exp1_system_characterization/occlusion_recovery,Arrival-Hold,One-Euro Anchor,One-Euro Anchor,rotation_error_deg_median,3.7263295864430392,3.534185081308521,-0.19214450513451808,1
20260717_205539_controller_right,exp1_system_characterization,occlusion_recovery,trial_001,,exp1_system_characterization/occlusion_recovery,Arrival-Hold,One-Euro Anchor,One-Euro Anchor,rotation_error_deg_iqr,2.1588331142784734,1.47182693689152,-0.6870061773869534,1
20260717_205539_controller_right,exp1_system_characterization,occlusion_recovery,trial_001,,exp1_system_characterization/occlusion_recovery,Arrival-Hold,One-Euro Anchor,One-Euro Anchor,rotation_error_deg_p95,48.07234500487461,26.797764871641633,-21.27458013323298,1
20260717_205539_controller_right,exp1_system_characterization,occlusion_recovery,trial_001,,exp1_system_characterization/occlusion_recovery,Arrival-Hold,One-Euro Anchor,One-Euro Anchor,candidate_arrival_p50_ms,166.8726499992772,166.93244999987655,0.05980000059935264,1
20260717_205539_controller_right,exp1_system_characterization,occlusion_recovery,trial_001,,exp1_system_characterization/occlusion_recovery,Arrival-Hold,One-Euro Anchor,One-Euro Anchor,candidate_arrival_p95_ms,236.77084999508224,236.83287499625294,0.06202500117069576,1
20260717_205539_controller_right,exp1_system_characterization,occlusion_recovery,trial_001,,exp1_system_characterization/occlusion_recovery,Arrival-Hold,One-Euro Anchor,One-Euro Anchor,candidate_processing_p50_ms,73.40230000019073,73.40230000019073,0.0,1
20260717_205539_controller_right,exp1_system_characterization,occlusion_recovery,trial_001,,exp1_system_characterization/occlusion_recovery,Arrival-Hold,One-Euro Anchor,One-Euro Anchor,candidate_processing_p95_ms,85.89514999836683,85.89514999836683,0.0,1
20260717_205539_controller_right,exp1_system_characterization,occlusion_recovery,trial_001,,exp1_system_characterization/occlusion_recovery,Arrival-Hold,One-Euro Anchor,One-Euro Anchor,observation_age_p50_ms,49.28070000096341,223.4330499995849,174.1523499986215,1
20260717_205539_controller_right,exp1_system_characterization,occlusion_recovery,trial_001,,exp1_system_characterization/occlusion_recovery,Arrival-Hold,One-Euro Anchor,One-Euro Anchor,observation_age_p95_ms,106.40024999702295,403.1033000042953,296.70305000727234,1
20260717_205539_controller_right,exp1_system_characterization,occlusion_recovery,trial_001,,exp1_system_characterization/occlusion_recovery,Arrival-Hold,One-Euro Anchor,One-Euro Anchor,smoothing_delay_p50_ms,49.28070000096341,223.4330499995849,174.1523499986215,1
20260717_205539_controller_right,exp1_system_characterization,occlusion_recovery,trial_001,,exp1_system_characterization/occlusion_recovery,Arrival-Hold,One-Euro Anchor,One-Euro Anchor,smoothing_delay_p95_ms,106.40024999702295,403.1033000042953,296.70305000727234,1
20260717_205539_controller_right,exp1_system_characterization,occlusion_recovery,trial_001,,exp1_system_characterization/occlusion_recovery,Arrival-Hold,One-Euro Anchor,One-Euro Anchor,visual_perception_hz,10.0008407106745,10.0008407106745,0.0,1
20260717_205539_controller_right,exp1_system_characterization,occlusion_recovery,trial_001,,exp1_system_characterization/occlusion_recovery,Arrival-Hold,One-Euro Anchor,One-Euro Anchor,render_hz,64.35617535308963,64.35617535308963,0.0,1
20260717_205539_controller_right,exp1_system_characterization,occlusion_recovery,trial_001,,exp1_system_characterization/occlusion_recovery,Arrival-Hold,EgoAnchor,EgoAnchor,reference_coverage,1.0,1.0,0.0,1
20260717_205539_controller_right,exp1_system_characterization,occlusion_recovery,trial_001,,exp1_system_characterization/occlusion_recovery,Arrival-Hold,EgoAnchor,EgoAnchor,display_coverage,1.0,1.0,0.0,1
20260717_205539_controller_right,exp1_system_characterization,occlusion_recovery,trial_001,,exp1_system_characterization/occlusion_recovery,Arrival-Hold,EgoAnchor,EgoAnchor,output_coverage,0.9366153846153846,0.9347692307692308,-0.0018461538461538307,1
20260717_205539_controller_right,exp1_system_characterization,occlusion_recovery,trial_001,,exp1_system_characterization/occlusion_recovery,Arrival-Hold,EgoAnchor,EgoAnchor,translation_error_mm_median,4.355750139220045,3.017376213593735,-1.3383739256263096,1
20260717_205539_controller_right,exp1_system_characterization,occlusion_recovery,trial_001,,exp1_system_characterization/occlusion_recovery,Arrival-Hold,EgoAnchor,EgoAnchor,translation_error_mm_iqr,5.337693089144284,0.7929337605315814,-4.544759328612702,1
20260717_205539_controller_right,exp1_system_characterization,occlusion_recovery,trial_001,,exp1_system_characterization/occlusion_recovery,Arrival-Hold,EgoAnchor,EgoAnchor,translation_error_mm_p95,55.26335584829632,14.715590906989695,-40.547764941306625,1
20260717_205539_controller_right,exp1_system_characterization,occlusion_recovery,trial_001,,exp1_system_characterization/occlusion_recovery,Arrival-Hold,EgoAnchor,EgoAnchor,rotation_error_deg_median,3.7263295864430392,3.302515345589529,-0.42381424085351016,1
20260717_205539_controller_right,exp1_system_characterization,occlusion_recovery,trial_001,,exp1_system_characterization/occlusion_recovery,Arrival-Hold,EgoAnchor,EgoAnchor,rotation_error_deg_iqr,2.1588331142784734,0.43142086483092434,-1.727412249447549,1
20260717_205539_controller_right,exp1_system_characterization,occlusion_recovery,trial_001,,exp1_system_characterization/occlusion_recovery,Arrival-Hold,EgoAnchor,EgoAnchor,rotation_error_deg_p95,48.07234500487461,8.614025878769421,-39.458319126105195,1
20260717_205539_controller_right,exp1_system_characterization,occlusion_recovery,trial_001,,exp1_system_characterization/occlusion_recovery,Arrival-Hold,EgoAnchor,EgoAnchor,candidate_arrival_p50_ms,166.8726499992772,166.78925000087474,-0.08339999840245582,1
20260717_205539_controller_right,exp1_system_characterization,occlusion_recovery,trial_001,,exp1_system_characterization/occlusion_recovery,Arrival-Hold,EgoAnchor,EgoAnchor,candidate_arrival_p95_ms,236.77084999508224,236.69194999456522,-0.07890000051702373,1
20260717_205539_controller_right,exp1_system_characterization,occlusion_recovery,trial_001,,exp1_system_characterization/occlusion_recovery,Arrival-Hold,EgoAnchor,EgoAnchor,candidate_processing_p50_ms,73.40230000019073,73.40230000019073,0.0,1
20260717_205539_controller_right,exp1_system_characterization,occlusion_recovery,trial_001,,exp1_system_characterization/occlusion_recovery,Arrival-Hold,EgoAnchor,EgoAnchor,candidate_processing_p95_ms,85.89514999836683,85.89514999836683,0.0,1
20260717_205539_controller_right,exp1_system_characterization,occlusion_recovery,trial_001,,exp1_system_characterization/occlusion_recovery,Arrival-Hold,EgoAnchor,EgoAnchor,observation_age_p50_ms,49.28070000096341,223.502050001116,174.2213500001526,1
20260717_205539_controller_right,exp1_system_characterization,occlusion_recovery,trial_001,,exp1_system_characterization/occlusion_recovery,Arrival-Hold,EgoAnchor,EgoAnchor,observation_age_p95_ms,106.40024999702295,464.68875000100616,358.2885000039832,1
20260717_205539_controller_right,exp1_system_characterization,occlusion_recovery,trial_001,,exp1_system_characterization/occlusion_recovery,Arrival-Hold,EgoAnchor,EgoAnchor,smoothing_delay_p50_ms,49.28070000096341,289.8443639278412,240.56366392687778,1
20260717_205539_controller_right,exp1_system_characterization,occlusion_recovery,trial_001,,exp1_system_characterization/occlusion_recovery,Arrival-Hold,EgoAnchor,EgoAnchor,smoothing_delay_p95_ms,106.40024999702295,841.1646000022301,734.7643500052072,1
20260717_205539_controller_right,exp1_system_characterization,occlusion_recovery,trial_001,,exp1_system_characterization/occlusion_recovery,Arrival-Hold,EgoAnchor,EgoAnchor,visual_perception_hz,10.0008407106745,10.0008407106745,0.0,1
20260717_205539_controller_right,exp1_system_characterization,occlusion_recovery,trial_001,,exp1_system_characterization/occlusion_recovery,Arrival-Hold,EgoAnchor,EgoAnchor,render_hz,64.35617535308963,64.35617535308963,0.0,1
20260717_205539_controller_right,exp1_system_characterization,occlusion_recovery,trial_001,event_001,exp1_system_characterization/occlusion_recovery,Arrival-Hold,Capture-Hold,Capture-Hold,reference_coverage,1.0,1.0,0.0,1
20260717_205539_controller_right,exp1_system_characterization,occlusion_recovery,trial_001,event_001,exp1_system_characterization/occlusion_recovery,Arrival-Hold,Capture-Hold,Capture-Hold,display_coverage,1.0,1.0,0.0,1
20260717_205539_controller_right,exp1_system_characterization,occlusion_recovery,trial_001,event_001,exp1_system_characterization/occlusion_recovery,Arrival-Hold,Capture-Hold,Capture-Hold,output_coverage,0.5358649789029536,0.5358649789029536,0.0,1
20260717_205539_controller_right,exp1_system_characterization,occlusion_recovery,trial_001,event_001,exp1_system_characterization/occlusion_recovery,Arrival-Hold,Capture-Hold,Capture-Hold,translation_error_mm_median,50.106052976512345,49.14513301560331,-0.9609199609090382,1
20260717_205539_controller_right,exp1_system_characterization,occlusion_recovery,trial_001,event_001,exp1_system_characterization/occlusion_recovery,Arrival-Hold,Capture-Hold,Capture-Hold,translation_error_mm_iqr,44.91181790247368,46.589684353018306,1.6778664505446272,1
20260717_205539_controller_right,exp1_system_characterization,occlusion_recovery,trial_001,event_001,exp1_system_characterization/occlusion_recovery,Arrival-Hold,Capture-Hold,Capture-Hold,translation_error_mm_p95,50.106052976512345,49.14513301560331,-0.9609199609090382,1
20260717_205539_controller_right,exp1_system_characterization,occlusion_recovery,trial_001,event_001,exp1_system_characterization/occlusion_recovery,Arrival-Hold,Capture-Hold,Capture-Hold,rotation_error_deg_median,39.788394537666505,40.01473307565508,0.22633853798857473,1
20260717_205539_controller_right,exp1_system_characterization,occlusion_recovery,trial_001,event_001,exp1_system_characterization/occlusion_recovery,Arrival-Hold,Capture-Hold,Capture-Hold,rotation_error_deg_iqr,34.85137626169507,34.62634959712624,-0.22502666456882991,1
20260717_205539_controller_right,exp1_system_characterization,occlusion_recovery,trial_001,event_001,exp1_system_characterization/occlusion_recovery,Arrival-Hold,Capture-Hold,Capture-Hold,rotation_error_deg_p95,39.788394537666505,40.01473307565508,0.22633853798857473,1
20260717_205539_controller_right,exp1_system_characterization,occlusion_recovery,trial_001,event_001,exp1_system_characterization/occlusion_recovery,Arrival-Hold,Capture-Hold,Capture-Hold,candidate_arrival_p50_ms,27.994600000965875,28.028699998685624,0.03409999771974981,1
20260717_205539_controller_right,exp1_system_characterization,occlusion_recovery,trial_001,event_001,exp1_system_characterization/occlusion_recovery,Arrival-Hold,Capture-Hold,Capture-Hold,candidate_arrival_p95_ms,333.1864199994011,333.22325999906707,0.036839999665971845,1
20260717_205539_controller_right,exp1_system_characterization,occlusion_recovery,trial_001,event_001,exp1_system_characterization/occlusion_recovery,Arrival-Hold,Capture-Hold,Capture-Hold,candidate_processing_p50_ms,32.10580000281334,32.10580000281334,0.0,1
20260717_205539_controller_right,exp1_system_characterization,occlusion_recovery,trial_001,event_001,exp1_system_characterization/occlusion_recovery,Arrival-Hold,Capture-Hold,Capture-Hold,candidate_processing_p95_ms,89.91127999797455,89.91127999797455,0.0,1
20260717_205539_controller_right,exp1_system_characterization,occlusion_recovery,trial_001,event_001,exp1_system_characterization/occlusion_recovery,Arrival-Hold,Capture-Hold,Capture-Hold,observation_age_p50_ms,69.08860000112327,258.4692000018549,189.38060000073165,1
20260717_205539_controller_right,exp1_system_characterization,occlusion_recovery,trial_001,event_001,exp1_system_characterization/occlusion_recovery,Arrival-Hold,Capture-Hold,Capture-Hold,observation_age_p95_ms,694.5384200036641,884.1573700017761,189.61894999811204,1
20260717_205539_controller_right,exp1_system_characterization,occlusion_recovery,trial_001,event_001,exp1_system_characterization/occlusion_recovery,Arrival-Hold,Capture-Hold,Capture-Hold,smoothing_delay_p50_ms,69.08860000112327,258.4692000018549,189.38060000073165,1
20260717_205539_controller_right,exp1_system_characterization,occlusion_recovery,trial_001,event_001,exp1_system_characterization/occlusion_recovery,Arrival-Hold,Capture-Hold,Capture-Hold,smoothing_delay_p95_ms,694.5384200036641,884.1573700017761,189.61894999811204,1
20260717_205539_controller_right,exp1_system_characterization,occlusion_recovery,trial_001,event_001,exp1_system_characterization/occlusion_recovery,Arrival-Hold,Capture-Hold,Capture-Hold,visual_perception_hz,13.29365988248974,13.29365988248974,0.0,1
20260717_205539_controller_right,exp1_system_characterization,occlusion_recovery,trial_001,event_001,exp1_system_characterization/occlusion_recovery,Arrival-Hold,Capture-Hold,Capture-Hold,render_hz,64.00698826132304,64.00698826132304,0.0,1
20260717_205539_controller_right,exp1_system_characterization,occlusion_recovery,trial_001,event_001,exp1_system_characterization/occlusion_recovery,Arrival-Hold,One-Euro Anchor,One-Euro Anchor,reference_coverage,1.0,1.0,0.0,1
20260717_205539_controller_right,exp1_system_characterization,occlusion_recovery,trial_001,event_001,exp1_system_characterization/occlusion_recovery,Arrival-Hold,One-Euro Anchor,One-Euro Anchor,display_coverage,1.0,1.0,0.0,1
20260717_205539_controller_right,exp1_system_characterization,occlusion_recovery,trial_001,event_001,exp1_system_characterization/occlusion_recovery,Arrival-Hold,One-Euro Anchor,One-Euro Anchor,output_coverage,0.5358649789029536,0.5358649789029536,0.0,1
20260717_205539_controller_right,exp1_system_characterization,occlusion_recovery,trial_001,event_001,exp1_system_characterization/occlusion_recovery,Arrival-Hold,One-Euro Anchor,One-Euro Anchor,translation_error_mm_median,50.106052976512345,22.752804270483892,-27.353248706028452,1
20260717_205539_controller_right,exp1_system_characterization,occlusion_recovery,trial_001,event_001,exp1_system_characterization/occlusion_recovery,Arrival-Hold,One-Euro Anchor,One-Euro Anchor,translation_error_mm_iqr,44.91181790247368,20.516083024421153,-24.395734878052526,1
20260717_205539_controller_right,exp1_system_characterization,occlusion_recovery,trial_001,event_001,exp1_system_characterization/occlusion_recovery,Arrival-Hold,One-Euro Anchor,One-Euro Anchor,translation_error_mm_p95,50.106052976512345,22.752804270483892,-27.353248706028452,1
20260717_205539_controller_right,exp1_system_characterization,occlusion_recovery,trial_001,event_001,exp1_system_characterization/occlusion_recovery,Arrival-Hold,One-Euro Anchor,One-Euro Anchor,rotation_error_deg_median,39.788394537666505,21.41774982771618,-18.370644709950327,1
20260717_205539_controller_right,exp1_system_characterization,occlusion_recovery,trial_001,event_001,exp1_system_characterization/occlusion_recovery,Arrival-Hold,One-Euro Anchor,One-Euro Anchor,rotation_error_deg_iqr,34.85137626169507,17.547378434465735,-17.303997827229338,1
20260717_205539_controller_right,exp1_system_characterization,occlusion_recovery,trial_001,event_001,exp1_system_characterization/occlusion_recovery,Arrival-Hold,One-Euro Anchor,One-Euro Anchor,rotation_error_deg_p95,39.788394537666505,21.41774982771618,-18.370644709950327,1
20260717_205539_controller_right,exp1_system_characterization,occlusion_recovery,trial_001,event_001,exp1_system_characterization/occlusion_recovery,Arrival-Hold,One-Euro Anchor,One-Euro Anchor,candidate_arrival_p50_ms,27.994600000965875,28.05860000080429,0.06399999983841553,1
20260717_205539_controller_right,exp1_system_characterization,occlusion_recovery,trial_001,event_001,exp1_system_characterization/occlusion_recovery,Arrival-Hold,One-Euro Anchor,One-Euro Anchor,candidate_arrival_p95_ms,333.1864199994011,333.25330000225176,0.06688000285066664,1
20260717_205539_controller_right,exp1_system_characterization,occlusion_recovery,trial_001,event_001,exp1_system_characterization/occlusion_recovery,Arrival-Hold,One-Euro Anchor,One-Euro Anchor,candidate_processing_p50_ms,32.10580000281334,32.10580000281334,0.0,1
20260717_205539_controller_right,exp1_system_characterization,occlusion_recovery,trial_001,event_001,exp1_system_characterization/occlusion_recovery,Arrival-Hold,One-Euro Anchor,One-Euro Anchor,candidate_processing_p95_ms,89.91127999797455,89.91127999797455,0.0,1
20260717_205539_controller_right,exp1_system_characterization,occlusion_recovery,trial_001,event_001,exp1_system_characterization/occlusion_recovery,Arrival-Hold,One-Euro Anchor,One-Euro Anchor,observation_age_p50_ms,69.08860000112327,258.4703000029549,189.38170000183163,1
20260717_205539_controller_right,exp1_system_characterization,occlusion_recovery,trial_001,event_001,exp1_system_characterization/occlusion_recovery,Arrival-Hold,One-Euro Anchor,One-Euro Anchor,observation_age_p95_ms,694.5384200036641,884.1582700013532,189.61984999768913,1
20260717_205539_controller_right,exp1_system_characterization,occlusion_recovery,trial_001,event_001,exp1_system_characterization/occlusion_recovery,Arrival-Hold,One-Euro Anchor,One-Euro Anchor,smoothing_delay_p50_ms,69.08860000112327,258.4703000029549,189.38170000183163,1
20260717_205539_controller_right,exp1_system_characterization,occlusion_recovery,trial_001,event_001,exp1_system_characterization/occlusion_recovery,Arrival-Hold,One-Euro Anchor,One-Euro Anchor,smoothing_delay_p95_ms,694.5384200036641,884.1582700013532,189.61984999768913,1
20260717_205539_controller_right,exp1_system_characterization,occlusion_recovery,trial_001,event_001,exp1_system_characterization/occlusion_recovery,Arrival-Hold,One-Euro Anchor,One-Euro Anchor,visual_perception_hz,13.29365988248974,13.29365988248974,0.0,1
20260717_205539_controller_right,exp1_system_characterization,occlusion_recovery,trial_001,event_001,exp1_system_characterization/occlusion_recovery,Arrival-Hold,One-Euro Anchor,One-Euro Anchor,render_hz,64.00698826132304,64.00698826132304,0.0,1
20260717_205539_controller_right,exp1_system_characterization,occlusion_recovery,trial_001,event_001,exp1_system_characterization/occlusion_recovery,Arrival-Hold,EgoAnchor,EgoAnchor,reference_coverage,1.0,1.0,0.0,1
20260717_205539_controller_right,exp1_system_characterization,occlusion_recovery,trial_001,event_001,exp1_system_characterization/occlusion_recovery,Arrival-Hold,EgoAnchor,EgoAnchor,display_coverage,1.0,1.0,0.0,1
20260717_205539_controller_right,exp1_system_characterization,occlusion_recovery,trial_001,event_001,exp1_system_characterization/occlusion_recovery,Arrival-Hold,EgoAnchor,EgoAnchor,output_coverage,0.5358649789029536,0.5316455696202531,-0.0042194092827004814,1
20260717_205539_controller_right,exp1_system_characterization,occlusion_recovery,trial_001,event_001,exp1_system_characterization/occlusion_recovery,Arrival-Hold,EgoAnchor,EgoAnchor,translation_error_mm_median,50.106052976512345,1.1517313339386537,-48.95432164257369,1
20260717_205539_controller_right,exp1_system_characterization,occlusion_recovery,trial_001,event_001,exp1_system_characterization/occlusion_recovery,Arrival-Hold,EgoAnchor,EgoAnchor,translation_error_mm_iqr,44.91181790247368,0.02248953482715499,-44.88932836764653,1
20260717_205539_controller_right,exp1_system_characterization,occlusion_recovery,trial_001,event_001,exp1_system_characterization/occlusion_recovery,Arrival-Hold,EgoAnchor,EgoAnchor,translation_error_mm_p95,50.106052976512345,2.431439800865764,-47.674613175646584,1
20260717_205539_controller_right,exp1_system_characterization,occlusion_recovery,trial_001,event_001,exp1_system_characterization/occlusion_recovery,Arrival-Hold,EgoAnchor,EgoAnchor,rotation_error_deg_median,39.788394537666505,3.388109115170667,-36.40028542249584,1
20260717_205539_controller_right,exp1_system_characterization,occlusion_recovery,trial_001,event_001,exp1_system_characterization/occlusion_recovery,Arrival-Hold,EgoAnchor,EgoAnchor,rotation_error_deg_iqr,34.85137626169507,0.0,-34.85137626169507,1
20260717_205539_controller_right,exp1_system_characterization,occlusion_recovery,trial_001,event_001,exp1_system_characterization/occlusion_recovery,Arrival-Hold,EgoAnchor,EgoAnchor,rotation_error_deg_p95,39.788394537666505,5.6643750903528245,-34.12401944731368,1
20260717_205539_controller_right,exp1_system_characterization,occlusion_recovery,trial_001,event_001,exp1_system_characterization/occlusion_recovery,Arrival-Hold,EgoAnchor,EgoAnchor,candidate_arrival_p50_ms,27.994600000965875,27.91609999985667,-0.07850000110920519,1
20260717_205539_controller_right,exp1_system_characterization,occlusion_recovery,trial_001,event_001,exp1_system_characterization/occlusion_recovery,Arrival-Hold,EgoAnchor,EgoAnchor,candidate_arrival_p95_ms,333.1864199994011,333.1035199997127,-0.08289999968837947,1
20260717_205539_controller_right,exp1_system_characterization,occlusion_recovery,trial_001,event_001,exp1_system_characterization/occlusion_recovery,Arrival-Hold,EgoAnchor,EgoAnchor,candidate_processing_p50_ms,32.10580000281334,32.10580000281334,0.0,1
20260717_205539_controller_right,exp1_system_characterization,occlusion_recovery,trial_001,event_001,exp1_system_characterization/occlusion_recovery,Arrival-Hold,EgoAnchor,EgoAnchor,candidate_processing_p95_ms,89.91127999797455,89.91127999797455,0.0,1
20260717_205539_controller_right,exp1_system_characterization,occlusion_recovery,trial_001,event_001,exp1_system_characterization/occlusion_recovery,Arrival-Hold,EgoAnchor,EgoAnchor,observation_age_p50_ms,69.08860000112327,276.5198999986751,207.43129999755183,1
20260717_205539_controller_right,exp1_system_characterization,occlusion_recovery,trial_001,event_001,exp1_system_characterization/occlusion_recovery,Arrival-Hold,EgoAnchor,EgoAnchor,observation_age_p95_ms,694.5384200036641,973.2198199999401,278.681399996276,1
20260717_205539_controller_right,exp1_system_characterization,occlusion_recovery,trial_001,event_001,exp1_system_characterization/occlusion_recovery,Arrival-Hold,EgoAnchor,EgoAnchor,smoothing_delay_p50_ms,69.08860000112327,872.8092500023195,803.7206500011962,1
20260717_205539_controller_right,exp1_system_characterization,occlusion_recovery,trial_001,event_001,exp1_system_characterization/occlusion_recovery,Arrival-Hold,EgoAnchor,EgoAnchor,smoothing_delay_p95_ms,694.5384200036641,900.1173250035208,205.57890499985672,1
20260717_205539_controller_right,exp1_system_characterization,occlusion_recovery,trial_001,event_001,exp1_system_characterization/occlusion_recovery,Arrival-Hold,EgoAnchor,EgoAnchor,visual_perception_hz,13.29365988248974,13.29365988248974,0.0,1
20260717_205539_controller_right,exp1_system_characterization,occlusion_recovery,trial_001,event_001,exp1_system_characterization/occlusion_recovery,Arrival-Hold,EgoAnchor,EgoAnchor,render_hz,64.00698826132304,64.00698826132304,0.0,1
20260717_205539_controller_right,exp1_system_characterization,occlusion_recovery,trial_001,event_002,exp1_system_characterization/occlusion_recovery,Arrival-Hold,Capture-Hold,Capture-Hold,reference_coverage,1.0,1.0,0.0,1
20260717_205539_controller_right,exp1_system_characterization,occlusion_recovery,trial_001,event_002,exp1_system_characterization/occlusion_recovery,Arrival-Hold,Capture-Hold,Capture-Hold,display_coverage,1.0,1.0,0.0,1
20260717_205539_controller_right,exp1_system_characterization,occlusion_recovery,trial_001,event_002,exp1_system_characterization/occlusion_recovery,Arrival-Hold,Capture-Hold,Capture-Hold,output_coverage,1.0,1.0,0.0,1
20260717_205539_controller_right,exp1_system_characterization,occlusion_recovery,trial_001,event_002,exp1_system_characterization/occlusion_recovery,Arrival-Hold,Capture-Hold,Capture-Hold,translation_error_mm_median,2.643104429460227,2.406905104962446,-0.23619932449778114,1
20260717_205539_controller_right,exp1_system_characterization,occlusion_recovery,trial_001,event_002,exp1_system_characterization/occlusion_recovery,Arrival-Hold,Capture-Hold,Capture-Hold,translation_error_mm_iqr,0.6537942942606314,0.7444272517327128,0.09063295747208144,1
20260717_205539_controller_right,exp1_system_characterization,occlusion_recovery,trial_001,event_002,exp1_system_characterization/occlusion_recovery,Arrival-Hold,Capture-Hold,Capture-Hold,translation_error_mm_p95,3.9285065098916365,3.44475143397697,-0.4837550759146665,1
20260717_205539_controller_right,exp1_system_characterization,occlusion_recovery,trial_001,event_002,exp1_system_characterization/occlusion_recovery,Arrival-Hold,Capture-Hold,Capture-Hold,rotation_error_deg_median,2.826238865511054,2.841007512149767,0.014768646638712912,1
20260717_205539_controller_right,exp1_system_characterization,occlusion_recovery,trial_001,event_002,exp1_system_characterization/occlusion_recovery,Arrival-Hold,Capture-Hold,Capture-Hold,rotation_error_deg_iqr,1.608981699468135,1.6017281431548667,-0.0072535563132682945,1
20260717_205539_controller_right,exp1_system_characterization,occlusion_recovery,trial_001,event_002,exp1_system_characterization/occlusion_recovery,Arrival-Hold,Capture-Hold,Capture-Hold,rotation_error_deg_p95,5.556591695034094,5.562090163263228,0.005498468229133913,1
20260717_205539_controller_right,exp1_system_characterization,occlusion_recovery,trial_001,event_002,exp1_system_characterization/occlusion_recovery,Arrival-Hold,Capture-Hold,Capture-Hold,candidate_arrival_p50_ms,166.58304999873508,166.61539999768138,0.03234999894630164,1
20260717_205539_controller_right,exp1_system_characterization,occlusion_recovery,trial_001,event_002,exp1_system_characterization/occlusion_recovery,Arrival-Hold,Capture-Hold,Capture-Hold,candidate_arrival_p95_ms,194.96973500099557,195.00249500051723,0.032759999521658756,1
20260717_205539_controller_right,exp1_system_characterization,occlusion_recovery,trial_001,event_002,exp1_system_characterization/occlusion_recovery,Arrival-Hold,Capture-Hold,Capture-Hold,candidate_processing_p50_ms,73.7969000004232,73.7969000004232,0.0,1
20260717_205539_controller_right,exp1_system_characterization,occlusion_recovery,trial_001,event_002,exp1_system_characterization/occlusion_recovery,Arrival-Hold,Capture-Hold,Capture-Hold,candidate_processing_p95_ms,80.47766500320284,80.47766500320284,0.0,1
20260717_205539_controller_right,exp1_system_characterization,occlusion_recovery,trial_001,event_002,exp1_system_characterization/occlusion_recovery,Arrival-Hold,Capture-Hold,Capture-Hold,observation_age_p50_ms,48.944800000754185,216.11049999773968,167.1656999969855,1
20260717_205539_controller_right,exp1_system_characterization,occlusion_recovery,trial_001,event_002,exp1_system_characterization/occlusion_recovery,Arrival-Hold,Capture-Hold,Capture-Hold,observation_age_p95_ms,97.70450000360142,265.3186600000481,167.6141599964467,1
20260717_205539_controller_right,exp1_system_characterization,occlusion_recovery,trial_001,event_002,exp1_system_characterization/occlusion_recovery,Arrival-Hold,Capture-Hold,Capture-Hold,smoothing_delay_p50_ms,48.944800000754185,216.11049999773968,167.1656999969855,1
20260717_205539_controller_right,exp1_system_characterization,occlusion_recovery,trial_001,event_002,exp1_system_characterization/occlusion_recovery,Arrival-Hold,Capture-Hold,Capture-Hold,smoothing_delay_p95_ms,97.70450000360142,265.3186600000481,167.6141599964467,1
20260717_205539_controller_right,exp1_system_characterization,occlusion_recovery,trial_001,event_002,exp1_system_characterization/occlusion_recovery,Arrival-Hold,Capture-Hold,Capture-Hold,visual_perception_hz,9.873011286145385,9.873011286145385,0.0,1
20260717_205539_controller_right,exp1_system_characterization,occlusion_recovery,trial_001,event_002,exp1_system_characterization/occlusion_recovery,Arrival-Hold,Capture-Hold,Capture-Hold,render_hz,66.98839959277817,66.98839959277817,0.0,1
20260717_205539_controller_right,exp1_system_characterization,occlusion_recovery,trial_001,event_002,exp1_system_characterization/occlusion_recovery,Arrival-Hold,One-Euro Anchor,One-Euro Anchor,reference_coverage,1.0,1.0,0.0,1
20260717_205539_controller_right,exp1_system_characterization,occlusion_recovery,trial_001,event_002,exp1_system_characterization/occlusion_recovery,Arrival-Hold,One-Euro Anchor,One-Euro Anchor,display_coverage,1.0,1.0,0.0,1
20260717_205539_controller_right,exp1_system_characterization,occlusion_recovery,trial_001,event_002,exp1_system_characterization/occlusion_recovery,Arrival-Hold,One-Euro Anchor,One-Euro Anchor,output_coverage,1.0,1.0,0.0,1
20260717_205539_controller_right,exp1_system_characterization,occlusion_recovery,trial_001,event_002,exp1_system_characterization/occlusion_recovery,Arrival-Hold,One-Euro Anchor,One-Euro Anchor,translation_error_mm_median,2.643104429460227,2.525933031186227,-0.11717139827399992,1
20260717_205539_controller_right,exp1_system_characterization,occlusion_recovery,trial_001,event_002,exp1_system_characterization/occlusion_recovery,Arrival-Hold,One-Euro Anchor,One-Euro Anchor,translation_error_mm_iqr,0.6537942942606314,0.480136719403061,-0.17365757485757038,1
20260717_205539_controller_right,exp1_system_characterization,occlusion_recovery,trial_001,event_002,exp1_system_characterization/occlusion_recovery,Arrival-Hold,One-Euro Anchor,One-Euro Anchor,translation_error_mm_p95,3.9285065098916365,2.8927344323729787,-1.0357720775186579,1
20260717_205539_controller_right,exp1_system_characterization,occlusion_recovery,trial_001,event_002,exp1_system_characterization/occlusion_recovery,Arrival-Hold,One-Euro Anchor,One-Euro Anchor,rotation_error_deg_median,2.826238865511054,2.8126980653940628,-0.013540800116991214,1
20260717_205539_controller_right,exp1_system_characterization,occlusion_recovery,trial_001,event_002,exp1_system_characterization/occlusion_recovery,Arrival-Hold,One-Euro Anchor,One-Euro Anchor,rotation_error_deg_iqr,1.608981699468135,0.8976236214296587,-0.7113580780384763,1
20260717_205539_controller_right,exp1_system_characterization,occlusion_recovery,trial_001,event_002,exp1_system_characterization/occlusion_recovery,Arrival-Hold,One-Euro Anchor,One-Euro Anchor,rotation_error_deg_p95,5.556591695034094,4.747195216126678,-0.8093964789074164,1
20260717_205539_controller_right,exp1_system_characterization,occlusion_recovery,trial_001,event_002,exp1_system_characterization/occlusion_recovery,Arrival-Hold,One-Euro Anchor,One-Euro Anchor,candidate_arrival_p50_ms,166.58304999873508,166.6451999990386,0.06215000030351803,1
20260717_205539_controller_right,exp1_system_characterization,occlusion_recovery,trial_001,event_002,exp1_system_characterization/occlusion_recovery,Arrival-Hold,One-Euro Anchor,One-Euro Anchor,candidate_arrival_p95_ms,194.96973500099557,195.03185000248777,0.06211500149220228,1
20260717_205539_controller_right,exp1_system_characterization,occlusion_recovery,trial_001,event_002,exp1_system_characterization/occlusion_recovery,Arrival-Hold,One-Euro Anchor,One-Euro Anchor,candidate_processing_p50_ms,73.7969000004232,73.7969000004232,0.0,1
20260717_205539_controller_right,exp1_system_characterization,occlusion_recovery,trial_001,event_002,exp1_system_characterization/occlusion_recovery,Arrival-Hold,One-Euro Anchor,One-Euro Anchor,candidate_processing_p95_ms,80.47766500320284,80.47766500320284,0.0,1
20260717_205539_controller_right,exp1_system_characterization,occlusion_recovery,trial_001,event_002,exp1_system_characterization/occlusion_recovery,Arrival-Hold,One-Euro Anchor,One-Euro Anchor,observation_age_p50_ms,48.944800000754185,216.11139999731677,167.16659999656258,1
20260717_205539_controller_right,exp1_system_characterization,occlusion_recovery,trial_001,event_002,exp1_system_characterization/occlusion_recovery,Arrival-Hold,One-Euro Anchor,One-Euro Anchor,observation_age_p95_ms,97.70450000360142,265.31945999886375,167.61495999526232,1
20260717_205539_controller_right,exp1_system_characterization,occlusion_recovery,trial_001,event_002,exp1_system_characterization/occlusion_recovery,Arrival-Hold,One-Euro Anchor,One-Euro Anchor,smoothing_delay_p50_ms,48.944800000754185,216.11139999731677,167.16659999656258,1
20260717_205539_controller_right,exp1_system_characterization,occlusion_recovery,trial_001,event_002,exp1_system_characterization/occlusion_recovery,Arrival-Hold,One-Euro Anchor,One-Euro Anchor,smoothing_delay_p95_ms,97.70450000360142,265.31945999886375,167.61495999526232,1
20260717_205539_controller_right,exp1_system_characterization,occlusion_recovery,trial_001,event_002,exp1_system_characterization/occlusion_recovery,Arrival-Hold,One-Euro Anchor,One-Euro Anchor,visual_perception_hz,9.873011286145385,9.873011286145385,0.0,1
20260717_205539_controller_right,exp1_system_characterization,occlusion_recovery,trial_001,event_002,exp1_system_characterization/occlusion_recovery,Arrival-Hold,One-Euro Anchor,One-Euro Anchor,render_hz,66.98839959277817,66.98839959277817,0.0,1
20260717_205539_controller_right,exp1_system_characterization,occlusion_recovery,trial_001,event_002,exp1_system_characterization/occlusion_recovery,Arrival-Hold,EgoAnchor,EgoAnchor,reference_coverage,1.0,1.0,0.0,1
20260717_205539_controller_right,exp1_system_characterization,occlusion_recovery,trial_001,event_002,exp1_system_characterization/occlusion_recovery,Arrival-Hold,EgoAnchor,EgoAnchor,display_coverage,1.0,1.0,0.0,1
20260717_205539_controller_right,exp1_system_characterization,occlusion_recovery,trial_001,event_002,exp1_system_characterization/occlusion_recovery,Arrival-Hold,EgoAnchor,EgoAnchor,output_coverage,1.0,1.0,0.0,1
20260717_205539_controller_right,exp1_system_characterization,occlusion_recovery,trial_001,event_002,exp1_system_characterization/occlusion_recovery,Arrival-Hold,EgoAnchor,EgoAnchor,translation_error_mm_median,2.643104429460227,2.522919395948168,-0.12018503351205911,1
20260717_205539_controller_right,exp1_system_characterization,occlusion_recovery,trial_001,event_002,exp1_system_characterization/occlusion_recovery,Arrival-Hold,EgoAnchor,EgoAnchor,translation_error_mm_iqr,0.6537942942606314,0.055432176898647434,-0.598362117361984,1
20260717_205539_controller_right,exp1_system_characterization,occlusion_recovery,trial_001,event_002,exp1_system_characterization/occlusion_recovery,Arrival-Hold,EgoAnchor,EgoAnchor,translation_error_mm_p95,3.9285065098916365,2.5448818470548784,-1.3836246628367581,1
20260717_205539_controller_right,exp1_system_characterization,occlusion_recovery,trial_001,event_002,exp1_system_characterization/occlusion_recovery,Arrival-Hold,EgoAnchor,EgoAnchor,rotation_error_deg_median,2.826238865511054,5.359481101726909,2.5332422362158553,1
20260717_205539_controller_right,exp1_system_characterization,occlusion_recovery,trial_001,event_002,exp1_system_characterization/occlusion_recovery,Arrival-Hold,EgoAnchor,EgoAnchor,rotation_error_deg_iqr,1.608981699468135,0.4602962454516808,-1.1486854540164542,1
20260717_205539_controller_right,exp1_system_characterization,occlusion_recovery,trial_001,event_002,exp1_system_characterization/occlusion_recovery,Arrival-Hold,EgoAnchor,EgoAnchor,rotation_error_deg_p95,5.556591695034094,5.6643750903528245,0.10778339531873016,1
20260717_205539_controller_right,exp1_system_characterization,occlusion_recovery,trial_001,event_002,exp1_system_characterization/occlusion_recovery,Arrival-Hold,EgoAnchor,EgoAnchor,candidate_arrival_p50_ms,166.58304999873508,166.50359999766806,-0.07945000106701627,1
20260717_205539_controller_right,exp1_system_characterization,occlusion_recovery,trial_001,event_002,exp1_system_characterization/occlusion_recovery,Arrival-Hold,EgoAnchor,EgoAnchor,candidate_arrival_p95_ms,194.96973500099557,194.88329500309192,-0.08643999790365342,1
20260717_205539_controller_right,exp1_system_characterization,occlusion_recovery,trial_001,event_002,exp1_system_characterization/occlusion_recovery,Arrival-Hold,EgoAnchor,EgoAnchor,candidate_processing_p50_ms,73.7969000004232,73.7969000004232,0.0,1
20260717_205539_controller_right,exp1_system_characterization,occlusion_recovery,trial_001,event_002,exp1_system_characterization/occlusion_recovery,Arrival-Hold,EgoAnchor,EgoAnchor,candidate_processing_p95_ms,80.47766500320284,80.47766500320284,0.0,1
20260717_205539_controller_right,exp1_system_characterization,occlusion_recovery,trial_001,event_002,exp1_system_characterization/occlusion_recovery,Arrival-Hold,EgoAnchor,EgoAnchor,observation_age_p50_ms,48.944800000754185,216.10080000391463,167.15600000316044,1
20260717_205539_controller_right,exp1_system_characterization,occlusion_recovery,trial_001,event_002,exp1_system_characterization/occlusion_recovery,Arrival-Hold,EgoAnchor,EgoAnchor,observation_age_p95_ms,97.70450000360142,265.3082299984817,167.60372999488027,1
20260717_205539_controller_right,exp1_system_characterization,occlusion_recovery,trial_001,event_002,exp1_system_characterization/occlusion_recovery,Arrival-Hold,EgoAnchor,EgoAnchor,smoothing_delay_p50_ms,48.944800000754185,,,0
20260717_205539_controller_right,exp1_system_characterization,occlusion_recovery,trial_001,event_002,exp1_system_characterization/occlusion_recovery,Arrival-Hold,EgoAnchor,EgoAnchor,smoothing_delay_p95_ms,97.70450000360142,,,0
20260717_205539_controller_right,exp1_system_characterization,occlusion_recovery,trial_001,event_002,exp1_system_characterization/occlusion_recovery,Arrival-Hold,EgoAnchor,EgoAnchor,visual_perception_hz,9.873011286145385,9.873011286145385,0.0,1
20260717_205539_controller_right,exp1_system_characterization,occlusion_recovery,trial_001,event_002,exp1_system_characterization/occlusion_recovery,Arrival-Hold,EgoAnchor,EgoAnchor,render_hz,66.98839959277817,66.98839959277817,0.0,1
20260717_205539_controller_right,exp1_system_characterization,occlusion_recovery,trial_001,event_003,exp1_system_characterization/occlusion_recovery,Arrival-Hold,Capture-Hold,Capture-Hold,reference_coverage,1.0,1.0,0.0,1
20260717_205539_controller_right,exp1_system_characterization,occlusion_recovery,trial_001,event_003,exp1_system_characterization/occlusion_recovery,Arrival-Hold,Capture-Hold,Capture-Hold,display_coverage,1.0,1.0,0.0,1
20260717_205539_controller_right,exp1_system_characterization,occlusion_recovery,trial_001,event_003,exp1_system_characterization/occlusion_recovery,Arrival-Hold,Capture-Hold,Capture-Hold,output_coverage,0.546875,0.546875,0.0,1
20260717_205539_controller_right,exp1_system_characterization,occlusion_recovery,trial_001,event_003,exp1_system_characterization/occlusion_recovery,Arrival-Hold,Capture-Hold,Capture-Hold,translation_error_mm_median,21.114158949611145,20.977197857732097,-0.1369610918790478,1
20260717_205539_controller_right,exp1_system_characterization,occlusion_recovery,trial_001,event_003,exp1_system_characterization/occlusion_recovery,Arrival-Hold,Capture-Hold,Capture-Hold,translation_error_mm_iqr,17.707175740943384,18.124129492663556,0.4169537517201718,1
20260717_205539_controller_right,exp1_system_characterization,occlusion_recovery,trial_001,event_003,exp1_system_characterization/occlusion_recovery,Arrival-Hold,Capture-Hold,Capture-Hold,translation_error_mm_p95,21.114158949611145,20.977197857732097,-0.1369610918790478,1
20260717_205539_controller_right,exp1_system_characterization,occlusion_recovery,trial_001,event_003,exp1_system_characterization/occlusion_recovery,Arrival-Hold,Capture-Hold,Capture-Hold,rotation_error_deg_median,20.16058590973953,20.24433984207006,0.08375393233053074,1
20260717_205539_controller_right,exp1_system_characterization,occlusion_recovery,trial_001,event_003,exp1_system_characterization/occlusion_recovery,Arrival-Hold,Capture-Hold,Capture-Hold,rotation_error_deg_iqr,16.055514891426313,15.96255086288733,-0.092964028538983,1
20260717_205539_controller_right,exp1_system_characterization,occlusion_recovery,trial_001,event_003,exp1_system_characterization/occlusion_recovery,Arrival-Hold,Capture-Hold,Capture-Hold,rotation_error_deg_p95,20.16058590973953,20.24433984207006,0.08375393233053074,1
20260717_205539_controller_right,exp1_system_characterization,occlusion_recovery,trial_001,event_003,exp1_system_characterization/occlusion_recovery,Arrival-Hold,Capture-Hold,Capture-Hold,candidate_arrival_p50_ms,-41.657699999632314,-41.62429999996675,0.03339999966556206,1
20260717_205539_controller_right,exp1_system_characterization,occlusion_recovery,trial_001,event_003,exp1_system_characterization/occlusion_recovery,Arrival-Hold,Capture-Hold,Capture-Hold,candidate_arrival_p95_ms,194.28850000258535,194.3219000058889,0.03340000330354087,1
20260717_205539_controller_right,exp1_system_characterization,occlusion_recovery,trial_001,event_003,exp1_system_characterization/occlusion_recovery,Arrival-Hold,Capture-Hold,Capture-Hold,candidate_processing_p50_ms,31.595900002866983,31.595900002866983,0.0,1
20260717_205539_controller_right,exp1_system_characterization,occlusion_recovery,trial_001,event_003,exp1_system_characterization/occlusion_recovery,Arrival-Hold,Capture-Hold,Capture-Hold,candidate_processing_p95_ms,77.10715500004588,77.10715500004588,0.0,1
20260717_205539_controller_right,exp1_system_characterization,occlusion_recovery,trial_001,event_003,exp1_system_characterization/occlusion_recovery,Arrival-Hold,Capture-Hold,Capture-Hold,observation_age_p50_ms,69.45550000091316,256.8774499995925,187.42194999867934,1
20260717_205539_controller_right,exp1_system_characterization,occlusion_recovery,trial_001,event_003,exp1_system_characterization/occlusion_recovery,Arrival-Hold,Capture-Hold,Capture-Hold,observation_age_p95_ms,808.2279500034927,1008.1861250007931,199.9581749973005,1
20260717_205539_controller_right,exp1_system_characterization,occlusion_recovery,trial_001,event_003,exp1_system_characterization/occlusion_recovery,Arrival-Hold,Capture-Hold,Capture-Hold,smoothing_delay_p50_ms,69.45550000091316,256.8774499995925,187.42194999867934,1
20260717_205539_controller_right,exp1_system_characterization,occlusion_recovery,trial_001,event_003,exp1_system_characterization/occlusion_recovery,Arrival-Hold,Capture-Hold,Capture-Hold,smoothing_delay_p95_ms,808.2279500034927,1008.1861250007931,199.9581749973005,1
20260717_205539_controller_right,exp1_system_characterization,occlusion_recovery,trial_001,event_003,exp1_system_characterization/occlusion_recovery,Arrival-Hold,Capture-Hold,Capture-Hold,visual_perception_hz,13.22728611724467,13.22728611724467,0.0,1
20260717_205539_controller_right,exp1_system_characterization,occlusion_recovery,trial_001,event_003,exp1_system_characterization/occlusion_recovery,Arrival-Hold,Capture-Hold,Capture-Hold,render_hz,64.79351247716743,64.79351247716743,0.0,1
20260717_205539_controller_right,exp1_system_characterization,occlusion_recovery,trial_001,event_003,exp1_system_characterization/occlusion_recovery,Arrival-Hold,One-Euro Anchor,One-Euro Anchor,reference_coverage,1.0,1.0,0.0,1
20260717_205539_controller_right,exp1_system_characterization,occlusion_recovery,trial_001,event_003,exp1_system_characterization/occlusion_recovery,Arrival-Hold,One-Euro Anchor,One-Euro Anchor,display_coverage,1.0,1.0,0.0,1
20260717_205539_controller_right,exp1_system_characterization,occlusion_recovery,trial_001,event_003,exp1_system_characterization/occlusion_recovery,Arrival-Hold,One-Euro Anchor,One-Euro Anchor,output_coverage,0.546875,0.546875,0.0,1
20260717_205539_controller_right,exp1_system_characterization,occlusion_recovery,trial_001,event_003,exp1_system_characterization/occlusion_recovery,Arrival-Hold,One-Euro Anchor,One-Euro Anchor,translation_error_mm_median,21.114158949611145,7.95043706199575,-13.163721887615395,1
20260717_205539_controller_right,exp1_system_characterization,occlusion_recovery,trial_001,event_003,exp1_system_characterization/occlusion_recovery,Arrival-Hold,One-Euro Anchor,One-Euro Anchor,translation_error_mm_iqr,17.707175740943384,5.422009290845583,-12.285166450097801,1
20260717_205539_controller_right,exp1_system_characterization,occlusion_recovery,trial_001,event_003,exp1_system_characterization/occlusion_recovery,Arrival-Hold,One-Euro Anchor,One-Euro Anchor,translation_error_mm_p95,21.114158949611145,7.95043706199575,-13.163721887615395,1
20260717_205539_controller_right,exp1_system_characterization,occlusion_recovery,trial_001,event_003,exp1_system_characterization/occlusion_recovery,Arrival-Hold,One-Euro Anchor,One-Euro Anchor,rotation_error_deg_median,20.16058590973953,7.311044457388233,-12.849541452351298,1
20260717_205539_controller_right,exp1_system_characterization,occlusion_recovery,trial_001,event_003,exp1_system_characterization/occlusion_recovery,Arrival-Hold,One-Euro Anchor,One-Euro Anchor,rotation_error_deg_iqr,16.055514891426313,3.9099819824905393,-12.145532908935774,1
20260717_205539_controller_right,exp1_system_characterization,occlusion_recovery,trial_001,event_003,exp1_system_characterization/occlusion_recovery,Arrival-Hold,One-Euro Anchor,One-Euro Anchor,rotation_error_deg_p95,20.16058590973953,7.311044457388233,-12.849541452351298,1
20260717_205539_controller_right,exp1_system_characterization,occlusion_recovery,trial_001,event_003,exp1_system_characterization/occlusion_recovery,Arrival-Hold,One-Euro Anchor,One-Euro Anchor,candidate_arrival_p50_ms,-41.657699999632314,-41.59870000148658,0.058999998145736754,1
20260717_205539_controller_right,exp1_system_characterization,occlusion_recovery,trial_001,event_003,exp1_system_characterization/occlusion_recovery,Arrival-Hold,One-Euro Anchor,One-Euro Anchor,candidate_arrival_p95_ms,194.28850000258535,194.35100000191596,0.0624999993306119,1
20260717_205539_controller_right,exp1_system_characterization,occlusion_recovery,trial_001,event_003,exp1_system_characterization/occlusion_recovery,Arrival-Hold,One-Euro Anchor,One-Euro Anchor,candidate_processing_p50_ms,31.595900002866983,31.595900002866983,0.0,1
20260717_205539_controller_right,exp1_system_characterization,occlusion_recovery,trial_001,event_003,exp1_system_characterization/occlusion_recovery,Arrival-Hold,One-Euro Anchor,One-Euro Anchor,candidate_processing_p95_ms,77.10715500004588,77.10715500004588,0.0,1
20260717_205539_controller_right,exp1_system_characterization,occlusion_recovery,trial_001,event_003,exp1_system_characterization/occlusion_recovery,Arrival-Hold,One-Euro Anchor,One-Euro Anchor,observation_age_p50_ms,69.45550000091316,256.87824999840814,187.42274999749498,1
20260717_205539_controller_right,exp1_system_characterization,occlusion_recovery,trial_001,event_003,exp1_system_characterization/occlusion_recovery,Arrival-Hold,One-Euro Anchor,One-Euro Anchor,observation_age_p95_ms,808.2279500034927,1008.1873049955901,199.95935499209747,1
20260717_205539_controller_right,exp1_system_characterization,occlusion_recovery,trial_001,event_003,exp1_system_characterization/occlusion_recovery,Arrival-Hold,One-Euro Anchor,One-Euro Anchor,smoothing_delay_p50_ms,69.45550000091316,256.87824999840814,187.42274999749498,1
20260717_205539_controller_right,exp1_system_characterization,occlusion_recovery,trial_001,event_003,exp1_system_characterization/occlusion_recovery,Arrival-Hold,One-Euro Anchor,One-Euro Anchor,smoothing_delay_p95_ms,808.2279500034927,1008.1873049955901,199.95935499209747,1
20260717_205539_controller_right,exp1_system_characterization,occlusion_recovery,trial_001,event_003,exp1_system_characterization/occlusion_recovery,Arrival-Hold,One-Euro Anchor,One-Euro Anchor,visual_perception_hz,13.22728611724467,13.22728611724467,0.0,1
20260717_205539_controller_right,exp1_system_characterization,occlusion_recovery,trial_001,event_003,exp1_system_characterization/occlusion_recovery,Arrival-Hold,One-Euro Anchor,One-Euro Anchor,render_hz,64.79351247716743,64.79351247716743,0.0,1
20260717_205539_controller_right,exp1_system_characterization,occlusion_recovery,trial_001,event_003,exp1_system_characterization/occlusion_recovery,Arrival-Hold,EgoAnchor,EgoAnchor,reference_coverage,1.0,1.0,0.0,1
20260717_205539_controller_right,exp1_system_characterization,occlusion_recovery,trial_001,event_003,exp1_system_characterization/occlusion_recovery,Arrival-Hold,EgoAnchor,EgoAnchor,display_coverage,1.0,1.0,0.0,1
20260717_205539_controller_right,exp1_system_characterization,occlusion_recovery,trial_001,event_003,exp1_system_characterization/occlusion_recovery,Arrival-Hold,EgoAnchor,EgoAnchor,output_coverage,0.546875,0.5390625,-0.0078125,1
20260717_205539_controller_right,exp1_system_characterization,occlusion_recovery,trial_001,event_003,exp1_system_characterization/occlusion_recovery,Arrival-Hold,EgoAnchor,EgoAnchor,translation_error_mm_median,21.114158949611145,2.515053106103934,-18.59910584350721,1
20260717_205539_controller_right,exp1_system_characterization,occlusion_recovery,trial_001,event_003,exp1_system_characterization/occlusion_recovery,Arrival-Hold,EgoAnchor,EgoAnchor,translation_error_mm_iqr,17.707175740943384,0.002011190374246574,-17.705164550569137,1
20260717_205539_controller_right,exp1_system_characterization,occlusion_recovery,trial_001,event_003,exp1_system_characterization/occlusion_recovery,Arrival-Hold,EgoAnchor,EgoAnchor,translation_error_mm_p95,21.114158949611145,2.515053106103934,-18.59910584350721,1
20260717_205539_controller_right,exp1_system_characterization,occlusion_recovery,trial_001,event_003,exp1_system_characterization/occlusion_recovery,Arrival-Hold,EgoAnchor,EgoAnchor,rotation_error_deg_median,20.16058590973953,4.778156161871435,-15.382429747868095,1
20260717_205539_controller_right,exp1_system_characterization,occlusion_recovery,trial_001,event_003,exp1_system_characterization/occlusion_recovery,Arrival-Hold,EgoAnchor,EgoAnchor,rotation_error_deg_iqr,16.055514891426313,0.0,-16.055514891426313,1
20260717_205539_controller_right,exp1_system_characterization,occlusion_recovery,trial_001,event_003,exp1_system_characterization/occlusion_recovery,Arrival-Hold,EgoAnchor,EgoAnchor,rotation_error_deg_p95,20.16058590973953,4.873495058156992,-15.287090851582539,1
20260717_205539_controller_right,exp1_system_characterization,occlusion_recovery,trial_001,event_003,exp1_system_characterization/occlusion_recovery,Arrival-Hold,EgoAnchor,EgoAnchor,candidate_arrival_p50_ms,-41.657699999632314,-41.735099999641534,-0.0774000000092201,1
20260717_205539_controller_right,exp1_system_characterization,occlusion_recovery,trial_001,event_003,exp1_system_characterization/occlusion_recovery,Arrival-Hold,EgoAnchor,EgoAnchor,candidate_arrival_p95_ms,194.28850000258535,194.20465000439435,-0.08384999819099903,1
20260717_205539_controller_right,exp1_system_characterization,occlusion_recovery,trial_001,event_003,exp1_system_characterization/occlusion_recovery,Arrival-Hold,EgoAnchor,EgoAnchor,candidate_processing_p50_ms,31.595900002866983,31.595900002866983,0.0,1
20260717_205539_controller_right,exp1_system_characterization,occlusion_recovery,trial_001,event_003,exp1_system_characterization/occlusion_recovery,Arrival-Hold,EgoAnchor,EgoAnchor,candidate_processing_p95_ms,77.10715500004588,77.10715500004588,0.0,1
20260717_205539_controller_right,exp1_system_characterization,occlusion_recovery,trial_001,event_003,exp1_system_characterization/occlusion_recovery,Arrival-Hold,EgoAnchor,EgoAnchor,observation_age_p50_ms,69.45550000091316,264.08565000019735,194.63014999928419,1
20260717_205539_controller_right,exp1_system_characterization,occlusion_recovery,trial_001,event_003,exp1_system_characterization/occlusion_recovery,Arrival-Hold,EgoAnchor,EgoAnchor,observation_age_p95_ms,808.2279500034927,1059.1679050008677,250.93995499737503,1
20260717_205539_controller_right,exp1_system_characterization,occlusion_recovery,trial_001,event_003,exp1_system_characterization/occlusion_recovery,Arrival-Hold,EgoAnchor,EgoAnchor,smoothing_delay_p50_ms,69.45550000091316,996.022900002572,926.5674000016588,1
20260717_205539_controller_right,exp1_system_characterization,occlusion_recovery,trial_001,event_003,exp1_system_characterization/occlusion_recovery,Arrival-Hold,EgoAnchor,EgoAnchor,smoothing_delay_p95_ms,808.2279500034927,1023.7283499991463,215.50039999565365,1
20260717_205539_controller_right,exp1_system_characterization,occlusion_recovery,trial_001,event_003,exp1_system_characterization/occlusion_recovery,Arrival-Hold,EgoAnchor,EgoAnchor,visual_perception_hz,13.22728611724467,13.22728611724467,0.0,1
20260717_205539_controller_right,exp1_system_characterization,occlusion_recovery,trial_001,event_003,exp1_system_characterization/occlusion_recovery,Arrival-Hold,EgoAnchor,EgoAnchor,render_hz,64.79351247716743,64.79351247716743,0.0,1
20260717_205539_controller_right,exp1_system_characterization,occlusion_recovery,trial_001,event_004,exp1_system_characterization/occlusion_recovery,Arrival-Hold,Capture-Hold,Capture-Hold,reference_coverage,1.0,1.0,0.0,1
20260717_205539_controller_right,exp1_system_characterization,occlusion_recovery,trial_001,event_004,exp1_system_characterization/occlusion_recovery,Arrival-Hold,Capture-Hold,Capture-Hold,display_coverage,1.0,1.0,0.0,1
20260717_205539_controller_right,exp1_system_characterization,occlusion_recovery,trial_001,event_004,exp1_system_characterization/occlusion_recovery,Arrival-Hold,Capture-Hold,Capture-Hold,output_coverage,1.0,1.0,0.0,1
20260717_205539_controller_right,exp1_system_characterization,occlusion_recovery,trial_001,event_004,exp1_system_characterization/occlusion_recovery,Arrival-Hold,Capture-Hold,Capture-Hold,translation_error_mm_median,1.8165407701808336,1.672333738273612,-0.1442070319072215,1
20260717_205539_controller_right,exp1_system_characterization,occlusion_recovery,trial_001,event_004,exp1_system_characterization/occlusion_recovery,Arrival-Hold,Capture-Hold,Capture-Hold,translation_error_mm_iqr,0.5839827035718104,0.5677118451064092,-0.016270858465401217,1
20260717_205539_controller_right,exp1_system_characterization,occlusion_recovery,trial_001,event_004,exp1_system_characterization/occlusion_recovery,Arrival-Hold,Capture-Hold,Capture-Hold,translation_error_mm_p95,2.479475728206996,2.3379680890881493,-0.14150763911884656,1
20260717_205539_controller_right,exp1_system_characterization,occlusion_recovery,trial_001,event_004,exp1_system_characterization/occlusion_recovery,Arrival-Hold,Capture-Hold,Capture-Hold,rotation_error_deg_median,3.4685348659307746,3.4767861111705063,0.008251245239731642,1
20260717_205539_controller_right,exp1_system_characterization,occlusion_recovery,trial_001,event_004,exp1_system_characterization/occlusion_recovery,Arrival-Hold,Capture-Hold,Capture-Hold,rotation_error_deg_iqr,1.1764422268121475,1.1252433068454502,-0.05119891996669734,1
20260717_205539_controller_right,exp1_system_characterization,occlusion_recovery,trial_001,event_004,exp1_system_characterization/occlusion_recovery,Arrival-Hold,Capture-Hold,Capture-Hold,rotation_error_deg_p95,4.185540372233538,4.157477501893443,-0.02806287034009447,1
20260717_205539_controller_right,exp1_system_characterization,occlusion_recovery,trial_001,event_004,exp1_system_characterization/occlusion_recovery,Arrival-Hold,Capture-Hold,Capture-Hold,candidate_arrival_p50_ms,181.5639500018733,181.60010000065085,0.03614999877754599,1
20260717_205539_controller_right,exp1_system_characterization,occlusion_recovery,trial_001,event_004,exp1_system_characterization/occlusion_recovery,Arrival-Hold,Capture-Hold,Capture-Hold,candidate_arrival_p95_ms,240.4179999994085,240.45534999822848,0.037349998819991015,1
20260717_205539_controller_right,exp1_system_characterization,occlusion_recovery,trial_001,event_004,exp1_system_characterization/occlusion_recovery,Arrival-Hold,Capture-Hold,Capture-Hold,candidate_processing_p50_ms,73.47164999693632,73.47164999693632,0.0,1
20260717_205539_controller_right,exp1_system_characterization,occlusion_recovery,trial_001,event_004,exp1_system_characterization/occlusion_recovery,Arrival-Hold,Capture-Hold,Capture-Hold,candidate_processing_p95_ms,86.51657500024885,86.51657500024885,0.0,1
20260717_205539_controller_right,exp1_system_characterization,occlusion_recovery,trial_001,event_004,exp1_system_characterization/occlusion_recovery,Arrival-Hold,Capture-Hold,Capture-Hold,observation_age_p50_ms,43.21989999880316,235.49980000098003,192.27990000217687,1
20260717_205539_controller_right,exp1_system_characterization,occlusion_recovery,trial_001,event_004,exp1_system_characterization/occlusion_recovery,Arrival-Hold,Capture-Hold,Capture-Hold,observation_age_p95_ms,98.35440999668207,318.7173399979656,220.36293000128353,1
20260717_205539_controller_right,exp1_system_characterization,occlusion_recovery,trial_001,event_004,exp1_system_characterization/occlusion_recovery,Arrival-Hold,Capture-Hold,Capture-Hold,smoothing_delay_p50_ms,43.21989999880316,235.49980000098003,192.27990000217687,1
20260717_205539_controller_right,exp1_system_characterization,occlusion_recovery,trial_001,event_004,exp1_system_characterization/occlusion_recovery,Arrival-Hold,Capture-Hold,Capture-Hold,smoothing_delay_p95_ms,98.35440999668207,318.7173399979656,220.36293000128353,1
20260717_205539_controller_right,exp1_system_characterization,occlusion_recovery,trial_001,event_004,exp1_system_characterization/occlusion_recovery,Arrival-Hold,Capture-Hold,Capture-Hold,visual_perception_hz,9.693352456745194,9.693352456745194,0.0,1
20260717_205539_controller_right,exp1_system_characterization,occlusion_recovery,trial_001,event_004,exp1_system_characterization/occlusion_recovery,Arrival-Hold,Capture-Hold,Capture-Hold,render_hz,66.17822216358556,66.17822216358556,0.0,1
20260717_205539_controller_right,exp1_system_characterization,occlusion_recovery,trial_001,event_004,exp1_system_characterization/occlusion_recovery,Arrival-Hold,One-Euro Anchor,One-Euro Anchor,reference_coverage,1.0,1.0,0.0,1
20260717_205539_controller_right,exp1_system_characterization,occlusion_recovery,trial_001,event_004,exp1_system_characterization/occlusion_recovery,Arrival-Hold,One-Euro Anchor,One-Euro Anchor,display_coverage,1.0,1.0,0.0,1
20260717_205539_controller_right,exp1_system_characterization,occlusion_recovery,trial_001,event_004,exp1_system_characterization/occlusion_recovery,Arrival-Hold,One-Euro Anchor,One-Euro Anchor,output_coverage,1.0,1.0,0.0,1
20260717_205539_controller_right,exp1_system_characterization,occlusion_recovery,trial_001,event_004,exp1_system_characterization/occlusion_recovery,Arrival-Hold,One-Euro Anchor,One-Euro Anchor,translation_error_mm_median,1.8165407701808336,1.6355315122298126,-0.18100925795102096,1
20260717_205539_controller_right,exp1_system_characterization,occlusion_recovery,trial_001,event_004,exp1_system_characterization/occlusion_recovery,Arrival-Hold,One-Euro Anchor,One-Euro Anchor,translation_error_mm_iqr,0.5839827035718104,0.50980821130421,-0.07417449226760042,1
20260717_205539_controller_right,exp1_system_characterization,occlusion_recovery,trial_001,event_004,exp1_system_characterization/occlusion_recovery,Arrival-Hold,One-Euro Anchor,One-Euro Anchor,translation_error_mm_p95,2.479475728206996,2.07530052274369,-0.4041752054633059,1
20260717_205539_controller_right,exp1_system_characterization,occlusion_recovery,trial_001,event_004,exp1_system_characterization/occlusion_recovery,Arrival-Hold,One-Euro Anchor,One-Euro Anchor,rotation_error_deg_median,3.4685348659307746,3.36619137929298,-0.1023434866377948,1
20260717_205539_controller_right,exp1_system_characterization,occlusion_recovery,trial_001,event_004,exp1_system_characterization/occlusion_recovery,Arrival-Hold,One-Euro Anchor,One-Euro Anchor,rotation_error_deg_iqr,1.1764422268121475,0.9797336122425127,-0.19670861456963484,1
20260717_205539_controller_right,exp1_system_characterization,occlusion_recovery,trial_001,event_004,exp1_system_characterization/occlusion_recovery,Arrival-Hold,One-Euro Anchor,One-Euro Anchor,rotation_error_deg_p95,4.185540372233538,4.059987873963164,-0.12555249827037418,1
20260717_205539_controller_right,exp1_system_characterization,occlusion_recovery,trial_001,event_004,exp1_system_characterization/occlusion_recovery,Arrival-Hold,One-Euro Anchor,One-Euro Anchor,candidate_arrival_p50_ms,181.5639500018733,181.63044999892008,0.06649999704677612,1
20260717_205539_controller_right,exp1_system_characterization,occlusion_recovery,trial_001,event_004,exp1_system_characterization/occlusion_recovery,Arrival-Hold,One-Euro Anchor,One-Euro Anchor,candidate_arrival_p95_ms,240.4179999994085,240.48892499922658,0.07092499981808942,1
20260717_205539_controller_right,exp1_system_characterization,occlusion_recovery,trial_001,event_004,exp1_system_characterization/occlusion_recovery,Arrival-Hold,One-Euro Anchor,One-Euro Anchor,candidate_processing_p50_ms,73.47164999693632,73.47164999693632,0.0,1
20260717_205539_controller_right,exp1_system_characterization,occlusion_recovery,trial_001,event_004,exp1_system_characterization/occlusion_recovery,Arrival-Hold,One-Euro Anchor,One-Euro Anchor,candidate_processing_p95_ms,86.51657500024885,86.51657500024885,0.0,1
20260717_205539_controller_right,exp1_system_characterization,occlusion_recovery,trial_001,event_004,exp1_system_characterization/occlusion_recovery,Arrival-Hold,One-Euro Anchor,One-Euro Anchor,observation_age_p50_ms,43.21989999880316,235.50049999903422,192.28060000023106,1
20260717_205539_controller_right,exp1_system_characterization,occlusion_recovery,trial_001,event_004,exp1_system_characterization/occlusion_recovery,Arrival-Hold,One-Euro Anchor,One-Euro Anchor,observation_age_p95_ms,98.35440999668207,318.71806000272045,220.36365000603837,1
20260717_205539_controller_right,exp1_system_characterization,occlusion_recovery,trial_001,event_004,exp1_system_characterization/occlusion_recovery,Arrival-Hold,One-Euro Anchor,One-Euro Anchor,smoothing_delay_p50_ms,43.21989999880316,235.50049999903422,192.28060000023106,1
20260717_205539_controller_right,exp1_system_characterization,occlusion_recovery,trial_001,event_004,exp1_system_characterization/occlusion_recovery,Arrival-Hold,One-Euro Anchor,One-Euro Anchor,smoothing_delay_p95_ms,98.35440999668207,318.71806000272045,220.36365000603837,1
20260717_205539_controller_right,exp1_system_characterization,occlusion_recovery,trial_001,event_004,exp1_system_characterization/occlusion_recovery,Arrival-Hold,One-Euro Anchor,One-Euro Anchor,visual_perception_hz,9.693352456745194,9.693352456745194,0.0,1
20260717_205539_controller_right,exp1_system_characterization,occlusion_recovery,trial_001,event_004,exp1_system_characterization/occlusion_recovery,Arrival-Hold,One-Euro Anchor,One-Euro Anchor,render_hz,66.17822216358556,66.17822216358556,0.0,1
20260717_205539_controller_right,exp1_system_characterization,occlusion_recovery,trial_001,event_004,exp1_system_characterization/occlusion_recovery,Arrival-Hold,EgoAnchor,EgoAnchor,reference_coverage,1.0,1.0,0.0,1
20260717_205539_controller_right,exp1_system_characterization,occlusion_recovery,trial_001,event_004,exp1_system_characterization/occlusion_recovery,Arrival-Hold,EgoAnchor,EgoAnchor,display_coverage,1.0,1.0,0.0,1
20260717_205539_controller_right,exp1_system_characterization,occlusion_recovery,trial_001,event_004,exp1_system_characterization/occlusion_recovery,Arrival-Hold,EgoAnchor,EgoAnchor,output_coverage,1.0,1.0,0.0,1
20260717_205539_controller_right,exp1_system_characterization,occlusion_recovery,trial_001,event_004,exp1_system_characterization/occlusion_recovery,Arrival-Hold,EgoAnchor,EgoAnchor,translation_error_mm_median,1.8165407701808336,1.5232969037870652,-0.2932438663937684,1
20260717_205539_controller_right,exp1_system_characterization,occlusion_recovery,trial_001,event_004,exp1_system_characterization/occlusion_recovery,Arrival-Hold,EgoAnchor,EgoAnchor,translation_error_mm_iqr,0.5839827035718104,0.07042640961983526,-0.5135562939519751,1
20260717_205539_controller_right,exp1_system_characterization,occlusion_recovery,trial_001,event_004,exp1_system_characterization/occlusion_recovery,Arrival-Hold,EgoAnchor,EgoAnchor,translation_error_mm_p95,2.479475728206996,1.5630810061156457,-0.9163947220913502,1
20260717_205539_controller_right,exp1_system_characterization,occlusion_recovery,trial_001,event_004,exp1_system_characterization/occlusion_recovery,Arrival-Hold,EgoAnchor,EgoAnchor,rotation_error_deg_median,3.4685348659307746,2.7293595781624638,-0.7391752877683109,1
20260717_205539_controller_right,exp1_system_characterization,occlusion_recovery,trial_001,event_004,exp1_system_characterization/occlusion_recovery,Arrival-Hold,EgoAnchor,EgoAnchor,rotation_error_deg_iqr,1.1764422268121475,0.2985060682937264,-0.8779361585184211,1
20260717_205539_controller_right,exp1_system_characterization,occlusion_recovery,trial_001,event_004,exp1_system_characterization/occlusion_recovery,Arrival-Hold,EgoAnchor,EgoAnchor,rotation_error_deg_p95,4.185540372233538,2.920344262717489,-1.2651961095160487,1
20260717_205539_controller_right,exp1_system_characterization,occlusion_recovery,trial_001,event_004,exp1_system_characterization/occlusion_recovery,Arrival-Hold,EgoAnchor,EgoAnchor,candidate_arrival_p50_ms,181.5639500018733,181.4804500027094,-0.08349999916390516,1
20260717_205539_controller_right,exp1_system_characterization,occlusion_recovery,trial_001,event_004,exp1_system_characterization/occlusion_recovery,Arrival-Hold,EgoAnchor,EgoAnchor,candidate_arrival_p95_ms,240.4179999994085,240.32987500140734,-0.08812499800114892,1
20260717_205539_controller_right,exp1_system_characterization,occlusion_recovery,trial_001,event_004,exp1_system_characterization/occlusion_recovery,Arrival-Hold,EgoAnchor,EgoAnchor,candidate_processing_p50_ms,73.47164999693632,73.47164999693632,0.0,1
20260717_205539_controller_right,exp1_system_characterization,occlusion_recovery,trial_001,event_004,exp1_system_characterization/occlusion_recovery,Arrival-Hold,EgoAnchor,EgoAnchor,candidate_processing_p95_ms,86.51657500024885,86.51657500024885,0.0,1
20260717_205539_controller_right,exp1_system_characterization,occlusion_recovery,trial_001,event_004,exp1_system_characterization/occlusion_recovery,Arrival-Hold,EgoAnchor,EgoAnchor,observation_age_p50_ms,43.21989999880316,235.4907999979332,192.27089999913005,1
20260717_205539_controller_right,exp1_system_characterization,occlusion_recovery,trial_001,event_004,exp1_system_characterization/occlusion_recovery,Arrival-Hold,EgoAnchor,EgoAnchor,observation_age_p95_ms,98.35440999668207,318.70856000386993,220.35415000718785,1
20260717_205539_controller_right,exp1_system_characterization,occlusion_recovery,trial_001,event_004,exp1_system_characterization/occlusion_recovery,Arrival-Hold,EgoAnchor,EgoAnchor,smoothing_delay_p50_ms,43.21989999880316,,,0
20260717_205539_controller_right,exp1_system_characterization,occlusion_recovery,trial_001,event_004,exp1_system_characterization/occlusion_recovery,Arrival-Hold,EgoAnchor,EgoAnchor,smoothing_delay_p95_ms,98.35440999668207,,,0
20260717_205539_controller_right,exp1_system_characterization,occlusion_recovery,trial_001,event_004,exp1_system_characterization/occlusion_recovery,Arrival-Hold,EgoAnchor,EgoAnchor,visual_perception_hz,9.693352456745194,9.693352456745194,0.0,1
20260717_205539_controller_right,exp1_system_characterization,occlusion_recovery,trial_001,event_004,exp1_system_characterization/occlusion_recovery,Arrival-Hold,EgoAnchor,EgoAnchor,render_hz,66.17822216358556,66.17822216358556,0.0,1
20260717_205539_controller_right,exp1_system_characterization,occlusion_recovery,trial_001,event_005,exp1_system_characterization/occlusion_recovery,Arrival-Hold,Capture-Hold,Capture-Hold,reference_coverage,1.0,1.0,0.0,1
20260717_205539_controller_right,exp1_system_characterization,occlusion_recovery,trial_001,event_005,exp1_system_characterization/occlusion_recovery,Arrival-Hold,Capture-Hold,Capture-Hold,display_coverage,1.0,1.0,0.0,1
20260717_205539_controller_right,exp1_system_characterization,occlusion_recovery,trial_001,event_005,exp1_system_characterization/occlusion_recovery,Arrival-Hold,Capture-Hold,Capture-Hold,output_coverage,0.7254901960784313,0.7254901960784313,0.0,1
20260717_205539_controller_right,exp1_system_characterization,occlusion_recovery,trial_001,event_005,exp1_system_characterization/occlusion_recovery,Arrival-Hold,Capture-Hold,Capture-Hold,translation_error_mm_median,51.87112012738314,51.51156417441762,-0.3595559529655219,1
20260717_205539_controller_right,exp1_system_characterization,occlusion_recovery,trial_001,event_005,exp1_system_characterization/occlusion_recovery,Arrival-Hold,Capture-Hold,Capture-Hold,translation_error_mm_iqr,49.620103737045675,49.72431418051293,0.10421044346725239,1
20260717_205539_controller_right,exp1_system_characterization,occlusion_recovery,trial_001,event_005,exp1_system_characterization/occlusion_recovery,Arrival-Hold,Capture-Hold,Capture-Hold,translation_error_mm_p95,51.87112012738314,51.51156417441762,-0.3595559529655219,1
20260717_205539_controller_right,exp1_system_characterization,occlusion_recovery,trial_001,event_005,exp1_system_characterization/occlusion_recovery,Arrival-Hold,Capture-Hold,Capture-Hold,rotation_error_deg_median,31.494733191079547,31.56905233421453,0.07431914313498211,1
20260717_205539_controller_right,exp1_system_characterization,occlusion_recovery,trial_001,event_005,exp1_system_characterization/occlusion_recovery,Arrival-Hold,Capture-Hold,Capture-Hold,rotation_error_deg_iqr,27.137821797052172,27.24057220690529,0.1027504098531189,1
20260717_205539_controller_right,exp1_system_characterization,occlusion_recovery,trial_001,event_005,exp1_system_characterization/occlusion_recovery,Arrival-Hold,Capture-Hold,Capture-Hold,rotation_error_deg_p95,31.494733191079547,31.56905233421453,0.07431914313498211,1
20260717_205539_controller_right,exp1_system_characterization,occlusion_recovery,trial_001,event_005,exp1_system_characterization/occlusion_recovery,Arrival-Hold,Capture-Hold,Capture-Hold,candidate_arrival_p50_ms,-0.22360000002663583,-0.19099999917671084,0.03260000084992498,1
20260717_205539_controller_right,exp1_system_characterization,occlusion_recovery,trial_001,event_005,exp1_system_characterization/occlusion_recovery,Arrival-Hold,Capture-Hold,Capture-Hold,candidate_arrival_p95_ms,201.34084999881452,201.3886500026274,0.04780000381288119,1
20260717_205539_controller_right,exp1_system_characterization,occlusion_recovery,trial_001,event_005,exp1_system_characterization/occlusion_recovery,Arrival-Hold,Capture-Hold,Capture-Hold,candidate_processing_p50_ms,33.269950000569224,33.269950000569224,0.0,1
20260717_205539_controller_right,exp1_system_characterization,occlusion_recovery,trial_001,event_005,exp1_system_characterization/occlusion_recovery,Arrival-Hold,Capture-Hold,Capture-Hold,candidate_processing_p95_ms,84.08154499810185,84.08154499810185,0.0,1
20260717_205539_controller_right,exp1_system_characterization,occlusion_recovery,trial_001,event_005,exp1_system_characterization/occlusion_recovery,Arrival-Hold,Capture-Hold,Capture-Hold,observation_age_p50_ms,72.03809999919031,256.6048499975295,184.56674999833922,1
20260717_205539_controller_right,exp1_system_characterization,occlusion_recovery,trial_001,event_005,exp1_system_characterization/occlusion_recovery,Arrival-Hold,Capture-Hold,Capture-Hold,observation_age_p95_ms,731.8910999987567,924.3127300051128,192.42163000635617,1
20260717_205539_controller_right,exp1_system_characterization,occlusion_recovery,trial_001,event_005,exp1_system_characterization/occlusion_recovery,Arrival-Hold,Capture-Hold,Capture-Hold,smoothing_delay_p50_ms,72.03809999919031,256.6048499975295,184.56674999833922,1
20260717_205539_controller_right,exp1_system_characterization,occlusion_recovery,trial_001,event_005,exp1_system_characterization/occlusion_recovery,Arrival-Hold,Capture-Hold,Capture-Hold,smoothing_delay_p95_ms,731.8910999987567,924.3127300051128,192.42163000635617,1
20260717_205539_controller_right,exp1_system_characterization,occlusion_recovery,trial_001,event_005,exp1_system_characterization/occlusion_recovery,Arrival-Hold,Capture-Hold,Capture-Hold,visual_perception_hz,11.175125389987492,11.175125389987492,0.0,1
20260717_205539_controller_right,exp1_system_characterization,occlusion_recovery,trial_001,event_005,exp1_system_characterization/occlusion_recovery,Arrival-Hold,Capture-Hold,Capture-Hold,render_hz,65.89896001381274,65.89896001381274,0.0,1
20260717_205539_controller_right,exp1_system_characterization,occlusion_recovery,trial_001,event_005,exp1_system_characterization/occlusion_recovery,Arrival-Hold,One-Euro Anchor,One-Euro Anchor,reference_coverage,1.0,1.0,0.0,1
20260717_205539_controller_right,exp1_system_characterization,occlusion_recovery,trial_001,event_005,exp1_system_characterization/occlusion_recovery,Arrival-Hold,One-Euro Anchor,One-Euro Anchor,display_coverage,1.0,1.0,0.0,1
20260717_205539_controller_right,exp1_system_characterization,occlusion_recovery,trial_001,event_005,exp1_system_characterization/occlusion_recovery,Arrival-Hold,One-Euro Anchor,One-Euro Anchor,output_coverage,0.7254901960784313,0.7254901960784313,0.0,1
20260717_205539_controller_right,exp1_system_characterization,occlusion_recovery,trial_001,event_005,exp1_system_characterization/occlusion_recovery,Arrival-Hold,One-Euro Anchor,One-Euro Anchor,translation_error_mm_median,51.87112012738314,21.48646133825597,-30.384658789127172,1
20260717_205539_controller_right,exp1_system_characterization,occlusion_recovery,trial_001,event_005,exp1_system_characterization/occlusion_recovery,Arrival-Hold,One-Euro Anchor,One-Euro Anchor,translation_error_mm_iqr,49.620103737045675,19.7145763009111,-29.905527436134573,1
20260717_205539_controller_right,exp1_system_characterization,occlusion_recovery,trial_001,event_005,exp1_system_characterization/occlusion_recovery,Arrival-Hold,One-Euro Anchor,One-Euro Anchor,translation_error_mm_p95,51.87112012738314,21.48646133825597,-30.384658789127172,1
20260717_205539_controller_right,exp1_system_characterization,occlusion_recovery,trial_001,event_005,exp1_system_characterization/occlusion_recovery,Arrival-Hold,One-Euro Anchor,One-Euro Anchor,rotation_error_deg_median,31.494733191079547,13.099748104589676,-18.39498508648987,1
20260717_205539_controller_right,exp1_system_characterization,occlusion_recovery,trial_001,event_005,exp1_system_characterization/occlusion_recovery,Arrival-Hold,One-Euro Anchor,One-Euro Anchor,rotation_error_deg_iqr,27.137821797052172,9.425119517917881,-17.71270227913429,1
20260717_205539_controller_right,exp1_system_characterization,occlusion_recovery,trial_001,event_005,exp1_system_characterization/occlusion_recovery,Arrival-Hold,One-Euro Anchor,One-Euro Anchor,rotation_error_deg_p95,31.494733191079547,13.099748104589676,-18.39498508648987,1
20260717_205539_controller_right,exp1_system_characterization,occlusion_recovery,trial_001,event_005,exp1_system_characterization/occlusion_recovery,Arrival-Hold,One-Euro Anchor,One-Euro Anchor,candidate_arrival_p50_ms,-0.22360000002663583,-0.16399999731220305,0.059600002714432776,1
20260717_205539_controller_right,exp1_system_characterization,occlusion_recovery,trial_001,event_005,exp1_system_characterization/occlusion_recovery,Arrival-Hold,One-Euro Anchor,One-Euro Anchor,candidate_arrival_p95_ms,201.34084999881452,201.42549999945913,0.08465000064461492,1
20260717_205539_controller_right,exp1_system_characterization,occlusion_recovery,trial_001,event_005,exp1_system_characterization/occlusion_recovery,Arrival-Hold,One-Euro Anchor,One-Euro Anchor,candidate_processing_p50_ms,33.269950000569224,33.269950000569224,0.0,1
20260717_205539_controller_right,exp1_system_characterization,occlusion_recovery,trial_001,event_005,exp1_system_characterization/occlusion_recovery,Arrival-Hold,One-Euro Anchor,One-Euro Anchor,candidate_processing_p95_ms,84.08154499810185,84.08154499810185,0.0,1
20260717_205539_controller_right,exp1_system_characterization,occlusion_recovery,trial_001,event_005,exp1_system_characterization/occlusion_recovery,Arrival-Hold,One-Euro Anchor,One-Euro Anchor,observation_age_p50_ms,72.03809999919031,256.6057499971066,184.5676499979163,1
20260717_205539_controller_right,exp1_system_characterization,occlusion_recovery,trial_001,event_005,exp1_system_characterization/occlusion_recovery,Arrival-Hold,One-Euro Anchor,One-Euro Anchor,observation_age_p95_ms,731.8910999987567,924.3135950044234,192.42249500566675,1
20260717_205539_controller_right,exp1_system_characterization,occlusion_recovery,trial_001,event_005,exp1_system_characterization/occlusion_recovery,Arrival-Hold,One-Euro Anchor,One-Euro Anchor,smoothing_delay_p50_ms,72.03809999919031,256.6057499971066,184.5676499979163,1
20260717_205539_controller_right,exp1_system_characterization,occlusion_recovery,trial_001,event_005,exp1_system_characterization/occlusion_recovery,Arrival-Hold,One-Euro Anchor,One-Euro Anchor,smoothing_delay_p95_ms,731.8910999987567,924.3135950044234,192.42249500566675,1
20260717_205539_controller_right,exp1_system_characterization,occlusion_recovery,trial_001,event_005,exp1_system_characterization/occlusion_recovery,Arrival-Hold,One-Euro Anchor,One-Euro Anchor,visual_perception_hz,11.175125389987492,11.175125389987492,0.0,1
20260717_205539_controller_right,exp1_system_characterization,occlusion_recovery,trial_001,event_005,exp1_system_characterization/occlusion_recovery,Arrival-Hold,One-Euro Anchor,One-Euro Anchor,render_hz,65.89896001381274,65.89896001381274,0.0,1
20260717_205539_controller_right,exp1_system_characterization,occlusion_recovery,trial_001,event_005,exp1_system_characterization/occlusion_recovery,Arrival-Hold,EgoAnchor,EgoAnchor,reference_coverage,1.0,1.0,0.0,1
20260717_205539_controller_right,exp1_system_characterization,occlusion_recovery,trial_001,event_005,exp1_system_characterization/occlusion_recovery,Arrival-Hold,EgoAnchor,EgoAnchor,display_coverage,1.0,1.0,0.0,1
20260717_205539_controller_right,exp1_system_characterization,occlusion_recovery,trial_001,event_005,exp1_system_characterization/occlusion_recovery,Arrival-Hold,EgoAnchor,EgoAnchor,output_coverage,0.7254901960784313,0.7058823529411765,-0.019607843137254832,1
20260717_205539_controller_right,exp1_system_characterization,occlusion_recovery,trial_001,event_005,exp1_system_characterization/occlusion_recovery,Arrival-Hold,EgoAnchor,EgoAnchor,translation_error_mm_median,51.87112012738314,1.47325640509186,-50.397863722291284,1
20260717_205539_controller_right,exp1_system_characterization,occlusion_recovery,trial_001,event_005,exp1_system_characterization/occlusion_recovery,Arrival-Hold,EgoAnchor,EgoAnchor,translation_error_mm_iqr,49.620103737045675,0.018529643570841525,-49.60157409347483,1
20260717_205539_controller_right,exp1_system_characterization,occlusion_recovery,trial_001,event_005,exp1_system_characterization/occlusion_recovery,Arrival-Hold,EgoAnchor,EgoAnchor,translation_error_mm_p95,51.87112012738314,1.8216604043864941,-50.04945972299665,1
20260717_205539_controller_right,exp1_system_characterization,occlusion_recovery,trial_001,event_005,exp1_system_characterization/occlusion_recovery,Arrival-Hold,EgoAnchor,EgoAnchor,rotation_error_deg_median,31.494733191079547,2.882898185242965,-28.611835005836582,1
20260717_205539_controller_right,exp1_system_characterization,occlusion_recovery,trial_001,event_005,exp1_system_characterization/occlusion_recovery,Arrival-Hold,EgoAnchor,EgoAnchor,rotation_error_deg_iqr,27.137821797052172,0.0,-27.137821797052172,1
20260717_205539_controller_right,exp1_system_characterization,occlusion_recovery,trial_001,event_005,exp1_system_characterization/occlusion_recovery,Arrival-Hold,EgoAnchor,EgoAnchor,rotation_error_deg_p95,31.494733191079547,4.690234281418694,-26.804498909660854,1
20260717_205539_controller_right,exp1_system_characterization,occlusion_recovery,trial_001,event_005,exp1_system_characterization/occlusion_recovery,Arrival-Hold,EgoAnchor,EgoAnchor,candidate_arrival_p50_ms,-0.22360000002663583,-0.29879999783588573,-0.07519999780924991,1
20260717_205539_controller_right,exp1_system_characterization,occlusion_recovery,trial_001,event_005,exp1_system_characterization/occlusion_recovery,Arrival-Hold,EgoAnchor,EgoAnchor,candidate_arrival_p95_ms,201.34084999881452,201.23975000024075,-0.10109999857377261,1
20260717_205539_controller_right,exp1_system_characterization,occlusion_recovery,trial_001,event_005,exp1_system_characterization/occlusion_recovery,Arrival-Hold,EgoAnchor,EgoAnchor,candidate_processing_p50_ms,33.269950000569224,33.269950000569224,0.0,1
20260717_205539_controller_right,exp1_system_characterization,occlusion_recovery,trial_001,event_005,exp1_system_characterization/occlusion_recovery,Arrival-Hold,EgoAnchor,EgoAnchor,candidate_processing_p95_ms,84.08154499810185,84.08154499810185,0.0,1
20260717_205539_controller_right,exp1_system_characterization,occlusion_recovery,trial_001,event_005,exp1_system_characterization/occlusion_recovery,Arrival-Hold,EgoAnchor,EgoAnchor,observation_age_p50_ms,72.03809999919031,277.0335499990324,204.9954499998421,1
20260717_205539_controller_right,exp1_system_characterization,occlusion_recovery,trial_001,event_005,exp1_system_characterization/occlusion_recovery,Arrival-Hold,EgoAnchor,EgoAnchor,observation_age_p95_ms,731.8910999987567,1106.8552049971913,374.96410499843466,1
20260717_205539_controller_right,exp1_system_characterization,occlusion_recovery,trial_001,event_005,exp1_system_characterization/occlusion_recovery,Arrival-Hold,EgoAnchor,EgoAnchor,smoothing_delay_p50_ms,72.03809999919031,892.4803500049165,820.4422500057262,1
20260717_205539_controller_right,exp1_system_characterization,occlusion_recovery,trial_001,event_005,exp1_system_characterization/occlusion_recovery,Arrival-Hold,EgoAnchor,EgoAnchor,smoothing_delay_p95_ms,731.8910999987567,930.6106750027539,198.7195750039972,1
20260717_205539_controller_right,exp1_system_characterization,occlusion_recovery,trial_001,event_005,exp1_system_characterization/occlusion_recovery,Arrival-Hold,EgoAnchor,EgoAnchor,visual_perception_hz,11.175125389987492,11.175125389987492,0.0,1
20260717_205539_controller_right,exp1_system_characterization,occlusion_recovery,trial_001,event_005,exp1_system_characterization/occlusion_recovery,Arrival-Hold,EgoAnchor,EgoAnchor,render_hz,65.89896001381274,65.89896001381274,0.0,1
20260717_205539_controller_right,exp1_system_characterization,occlusion_recovery,trial_001,event_006,exp1_system_characterization/occlusion_recovery,Arrival-Hold,Capture-Hold,Capture-Hold,reference_coverage,1.0,1.0,0.0,1
20260717_205539_controller_right,exp1_system_characterization,occlusion_recovery,trial_001,event_006,exp1_system_characterization/occlusion_recovery,Arrival-Hold,Capture-Hold,Capture-Hold,display_coverage,1.0,1.0,0.0,1
20260717_205539_controller_right,exp1_system_characterization,occlusion_recovery,trial_001,event_006,exp1_system_characterization/occlusion_recovery,Arrival-Hold,Capture-Hold,Capture-Hold,output_coverage,1.0,1.0,0.0,1
20260717_205539_controller_right,exp1_system_characterization,occlusion_recovery,trial_001,event_006,exp1_system_characterization/occlusion_recovery,Arrival-Hold,Capture-Hold,Capture-Hold,translation_error_mm_median,1.5472925303983374,1.462849644946507,-0.08444288545183043,1
20260717_205539_controller_right,exp1_system_characterization,occlusion_recovery,trial_001,event_006,exp1_system_characterization/occlusion_recovery,Arrival-Hold,Capture-Hold,Capture-Hold,translation_error_mm_iqr,0.4544502752756985,0.4695882124951478,0.015137937219449338,1
20260717_205539_controller_right,exp1_system_characterization,occlusion_recovery,trial_001,event_006,exp1_system_characterization/occlusion_recovery,Arrival-Hold,Capture-Hold,Capture-Hold,translation_error_mm_p95,2.154264923364278,1.755027327096344,-0.399237596267934,1
20260717_205539_controller_right,exp1_system_characterization,occlusion_recovery,trial_001,event_006,exp1_system_characterization/occlusion_recovery,Arrival-Hold,Capture-Hold,Capture-Hold,rotation_error_deg_median,3.435024770666007,3.474445486844696,0.03942071617868903,1
20260717_205539_controller_right,exp1_system_characterization,occlusion_recovery,trial_001,event_006,exp1_system_characterization/occlusion_recovery,Arrival-Hold,Capture-Hold,Capture-Hold,rotation_error_deg_iqr,1.1814541070852833,1.14906918367936,-0.03238492340592325,1
20260717_205539_controller_right,exp1_system_characterization,occlusion_recovery,trial_001,event_006,exp1_system_characterization/occlusion_recovery,Arrival-Hold,Capture-Hold,Capture-Hold,rotation_error_deg_p95,4.8912674575956165,4.89575971912694,0.004492261531323649,1
20260717_205539_controller_right,exp1_system_characterization,occlusion_recovery,trial_001,event_006,exp1_system_characterization/occlusion_recovery,Arrival-Hold,Capture-Hold,Capture-Hold,candidate_arrival_p50_ms,181.20269999781158,181.23339999874588,0.030700000934302807,1
20260717_205539_controller_right,exp1_system_characterization,occlusion_recovery,trial_001,event_006,exp1_system_characterization/occlusion_recovery,Arrival-Hold,Capture-Hold,Capture-Hold,candidate_arrival_p95_ms,260.67613999985036,260.71244000195287,0.03630000210250728,1
20260717_205539_controller_right,exp1_system_characterization,occlusion_recovery,trial_001,event_006,exp1_system_characterization/occlusion_recovery,Arrival-Hold,Capture-Hold,Capture-Hold,candidate_processing_p50_ms,75.715799998492,75.715799998492,0.0,1
20260717_205539_controller_right,exp1_system_characterization,occlusion_recovery,trial_001,event_006,exp1_system_characterization/occlusion_recovery,Arrival-Hold,Capture-Hold,Capture-Hold,candidate_processing_p95_ms,93.67778000235556,93.67778000235556,0.0,1
20260717_205539_controller_right,exp1_system_characterization,occlusion_recovery,trial_001,event_006,exp1_system_characterization/occlusion_recovery,Arrival-Hold,Capture-Hold,Capture-Hold,observation_age_p50_ms,42.262099999788916,223.5435000002326,181.28140000044368,1
20260717_205539_controller_right,exp1_system_characterization,occlusion_recovery,trial_001,event_006,exp1_system_characterization/occlusion_recovery,Arrival-Hold,Capture-Hold,Capture-Hold,observation_age_p95_ms,104.37581000296632,320.37768000118376,216.00186999821744,1
20260717_205539_controller_right,exp1_system_characterization,occlusion_recovery,trial_001,event_006,exp1_system_characterization/occlusion_recovery,Arrival-Hold,Capture-Hold,Capture-Hold,smoothing_delay_p50_ms,42.262099999788916,223.5435000002326,181.28140000044368,1
20260717_205539_controller_right,exp1_system_characterization,occlusion_recovery,trial_001,event_006,exp1_system_characterization/occlusion_recovery,Arrival-Hold,Capture-Hold,Capture-Hold,smoothing_delay_p95_ms,104.37581000296632,320.37768000118376,216.00186999821744,1
20260717_205539_controller_right,exp1_system_characterization,occlusion_recovery,trial_001,event_006,exp1_system_characterization/occlusion_recovery,Arrival-Hold,Capture-Hold,Capture-Hold,visual_perception_hz,9.515561056497129,9.515561056497129,0.0,1
20260717_205539_controller_right,exp1_system_characterization,occlusion_recovery,trial_001,event_006,exp1_system_characterization/occlusion_recovery,Arrival-Hold,Capture-Hold,Capture-Hold,render_hz,66.08962623566048,66.08962623566048,0.0,1
20260717_205539_controller_right,exp1_system_characterization,occlusion_recovery,trial_001,event_006,exp1_system_characterization/occlusion_recovery,Arrival-Hold,One-Euro Anchor,One-Euro Anchor,reference_coverage,1.0,1.0,0.0,1
20260717_205539_controller_right,exp1_system_characterization,occlusion_recovery,trial_001,event_006,exp1_system_characterization/occlusion_recovery,Arrival-Hold,One-Euro Anchor,One-Euro Anchor,display_coverage,1.0,1.0,0.0,1
20260717_205539_controller_right,exp1_system_characterization,occlusion_recovery,trial_001,event_006,exp1_system_characterization/occlusion_recovery,Arrival-Hold,One-Euro Anchor,One-Euro Anchor,output_coverage,1.0,1.0,0.0,1
20260717_205539_controller_right,exp1_system_characterization,occlusion_recovery,trial_001,event_006,exp1_system_characterization/occlusion_recovery,Arrival-Hold,One-Euro Anchor,One-Euro Anchor,translation_error_mm_median,1.5472925303983374,1.3977245884637755,-0.1495679419345619,1
20260717_205539_controller_right,exp1_system_characterization,occlusion_recovery,trial_001,event_006,exp1_system_characterization/occlusion_recovery,Arrival-Hold,One-Euro Anchor,One-Euro Anchor,translation_error_mm_iqr,0.4544502752756985,0.15880153690332843,-0.29564873837237005,1
20260717_205539_controller_right,exp1_system_characterization,occlusion_recovery,trial_001,event_006,exp1_system_characterization/occlusion_recovery,Arrival-Hold,One-Euro Anchor,One-Euro Anchor,translation_error_mm_p95,2.154264923364278,1.6139399371442722,-0.5403249862200057,1
20260717_205539_controller_right,exp1_system_characterization,occlusion_recovery,trial_001,event_006,exp1_system_characterization/occlusion_recovery,Arrival-Hold,One-Euro Anchor,One-Euro Anchor,rotation_error_deg_median,3.435024770666007,3.539939444815216,0.1049146741492093,1
20260717_205539_controller_right,exp1_system_characterization,occlusion_recovery,trial_001,event_006,exp1_system_characterization/occlusion_recovery,Arrival-Hold,One-Euro Anchor,One-Euro Anchor,rotation_error_deg_iqr,1.1814541070852833,0.4064672008003982,-0.7749869062848851,1
20260717_205539_controller_right,exp1_system_characterization,occlusion_recovery,trial_001,event_006,exp1_system_characterization/occlusion_recovery,Arrival-Hold,One-Euro Anchor,One-Euro Anchor,rotation_error_deg_p95,4.8912674575956165,4.221972375619362,-0.6692950819762542,1
20260717_205539_controller_right,exp1_system_characterization,occlusion_recovery,trial_001,event_006,exp1_system_characterization/occlusion_recovery,Arrival-Hold,One-Euro Anchor,One-Euro Anchor,candidate_arrival_p50_ms,181.20269999781158,181.26070000289474,0.05800000508315861,1
20260717_205539_controller_right,exp1_system_characterization,occlusion_recovery,trial_001,event_006,exp1_system_characterization/occlusion_recovery,Arrival-Hold,One-Euro Anchor,One-Euro Anchor,candidate_arrival_p95_ms,260.67613999985036,260.74395000250655,0.06781000265618786,1
20260717_205539_controller_right,exp1_system_characterization,occlusion_recovery,trial_001,event_006,exp1_system_characterization/occlusion_recovery,Arrival-Hold,One-Euro Anchor,One-Euro Anchor,candidate_processing_p50_ms,75.715799998492,75.715799998492,0.0,1
20260717_205539_controller_right,exp1_system_characterization,occlusion_recovery,trial_001,event_006,exp1_system_characterization/occlusion_recovery,Arrival-Hold,One-Euro Anchor,One-Euro Anchor,candidate_processing_p95_ms,93.67778000235556,93.67778000235556,0.0,1
20260717_205539_controller_right,exp1_system_characterization,occlusion_recovery,trial_001,event_006,exp1_system_characterization/occlusion_recovery,Arrival-Hold,One-Euro Anchor,One-Euro Anchor,observation_age_p50_ms,42.262099999788916,223.5444500001904,181.2823500004015,1
20260717_205539_controller_right,exp1_system_characterization,occlusion_recovery,trial_001,event_006,exp1_system_characterization/occlusion_recovery,Arrival-Hold,One-Euro Anchor,One-Euro Anchor,observation_age_p95_ms,104.37581000296632,320.3783899993141,216.00257999634778,1
20260717_205539_controller_right,exp1_system_characterization,occlusion_recovery,trial_001,event_006,exp1_system_characterization/occlusion_recovery,Arrival-Hold,One-Euro Anchor,One-Euro Anchor,smoothing_delay_p50_ms,42.262099999788916,223.5444500001904,181.2823500004015,1
20260717_205539_controller_right,exp1_system_characterization,occlusion_recovery,trial_001,event_006,exp1_system_characterization/occlusion_recovery,Arrival-Hold,One-Euro Anchor,One-Euro Anchor,smoothing_delay_p95_ms,104.37581000296632,320.3783899993141,216.00257999634778,1
20260717_205539_controller_right,exp1_system_characterization,occlusion_recovery,trial_001,event_006,exp1_system_characterization/occlusion_recovery,Arrival-Hold,One-Euro Anchor,One-Euro Anchor,visual_perception_hz,9.515561056497129,9.515561056497129,0.0,1
20260717_205539_controller_right,exp1_system_characterization,occlusion_recovery,trial_001,event_006,exp1_system_characterization/occlusion_recovery,Arrival-Hold,One-Euro Anchor,One-Euro Anchor,render_hz,66.08962623566048,66.08962623566048,0.0,1
20260717_205539_controller_right,exp1_system_characterization,occlusion_recovery,trial_001,event_006,exp1_system_characterization/occlusion_recovery,Arrival-Hold,EgoAnchor,EgoAnchor,reference_coverage,1.0,1.0,0.0,1
20260717_205539_controller_right,exp1_system_characterization,occlusion_recovery,trial_001,event_006,exp1_system_characterization/occlusion_recovery,Arrival-Hold,EgoAnchor,EgoAnchor,display_coverage,1.0,1.0,0.0,1
20260717_205539_controller_right,exp1_system_characterization,occlusion_recovery,trial_001,event_006,exp1_system_characterization/occlusion_recovery,Arrival-Hold,EgoAnchor,EgoAnchor,output_coverage,1.0,1.0,0.0,1
20260717_205539_controller_right,exp1_system_characterization,occlusion_recovery,trial_001,event_006,exp1_system_characterization/occlusion_recovery,Arrival-Hold,EgoAnchor,EgoAnchor,translation_error_mm_median,1.5472925303983374,1.6862571073550026,0.1389645769566652,1
20260717_205539_controller_right,exp1_system_characterization,occlusion_recovery,trial_001,event_006,exp1_system_characterization/occlusion_recovery,Arrival-Hold,EgoAnchor,EgoAnchor,translation_error_mm_iqr,0.4544502752756985,0.09103613438248548,-0.363414140893213,1
20260717_205539_controller_right,exp1_system_characterization,occlusion_recovery,trial_001,event_006,exp1_system_characterization/occlusion_recovery,Arrival-Hold,EgoAnchor,EgoAnchor,translation_error_mm_p95,2.154264923364278,1.8056721035987302,-0.3485928197655477,1
20260717_205539_controller_right,exp1_system_characterization,occlusion_recovery,trial_001,event_006,exp1_system_characterization/occlusion_recovery,Arrival-Hold,EgoAnchor,EgoAnchor,rotation_error_deg_median,3.435024770666007,4.302035591354536,0.8670108206885292,1
20260717_205539_controller_right,exp1_system_characterization,occlusion_recovery,trial_001,event_006,exp1_system_characterization/occlusion_recovery,Arrival-Hold,EgoAnchor,EgoAnchor,rotation_error_deg_iqr,1.1814541070852833,0.22328915612934175,-0.9581649509559416,1
20260717_205539_controller_right,exp1_system_characterization,occlusion_recovery,trial_001,event_006,exp1_system_characterization/occlusion_recovery,Arrival-Hold,EgoAnchor,EgoAnchor,rotation_error_deg_p95,4.8912674575956165,4.627669016259859,-0.26359844133575727,1
20260717_205539_controller_right,exp1_system_characterization,occlusion_recovery,trial_001,event_006,exp1_system_characterization/occlusion_recovery,Arrival-Hold,EgoAnchor,EgoAnchor,candidate_arrival_p50_ms,181.20269999781158,181.12359999940963,-0.0790999984019436,1
20260717_205539_controller_right,exp1_system_characterization,occlusion_recovery,trial_001,event_006,exp1_system_characterization/occlusion_recovery,Arrival-Hold,EgoAnchor,EgoAnchor,candidate_arrival_p95_ms,260.67613999985036,260.591770002793,-0.08436999705736525,1
20260717_205539_controller_right,exp1_system_characterization,occlusion_recovery,trial_001,event_006,exp1_system_characterization/occlusion_recovery,Arrival-Hold,EgoAnchor,EgoAnchor,candidate_processing_p50_ms,75.715799998492,75.715799998492,0.0,1
20260717_205539_controller_right,exp1_system_characterization,occlusion_recovery,trial_001,event_006,exp1_system_characterization/occlusion_recovery,Arrival-Hold,EgoAnchor,EgoAnchor,candidate_processing_p95_ms,93.67778000235556,93.67778000235556,0.0,1
20260717_205539_controller_right,exp1_system_characterization,occlusion_recovery,trial_001,event_006,exp1_system_characterization/occlusion_recovery,Arrival-Hold,EgoAnchor,EgoAnchor,observation_age_p50_ms,42.262099999788916,223.53319999820087,181.27109999841196,1
20260717_205539_controller_right,exp1_system_characterization,occlusion_recovery,trial_001,event_006,exp1_system_characterization/occlusion_recovery,Arrival-Hold,EgoAnchor,EgoAnchor,observation_age_p95_ms,104.37581000296632,320.3707899996516,215.9949799966853,1
20260717_205539_controller_right,exp1_system_characterization,occlusion_recovery,trial_001,event_006,exp1_system_characterization/occlusion_recovery,Arrival-Hold,EgoAnchor,EgoAnchor,smoothing_delay_p50_ms,42.262099999788916,,,0
20260717_205539_controller_right,exp1_system_characterization,occlusion_recovery,trial_001,event_006,exp1_system_characterization/occlusion_recovery,Arrival-Hold,EgoAnchor,EgoAnchor,smoothing_delay_p95_ms,104.37581000296632,,,0
20260717_205539_controller_right,exp1_system_characterization,occlusion_recovery,trial_001,event_006,exp1_system_characterization/occlusion_recovery,Arrival-Hold,EgoAnchor,EgoAnchor,visual_perception_hz,9.515561056497129,9.515561056497129,0.0,1
20260717_205539_controller_right,exp1_system_characterization,occlusion_recovery,trial_001,event_006,exp1_system_characterization/occlusion_recovery,Arrival-Hold,EgoAnchor,EgoAnchor,render_hz,66.08962623566048,66.08962623566048,0.0,1
20260717_205539_controller_right,exp1_system_characterization,occlusion_recovery,trial_001,event_007,exp1_system_characterization/occlusion_recovery,Arrival-Hold,Capture-Hold,Capture-Hold,reference_coverage,1.0,1.0,0.0,1
20260717_205539_controller_right,exp1_system_characterization,occlusion_recovery,trial_001,event_007,exp1_system_characterization/occlusion_recovery,Arrival-Hold,Capture-Hold,Capture-Hold,display_coverage,1.0,1.0,0.0,1
20260717_205539_controller_right,exp1_system_characterization,occlusion_recovery,trial_001,event_007,exp1_system_characterization/occlusion_recovery,Arrival-Hold,Capture-Hold,Capture-Hold,output_coverage,0.6636771300448431,0.6636771300448431,0.0,1
20260717_205539_controller_right,exp1_system_characterization,occlusion_recovery,trial_001,event_007,exp1_system_characterization/occlusion_recovery,Arrival-Hold,Capture-Hold,Capture-Hold,translation_error_mm_median,13.247592728972345,12.170710020494457,-1.0768827084778874,1
20260717_205539_controller_right,exp1_system_characterization,occlusion_recovery,trial_001,event_007,exp1_system_characterization/occlusion_recovery,Arrival-Hold,Capture-Hold,Capture-Hold,translation_error_mm_iqr,10.764283044341635,10.53882937382098,-0.2254536705206558,1
20260717_205539_controller_right,exp1_system_characterization,occlusion_recovery,trial_001,event_007,exp1_system_characterization/occlusion_recovery,Arrival-Hold,Capture-Hold,Capture-Hold,translation_error_mm_p95,13.247592728972345,12.170710020494457,-1.0768827084778874,1
20260717_205539_controller_right,exp1_system_characterization,occlusion_recovery,trial_001,event_007,exp1_system_characterization/occlusion_recovery,Arrival-Hold,Capture-Hold,Capture-Hold,rotation_error_deg_median,15.246084895736114,15.02840678664413,-0.2176781090919846,1
20260717_205539_controller_right,exp1_system_characterization,occlusion_recovery,trial_001,event_007,exp1_system_characterization/occlusion_recovery,Arrival-Hold,Capture-Hold,Capture-Hold,rotation_error_deg_iqr,11.395072355948887,11.169367837337738,-0.22570451861114904,1
20260717_205539_controller_right,exp1_system_characterization,occlusion_recovery,trial_001,event_007,exp1_system_characterization/occlusion_recovery,Arrival-Hold,Capture-Hold,Capture-Hold,rotation_error_deg_p95,15.246084895736114,15.02840678664413,-0.2176781090919846,1
20260717_205539_controller_right,exp1_system_characterization,occlusion_recovery,trial_001,event_007,exp1_system_characterization/occlusion_recovery,Arrival-Hold,Capture-Hold,Capture-Hold,candidate_arrival_p50_ms,-55.25129999296041,-55.21999999473337,0.031299998227041215,1
20260717_205539_controller_right,exp1_system_characterization,occlusion_recovery,trial_001,event_007,exp1_system_characterization/occlusion_recovery,Arrival-Hold,Capture-Hold,Capture-Hold,candidate_arrival_p95_ms,218.1113200029358,218.1468000024324,0.03547999949660152,1
20260717_205539_controller_right,exp1_system_characterization,occlusion_recovery,trial_001,event_007,exp1_system_characterization/occlusion_recovery,Arrival-Hold,Capture-Hold,Capture-Hold,candidate_processing_p50_ms,31.823599997907877,31.823599997907877,0.0,1
20260717_205539_controller_right,exp1_system_characterization,occlusion_recovery,trial_001,event_007,exp1_system_characterization/occlusion_recovery,Arrival-Hold,Capture-Hold,Capture-Hold,candidate_processing_p95_ms,91.12348000034672,91.12348000034672,0.0,1
20260717_205539_controller_right,exp1_system_characterization,occlusion_recovery,trial_001,event_007,exp1_system_characterization/occlusion_recovery,Arrival-Hold,Capture-Hold,Capture-Hold,observation_age_p50_ms,83.71824999994715,264.7852999980387,181.06704999809153,1
20260717_205539_controller_right,exp1_system_characterization,occlusion_recovery,trial_001,event_007,exp1_system_characterization/occlusion_recovery,Arrival-Hold,Capture-Hold,Capture-Hold,observation_age_p95_ms,846.9277700012755,999.9707999999374,153.04302999866195,1
20260717_205539_controller_right,exp1_system_characterization,occlusion_recovery,trial_001,event_007,exp1_system_characterization/occlusion_recovery,Arrival-Hold,Capture-Hold,Capture-Hold,smoothing_delay_p50_ms,83.71824999994715,264.7852999980387,181.06704999809153,1
20260717_205539_controller_right,exp1_system_characterization,occlusion_recovery,trial_001,event_007,exp1_system_characterization/occlusion_recovery,Arrival-Hold,Capture-Hold,Capture-Hold,smoothing_delay_p95_ms,846.9277700012755,999.9707999999374,153.04302999866195,1
20260717_205539_controller_right,exp1_system_characterization,occlusion_recovery,trial_001,event_007,exp1_system_characterization/occlusion_recovery,Arrival-Hold,Capture-Hold,Capture-Hold,visual_perception_hz,11.534779282000862,11.534779282000862,0.0,1
20260717_205539_controller_right,exp1_system_characterization,occlusion_recovery,trial_001,event_007,exp1_system_characterization/occlusion_recovery,Arrival-Hold,Capture-Hold,Capture-Hold,render_hz,69.8315543376654,69.8315543376654,0.0,1
20260717_205539_controller_right,exp1_system_characterization,occlusion_recovery,trial_001,event_007,exp1_system_characterization/occlusion_recovery,Arrival-Hold,One-Euro Anchor,One-Euro Anchor,reference_coverage,1.0,1.0,0.0,1
20260717_205539_controller_right,exp1_system_characterization,occlusion_recovery,trial_001,event_007,exp1_system_characterization/occlusion_recovery,Arrival-Hold,One-Euro Anchor,One-Euro Anchor,display_coverage,1.0,1.0,0.0,1
20260717_205539_controller_right,exp1_system_characterization,occlusion_recovery,trial_001,event_007,exp1_system_characterization/occlusion_recovery,Arrival-Hold,One-Euro Anchor,One-Euro Anchor,output_coverage,0.6636771300448431,0.6636771300448431,0.0,1
20260717_205539_controller_right,exp1_system_characterization,occlusion_recovery,trial_001,event_007,exp1_system_characterization/occlusion_recovery,Arrival-Hold,One-Euro Anchor,One-Euro Anchor,translation_error_mm_median,13.247592728972345,5.855182152858374,-7.392410576113971,1
20260717_205539_controller_right,exp1_system_characterization,occlusion_recovery,trial_001,event_007,exp1_system_characterization/occlusion_recovery,Arrival-Hold,One-Euro Anchor,One-Euro Anchor,translation_error_mm_iqr,10.764283044341635,4.450358847179058,-6.313924197162577,1
20260717_205539_controller_right,exp1_system_characterization,occlusion_recovery,trial_001,event_007,exp1_system_characterization/occlusion_recovery,Arrival-Hold,One-Euro Anchor,One-Euro Anchor,translation_error_mm_p95,13.247592728972345,5.855182152858374,-7.392410576113971,1
20260717_205539_controller_right,exp1_system_characterization,occlusion_recovery,trial_001,event_007,exp1_system_characterization/occlusion_recovery,Arrival-Hold,One-Euro Anchor,One-Euro Anchor,rotation_error_deg_median,15.246084895736114,8.629964178978705,-6.616120716757409,1
20260717_205539_controller_right,exp1_system_characterization,occlusion_recovery,trial_001,event_007,exp1_system_characterization/occlusion_recovery,Arrival-Hold,One-Euro Anchor,One-Euro Anchor,rotation_error_deg_iqr,11.395072355948887,4.866105103236437,-6.52896725271245,1
20260717_205539_controller_right,exp1_system_characterization,occlusion_recovery,trial_001,event_007,exp1_system_characterization/occlusion_recovery,Arrival-Hold,One-Euro Anchor,One-Euro Anchor,rotation_error_deg_p95,15.246084895736114,8.629964178978705,-6.616120716757409,1
20260717_205539_controller_right,exp1_system_characterization,occlusion_recovery,trial_001,event_007,exp1_system_characterization/occlusion_recovery,Arrival-Hold,One-Euro Anchor,One-Euro Anchor,candidate_arrival_p50_ms,-55.25129999296041,-55.185099998197984,0.0661999947624281,1
20260717_205539_controller_right,exp1_system_characterization,occlusion_recovery,trial_001,event_007,exp1_system_characterization/occlusion_recovery,Arrival-Hold,One-Euro Anchor,One-Euro Anchor,candidate_arrival_p95_ms,218.1113200029358,218.17943999922133,0.06811999628553167,1
20260717_205539_controller_right,exp1_system_characterization,occlusion_recovery,trial_001,event_007,exp1_system_characterization/occlusion_recovery,Arrival-Hold,One-Euro Anchor,One-Euro Anchor,candidate_processing_p50_ms,31.823599997907877,31.823599997907877,0.0,1
20260717_205539_controller_right,exp1_system_characterization,occlusion_recovery,trial_001,event_007,exp1_system_characterization/occlusion_recovery,Arrival-Hold,One-Euro Anchor,One-Euro Anchor,candidate_processing_p95_ms,91.12348000034672,91.12348000034672,0.0,1
20260717_205539_controller_right,exp1_system_characterization,occlusion_recovery,trial_001,event_007,exp1_system_characterization/occlusion_recovery,Arrival-Hold,One-Euro Anchor,One-Euro Anchor,observation_age_p50_ms,83.71824999994715,264.7861000004923,181.06785000054515,1
20260717_205539_controller_right,exp1_system_characterization,occlusion_recovery,trial_001,event_007,exp1_system_characterization/occlusion_recovery,Arrival-Hold,One-Euro Anchor,One-Euro Anchor,observation_age_p95_ms,846.9277700012755,999.9715300007666,153.04375999949116,1
20260717_205539_controller_right,exp1_system_characterization,occlusion_recovery,trial_001,event_007,exp1_system_characterization/occlusion_recovery,Arrival-Hold,One-Euro Anchor,One-Euro Anchor,smoothing_delay_p50_ms,83.71824999994715,264.7861000004923,181.06785000054515,1
20260717_205539_controller_right,exp1_system_characterization,occlusion_recovery,trial_001,event_007,exp1_system_characterization/occlusion_recovery,Arrival-Hold,One-Euro Anchor,One-Euro Anchor,smoothing_delay_p95_ms,846.9277700012755,999.9715300007666,153.04375999949116,1
20260717_205539_controller_right,exp1_system_characterization,occlusion_recovery,trial_001,event_007,exp1_system_characterization/occlusion_recovery,Arrival-Hold,One-Euro Anchor,One-Euro Anchor,visual_perception_hz,11.534779282000862,11.534779282000862,0.0,1
20260717_205539_controller_right,exp1_system_characterization,occlusion_recovery,trial_001,event_007,exp1_system_characterization/occlusion_recovery,Arrival-Hold,One-Euro Anchor,One-Euro Anchor,render_hz,69.8315543376654,69.8315543376654,0.0,1
20260717_205539_controller_right,exp1_system_characterization,occlusion_recovery,trial_001,event_007,exp1_system_characterization/occlusion_recovery,Arrival-Hold,EgoAnchor,EgoAnchor,reference_coverage,1.0,1.0,0.0,1
20260717_205539_controller_right,exp1_system_characterization,occlusion_recovery,trial_001,event_007,exp1_system_characterization/occlusion_recovery,Arrival-Hold,EgoAnchor,EgoAnchor,display_coverage,1.0,1.0,0.0,1
20260717_205539_controller_right,exp1_system_characterization,occlusion_recovery,trial_001,event_007,exp1_system_characterization/occlusion_recovery,Arrival-Hold,EgoAnchor,EgoAnchor,output_coverage,0.6636771300448431,0.6457399103139013,-0.017937219730941756,1
20260717_205539_controller_right,exp1_system_characterization,occlusion_recovery,trial_001,event_007,exp1_system_characterization/occlusion_recovery,Arrival-Hold,EgoAnchor,EgoAnchor,translation_error_mm_median,13.247592728972345,1.5618030525543733,-11.685789676417972,1
20260717_205539_controller_right,exp1_system_characterization,occlusion_recovery,trial_001,event_007,exp1_system_characterization/occlusion_recovery,Arrival-Hold,EgoAnchor,EgoAnchor,translation_error_mm_iqr,10.764283044341635,0.0,-10.764283044341635,1
20260717_205539_controller_right,exp1_system_characterization,occlusion_recovery,trial_001,event_007,exp1_system_characterization/occlusion_recovery,Arrival-Hold,EgoAnchor,EgoAnchor,translation_error_mm_p95,13.247592728972345,1.6007467040307382,-11.646846024941606,1
20260717_205539_controller_right,exp1_system_characterization,occlusion_recovery,trial_001,event_007,exp1_system_characterization/occlusion_recovery,Arrival-Hold,EgoAnchor,EgoAnchor,rotation_error_deg_median,15.246084895736114,4.028445217332062,-11.217639678404051,1
20260717_205539_controller_right,exp1_system_characterization,occlusion_recovery,trial_001,event_007,exp1_system_characterization/occlusion_recovery,Arrival-Hold,EgoAnchor,EgoAnchor,rotation_error_deg_iqr,11.395072355948887,0.0,-11.395072355948887,1
20260717_205539_controller_right,exp1_system_characterization,occlusion_recovery,trial_001,event_007,exp1_system_characterization/occlusion_recovery,Arrival-Hold,EgoAnchor,EgoAnchor,rotation_error_deg_p95,15.246084895736114,4.127608838013455,-11.11847605772266,1
20260717_205539_controller_right,exp1_system_characterization,occlusion_recovery,trial_001,event_007,exp1_system_characterization/occlusion_recovery,Arrival-Hold,EgoAnchor,EgoAnchor,candidate_arrival_p50_ms,-55.25129999296041,-55.33139999897685,-0.08010000601643696,1
20260717_205539_controller_right,exp1_system_characterization,occlusion_recovery,trial_001,event_007,exp1_system_characterization/occlusion_recovery,Arrival-Hold,EgoAnchor,EgoAnchor,candidate_arrival_p95_ms,218.1113200029358,218.00242000026626,-0.10890000266954303,1
20260717_205539_controller_right,exp1_system_characterization,occlusion_recovery,trial_001,event_007,exp1_system_characterization/occlusion_recovery,Arrival-Hold,EgoAnchor,EgoAnchor,candidate_processing_p50_ms,31.823599997907877,31.823599997907877,0.0,1
20260717_205539_controller_right,exp1_system_characterization,occlusion_recovery,trial_001,event_007,exp1_system_characterization/occlusion_recovery,Arrival-Hold,EgoAnchor,EgoAnchor,candidate_processing_p95_ms,91.12348000034672,91.12348000034672,0.0,1
20260717_205539_controller_right,exp1_system_characterization,occlusion_recovery,trial_001,event_007,exp1_system_characterization/occlusion_recovery,Arrival-Hold,EgoAnchor,EgoAnchor,observation_age_p50_ms,83.71824999994715,264.77629999862984,181.0580499986827,1
20260717_205539_controller_right,exp1_system_characterization,occlusion_recovery,trial_001,event_007,exp1_system_characterization/occlusion_recovery,Arrival-Hold,EgoAnchor,EgoAnchor,observation_age_p95_ms,846.9277700012755,999.9632899984136,153.03551999713818,1
20260717_205539_controller_right,exp1_system_characterization,occlusion_recovery,trial_001,event_007,exp1_system_characterization/occlusion_recovery,Arrival-Hold,EgoAnchor,EgoAnchor,smoothing_delay_p50_ms,83.71824999994715,885.5955500002892,801.8773000003421,1
20260717_205539_controller_right,exp1_system_characterization,occlusion_recovery,trial_001,event_007,exp1_system_characterization/occlusion_recovery,Arrival-Hold,EgoAnchor,EgoAnchor,smoothing_delay_p95_ms,846.9277700012755,919.2739250029263,72.3461550016508,1
20260717_205539_controller_right,exp1_system_characterization,occlusion_recovery,trial_001,event_007,exp1_system_characterization/occlusion_recovery,Arrival-Hold,EgoAnchor,EgoAnchor,visual_perception_hz,11.534779282000862,11.534779282000862,0.0,1
20260717_205539_controller_right,exp1_system_characterization,occlusion_recovery,trial_001,event_007,exp1_system_characterization/occlusion_recovery,Arrival-Hold,EgoAnchor,EgoAnchor,render_hz,69.8315543376654,69.8315543376654,0.0,1
20260717_205539_controller_right,exp1_system_characterization,occlusion_recovery,trial_001,event_008,exp1_system_characterization/occlusion_recovery,Arrival-Hold,Capture-Hold,Capture-Hold,reference_coverage,1.0,1.0,0.0,1
20260717_205539_controller_right,exp1_system_characterization,occlusion_recovery,trial_001,event_008,exp1_system_characterization/occlusion_recovery,Arrival-Hold,Capture-Hold,Capture-Hold,display_coverage,1.0,1.0,0.0,1
20260717_205539_controller_right,exp1_system_characterization,occlusion_recovery,trial_001,event_008,exp1_system_characterization/occlusion_recovery,Arrival-Hold,Capture-Hold,Capture-Hold,output_coverage,1.0,1.0,0.0,1
20260717_205539_controller_right,exp1_system_characterization,occlusion_recovery,trial_001,event_008,exp1_system_characterization/occlusion_recovery,Arrival-Hold,Capture-Hold,Capture-Hold,translation_error_mm_median,1.454516892820326,1.2772506862207782,-0.17726620659954784,1
20260717_205539_controller_right,exp1_system_characterization,occlusion_recovery,trial_001,event_008,exp1_system_characterization/occlusion_recovery,Arrival-Hold,Capture-Hold,Capture-Hold,translation_error_mm_iqr,0.43791258268933886,0.4668917477660022,0.028979165076663316,1
20260717_205539_controller_right,exp1_system_characterization,occlusion_recovery,trial_001,event_008,exp1_system_characterization/occlusion_recovery,Arrival-Hold,Capture-Hold,Capture-Hold,translation_error_mm_p95,2.37014985688284,2.050413766961509,-0.31973608992133107,1
20260717_205539_controller_right,exp1_system_characterization,occlusion_recovery,trial_001,event_008,exp1_system_characterization/occlusion_recovery,Arrival-Hold,Capture-Hold,Capture-Hold,rotation_error_deg_median,3.731492312705134,3.7407147113982915,0.009222398693157441,1
20260717_205539_controller_right,exp1_system_characterization,occlusion_recovery,trial_001,event_008,exp1_system_characterization/occlusion_recovery,Arrival-Hold,Capture-Hold,Capture-Hold,rotation_error_deg_iqr,1.2167874399212897,1.2316466605146497,0.014859220593359979,1
20260717_205539_controller_right,exp1_system_characterization,occlusion_recovery,trial_001,event_008,exp1_system_characterization/occlusion_recovery,Arrival-Hold,Capture-Hold,Capture-Hold,rotation_error_deg_p95,5.778942657340577,5.787062285960867,0.00811962862028981,1
20260717_205539_controller_right,exp1_system_characterization,occlusion_recovery,trial_001,event_008,exp1_system_characterization/occlusion_recovery,Arrival-Hold,Capture-Hold,Capture-Hold,candidate_arrival_p50_ms,166.0761499988439,166.10745000070892,0.03130000186502002,1
20260717_205539_controller_right,exp1_system_characterization,occlusion_recovery,trial_001,event_008,exp1_system_characterization/occlusion_recovery,Arrival-Hold,Capture-Hold,Capture-Hold,candidate_arrival_p95_ms,194.81222500326112,194.8445250018267,0.03229999856557697,1
20260717_205539_controller_right,exp1_system_characterization,occlusion_recovery,trial_001,event_008,exp1_system_characterization/occlusion_recovery,Arrival-Hold,Capture-Hold,Capture-Hold,candidate_processing_p50_ms,71.92700000107288,71.92700000107288,0.0,1
20260717_205539_controller_right,exp1_system_characterization,occlusion_recovery,trial_001,event_008,exp1_system_characterization/occlusion_recovery,Arrival-Hold,Capture-Hold,Capture-Hold,candidate_processing_p95_ms,82.95454999990761,82.95454999990761,0.0,1
20260717_205539_controller_right,exp1_system_characterization,occlusion_recovery,trial_001,event_008,exp1_system_characterization/occlusion_recovery,Arrival-Hold,Capture-Hold,Capture-Hold,observation_age_p50_ms,41.95244999937131,216.06454999709968,174.11209999772836,1
20260717_205539_controller_right,exp1_system_characterization,occlusion_recovery,trial_001,event_008,exp1_system_characterization/occlusion_recovery,Arrival-Hold,Capture-Hold,Capture-Hold,observation_age_p95_ms,103.6642499973822,265.4624549977598,161.79820500037758,1
20260717_205539_controller_right,exp1_system_characterization,occlusion_recovery,trial_001,event_008,exp1_system_characterization/occlusion_recovery,Arrival-Hold,Capture-Hold,Capture-Hold,smoothing_delay_p50_ms,41.95244999937131,216.06454999709968,174.11209999772836,1
20260717_205539_controller_right,exp1_system_characterization,occlusion_recovery,trial_001,event_008,exp1_system_characterization/occlusion_recovery,Arrival-Hold,Capture-Hold,Capture-Hold,smoothing_delay_p95_ms,103.6642499973822,265.4624549977598,161.79820500037758,1
20260717_205539_controller_right,exp1_system_characterization,occlusion_recovery,trial_001,event_008,exp1_system_characterization/occlusion_recovery,Arrival-Hold,Capture-Hold,Capture-Hold,visual_perception_hz,9.873515526813293,9.873515526813293,0.0,1
20260717_205539_controller_right,exp1_system_characterization,occlusion_recovery,trial_001,event_008,exp1_system_characterization/occlusion_recovery,Arrival-Hold,Capture-Hold,Capture-Hold,render_hz,69.61957517827157,69.61957517827157,0.0,1
20260717_205539_controller_right,exp1_system_characterization,occlusion_recovery,trial_001,event_008,exp1_system_characterization/occlusion_recovery,Arrival-Hold,One-Euro Anchor,One-Euro Anchor,reference_coverage,1.0,1.0,0.0,1
20260717_205539_controller_right,exp1_system_characterization,occlusion_recovery,trial_001,event_008,exp1_system_characterization/occlusion_recovery,Arrival-Hold,One-Euro Anchor,One-Euro Anchor,display_coverage,1.0,1.0,0.0,1
20260717_205539_controller_right,exp1_system_characterization,occlusion_recovery,trial_001,event_008,exp1_system_characterization/occlusion_recovery,Arrival-Hold,One-Euro Anchor,One-Euro Anchor,output_coverage,1.0,1.0,0.0,1
20260717_205539_controller_right,exp1_system_characterization,occlusion_recovery,trial_001,event_008,exp1_system_characterization/occlusion_recovery,Arrival-Hold,One-Euro Anchor,One-Euro Anchor,translation_error_mm_median,1.454516892820326,1.2252920105967593,-0.22922488222356674,1
20260717_205539_controller_right,exp1_system_characterization,occlusion_recovery,trial_001,event_008,exp1_system_characterization/occlusion_recovery,Arrival-Hold,One-Euro Anchor,One-Euro Anchor,translation_error_mm_iqr,0.43791258268933886,0.4088188934260464,-0.029093689263292477,1
20260717_205539_controller_right,exp1_system_characterization,occlusion_recovery,trial_001,event_008,exp1_system_characterization/occlusion_recovery,Arrival-Hold,One-Euro Anchor,One-Euro Anchor,translation_error_mm_p95,2.37014985688284,1.7036498243313618,-0.666500032551478,1
20260717_205539_controller_right,exp1_system_characterization,occlusion_recovery,trial_001,event_008,exp1_system_characterization/occlusion_recovery,Arrival-Hold,One-Euro Anchor,One-Euro Anchor,rotation_error_deg_median,3.731492312705134,3.460044593927057,-0.27144771877807683,1
20260717_205539_controller_right,exp1_system_characterization,occlusion_recovery,trial_001,event_008,exp1_system_characterization/occlusion_recovery,Arrival-Hold,One-Euro Anchor,One-Euro Anchor,rotation_error_deg_iqr,1.2167874399212897,0.879908968289087,-0.33687847163220264,1
20260717_205539_controller_right,exp1_system_characterization,occlusion_recovery,trial_001,event_008,exp1_system_characterization/occlusion_recovery,Arrival-Hold,One-Euro Anchor,One-Euro Anchor,rotation_error_deg_p95,5.778942657340577,4.861222668077266,-0.9177199892633112,1
20260717_205539_controller_right,exp1_system_characterization,occlusion_recovery,trial_001,event_008,exp1_system_characterization/occlusion_recovery,Arrival-Hold,One-Euro Anchor,One-Euro Anchor,candidate_arrival_p50_ms,166.0761499988439,166.1373499991896,0.06120000034570694,1
20260717_205539_controller_right,exp1_system_characterization,occlusion_recovery,trial_001,event_008,exp1_system_characterization/occlusion_recovery,Arrival-Hold,One-Euro Anchor,One-Euro Anchor,candidate_arrival_p95_ms,194.81222500326112,194.87552500322272,0.0632999999616004,1
20260717_205539_controller_right,exp1_system_characterization,occlusion_recovery,trial_001,event_008,exp1_system_characterization/occlusion_recovery,Arrival-Hold,One-Euro Anchor,One-Euro Anchor,candidate_processing_p50_ms,71.92700000107288,71.92700000107288,0.0,1
20260717_205539_controller_right,exp1_system_characterization,occlusion_recovery,trial_001,event_008,exp1_system_characterization/occlusion_recovery,Arrival-Hold,One-Euro Anchor,One-Euro Anchor,candidate_processing_p95_ms,82.95454999990761,82.95454999990761,0.0,1
20260717_205539_controller_right,exp1_system_characterization,occlusion_recovery,trial_001,event_008,exp1_system_characterization/occlusion_recovery,Arrival-Hold,One-Euro Anchor,One-Euro Anchor,observation_age_p50_ms,41.95244999937131,216.06525000242982,174.1128000030585,1
20260717_205539_controller_right,exp1_system_characterization,occlusion_recovery,trial_001,event_008,exp1_system_characterization/occlusion_recovery,Arrival-Hold,One-Euro Anchor,One-Euro Anchor,observation_age_p95_ms,103.6642499973822,265.46335999737494,161.79910999999274,1
20260717_205539_controller_right,exp1_system_characterization,occlusion_recovery,trial_001,event_008,exp1_system_characterization/occlusion_recovery,Arrival-Hold,One-Euro Anchor,One-Euro Anchor,smoothing_delay_p50_ms,41.95244999937131,216.06525000242982,174.1128000030585,1
20260717_205539_controller_right,exp1_system_characterization,occlusion_recovery,trial_001,event_008,exp1_system_characterization/occlusion_recovery,Arrival-Hold,One-Euro Anchor,One-Euro Anchor,smoothing_delay_p95_ms,103.6642499973822,265.46335999737494,161.79910999999274,1
20260717_205539_controller_right,exp1_system_characterization,occlusion_recovery,trial_001,event_008,exp1_system_characterization/occlusion_recovery,Arrival-Hold,One-Euro Anchor,One-Euro Anchor,visual_perception_hz,9.873515526813293,9.873515526813293,0.0,1
20260717_205539_controller_right,exp1_system_characterization,occlusion_recovery,trial_001,event_008,exp1_system_characterization/occlusion_recovery,Arrival-Hold,One-Euro Anchor,One-Euro Anchor,render_hz,69.61957517827157,69.61957517827157,0.0,1
20260717_205539_controller_right,exp1_system_characterization,occlusion_recovery,trial_001,event_008,exp1_system_characterization/occlusion_recovery,Arrival-Hold,EgoAnchor,EgoAnchor,reference_coverage,1.0,1.0,0.0,1
20260717_205539_controller_right,exp1_system_characterization,occlusion_recovery,trial_001,event_008,exp1_system_characterization/occlusion_recovery,Arrival-Hold,EgoAnchor,EgoAnchor,display_coverage,1.0,1.0,0.0,1
20260717_205539_controller_right,exp1_system_characterization,occlusion_recovery,trial_001,event_008,exp1_system_characterization/occlusion_recovery,Arrival-Hold,EgoAnchor,EgoAnchor,output_coverage,1.0,1.0,0.0,1
20260717_205539_controller_right,exp1_system_characterization,occlusion_recovery,trial_001,event_008,exp1_system_characterization/occlusion_recovery,Arrival-Hold,EgoAnchor,EgoAnchor,translation_error_mm_median,1.454516892820326,1.1744861613574402,-0.2800307314628858,1
20260717_205539_controller_right,exp1_system_characterization,occlusion_recovery,trial_001,event_008,exp1_system_characterization/occlusion_recovery,Arrival-Hold,EgoAnchor,EgoAnchor,translation_error_mm_iqr,0.43791258268933886,0.03363081871611695,-0.4042817639732219,1
20260717_205539_controller_right,exp1_system_characterization,occlusion_recovery,trial_001,event_008,exp1_system_characterization/occlusion_recovery,Arrival-Hold,EgoAnchor,EgoAnchor,translation_error_mm_p95,2.37014985688284,1.2086106983536609,-1.161539158529179,1
20260717_205539_controller_right,exp1_system_characterization,occlusion_recovery,trial_001,event_008,exp1_system_characterization/occlusion_recovery,Arrival-Hold,EgoAnchor,EgoAnchor,rotation_error_deg_median,3.731492312705134,3.5115324070325977,-0.21995990567253632,1
20260717_205539_controller_right,exp1_system_characterization,occlusion_recovery,trial_001,event_008,exp1_system_characterization/occlusion_recovery,Arrival-Hold,EgoAnchor,EgoAnchor,rotation_error_deg_iqr,1.2167874399212897,0.12836803812541975,-1.08841940179587,1
20260717_205539_controller_right,exp1_system_characterization,occlusion_recovery,trial_001,event_008,exp1_system_characterization/occlusion_recovery,Arrival-Hold,EgoAnchor,EgoAnchor,rotation_error_deg_p95,5.778942657340577,3.617741491380568,-2.1612011659600094,1
20260717_205539_controller_right,exp1_system_characterization,occlusion_recovery,trial_001,event_008,exp1_system_characterization/occlusion_recovery,Arrival-Hold,EgoAnchor,EgoAnchor,candidate_arrival_p50_ms,166.0761499988439,165.99264999968,-0.08349999916390516,1
20260717_205539_controller_right,exp1_system_characterization,occlusion_recovery,trial_001,event_008,exp1_system_characterization/occlusion_recovery,Arrival-Hold,EgoAnchor,EgoAnchor,candidate_arrival_p95_ms,194.81222500326112,194.72685000073398,-0.0853750025271438,1
20260717_205539_controller_right,exp1_system_characterization,occlusion_recovery,trial_001,event_008,exp1_system_characterization/occlusion_recovery,Arrival-Hold,EgoAnchor,EgoAnchor,candidate_processing_p50_ms,71.92700000107288,71.92700000107288,0.0,1
20260717_205539_controller_right,exp1_system_characterization,occlusion_recovery,trial_001,event_008,exp1_system_characterization/occlusion_recovery,Arrival-Hold,EgoAnchor,EgoAnchor,candidate_processing_p95_ms,82.95454999990761,82.95454999990761,0.0,1
20260717_205539_controller_right,exp1_system_characterization,occlusion_recovery,trial_001,event_008,exp1_system_characterization/occlusion_recovery,Arrival-Hold,EgoAnchor,EgoAnchor,observation_age_p50_ms,41.95244999937131,216.05455000099028,174.10210000161896,1
20260717_205539_controller_right,exp1_system_characterization,occlusion_recovery,trial_001,event_008,exp1_system_characterization/occlusion_recovery,Arrival-Hold,EgoAnchor,EgoAnchor,observation_age_p95_ms,103.6642499973822,265.45278500379936,161.78853500641716,1
20260717_205539_controller_right,exp1_system_characterization,occlusion_recovery,trial_001,event_008,exp1_system_characterization/occlusion_recovery,Arrival-Hold,EgoAnchor,EgoAnchor,smoothing_delay_p50_ms,41.95244999937131,,,0
20260717_205539_controller_right,exp1_system_characterization,occlusion_recovery,trial_001,event_008,exp1_system_characterization/occlusion_recovery,Arrival-Hold,EgoAnchor,EgoAnchor,smoothing_delay_p95_ms,103.6642499973822,,,0
20260717_205539_controller_right,exp1_system_characterization,occlusion_recovery,trial_001,event_008,exp1_system_characterization/occlusion_recovery,Arrival-Hold,EgoAnchor,EgoAnchor,visual_perception_hz,9.873515526813293,9.873515526813293,0.0,1
20260717_205539_controller_right,exp1_system_characterization,occlusion_recovery,trial_001,event_008,exp1_system_characterization/occlusion_recovery,Arrival-Hold,EgoAnchor,EgoAnchor,render_hz,69.61957517827157,69.61957517827157,0.0,1
20260717_205539_controller_right,exp1_system_characterization,occlusion_recovery,trial_001,event_009,exp1_system_characterization/occlusion_recovery,Arrival-Hold,Capture-Hold,Capture-Hold,reference_coverage,1.0,1.0,0.0,1
20260717_205539_controller_right,exp1_system_characterization,occlusion_recovery,trial_001,event_009,exp1_system_characterization/occlusion_recovery,Arrival-Hold,Capture-Hold,Capture-Hold,display_coverage,1.0,1.0,0.0,1
20260717_205539_controller_right,exp1_system_characterization,occlusion_recovery,trial_001,event_009,exp1_system_characterization/occlusion_recovery,Arrival-Hold,Capture-Hold,Capture-Hold,output_coverage,0.6816326530612244,0.6816326530612244,0.0,1
20260717_205539_controller_right,exp1_system_characterization,occlusion_recovery,trial_001,event_009,exp1_system_characterization/occlusion_recovery,Arrival-Hold,Capture-Hold,Capture-Hold,translation_error_mm_median,15.259479379294207,13.685441047200952,-1.5740383320932558,1
20260717_205539_controller_right,exp1_system_characterization,occlusion_recovery,trial_001,event_009,exp1_system_characterization/occlusion_recovery,Arrival-Hold,Capture-Hold,Capture-Hold,translation_error_mm_iqr,13.384994420653584,11.698747152503174,-1.6862472681504102,1
20260717_205539_controller_right,exp1_system_characterization,occlusion_recovery,trial_001,event_009,exp1_system_characterization/occlusion_recovery,Arrival-Hold,Capture-Hold,Capture-Hold,translation_error_mm_p95,15.259479379294207,13.685441047200952,-1.5740383320932558,1
20260717_205539_controller_right,exp1_system_characterization,occlusion_recovery,trial_001,event_009,exp1_system_characterization/occlusion_recovery,Arrival-Hold,Capture-Hold,Capture-Hold,rotation_error_deg_median,24.402464551861605,24.567087728476704,0.1646231766150983,1
20260717_205539_controller_right,exp1_system_characterization,occlusion_recovery,trial_001,event_009,exp1_system_characterization/occlusion_recovery,Arrival-Hold,Capture-Hold,Capture-Hold,rotation_error_deg_iqr,19.982842615910666,20.205542740195146,0.22270012428447927,1
20260717_205539_controller_right,exp1_system_characterization,occlusion_recovery,trial_001,event_009,exp1_system_characterization/occlusion_recovery,Arrival-Hold,Capture-Hold,Capture-Hold,rotation_error_deg_p95,24.402464551861605,24.567087728476704,0.1646231766150983,1
20260717_205539_controller_right,exp1_system_characterization,occlusion_recovery,trial_001,event_009,exp1_system_characterization/occlusion_recovery,Arrival-Hold,Capture-Hold,Capture-Hold,candidate_arrival_p50_ms,41.190500000084285,41.22990000178106,0.0394000016967766,1
20260717_205539_controller_right,exp1_system_characterization,occlusion_recovery,trial_001,event_009,exp1_system_characterization/occlusion_recovery,Arrival-Hold,Capture-Hold,Capture-Hold,candidate_arrival_p95_ms,208.2954100020288,208.3324100029131,0.037000000884290785,1
20260717_205539_controller_right,exp1_system_characterization,occlusion_recovery,trial_001,event_009,exp1_system_characterization/occlusion_recovery,Arrival-Hold,Capture-Hold,Capture-Hold,candidate_processing_p50_ms,32.07579999603331,32.07579999603331,0.0,1
20260717_205539_controller_right,exp1_system_characterization,occlusion_recovery,trial_001,event_009,exp1_system_characterization/occlusion_recovery,Arrival-Hold,Capture-Hold,Capture-Hold,candidate_processing_p95_ms,90.56858999691902,90.56858999691902,0.0,1
20260717_205539_controller_right,exp1_system_characterization,occlusion_recovery,trial_001,event_009,exp1_system_characterization/occlusion_recovery,Arrival-Hold,Capture-Hold,Capture-Hold,observation_age_p50_ms,70.11929999862332,258.34539999777917,188.22609999915585,1
20260717_205539_controller_right,exp1_system_characterization,occlusion_recovery,trial_001,event_009,exp1_system_characterization/occlusion_recovery,Arrival-Hold,Capture-Hold,Capture-Hold,observation_age_p95_ms,774.1480599979694,982.3937900051532,208.24573000718374,1
20260717_205539_controller_right,exp1_system_characterization,occlusion_recovery,trial_001,event_009,exp1_system_characterization/occlusion_recovery,Arrival-Hold,Capture-Hold,Capture-Hold,smoothing_delay_p50_ms,70.11929999862332,258.34539999777917,188.22609999915585,1
20260717_205539_controller_right,exp1_system_characterization,occlusion_recovery,trial_001,event_009,exp1_system_characterization/occlusion_recovery,Arrival-Hold,Capture-Hold,Capture-Hold,smoothing_delay_p95_ms,774.1480599979694,982.3937900051532,208.24573000718374,1
20260717_205539_controller_right,exp1_system_characterization,occlusion_recovery,trial_001,event_009,exp1_system_characterization/occlusion_recovery,Arrival-Hold,Capture-Hold,Capture-Hold,visual_perception_hz,11.971699835964229,11.971699835964229,0.0,1
20260717_205539_controller_right,exp1_system_characterization,occlusion_recovery,trial_001,event_009,exp1_system_characterization/occlusion_recovery,Arrival-Hold,Capture-Hold,Capture-Hold,render_hz,69.5997086853015,69.5997086853015,0.0,1
20260717_205539_controller_right,exp1_system_characterization,occlusion_recovery,trial_001,event_009,exp1_system_characterization/occlusion_recovery,Arrival-Hold,One-Euro Anchor,One-Euro Anchor,reference_coverage,1.0,1.0,0.0,1
20260717_205539_controller_right,exp1_system_characterization,occlusion_recovery,trial_001,event_009,exp1_system_characterization/occlusion_recovery,Arrival-Hold,One-Euro Anchor,One-Euro Anchor,display_coverage,1.0,1.0,0.0,1
20260717_205539_controller_right,exp1_system_characterization,occlusion_recovery,trial_001,event_009,exp1_system_characterization/occlusion_recovery,Arrival-Hold,One-Euro Anchor,One-Euro Anchor,output_coverage,0.6816326530612244,0.6816326530612244,0.0,1
20260717_205539_controller_right,exp1_system_characterization,occlusion_recovery,trial_001,event_009,exp1_system_characterization/occlusion_recovery,Arrival-Hold,One-Euro Anchor,One-Euro Anchor,translation_error_mm_median,15.259479379294207,4.576179164462732,-10.683300214831476,1
20260717_205539_controller_right,exp1_system_characterization,occlusion_recovery,trial_001,event_009,exp1_system_characterization/occlusion_recovery,Arrival-Hold,One-Euro Anchor,One-Euro Anchor,translation_error_mm_iqr,13.384994420653584,2.6690903738855436,-10.71590404676804,1
20260717_205539_controller_right,exp1_system_characterization,occlusion_recovery,trial_001,event_009,exp1_system_characterization/occlusion_recovery,Arrival-Hold,One-Euro Anchor,One-Euro Anchor,translation_error_mm_p95,15.259479379294207,4.576179164462732,-10.683300214831476,1
20260717_205539_controller_right,exp1_system_characterization,occlusion_recovery,trial_001,event_009,exp1_system_characterization/occlusion_recovery,Arrival-Hold,One-Euro Anchor,One-Euro Anchor,rotation_error_deg_median,24.402464551861605,9.052214734184298,-15.350249817677307,1
20260717_205539_controller_right,exp1_system_characterization,occlusion_recovery,trial_001,event_009,exp1_system_characterization/occlusion_recovery,Arrival-Hold,One-Euro Anchor,One-Euro Anchor,rotation_error_deg_iqr,19.982842615910666,4.8265761626886805,-15.156266453221985,1
20260717_205539_controller_right,exp1_system_characterization,occlusion_recovery,trial_001,event_009,exp1_system_characterization/occlusion_recovery,Arrival-Hold,One-Euro Anchor,One-Euro Anchor,rotation_error_deg_p95,24.402464551861605,9.052214734184298,-15.350249817677307,1
20260717_205539_controller_right,exp1_system_characterization,occlusion_recovery,trial_001,event_009,exp1_system_characterization/occlusion_recovery,Arrival-Hold,One-Euro Anchor,One-Euro Anchor,candidate_arrival_p50_ms,41.190500000084285,41.260300000431016,0.0698000003467314,1
20260717_205539_controller_right,exp1_system_characterization,occlusion_recovery,trial_001,event_009,exp1_system_characterization/occlusion_recovery,Arrival-Hold,One-Euro Anchor,One-Euro Anchor,candidate_arrival_p95_ms,208.2954100020288,208.36209000262897,0.0666800006001722,1
20260717_205539_controller_right,exp1_system_characterization,occlusion_recovery,trial_001,event_009,exp1_system_characterization/occlusion_recovery,Arrival-Hold,One-Euro Anchor,One-Euro Anchor,candidate_processing_p50_ms,32.07579999603331,32.07579999603331,0.0,1
20260717_205539_controller_right,exp1_system_characterization,occlusion_recovery,trial_001,event_009,exp1_system_characterization/occlusion_recovery,Arrival-Hold,One-Euro Anchor,One-Euro Anchor,candidate_processing_p95_ms,90.56858999691902,90.56858999691902,0.0,1
20260717_205539_controller_right,exp1_system_characterization,occlusion_recovery,trial_001,event_009,exp1_system_characterization/occlusion_recovery,Arrival-Hold,One-Euro Anchor,One-Euro Anchor,observation_age_p50_ms,70.11929999862332,258.34609999583336,188.22679999721004,1
20260717_205539_controller_right,exp1_system_characterization,occlusion_recovery,trial_001,event_009,exp1_system_characterization/occlusion_recovery,Arrival-Hold,One-Euro Anchor,One-Euro Anchor,observation_age_p95_ms,774.1480599979694,982.3944200026743,208.2463600047049,1
20260717_205539_controller_right,exp1_system_characterization,occlusion_recovery,trial_001,event_009,exp1_system_characterization/occlusion_recovery,Arrival-Hold,One-Euro Anchor,One-Euro Anchor,smoothing_delay_p50_ms,70.11929999862332,258.34609999583336,188.22679999721004,1
20260717_205539_controller_right,exp1_system_characterization,occlusion_recovery,trial_001,event_009,exp1_system_characterization/occlusion_recovery,Arrival-Hold,One-Euro Anchor,One-Euro Anchor,smoothing_delay_p95_ms,774.1480599979694,982.3944200026743,208.2463600047049,1
20260717_205539_controller_right,exp1_system_characterization,occlusion_recovery,trial_001,event_009,exp1_system_characterization/occlusion_recovery,Arrival-Hold,One-Euro Anchor,One-Euro Anchor,visual_perception_hz,11.971699835964229,11.971699835964229,0.0,1
20260717_205539_controller_right,exp1_system_characterization,occlusion_recovery,trial_001,event_009,exp1_system_characterization/occlusion_recovery,Arrival-Hold,One-Euro Anchor,One-Euro Anchor,render_hz,69.5997086853015,69.5997086853015,0.0,1
20260717_205539_controller_right,exp1_system_characterization,occlusion_recovery,trial_001,event_009,exp1_system_characterization/occlusion_recovery,Arrival-Hold,EgoAnchor,EgoAnchor,reference_coverage,1.0,1.0,0.0,1
20260717_205539_controller_right,exp1_system_characterization,occlusion_recovery,trial_001,event_009,exp1_system_characterization/occlusion_recovery,Arrival-Hold,EgoAnchor,EgoAnchor,display_coverage,1.0,1.0,0.0,1
20260717_205539_controller_right,exp1_system_characterization,occlusion_recovery,trial_001,event_009,exp1_system_characterization/occlusion_recovery,Arrival-Hold,EgoAnchor,EgoAnchor,output_coverage,0.6816326530612244,0.673469387755102,-0.008163265306122436,1
20260717_205539_controller_right,exp1_system_characterization,occlusion_recovery,trial_001,event_009,exp1_system_characterization/occlusion_recovery,Arrival-Hold,EgoAnchor,EgoAnchor,translation_error_mm_median,15.259479379294207,1.230206247537303,-14.029273131756904,1
20260717_205539_controller_right,exp1_system_characterization,occlusion_recovery,trial_001,event_009,exp1_system_characterization/occlusion_recovery,Arrival-Hold,EgoAnchor,EgoAnchor,translation_error_mm_iqr,13.384994420653584,0.0,-13.384994420653584,1
20260717_205539_controller_right,exp1_system_characterization,occlusion_recovery,trial_001,event_009,exp1_system_characterization/occlusion_recovery,Arrival-Hold,EgoAnchor,EgoAnchor,translation_error_mm_p95,15.259479379294207,2.1130416336694036,-13.146437745624803,1
20260717_205539_controller_right,exp1_system_characterization,occlusion_recovery,trial_001,event_009,exp1_system_characterization/occlusion_recovery,Arrival-Hold,EgoAnchor,EgoAnchor,rotation_error_deg_median,24.402464551861605,3.4899316357099397,-20.912532916151665,1
20260717_205539_controller_right,exp1_system_characterization,occlusion_recovery,trial_001,event_009,exp1_system_characterization/occlusion_recovery,Arrival-Hold,EgoAnchor,EgoAnchor,rotation_error_deg_iqr,19.982842615910666,0.0716129236548615,-19.911229692255805,1
20260717_205539_controller_right,exp1_system_characterization,occlusion_recovery,trial_001,event_009,exp1_system_characterization/occlusion_recovery,Arrival-Hold,EgoAnchor,EgoAnchor,rotation_error_deg_p95,24.402464551861605,4.820198506415365,-19.58226604544624,1
20260717_205539_controller_right,exp1_system_characterization,occlusion_recovery,trial_001,event_009,exp1_system_characterization/occlusion_recovery,Arrival-Hold,EgoAnchor,EgoAnchor,candidate_arrival_p50_ms,41.190500000084285,41.110599995590746,-0.07990000449353829,1
20260717_205539_controller_right,exp1_system_characterization,occlusion_recovery,trial_001,event_009,exp1_system_characterization/occlusion_recovery,Arrival-Hold,EgoAnchor,EgoAnchor,candidate_arrival_p95_ms,208.2954100020288,208.21470000009867,-0.08071000193012878,1
20260717_205539_controller_right,exp1_system_characterization,occlusion_recovery,trial_001,event_009,exp1_system_characterization/occlusion_recovery,Arrival-Hold,EgoAnchor,EgoAnchor,candidate_processing_p50_ms,32.07579999603331,32.07579999603331,0.0,1
20260717_205539_controller_right,exp1_system_characterization,occlusion_recovery,trial_001,event_009,exp1_system_characterization/occlusion_recovery,Arrival-Hold,EgoAnchor,EgoAnchor,candidate_processing_p95_ms,90.56858999691902,90.56858999691902,0.0,1
20260717_205539_controller_right,exp1_system_characterization,occlusion_recovery,trial_001,event_009,exp1_system_characterization/occlusion_recovery,Arrival-Hold,EgoAnchor,EgoAnchor,observation_age_p50_ms,70.11929999862332,264.7360999981174,194.6167999994941,1
20260717_205539_controller_right,exp1_system_characterization,occlusion_recovery,trial_001,event_009,exp1_system_characterization/occlusion_recovery,Arrival-Hold,EgoAnchor,EgoAnchor,observation_age_p95_ms,774.1480599979694,1066.1405900005773,291.99253000260785,1
20260717_205539_controller_right,exp1_system_characterization,occlusion_recovery,trial_001,event_009,exp1_system_characterization/occlusion_recovery,Arrival-Hold,EgoAnchor,EgoAnchor,smoothing_delay_p50_ms,70.11929999862332,848.4985000031884,778.3792000045651,1
20260717_205539_controller_right,exp1_system_characterization,occlusion_recovery,trial_001,event_009,exp1_system_characterization/occlusion_recovery,Arrival-Hold,EgoAnchor,EgoAnchor,smoothing_delay_p95_ms,774.1480599979694,878.7833800015505,104.63532000358111,1
20260717_205539_controller_right,exp1_system_characterization,occlusion_recovery,trial_001,event_009,exp1_system_characterization/occlusion_recovery,Arrival-Hold,EgoAnchor,EgoAnchor,visual_perception_hz,11.971699835964229,11.971699835964229,0.0,1
20260717_205539_controller_right,exp1_system_characterization,occlusion_recovery,trial_001,event_009,exp1_system_characterization/occlusion_recovery,Arrival-Hold,EgoAnchor,EgoAnchor,render_hz,69.5997086853015,69.5997086853015,0.0,1
20260717_205539_controller_right,exp1_system_characterization,occlusion_recovery,trial_001,event_010,exp1_system_characterization/occlusion_recovery,Arrival-Hold,Capture-Hold,Capture-Hold,reference_coverage,1.0,1.0,0.0,1
20260717_205539_controller_right,exp1_system_characterization,occlusion_recovery,trial_001,event_010,exp1_system_characterization/occlusion_recovery,Arrival-Hold,Capture-Hold,Capture-Hold,display_coverage,1.0,1.0,0.0,1
20260717_205539_controller_right,exp1_system_characterization,occlusion_recovery,trial_001,event_010,exp1_system_characterization/occlusion_recovery,Arrival-Hold,Capture-Hold,Capture-Hold,output_coverage,1.0,1.0,0.0,1
20260717_205539_controller_right,exp1_system_characterization,occlusion_recovery,trial_001,event_010,exp1_system_characterization/occlusion_recovery,Arrival-Hold,Capture-Hold,Capture-Hold,translation_error_mm_median,1.5629765630520978,1.3851777454204097,-0.17779881763168803,1
20260717_205539_controller_right,exp1_system_characterization,occlusion_recovery,trial_001,event_010,exp1_system_characterization/occlusion_recovery,Arrival-Hold,Capture-Hold,Capture-Hold,translation_error_mm_iqr,0.5764741535232667,0.5580180552372773,-0.018456098285989375,1
20260717_205539_controller_right,exp1_system_characterization,occlusion_recovery,trial_001,event_010,exp1_system_characterization/occlusion_recovery,Arrival-Hold,Capture-Hold,Capture-Hold,translation_error_mm_p95,2.5008672661627345,2.196550349979959,-0.30431691618277545,1
20260717_205539_controller_right,exp1_system_characterization,occlusion_recovery,trial_001,event_010,exp1_system_characterization/occlusion_recovery,Arrival-Hold,Capture-Hold,Capture-Hold,rotation_error_deg_median,3.333923322855303,3.289828156141938,-0.044095166713364886,1
20260717_205539_controller_right,exp1_system_characterization,occlusion_recovery,trial_001,event_010,exp1_system_characterization/occlusion_recovery,Arrival-Hold,Capture-Hold,Capture-Hold,rotation_error_deg_iqr,1.0641329530561454,1.0391384195666578,-0.024994533489487658,1
20260717_205539_controller_right,exp1_system_characterization,occlusion_recovery,trial_001,event_010,exp1_system_characterization/occlusion_recovery,Arrival-Hold,Capture-Hold,Capture-Hold,rotation_error_deg_p95,4.6443473399585455,4.666204120462038,0.0218567805034926,1
20260717_205539_controller_right,exp1_system_characterization,occlusion_recovery,trial_001,event_010,exp1_system_characterization/occlusion_recovery,Arrival-Hold,Capture-Hold,Capture-Hold,candidate_arrival_p50_ms,181.91880000085803,181.95270000069286,0.03389999983482994,1
20260717_205539_controller_right,exp1_system_characterization,occlusion_recovery,trial_001,event_010,exp1_system_characterization/occlusion_recovery,Arrival-Hold,Capture-Hold,Capture-Hold,candidate_arrival_p95_ms,298.65411500031774,298.6863450005331,0.03223000021534972,1
20260717_205539_controller_right,exp1_system_characterization,occlusion_recovery,trial_001,event_010,exp1_system_characterization/occlusion_recovery,Arrival-Hold,Capture-Hold,Capture-Hold,candidate_processing_p50_ms,72.86409999802709,72.86409999802709,0.0,1
20260717_205539_controller_right,exp1_system_characterization,occlusion_recovery,trial_001,event_010,exp1_system_characterization/occlusion_recovery,Arrival-Hold,Capture-Hold,Capture-Hold,candidate_processing_p95_ms,84.10485000237823,84.10485000237823,0.0,1
20260717_205539_controller_right,exp1_system_characterization,occlusion_recovery,trial_001,event_010,exp1_system_characterization/occlusion_recovery,Arrival-Hold,Capture-Hold,Capture-Hold,observation_age_p50_ms,48.5227000026498,235.79149999568472,187.26879999303492,1
20260717_205539_controller_right,exp1_system_characterization,occlusion_recovery,trial_001,event_010,exp1_system_characterization/occlusion_recovery,Arrival-Hold,Capture-Hold,Capture-Hold,observation_age_p95_ms,105.01177000114694,346.07743999658845,241.0656699954415,1
20260717_205539_controller_right,exp1_system_characterization,occlusion_recovery,trial_001,event_010,exp1_system_characterization/occlusion_recovery,Arrival-Hold,Capture-Hold,Capture-Hold,smoothing_delay_p50_ms,48.5227000026498,235.79149999568472,187.26879999303492,1
20260717_205539_controller_right,exp1_system_characterization,occlusion_recovery,trial_001,event_010,exp1_system_characterization/occlusion_recovery,Arrival-Hold,Capture-Hold,Capture-Hold,smoothing_delay_p95_ms,105.01177000114694,346.07743999658845,241.0656699954415,1
20260717_205539_controller_right,exp1_system_characterization,occlusion_recovery,trial_001,event_010,exp1_system_characterization/occlusion_recovery,Arrival-Hold,Capture-Hold,Capture-Hold,visual_perception_hz,9.579633645405066,9.579633645405066,0.0,1
20260717_205539_controller_right,exp1_system_characterization,occlusion_recovery,trial_001,event_010,exp1_system_characterization/occlusion_recovery,Arrival-Hold,Capture-Hold,Capture-Hold,render_hz,61.017351691957636,61.017351691957636,0.0,1
20260717_205539_controller_right,exp1_system_characterization,occlusion_recovery,trial_001,event_010,exp1_system_characterization/occlusion_recovery,Arrival-Hold,One-Euro Anchor,One-Euro Anchor,reference_coverage,1.0,1.0,0.0,1
20260717_205539_controller_right,exp1_system_characterization,occlusion_recovery,trial_001,event_010,exp1_system_characterization/occlusion_recovery,Arrival-Hold,One-Euro Anchor,One-Euro Anchor,display_coverage,1.0,1.0,0.0,1
20260717_205539_controller_right,exp1_system_characterization,occlusion_recovery,trial_001,event_010,exp1_system_characterization/occlusion_recovery,Arrival-Hold,One-Euro Anchor,One-Euro Anchor,output_coverage,1.0,1.0,0.0,1
20260717_205539_controller_right,exp1_system_characterization,occlusion_recovery,trial_001,event_010,exp1_system_characterization/occlusion_recovery,Arrival-Hold,One-Euro Anchor,One-Euro Anchor,translation_error_mm_median,1.5629765630520978,1.4412733522497372,-0.12170321080236057,1
20260717_205539_controller_right,exp1_system_characterization,occlusion_recovery,trial_001,event_010,exp1_system_characterization/occlusion_recovery,Arrival-Hold,One-Euro Anchor,One-Euro Anchor,translation_error_mm_iqr,0.5764741535232667,0.2882136926601089,-0.2882604608631578,1
20260717_205539_controller_right,exp1_system_characterization,occlusion_recovery,trial_001,event_010,exp1_system_characterization/occlusion_recovery,Arrival-Hold,One-Euro Anchor,One-Euro Anchor,translation_error_mm_p95,2.5008672661627345,1.789451267081104,-0.7114159990816304,1
20260717_205539_controller_right,exp1_system_characterization,occlusion_recovery,trial_001,event_010,exp1_system_characterization/occlusion_recovery,Arrival-Hold,One-Euro Anchor,One-Euro Anchor,rotation_error_deg_median,3.333923322855303,3.1252642850963057,-0.2086590377589972,1
20260717_205539_controller_right,exp1_system_characterization,occlusion_recovery,trial_001,event_010,exp1_system_characterization/occlusion_recovery,Arrival-Hold,One-Euro Anchor,One-Euro Anchor,rotation_error_deg_iqr,1.0641329530561454,0.4876322210506965,-0.5765007320054489,1
20260717_205539_controller_right,exp1_system_characterization,occlusion_recovery,trial_001,event_010,exp1_system_characterization/occlusion_recovery,Arrival-Hold,One-Euro Anchor,One-Euro Anchor,rotation_error_deg_p95,4.6443473399585455,3.918563163130449,-0.7257841768280966,1
20260717_205539_controller_right,exp1_system_characterization,occlusion_recovery,trial_001,event_010,exp1_system_characterization/occlusion_recovery,Arrival-Hold,One-Euro Anchor,One-Euro Anchor,candidate_arrival_p50_ms,181.91880000085803,181.9835000023886,0.06470000153058209,1
20260717_205539_controller_right,exp1_system_characterization,occlusion_recovery,trial_001,event_010,exp1_system_characterization/occlusion_recovery,Arrival-Hold,One-Euro Anchor,One-Euro Anchor,candidate_arrival_p95_ms,298.65411500031774,298.71562500302394,0.061510002706199884,1
20260717_205539_controller_right,exp1_system_characterization,occlusion_recovery,trial_001,event_010,exp1_system_characterization/occlusion_recovery,Arrival-Hold,One-Euro Anchor,One-Euro Anchor,candidate_processing_p50_ms,72.86409999802709,72.86409999802709,0.0,1
20260717_205539_controller_right,exp1_system_characterization,occlusion_recovery,trial_001,event_010,exp1_system_characterization/occlusion_recovery,Arrival-Hold,One-Euro Anchor,One-Euro Anchor,candidate_processing_p95_ms,84.10485000237823,84.10485000237823,0.0,1
20260717_205539_controller_right,exp1_system_characterization,occlusion_recovery,trial_001,event_010,exp1_system_characterization/occlusion_recovery,Arrival-Hold,One-Euro Anchor,One-Euro Anchor,observation_age_p50_ms,48.5227000026498,235.7923999952618,187.269699992612,1
20260717_205539_controller_right,exp1_system_characterization,occlusion_recovery,trial_001,event_010,exp1_system_characterization/occlusion_recovery,Arrival-Hold,One-Euro Anchor,One-Euro Anchor,observation_age_p95_ms,105.01177000114694,346.0782399954041,241.06646999425715,1
20260717_205539_controller_right,exp1_system_characterization,occlusion_recovery,trial_001,event_010,exp1_system_characterization/occlusion_recovery,Arrival-Hold,One-Euro Anchor,One-Euro Anchor,smoothing_delay_p50_ms,48.5227000026498,235.7923999952618,187.269699992612,1
20260717_205539_controller_right,exp1_system_characterization,occlusion_recovery,trial_001,event_010,exp1_system_characterization/occlusion_recovery,Arrival-Hold,One-Euro Anchor,One-Euro Anchor,smoothing_delay_p95_ms,105.01177000114694,346.0782399954041,241.06646999425715,1
20260717_205539_controller_right,exp1_system_characterization,occlusion_recovery,trial_001,event_010,exp1_system_characterization/occlusion_recovery,Arrival-Hold,One-Euro Anchor,One-Euro Anchor,visual_perception_hz,9.579633645405066,9.579633645405066,0.0,1
20260717_205539_controller_right,exp1_system_characterization,occlusion_recovery,trial_001,event_010,exp1_system_characterization/occlusion_recovery,Arrival-Hold,One-Euro Anchor,One-Euro Anchor,render_hz,61.017351691957636,61.017351691957636,0.0,1
20260717_205539_controller_right,exp1_system_characterization,occlusion_recovery,trial_001,event_010,exp1_system_characterization/occlusion_recovery,Arrival-Hold,EgoAnchor,EgoAnchor,reference_coverage,1.0,1.0,0.0,1
20260717_205539_controller_right,exp1_system_characterization,occlusion_recovery,trial_001,event_010,exp1_system_characterization/occlusion_recovery,Arrival-Hold,EgoAnchor,EgoAnchor,display_coverage,1.0,1.0,0.0,1
20260717_205539_controller_right,exp1_system_characterization,occlusion_recovery,trial_001,event_010,exp1_system_characterization/occlusion_recovery,Arrival-Hold,EgoAnchor,EgoAnchor,output_coverage,1.0,1.0,0.0,1
20260717_205539_controller_right,exp1_system_characterization,occlusion_recovery,trial_001,event_010,exp1_system_characterization/occlusion_recovery,Arrival-Hold,EgoAnchor,EgoAnchor,translation_error_mm_median,1.5629765630520978,1.8688719534815197,0.30589539042942193,1
20260717_205539_controller_right,exp1_system_characterization,occlusion_recovery,trial_001,event_010,exp1_system_characterization/occlusion_recovery,Arrival-Hold,EgoAnchor,EgoAnchor,translation_error_mm_iqr,0.5764741535232667,0.19142129656039608,-0.3850528569628706,1
20260717_205539_controller_right,exp1_system_characterization,occlusion_recovery,trial_001,event_010,exp1_system_characterization/occlusion_recovery,Arrival-Hold,EgoAnchor,EgoAnchor,translation_error_mm_p95,2.5008672661627345,2.086145895245428,-0.4147213709173063,1
20260717_205539_controller_right,exp1_system_characterization,occlusion_recovery,trial_001,event_010,exp1_system_characterization/occlusion_recovery,Arrival-Hold,EgoAnchor,EgoAnchor,rotation_error_deg_median,3.333923322855303,4.195951123072334,0.8620278002170307,1
20260717_205539_controller_right,exp1_system_characterization,occlusion_recovery,trial_001,event_010,exp1_system_characterization/occlusion_recovery,Arrival-Hold,EgoAnchor,EgoAnchor,rotation_error_deg_iqr,1.0641329530561454,0.5935702102076803,-0.4705627428484651,1
20260717_205539_controller_right,exp1_system_characterization,occlusion_recovery,trial_001,event_010,exp1_system_characterization/occlusion_recovery,Arrival-Hold,EgoAnchor,EgoAnchor,rotation_error_deg_p95,4.6443473399585455,4.710455565208874,0.06610822525032845,1
20260717_205539_controller_right,exp1_system_characterization,occlusion_recovery,trial_001,event_010,exp1_system_characterization/occlusion_recovery,Arrival-Hold,EgoAnchor,EgoAnchor,candidate_arrival_p50_ms,181.91880000085803,181.84135000410606,-0.07744999675196595,1
20260717_205539_controller_right,exp1_system_characterization,occlusion_recovery,trial_001,event_010,exp1_system_characterization/occlusion_recovery,Arrival-Hold,EgoAnchor,EgoAnchor,candidate_arrival_p95_ms,298.65411500031774,298.571520000769,-0.08259499954874627,1
20260717_205539_controller_right,exp1_system_characterization,occlusion_recovery,trial_001,event_010,exp1_system_characterization/occlusion_recovery,Arrival-Hold,EgoAnchor,EgoAnchor,candidate_processing_p50_ms,72.86409999802709,72.86409999802709,0.0,1
20260717_205539_controller_right,exp1_system_characterization,occlusion_recovery,trial_001,event_010,exp1_system_characterization/occlusion_recovery,Arrival-Hold,EgoAnchor,EgoAnchor,candidate_processing_p95_ms,84.10485000237823,84.10485000237823,0.0,1
20260717_205539_controller_right,exp1_system_characterization,occlusion_recovery,trial_001,event_010,exp1_system_characterization/occlusion_recovery,Arrival-Hold,EgoAnchor,EgoAnchor,observation_age_p50_ms,48.5227000026498,235.78160000033677,187.25889999768697,1
20260717_205539_controller_right,exp1_system_characterization,occlusion_recovery,trial_001,event_010,exp1_system_characterization/occlusion_recovery,Arrival-Hold,EgoAnchor,EgoAnchor,observation_age_p95_ms,105.01177000114694,346.0698999995656,241.05812999841868,1
20260717_205539_controller_right,exp1_system_characterization,occlusion_recovery,trial_001,event_010,exp1_system_characterization/occlusion_recovery,Arrival-Hold,EgoAnchor,EgoAnchor,smoothing_delay_p50_ms,48.5227000026498,,,0
20260717_205539_controller_right,exp1_system_characterization,occlusion_recovery,trial_001,event_010,exp1_system_characterization/occlusion_recovery,Arrival-Hold,EgoAnchor,EgoAnchor,smoothing_delay_p95_ms,105.01177000114694,,,0
20260717_205539_controller_right,exp1_system_characterization,occlusion_recovery,trial_001,event_010,exp1_system_characterization/occlusion_recovery,Arrival-Hold,EgoAnchor,EgoAnchor,visual_perception_hz,9.579633645405066,9.579633645405066,0.0,1
20260717_205539_controller_right,exp1_system_characterization,occlusion_recovery,trial_001,event_010,exp1_system_characterization/occlusion_recovery,Arrival-Hold,EgoAnchor,EgoAnchor,render_hz,61.017351691957636,61.017351691957636,0.0,1
20260717_205539_controller_right,exp1_system_characterization,occlusion_recovery,trial_001,event_011,exp1_system_characterization/occlusion_recovery,Arrival-Hold,Capture-Hold,Capture-Hold,reference_coverage,1.0,1.0,0.0,1
20260717_205539_controller_right,exp1_system_characterization,occlusion_recovery,trial_001,event_011,exp1_system_characterization/occlusion_recovery,Arrival-Hold,Capture-Hold,Capture-Hold,display_coverage,1.0,1.0,0.0,1
20260717_205539_controller_right,exp1_system_characterization,occlusion_recovery,trial_001,event_011,exp1_system_characterization/occlusion_recovery,Arrival-Hold,Capture-Hold,Capture-Hold,output_coverage,0.6792452830188679,0.6792452830188679,0.0,1
20260717_205539_controller_right,exp1_system_characterization,occlusion_recovery,trial_001,event_011,exp1_system_characterization/occlusion_recovery,Arrival-Hold,Capture-Hold,Capture-Hold,translation_error_mm_median,39.66292414429305,38.0216068410751,-1.6413173032179529,1
20260717_205539_controller_right,exp1_system_characterization,occlusion_recovery,trial_001,event_011,exp1_system_characterization/occlusion_recovery,Arrival-Hold,Capture-Hold,Capture-Hold,translation_error_mm_iqr,37.281559885547125,36.79629368320864,-0.4852662023384866,1
20260717_205539_controller_right,exp1_system_characterization,occlusion_recovery,trial_001,event_011,exp1_system_characterization/occlusion_recovery,Arrival-Hold,Capture-Hold,Capture-Hold,translation_error_mm_p95,39.66292414429305,38.0216068410751,-1.6413173032179529,1
20260717_205539_controller_right,exp1_system_characterization,occlusion_recovery,trial_001,event_011,exp1_system_characterization/occlusion_recovery,Arrival-Hold,Capture-Hold,Capture-Hold,rotation_error_deg_median,25.425591716751548,25.604636504368106,0.17904478761655795,1
20260717_205539_controller_right,exp1_system_characterization,occlusion_recovery,trial_001,event_011,exp1_system_characterization/occlusion_recovery,Arrival-Hold,Capture-Hold,Capture-Hold,rotation_error_deg_iqr,21.766544242149152,21.928188275630472,0.16164403348131984,1
20260717_205539_controller_right,exp1_system_characterization,occlusion_recovery,trial_001,event_011,exp1_system_characterization/occlusion_recovery,Arrival-Hold,Capture-Hold,Capture-Hold,rotation_error_deg_p95,25.425591716751548,25.604636504368106,0.17904478761655795,1
20260717_205539_controller_right,exp1_system_characterization,occlusion_recovery,trial_001,event_011,exp1_system_characterization/occlusion_recovery,Arrival-Hold,Capture-Hold,Capture-Hold,candidate_arrival_p50_ms,98.41790000064066,98.45489999861456,0.03699999797390774,1
20260717_205539_controller_right,exp1_system_characterization,occlusion_recovery,trial_001,event_011,exp1_system_characterization/occlusion_recovery,Arrival-Hold,Capture-Hold,Capture-Hold,candidate_arrival_p95_ms,235.93564000038896,235.96726000250783,0.031620002118870616,1
20260717_205539_controller_right,exp1_system_characterization,occlusion_recovery,trial_001,event_011,exp1_system_characterization/occlusion_recovery,Arrival-Hold,Capture-Hold,Capture-Hold,candidate_processing_p50_ms,32.692800000309944,32.692800000309944,0.0,1
20260717_205539_controller_right,exp1_system_characterization,occlusion_recovery,trial_001,event_011,exp1_system_characterization/occlusion_recovery,Arrival-Hold,Capture-Hold,Capture-Hold,candidate_processing_p95_ms,87.65310000032184,87.65310000032184,0.0,1
20260717_205539_controller_right,exp1_system_characterization,occlusion_recovery,trial_001,event_011,exp1_system_characterization/occlusion_recovery,Arrival-Hold,Capture-Hold,Capture-Hold,observation_age_p50_ms,70.58369999867864,277.4590500011982,206.87535000251955,1
20260717_205539_controller_right,exp1_system_characterization,occlusion_recovery,trial_001,event_011,exp1_system_characterization/occlusion_recovery,Arrival-Hold,Capture-Hold,Capture-Hold,observation_age_p95_ms,719.8292499968373,901.302465000117,181.47321500327962,1
20260717_205539_controller_right,exp1_system_characterization,occlusion_recovery,trial_001,event_011,exp1_system_characterization/occlusion_recovery,Arrival-Hold,Capture-Hold,Capture-Hold,smoothing_delay_p50_ms,70.58369999867864,277.4590500011982,206.87535000251955,1
20260717_205539_controller_right,exp1_system_characterization,occlusion_recovery,trial_001,event_011,exp1_system_characterization/occlusion_recovery,Arrival-Hold,Capture-Hold,Capture-Hold,smoothing_delay_p95_ms,719.8292499968373,901.302465000117,181.47321500327962,1
20260717_205539_controller_right,exp1_system_characterization,occlusion_recovery,trial_001,event_011,exp1_system_characterization/occlusion_recovery,Arrival-Hold,Capture-Hold,Capture-Hold,visual_perception_hz,10.7474513174981,10.7474513174981,0.0,1
20260717_205539_controller_right,exp1_system_characterization,occlusion_recovery,trial_001,event_011,exp1_system_characterization/occlusion_recovery,Arrival-Hold,Capture-Hold,Capture-Hold,render_hz,70.41160991995763,70.41160991995763,0.0,1
20260717_205539_controller_right,exp1_system_characterization,occlusion_recovery,trial_001,event_011,exp1_system_characterization/occlusion_recovery,Arrival-Hold,One-Euro Anchor,One-Euro Anchor,reference_coverage,1.0,1.0,0.0,1
20260717_205539_controller_right,exp1_system_characterization,occlusion_recovery,trial_001,event_011,exp1_system_characterization/occlusion_recovery,Arrival-Hold,One-Euro Anchor,One-Euro Anchor,display_coverage,1.0,1.0,0.0,1
20260717_205539_controller_right,exp1_system_characterization,occlusion_recovery,trial_001,event_011,exp1_system_characterization/occlusion_recovery,Arrival-Hold,One-Euro Anchor,One-Euro Anchor,output_coverage,0.6792452830188679,0.6792452830188679,0.0,1
20260717_205539_controller_right,exp1_system_characterization,occlusion_recovery,trial_001,event_011,exp1_system_characterization/occlusion_recovery,Arrival-Hold,One-Euro Anchor,One-Euro Anchor,translation_error_mm_median,39.66292414429305,17.76961969869431,-21.89330444559874,1
20260717_205539_controller_right,exp1_system_characterization,occlusion_recovery,trial_001,event_011,exp1_system_characterization/occlusion_recovery,Arrival-Hold,One-Euro Anchor,One-Euro Anchor,translation_error_mm_iqr,37.281559885547125,16.63032742734275,-20.651232458204376,1
20260717_205539_controller_right,exp1_system_characterization,occlusion_recovery,trial_001,event_011,exp1_system_characterization/occlusion_recovery,Arrival-Hold,One-Euro Anchor,One-Euro Anchor,translation_error_mm_p95,39.66292414429305,17.76961969869431,-21.89330444559874,1
20260717_205539_controller_right,exp1_system_characterization,occlusion_recovery,trial_001,event_011,exp1_system_characterization/occlusion_recovery,Arrival-Hold,One-Euro Anchor,One-Euro Anchor,rotation_error_deg_median,25.425591716751548,13.102177511046738,-12.32341420570481,1
20260717_205539_controller_right,exp1_system_characterization,occlusion_recovery,trial_001,event_011,exp1_system_characterization/occlusion_recovery,Arrival-Hold,One-Euro Anchor,One-Euro Anchor,rotation_error_deg_iqr,21.766544242149152,9.942136755130978,-11.824407487018174,1
20260717_205539_controller_right,exp1_system_characterization,occlusion_recovery,trial_001,event_011,exp1_system_characterization/occlusion_recovery,Arrival-Hold,One-Euro Anchor,One-Euro Anchor,rotation_error_deg_p95,25.425591716751548,13.102177511046738,-12.32341420570481,1
20260717_205539_controller_right,exp1_system_characterization,occlusion_recovery,trial_001,event_011,exp1_system_characterization/occlusion_recovery,Arrival-Hold,One-Euro Anchor,One-Euro Anchor,candidate_arrival_p50_ms,98.41790000064066,98.48870000132592,0.07080000068526715,1
20260717_205539_controller_right,exp1_system_characterization,occlusion_recovery,trial_001,event_011,exp1_system_characterization/occlusion_recovery,Arrival-Hold,One-Euro Anchor,One-Euro Anchor,candidate_arrival_p95_ms,235.93564000038896,235.99670000112383,0.06106000073486939,1
20260717_205539_controller_right,exp1_system_characterization,occlusion_recovery,trial_001,event_011,exp1_system_characterization/occlusion_recovery,Arrival-Hold,One-Euro Anchor,One-Euro Anchor,candidate_processing_p50_ms,32.692800000309944,32.692800000309944,0.0,1
20260717_205539_controller_right,exp1_system_characterization,occlusion_recovery,trial_001,event_011,exp1_system_characterization/occlusion_recovery,Arrival-Hold,One-Euro Anchor,One-Euro Anchor,candidate_processing_p95_ms,87.65310000032184,87.65310000032184,0.0,1
20260717_205539_controller_right,exp1_system_characterization,occlusion_recovery,trial_001,event_011,exp1_system_characterization/occlusion_recovery,Arrival-Hold,One-Euro Anchor,One-Euro Anchor,observation_age_p50_ms,70.58369999867864,277.45985000001383,206.8761500013352,1
20260717_205539_controller_right,exp1_system_characterization,occlusion_recovery,trial_001,event_011,exp1_system_characterization/occlusion_recovery,Arrival-Hold,One-Euro Anchor,One-Euro Anchor,observation_age_p95_ms,719.8292499968373,901.3032649989326,181.47401500209526,1
20260717_205539_controller_right,exp1_system_characterization,occlusion_recovery,trial_001,event_011,exp1_system_characterization/occlusion_recovery,Arrival-Hold,One-Euro Anchor,One-Euro Anchor,smoothing_delay_p50_ms,70.58369999867864,277.45985000001383,206.8761500013352,1
20260717_205539_controller_right,exp1_system_characterization,occlusion_recovery,trial_001,event_011,exp1_system_characterization/occlusion_recovery,Arrival-Hold,One-Euro Anchor,One-Euro Anchor,smoothing_delay_p95_ms,719.8292499968373,901.3032649989326,181.47401500209526,1
20260717_205539_controller_right,exp1_system_characterization,occlusion_recovery,trial_001,event_011,exp1_system_characterization/occlusion_recovery,Arrival-Hold,One-Euro Anchor,One-Euro Anchor,visual_perception_hz,10.7474513174981,10.7474513174981,0.0,1
20260717_205539_controller_right,exp1_system_characterization,occlusion_recovery,trial_001,event_011,exp1_system_characterization/occlusion_recovery,Arrival-Hold,One-Euro Anchor,One-Euro Anchor,render_hz,70.41160991995763,70.41160991995763,0.0,1
20260717_205539_controller_right,exp1_system_characterization,occlusion_recovery,trial_001,event_011,exp1_system_characterization/occlusion_recovery,Arrival-Hold,EgoAnchor,EgoAnchor,reference_coverage,1.0,1.0,0.0,1
20260717_205539_controller_right,exp1_system_characterization,occlusion_recovery,trial_001,event_011,exp1_system_characterization/occlusion_recovery,Arrival-Hold,EgoAnchor,EgoAnchor,display_coverage,1.0,1.0,0.0,1
20260717_205539_controller_right,exp1_system_characterization,occlusion_recovery,trial_001,event_011,exp1_system_characterization/occlusion_recovery,Arrival-Hold,EgoAnchor,EgoAnchor,output_coverage,0.6792452830188679,0.660377358490566,-0.018867924528301883,1
20260717_205539_controller_right,exp1_system_characterization,occlusion_recovery,trial_001,event_011,exp1_system_characterization/occlusion_recovery,Arrival-Hold,EgoAnchor,EgoAnchor,translation_error_mm_median,39.66292414429305,1.477207689518752,-38.1857164547743,1
20260717_205539_controller_right,exp1_system_characterization,occlusion_recovery,trial_001,event_011,exp1_system_characterization/occlusion_recovery,Arrival-Hold,EgoAnchor,EgoAnchor,translation_error_mm_iqr,37.281559885547125,0.0,-37.281559885547125,1
20260717_205539_controller_right,exp1_system_characterization,occlusion_recovery,trial_001,event_011,exp1_system_characterization/occlusion_recovery,Arrival-Hold,EgoAnchor,EgoAnchor,translation_error_mm_p95,39.66292414429305,1.5954779512368256,-38.06744619305623,1
20260717_205539_controller_right,exp1_system_characterization,occlusion_recovery,trial_001,event_011,exp1_system_characterization/occlusion_recovery,Arrival-Hold,EgoAnchor,EgoAnchor,rotation_error_deg_median,25.425591716751548,3.518754281585651,-21.906837435165897,1
20260717_205539_controller_right,exp1_system_characterization,occlusion_recovery,trial_001,event_011,exp1_system_characterization/occlusion_recovery,Arrival-Hold,EgoAnchor,EgoAnchor,rotation_error_deg_iqr,21.766544242149152,0.05127663614853173,-21.71526760600062,1
20260717_205539_controller_right,exp1_system_characterization,occlusion_recovery,trial_001,event_011,exp1_system_characterization/occlusion_recovery,Arrival-Hold,EgoAnchor,EgoAnchor,rotation_error_deg_p95,25.425591716751548,4.278851177505364,-21.146740539246185,1
20260717_205539_controller_right,exp1_system_characterization,occlusion_recovery,trial_001,event_011,exp1_system_characterization/occlusion_recovery,Arrival-Hold,EgoAnchor,EgoAnchor,candidate_arrival_p50_ms,98.41790000064066,98.34260000206996,-0.07529999857069924,1
20260717_205539_controller_right,exp1_system_characterization,occlusion_recovery,trial_001,event_011,exp1_system_characterization/occlusion_recovery,Arrival-Hold,EgoAnchor,EgoAnchor,candidate_arrival_p95_ms,235.93564000038896,235.84616000152892,-0.08947999886004254,1
20260717_205539_controller_right,exp1_system_characterization,occlusion_recovery,trial_001,event_011,exp1_system_characterization/occlusion_recovery,Arrival-Hold,EgoAnchor,EgoAnchor,candidate_processing_p50_ms,32.692800000309944,32.692800000309944,0.0,1
20260717_205539_controller_right,exp1_system_characterization,occlusion_recovery,trial_001,event_011,exp1_system_characterization/occlusion_recovery,Arrival-Hold,EgoAnchor,EgoAnchor,candidate_processing_p95_ms,87.65310000032184,87.65310000032184,0.0,1
20260717_205539_controller_right,exp1_system_characterization,occlusion_recovery,trial_001,event_011,exp1_system_characterization/occlusion_recovery,Arrival-Hold,EgoAnchor,EgoAnchor,observation_age_p50_ms,70.58369999867864,298.9223500007938,228.33865000211517,1
20260717_205539_controller_right,exp1_system_characterization,occlusion_recovery,trial_001,event_011,exp1_system_characterization/occlusion_recovery,Arrival-Hold,EgoAnchor,EgoAnchor,observation_age_p95_ms,719.8292499968373,1025.834215001305,306.00496500446764,1
20260717_205539_controller_right,exp1_system_characterization,occlusion_recovery,trial_001,event_011,exp1_system_characterization/occlusion_recovery,Arrival-Hold,EgoAnchor,EgoAnchor,smoothing_delay_p50_ms,70.58369999867864,847.2060999993118,776.6224000006332,1
20260717_205539_controller_right,exp1_system_characterization,occlusion_recovery,trial_001,event_011,exp1_system_characterization/occlusion_recovery,Arrival-Hold,EgoAnchor,EgoAnchor,smoothing_delay_p95_ms,719.8292499968373,887.5673200018355,167.73807000499812,1
20260717_205539_controller_right,exp1_system_characterization,occlusion_recovery,trial_001,event_011,exp1_system_characterization/occlusion_recovery,Arrival-Hold,EgoAnchor,EgoAnchor,visual_perception_hz,10.7474513174981,10.7474513174981,0.0,1
20260717_205539_controller_right,exp1_system_characterization,occlusion_recovery,trial_001,event_011,exp1_system_characterization/occlusion_recovery,Arrival-Hold,EgoAnchor,EgoAnchor,render_hz,70.41160991995763,70.41160991995763,0.0,1
20260717_205539_controller_right,exp1_system_characterization,occlusion_recovery,trial_001,event_012,exp1_system_characterization/occlusion_recovery,Arrival-Hold,Capture-Hold,Capture-Hold,reference_coverage,1.0,1.0,0.0,1
20260717_205539_controller_right,exp1_system_characterization,occlusion_recovery,trial_001,event_012,exp1_system_characterization/occlusion_recovery,Arrival-Hold,Capture-Hold,Capture-Hold,display_coverage,1.0,1.0,0.0,1
20260717_205539_controller_right,exp1_system_characterization,occlusion_recovery,trial_001,event_012,exp1_system_characterization/occlusion_recovery,Arrival-Hold,Capture-Hold,Capture-Hold,output_coverage,1.0,1.0,0.0,1
20260717_205539_controller_right,exp1_system_characterization,occlusion_recovery,trial_001,event_012,exp1_system_characterization/occlusion_recovery,Arrival-Hold,Capture-Hold,Capture-Hold,translation_error_mm_median,1.2453278573560624,1.0940757778774894,-0.151252079478573,1
20260717_205539_controller_right,exp1_system_characterization,occlusion_recovery,trial_001,event_012,exp1_system_characterization/occlusion_recovery,Arrival-Hold,Capture-Hold,Capture-Hold,translation_error_mm_iqr,0.44642687878528453,0.18519744776924285,-0.2612294310160417,1
20260717_205539_controller_right,exp1_system_characterization,occlusion_recovery,trial_001,event_012,exp1_system_characterization/occlusion_recovery,Arrival-Hold,Capture-Hold,Capture-Hold,translation_error_mm_p95,1.881706149276066,1.6368555567896885,-0.24485059248637753,1
20260717_205539_controller_right,exp1_system_characterization,occlusion_recovery,trial_001,event_012,exp1_system_characterization/occlusion_recovery,Arrival-Hold,Capture-Hold,Capture-Hold,rotation_error_deg_median,3.4143727409885374,3.4691704957973206,0.05479775480878324,1
20260717_205539_controller_right,exp1_system_characterization,occlusion_recovery,trial_001,event_012,exp1_system_characterization/occlusion_recovery,Arrival-Hold,Capture-Hold,Capture-Hold,rotation_error_deg_iqr,0.9646001273385094,0.945760514991369,-0.018839612347140378,1
20260717_205539_controller_right,exp1_system_characterization,occlusion_recovery,trial_001,event_012,exp1_system_characterization/occlusion_recovery,Arrival-Hold,Capture-Hold,Capture-Hold,rotation_error_deg_p95,5.21968398344495,5.283737352743987,0.06405336929903704,1
20260717_205539_controller_right,exp1_system_characterization,occlusion_recovery,trial_001,event_012,exp1_system_characterization/occlusion_recovery,Arrival-Hold,Capture-Hold,Capture-Hold,candidate_arrival_p50_ms,181.71445000189124,181.74519999956829,0.03074999767704867,1
20260717_205539_controller_right,exp1_system_characterization,occlusion_recovery,trial_001,event_012,exp1_system_characterization/occlusion_recovery,Arrival-Hold,Capture-Hold,Capture-Hold,candidate_arrival_p95_ms,249.5018199999322,249.53846999560483,0.03664999567263294,1
20260717_205539_controller_right,exp1_system_characterization,occlusion_recovery,trial_001,event_012,exp1_system_characterization/occlusion_recovery,Arrival-Hold,Capture-Hold,Capture-Hold,candidate_processing_p50_ms,72.51854999922216,72.51854999922216,0.0,1
20260717_205539_controller_right,exp1_system_characterization,occlusion_recovery,trial_001,event_012,exp1_system_characterization/occlusion_recovery,Arrival-Hold,Capture-Hold,Capture-Hold,candidate_processing_p95_ms,89.016094998084,89.016094998084,0.0,1
20260717_205539_controller_right,exp1_system_characterization,occlusion_recovery,trial_001,event_012,exp1_system_characterization/occlusion_recovery,Arrival-Hold,Capture-Hold,Capture-Hold,observation_age_p50_ms,45.74710000088089,234.17824999705772,188.43114999617683,1
20260717_205539_controller_right,exp1_system_characterization,occlusion_recovery,trial_001,event_012,exp1_system_characterization/occlusion_recovery,Arrival-Hold,Capture-Hold,Capture-Hold,observation_age_p95_ms,98.7676749991806,315.1984999967681,216.43082499758748,1
20260717_205539_controller_right,exp1_system_characterization,occlusion_recovery,trial_001,event_012,exp1_system_characterization/occlusion_recovery,Arrival-Hold,Capture-Hold,Capture-Hold,smoothing_delay_p50_ms,45.74710000088089,234.17824999705772,188.43114999617683,1
20260717_205539_controller_right,exp1_system_characterization,occlusion_recovery,trial_001,event_012,exp1_system_characterization/occlusion_recovery,Arrival-Hold,Capture-Hold,Capture-Hold,smoothing_delay_p95_ms,98.7676749991806,315.1984999967681,216.43082499758748,1
20260717_205539_controller_right,exp1_system_characterization,occlusion_recovery,trial_001,event_012,exp1_system_characterization/occlusion_recovery,Arrival-Hold,Capture-Hold,Capture-Hold,visual_perception_hz,9.87707719763207,9.87707719763207,0.0,1
20260717_205539_controller_right,exp1_system_characterization,occlusion_recovery,trial_001,event_012,exp1_system_characterization/occlusion_recovery,Arrival-Hold,Capture-Hold,Capture-Hold,render_hz,69.28470761805137,69.28470761805137,0.0,1
20260717_205539_controller_right,exp1_system_characterization,occlusion_recovery,trial_001,event_012,exp1_system_characterization/occlusion_recovery,Arrival-Hold,One-Euro Anchor,One-Euro Anchor,reference_coverage,1.0,1.0,0.0,1
20260717_205539_controller_right,exp1_system_characterization,occlusion_recovery,trial_001,event_012,exp1_system_characterization/occlusion_recovery,Arrival-Hold,One-Euro Anchor,One-Euro Anchor,display_coverage,1.0,1.0,0.0,1
20260717_205539_controller_right,exp1_system_characterization,occlusion_recovery,trial_001,event_012,exp1_system_characterization/occlusion_recovery,Arrival-Hold,One-Euro Anchor,One-Euro Anchor,output_coverage,1.0,1.0,0.0,1
20260717_205539_controller_right,exp1_system_characterization,occlusion_recovery,trial_001,event_012,exp1_system_characterization/occlusion_recovery,Arrival-Hold,One-Euro Anchor,One-Euro Anchor,translation_error_mm_median,1.2453278573560624,1.0327002782576236,-0.21262757909843888,1
20260717_205539_controller_right,exp1_system_characterization,occlusion_recovery,trial_001,event_012,exp1_system_characterization/occlusion_recovery,Arrival-Hold,One-Euro Anchor,One-Euro Anchor,translation_error_mm_iqr,0.44642687878528453,0.16354169072643443,-0.2828851880588501,1
20260717_205539_controller_right,exp1_system_characterization,occlusion_recovery,trial_001,event_012,exp1_system_characterization/occlusion_recovery,Arrival-Hold,One-Euro Anchor,One-Euro Anchor,translation_error_mm_p95,1.881706149276066,1.404638405183644,-0.47706774409242203,1
20260717_205539_controller_right,exp1_system_characterization,occlusion_recovery,trial_001,event_012,exp1_system_characterization/occlusion_recovery,Arrival-Hold,One-Euro Anchor,One-Euro Anchor,rotation_error_deg_median,3.4143727409885374,3.243465627822385,-0.1709071131661526,1
20260717_205539_controller_right,exp1_system_characterization,occlusion_recovery,trial_001,event_012,exp1_system_characterization/occlusion_recovery,Arrival-Hold,One-Euro Anchor,One-Euro Anchor,rotation_error_deg_iqr,0.9646001273385094,0.523434964649661,-0.4411651626888484,1
20260717_205539_controller_right,exp1_system_characterization,occlusion_recovery,trial_001,event_012,exp1_system_characterization/occlusion_recovery,Arrival-Hold,One-Euro Anchor,One-Euro Anchor,rotation_error_deg_p95,5.21968398344495,4.302947151449033,-0.9167368319959168,1
20260717_205539_controller_right,exp1_system_characterization,occlusion_recovery,trial_001,event_012,exp1_system_characterization/occlusion_recovery,Arrival-Hold,One-Euro Anchor,One-Euro Anchor,candidate_arrival_p50_ms,181.71445000189124,181.7716500008828,0.057199998991563916,1
20260717_205539_controller_right,exp1_system_characterization,occlusion_recovery,trial_001,event_012,exp1_system_characterization/occlusion_recovery,Arrival-Hold,One-Euro Anchor,One-Euro Anchor,candidate_arrival_p95_ms,249.5018199999322,249.56814000033773,0.06632000040553976,1
20260717_205539_controller_right,exp1_system_characterization,occlusion_recovery,trial_001,event_012,exp1_system_characterization/occlusion_recovery,Arrival-Hold,One-Euro Anchor,One-Euro Anchor,candidate_processing_p50_ms,72.51854999922216,72.51854999922216,0.0,1
20260717_205539_controller_right,exp1_system_characterization,occlusion_recovery,trial_001,event_012,exp1_system_characterization/occlusion_recovery,Arrival-Hold,One-Euro Anchor,One-Euro Anchor,candidate_processing_p95_ms,89.016094998084,89.016094998084,0.0,1
20260717_205539_controller_right,exp1_system_characterization,occlusion_recovery,trial_001,event_012,exp1_system_characterization/occlusion_recovery,Arrival-Hold,One-Euro Anchor,One-Euro Anchor,observation_age_p50_ms,45.74710000088089,234.17904999951134,188.43194999863044,1
20260717_205539_controller_right,exp1_system_characterization,occlusion_recovery,trial_001,event_012,exp1_system_characterization/occlusion_recovery,Arrival-Hold,One-Euro Anchor,One-Euro Anchor,observation_age_p95_ms,98.7676749991806,315.19920000027923,216.43152500109863,1
20260717_205539_controller_right,exp1_system_characterization,occlusion_recovery,trial_001,event_012,exp1_system_characterization/occlusion_recovery,Arrival-Hold,One-Euro Anchor,One-Euro Anchor,smoothing_delay_p50_ms,45.74710000088089,234.17904999951134,188.43194999863044,1
20260717_205539_controller_right,exp1_system_characterization,occlusion_recovery,trial_001,event_012,exp1_system_characterization/occlusion_recovery,Arrival-Hold,One-Euro Anchor,One-Euro Anchor,smoothing_delay_p95_ms,98.7676749991806,315.19920000027923,216.43152500109863,1
20260717_205539_controller_right,exp1_system_characterization,occlusion_recovery,trial_001,event_012,exp1_system_characterization/occlusion_recovery,Arrival-Hold,One-Euro Anchor,One-Euro Anchor,visual_perception_hz,9.87707719763207,9.87707719763207,0.0,1
20260717_205539_controller_right,exp1_system_characterization,occlusion_recovery,trial_001,event_012,exp1_system_characterization/occlusion_recovery,Arrival-Hold,One-Euro Anchor,One-Euro Anchor,render_hz,69.28470761805137,69.28470761805137,0.0,1
20260717_205539_controller_right,exp1_system_characterization,occlusion_recovery,trial_001,event_012,exp1_system_characterization/occlusion_recovery,Arrival-Hold,EgoAnchor,EgoAnchor,reference_coverage,1.0,1.0,0.0,1
20260717_205539_controller_right,exp1_system_characterization,occlusion_recovery,trial_001,event_012,exp1_system_characterization/occlusion_recovery,Arrival-Hold,EgoAnchor,EgoAnchor,display_coverage,1.0,1.0,0.0,1
20260717_205539_controller_right,exp1_system_characterization,occlusion_recovery,trial_001,event_012,exp1_system_characterization/occlusion_recovery,Arrival-Hold,EgoAnchor,EgoAnchor,output_coverage,1.0,1.0,0.0,1
20260717_205539_controller_right,exp1_system_characterization,occlusion_recovery,trial_001,event_012,exp1_system_characterization/occlusion_recovery,Arrival-Hold,EgoAnchor,EgoAnchor,translation_error_mm_median,1.2453278573560624,1.1694488746117588,-0.0758789827443036,1
20260717_205539_controller_right,exp1_system_characterization,occlusion_recovery,trial_001,event_012,exp1_system_characterization/occlusion_recovery,Arrival-Hold,EgoAnchor,EgoAnchor,translation_error_mm_iqr,0.44642687878528453,0.04230658889382566,-0.4041202898914589,1
20260717_205539_controller_right,exp1_system_characterization,occlusion_recovery,trial_001,event_012,exp1_system_characterization/occlusion_recovery,Arrival-Hold,EgoAnchor,EgoAnchor,translation_error_mm_p95,1.881706149276066,1.2186230834200367,-0.6630830658560294,1
20260717_205539_controller_right,exp1_system_characterization,occlusion_recovery,trial_001,event_012,exp1_system_characterization/occlusion_recovery,Arrival-Hold,EgoAnchor,EgoAnchor,rotation_error_deg_median,3.4143727409885374,3.9655678192818042,0.5511950782932669,1
20260717_205539_controller_right,exp1_system_characterization,occlusion_recovery,trial_001,event_012,exp1_system_characterization/occlusion_recovery,Arrival-Hold,EgoAnchor,EgoAnchor,rotation_error_deg_iqr,0.9646001273385094,0.15913913172491867,-0.8054609956135907,1
20260717_205539_controller_right,exp1_system_characterization,occlusion_recovery,trial_001,event_012,exp1_system_characterization/occlusion_recovery,Arrival-Hold,EgoAnchor,EgoAnchor,rotation_error_deg_p95,5.21968398344495,4.142984862448845,-1.0766991209961052,1
20260717_205539_controller_right,exp1_system_characterization,occlusion_recovery,trial_001,event_012,exp1_system_characterization/occlusion_recovery,Arrival-Hold,EgoAnchor,EgoAnchor,candidate_arrival_p50_ms,181.71445000189124,181.63164999714354,-0.08280000474769622,1
20260717_205539_controller_right,exp1_system_characterization,occlusion_recovery,trial_001,event_012,exp1_system_characterization/occlusion_recovery,Arrival-Hold,EgoAnchor,EgoAnchor,candidate_arrival_p95_ms,249.5018199999322,249.42125500092516,-0.08056499900703784,1
20260717_205539_controller_right,exp1_system_characterization,occlusion_recovery,trial_001,event_012,exp1_system_characterization/occlusion_recovery,Arrival-Hold,EgoAnchor,EgoAnchor,candidate_processing_p50_ms,72.51854999922216,72.51854999922216,0.0,1
20260717_205539_controller_right,exp1_system_characterization,occlusion_recovery,trial_001,event_012,exp1_system_characterization/occlusion_recovery,Arrival-Hold,EgoAnchor,EgoAnchor,candidate_processing_p95_ms,89.016094998084,89.016094998084,0.0,1
20260717_205539_controller_right,exp1_system_characterization,occlusion_recovery,trial_001,event_012,exp1_system_characterization/occlusion_recovery,Arrival-Hold,EgoAnchor,EgoAnchor,observation_age_p50_ms,45.74710000088089,234.16899999938323,188.42189999850234,1
20260717_205539_controller_right,exp1_system_characterization,occlusion_recovery,trial_001,event_012,exp1_system_characterization/occlusion_recovery,Arrival-Hold,EgoAnchor,EgoAnchor,observation_age_p95_ms,98.7676749991806,315.1909749958577,216.4232999966771,1
20260717_205539_controller_right,exp1_system_characterization,occlusion_recovery,trial_001,event_012,exp1_system_characterization/occlusion_recovery,Arrival-Hold,EgoAnchor,EgoAnchor,smoothing_delay_p50_ms,45.74710000088089,,,0
20260717_205539_controller_right,exp1_system_characterization,occlusion_recovery,trial_001,event_012,exp1_system_characterization/occlusion_recovery,Arrival-Hold,EgoAnchor,EgoAnchor,smoothing_delay_p95_ms,98.7676749991806,,,0
20260717_205539_controller_right,exp1_system_characterization,occlusion_recovery,trial_001,event_012,exp1_system_characterization/occlusion_recovery,Arrival-Hold,EgoAnchor,EgoAnchor,visual_perception_hz,9.87707719763207,9.87707719763207,0.0,1
20260717_205539_controller_right,exp1_system_characterization,occlusion_recovery,trial_001,event_012,exp1_system_characterization/occlusion_recovery,Arrival-Hold,EgoAnchor,EgoAnchor,render_hz,69.28470761805137,69.28470761805137,0.0,1
20260717_205539_controller_right,exp1_system_characterization,occlusion_recovery,trial_001,event_013,exp1_system_characterization/occlusion_recovery,Arrival-Hold,Capture-Hold,Capture-Hold,reference_coverage,1.0,1.0,0.0,1
20260717_205539_controller_right,exp1_system_characterization,occlusion_recovery,trial_001,event_013,exp1_system_characterization/occlusion_recovery,Arrival-Hold,Capture-Hold,Capture-Hold,display_coverage,1.0,1.0,0.0,1
20260717_205539_controller_right,exp1_system_characterization,occlusion_recovery,trial_001,event_013,exp1_system_characterization/occlusion_recovery,Arrival-Hold,Capture-Hold,Capture-Hold,output_coverage,0.6267281105990783,0.6267281105990783,0.0,1
20260717_205539_controller_right,exp1_system_characterization,occlusion_recovery,trial_001,event_013,exp1_system_characterization/occlusion_recovery,Arrival-Hold,Capture-Hold,Capture-Hold,translation_error_mm_median,8.932526522809551,6.47964350326389,-2.452883019545661,1
20260717_205539_controller_right,exp1_system_characterization,occlusion_recovery,trial_001,event_013,exp1_system_characterization/occlusion_recovery,Arrival-Hold,Capture-Hold,Capture-Hold,translation_error_mm_iqr,33.06447261058793,32.695748854369285,-0.3687237562186425,1
20260717_205539_controller_right,exp1_system_characterization,occlusion_recovery,trial_001,event_013,exp1_system_characterization/occlusion_recovery,Arrival-Hold,Capture-Hold,Capture-Hold,translation_error_mm_p95,35.303240512214856,34.09546441368513,-1.2077760985297274,1
20260717_205539_controller_right,exp1_system_characterization,occlusion_recovery,trial_001,event_013,exp1_system_characterization/occlusion_recovery,Arrival-Hold,Capture-Hold,Capture-Hold,rotation_error_deg_median,8.792393701210333,8.88361500856247,0.09122130735213752,1
20260717_205539_controller_right,exp1_system_characterization,occlusion_recovery,trial_001,event_013,exp1_system_characterization/occlusion_recovery,Arrival-Hold,Capture-Hold,Capture-Hold,rotation_error_deg_iqr,4.943549096069937,4.751105702078631,-0.19244339399130617,1
20260717_205539_controller_right,exp1_system_characterization,occlusion_recovery,trial_001,event_013,exp1_system_characterization/occlusion_recovery,Arrival-Hold,Capture-Hold,Capture-Hold,rotation_error_deg_p95,8.792393701210333,8.88361500856247,0.09122130735213752,1
20260717_205539_controller_right,exp1_system_characterization,occlusion_recovery,trial_001,event_013,exp1_system_characterization/occlusion_recovery,Arrival-Hold,Capture-Hold,Capture-Hold,candidate_arrival_p50_ms,-34.4041999996989,-34.364999999525025,0.039200000173877925,1
20260717_205539_controller_right,exp1_system_characterization,occlusion_recovery,trial_001,event_013,exp1_system_characterization/occlusion_recovery,Arrival-Hold,Capture-Hold,Capture-Hold,candidate_arrival_p95_ms,205.46854999520292,205.50797499709006,0.03942500188713893,1
20260717_205539_controller_right,exp1_system_characterization,occlusion_recovery,trial_001,event_013,exp1_system_characterization/occlusion_recovery,Arrival-Hold,Capture-Hold,Capture-Hold,candidate_processing_p50_ms,33.14455000124872,33.14455000124872,0.0,1
20260717_205539_controller_right,exp1_system_characterization,occlusion_recovery,trial_001,event_013,exp1_system_characterization/occlusion_recovery,Arrival-Hold,Capture-Hold,Capture-Hold,candidate_processing_p95_ms,91.20087499916553,91.20087499916553,0.0,1
20260717_205539_controller_right,exp1_system_characterization,occlusion_recovery,trial_001,event_013,exp1_system_characterization/occlusion_recovery,Arrival-Hold,Capture-Hold,Capture-Hold,observation_age_p50_ms,270.9185999992769,485.1367000010214,214.21810000174446,1
20260717_205539_controller_right,exp1_system_characterization,occlusion_recovery,trial_001,event_013,exp1_system_characterization/occlusion_recovery,Arrival-Hold,Capture-Hold,Capture-Hold,observation_age_p95_ms,1384.8146999989694,1579.5353499961493,194.72064999717986,1
20260717_205539_controller_right,exp1_system_characterization,occlusion_recovery,trial_001,event_013,exp1_system_characterization/occlusion_recovery,Arrival-Hold,Capture-Hold,Capture-Hold,smoothing_delay_p50_ms,93.91050000340329,277.6435500018124,183.73304999840911,1
20260717_205539_controller_right,exp1_system_characterization,occlusion_recovery,trial_001,event_013,exp1_system_characterization/occlusion_recovery,Arrival-Hold,Capture-Hold,Capture-Hold,smoothing_delay_p95_ms,906.2740499975916,1100.9956500001863,194.72160000259464,1
20260717_205539_controller_right,exp1_system_characterization,occlusion_recovery,trial_001,event_013,exp1_system_characterization/occlusion_recovery,Arrival-Hold,Capture-Hold,Capture-Hold,visual_perception_hz,10.518578544550499,10.518578544550499,0.0,1
20260717_205539_controller_right,exp1_system_characterization,occlusion_recovery,trial_001,event_013,exp1_system_characterization/occlusion_recovery,Arrival-Hold,Capture-Hold,Capture-Hold,render_hz,68.25128885922373,68.25128885922373,0.0,1
20260717_205539_controller_right,exp1_system_characterization,occlusion_recovery,trial_001,event_013,exp1_system_characterization/occlusion_recovery,Arrival-Hold,One-Euro Anchor,One-Euro Anchor,reference_coverage,1.0,1.0,0.0,1
20260717_205539_controller_right,exp1_system_characterization,occlusion_recovery,trial_001,event_013,exp1_system_characterization/occlusion_recovery,Arrival-Hold,One-Euro Anchor,One-Euro Anchor,display_coverage,1.0,1.0,0.0,1
20260717_205539_controller_right,exp1_system_characterization,occlusion_recovery,trial_001,event_013,exp1_system_characterization/occlusion_recovery,Arrival-Hold,One-Euro Anchor,One-Euro Anchor,output_coverage,0.6267281105990783,0.6267281105990783,0.0,1
20260717_205539_controller_right,exp1_system_characterization,occlusion_recovery,trial_001,event_013,exp1_system_characterization/occlusion_recovery,Arrival-Hold,One-Euro Anchor,One-Euro Anchor,translation_error_mm_median,8.932526522809551,2.09016184192344,-6.842364680886112,1
20260717_205539_controller_right,exp1_system_characterization,occlusion_recovery,trial_001,event_013,exp1_system_characterization/occlusion_recovery,Arrival-Hold,One-Euro Anchor,One-Euro Anchor,translation_error_mm_iqr,33.06447261058793,12.280382069471258,-20.78409054111667,1
20260717_205539_controller_right,exp1_system_characterization,occlusion_recovery,trial_001,event_013,exp1_system_characterization/occlusion_recovery,Arrival-Hold,One-Euro Anchor,One-Euro Anchor,translation_error_mm_p95,35.303240512214856,12.999031372414073,-22.304209139800783,1
20260717_205539_controller_right,exp1_system_characterization,occlusion_recovery,trial_001,event_013,exp1_system_characterization/occlusion_recovery,Arrival-Hold,One-Euro Anchor,One-Euro Anchor,rotation_error_deg_median,8.792393701210333,5.144247258681593,-3.6481464425287404,1
20260717_205539_controller_right,exp1_system_characterization,occlusion_recovery,trial_001,event_013,exp1_system_characterization/occlusion_recovery,Arrival-Hold,One-Euro Anchor,One-Euro Anchor,rotation_error_deg_iqr,4.943549096069937,1.2729207816913246,-3.6706283143786123,1
20260717_205539_controller_right,exp1_system_characterization,occlusion_recovery,trial_001,event_013,exp1_system_characterization/occlusion_recovery,Arrival-Hold,One-Euro Anchor,One-Euro Anchor,rotation_error_deg_p95,8.792393701210333,5.144247258681593,-3.6481464425287404,1
20260717_205539_controller_right,exp1_system_characterization,occlusion_recovery,trial_001,event_013,exp1_system_characterization/occlusion_recovery,Arrival-Hold,One-Euro Anchor,One-Euro Anchor,candidate_arrival_p50_ms,-34.4041999996989,-34.33279999444494,0.07140000525396317,1
20260717_205539_controller_right,exp1_system_characterization,occlusion_recovery,trial_001,event_013,exp1_system_characterization/occlusion_recovery,Arrival-Hold,One-Euro Anchor,One-Euro Anchor,candidate_arrival_p95_ms,205.46854999520292,205.5454249984905,0.07687500328756869,1
20260717_205539_controller_right,exp1_system_characterization,occlusion_recovery,trial_001,event_013,exp1_system_characterization/occlusion_recovery,Arrival-Hold,One-Euro Anchor,One-Euro Anchor,candidate_processing_p50_ms,33.14455000124872,33.14455000124872,0.0,1
20260717_205539_controller_right,exp1_system_characterization,occlusion_recovery,trial_001,event_013,exp1_system_characterization/occlusion_recovery,Arrival-Hold,One-Euro Anchor,One-Euro Anchor,candidate_processing_p95_ms,91.20087499916553,91.20087499916553,0.0,1
20260717_205539_controller_right,exp1_system_characterization,occlusion_recovery,trial_001,event_013,exp1_system_characterization/occlusion_recovery,Arrival-Hold,One-Euro Anchor,One-Euro Anchor,observation_age_p50_ms,270.9185999992769,485.13760000059847,214.21900000132155,1
20260717_205539_controller_right,exp1_system_characterization,occlusion_recovery,trial_001,event_013,exp1_system_characterization/occlusion_recovery,Arrival-Hold,One-Euro Anchor,One-Euro Anchor,observation_age_p95_ms,1384.8146999989694,1579.5360999982222,194.72139999925275,1
20260717_205539_controller_right,exp1_system_characterization,occlusion_recovery,trial_001,event_013,exp1_system_characterization/occlusion_recovery,Arrival-Hold,One-Euro Anchor,One-Euro Anchor,smoothing_delay_p50_ms,93.91050000340329,277.64440000100876,183.73389999760548,1
20260717_205539_controller_right,exp1_system_characterization,occlusion_recovery,trial_001,event_013,exp1_system_characterization/occlusion_recovery,Arrival-Hold,One-Euro Anchor,One-Euro Anchor,smoothing_delay_p95_ms,906.2740499975916,1100.996524999573,194.72247500198137,1
20260717_205539_controller_right,exp1_system_characterization,occlusion_recovery,trial_001,event_013,exp1_system_characterization/occlusion_recovery,Arrival-Hold,One-Euro Anchor,One-Euro Anchor,visual_perception_hz,10.518578544550499,10.518578544550499,0.0,1
20260717_205539_controller_right,exp1_system_characterization,occlusion_recovery,trial_001,event_013,exp1_system_characterization/occlusion_recovery,Arrival-Hold,One-Euro Anchor,One-Euro Anchor,render_hz,68.25128885922373,68.25128885922373,0.0,1
20260717_205539_controller_right,exp1_system_characterization,occlusion_recovery,trial_001,event_013,exp1_system_characterization/occlusion_recovery,Arrival-Hold,EgoAnchor,EgoAnchor,reference_coverage,1.0,1.0,0.0,1
20260717_205539_controller_right,exp1_system_characterization,occlusion_recovery,trial_001,event_013,exp1_system_characterization/occlusion_recovery,Arrival-Hold,EgoAnchor,EgoAnchor,display_coverage,1.0,1.0,0.0,1
20260717_205539_controller_right,exp1_system_characterization,occlusion_recovery,trial_001,event_013,exp1_system_characterization/occlusion_recovery,Arrival-Hold,EgoAnchor,EgoAnchor,output_coverage,0.6267281105990783,0.5576036866359447,-0.06912442396313356,1
20260717_205539_controller_right,exp1_system_characterization,occlusion_recovery,trial_001,event_013,exp1_system_characterization/occlusion_recovery,Arrival-Hold,EgoAnchor,EgoAnchor,translation_error_mm_median,8.932526522809551,1.1039019650060313,-7.82862455780352,1
20260717_205539_controller_right,exp1_system_characterization,occlusion_recovery,trial_001,event_013,exp1_system_characterization/occlusion_recovery,Arrival-Hold,EgoAnchor,EgoAnchor,translation_error_mm_iqr,33.06447261058793,0.0,-33.06447261058793,1
20260717_205539_controller_right,exp1_system_characterization,occlusion_recovery,trial_001,event_013,exp1_system_characterization/occlusion_recovery,Arrival-Hold,EgoAnchor,EgoAnchor,translation_error_mm_p95,35.303240512214856,1.1634793853783851,-34.13976112683647,1
20260717_205539_controller_right,exp1_system_characterization,occlusion_recovery,trial_001,event_013,exp1_system_characterization/occlusion_recovery,Arrival-Hold,EgoAnchor,EgoAnchor,rotation_error_deg_median,8.792393701210333,3.8654725816871123,-4.926921119523221,1
20260717_205539_controller_right,exp1_system_characterization,occlusion_recovery,trial_001,event_013,exp1_system_characterization/occlusion_recovery,Arrival-Hold,EgoAnchor,EgoAnchor,rotation_error_deg_iqr,4.943549096069937,0.0059555983392236556,-4.937593497730713,1
20260717_205539_controller_right,exp1_system_characterization,occlusion_recovery,trial_001,event_013,exp1_system_characterization/occlusion_recovery,Arrival-Hold,EgoAnchor,EgoAnchor,rotation_error_deg_p95,8.792393701210333,3.886342984735905,-4.906050716474429,1
20260717_205539_controller_right,exp1_system_characterization,occlusion_recovery,trial_001,event_013,exp1_system_characterization/occlusion_recovery,Arrival-Hold,EgoAnchor,EgoAnchor,candidate_arrival_p50_ms,-34.4041999996989,-34.48750000097789,-0.08330000127898529,1
20260717_205539_controller_right,exp1_system_characterization,occlusion_recovery,trial_001,event_013,exp1_system_characterization/occlusion_recovery,Arrival-Hold,EgoAnchor,EgoAnchor,candidate_arrival_p95_ms,205.46854999520292,205.3751249986817,-0.0934249965212075,1
20260717_205539_controller_right,exp1_system_characterization,occlusion_recovery,trial_001,event_013,exp1_system_characterization/occlusion_recovery,Arrival-Hold,EgoAnchor,EgoAnchor,candidate_processing_p50_ms,33.14455000124872,33.14455000124872,0.0,1
20260717_205539_controller_right,exp1_system_characterization,occlusion_recovery,trial_001,event_013,exp1_system_characterization/occlusion_recovery,Arrival-Hold,EgoAnchor,EgoAnchor,candidate_processing_p95_ms,91.20087499916553,91.20087499916553,0.0,1
20260717_205539_controller_right,exp1_system_characterization,occlusion_recovery,trial_001,event_013,exp1_system_characterization/occlusion_recovery,Arrival-Hold,EgoAnchor,EgoAnchor,observation_age_p50_ms,270.9185999992769,568.5381000002963,297.61950000101933,1
20260717_205539_controller_right,exp1_system_characterization,occlusion_recovery,trial_001,event_013,exp1_system_characterization/occlusion_recovery,Arrival-Hold,EgoAnchor,EgoAnchor,observation_age_p95_ms,1384.8146999989694,1662.9403000006278,278.1256000016583,1
20260717_205539_controller_right,exp1_system_characterization,occlusion_recovery,trial_001,event_013,exp1_system_characterization/occlusion_recovery,Arrival-Hold,EgoAnchor,EgoAnchor,smoothing_delay_p50_ms,93.91050000340329,,,0
20260717_205539_controller_right,exp1_system_characterization,occlusion_recovery,trial_001,event_013,exp1_system_characterization/occlusion_recovery,Arrival-Hold,EgoAnchor,EgoAnchor,smoothing_delay_p95_ms,906.2740499975916,,,0
20260717_205539_controller_right,exp1_system_characterization,occlusion_recovery,trial_001,event_013,exp1_system_characterization/occlusion_recovery,Arrival-Hold,EgoAnchor,EgoAnchor,visual_perception_hz,10.518578544550499,10.518578544550499,0.0,1
20260717_205539_controller_right,exp1_system_characterization,occlusion_recovery,trial_001,event_013,exp1_system_characterization/occlusion_recovery,Arrival-Hold,EgoAnchor,EgoAnchor,render_hz,68.25128885922373,68.25128885922373,0.0,1
20260717_205539_controller_right,exp1_system_characterization,occlusion_recovery,trial_001,event_014,exp1_system_characterization/occlusion_recovery,Arrival-Hold,Capture-Hold,Capture-Hold,reference_coverage,1.0,1.0,0.0,1
20260717_205539_controller_right,exp1_system_characterization,occlusion_recovery,trial_001,event_014,exp1_system_characterization/occlusion_recovery,Arrival-Hold,Capture-Hold,Capture-Hold,display_coverage,1.0,1.0,0.0,1
20260717_205539_controller_right,exp1_system_characterization,occlusion_recovery,trial_001,event_014,exp1_system_characterization/occlusion_recovery,Arrival-Hold,Capture-Hold,Capture-Hold,output_coverage,0.9868421052631579,0.9868421052631579,0.0,1
20260717_205539_controller_right,exp1_system_characterization,occlusion_recovery,trial_001,event_014,exp1_system_characterization/occlusion_recovery,Arrival-Hold,Capture-Hold,Capture-Hold,translation_error_mm_median,2.364864077303633,2.006773458163799,-0.3580906191398343,1
20260717_205539_controller_right,exp1_system_characterization,occlusion_recovery,trial_001,event_014,exp1_system_characterization/occlusion_recovery,Arrival-Hold,Capture-Hold,Capture-Hold,translation_error_mm_iqr,7.577876897379733,6.948081427051381,-0.6297954703283519,1
20260717_205539_controller_right,exp1_system_characterization,occlusion_recovery,trial_001,event_014,exp1_system_characterization/occlusion_recovery,Arrival-Hold,Capture-Hold,Capture-Hold,translation_error_mm_p95,49.20494225212411,48.907766270824794,-0.29717598129931844,1
20260717_205539_controller_right,exp1_system_characterization,occlusion_recovery,trial_001,event_014,exp1_system_characterization/occlusion_recovery,Arrival-Hold,Capture-Hold,Capture-Hold,rotation_error_deg_median,3.293055416071675,3.33050069518782,0.037445279116144814,1
20260717_205539_controller_right,exp1_system_characterization,occlusion_recovery,trial_001,event_014,exp1_system_characterization/occlusion_recovery,Arrival-Hold,Capture-Hold,Capture-Hold,rotation_error_deg_iqr,2.121525520713495,2.2988299638804173,0.17730444316692218,1
20260717_205539_controller_right,exp1_system_characterization,occlusion_recovery,trial_001,event_014,exp1_system_characterization/occlusion_recovery,Arrival-Hold,Capture-Hold,Capture-Hold,rotation_error_deg_p95,23.780251917239756,23.820003420140388,0.03975150290063212,1
20260717_205539_controller_right,exp1_system_characterization,occlusion_recovery,trial_001,event_014,exp1_system_characterization/occlusion_recovery,Arrival-Hold,Capture-Hold,Capture-Hold,candidate_arrival_p50_ms,167.44405000281404,167.47700000269106,0.032949999877018854,1
20260717_205539_controller_right,exp1_system_characterization,occlusion_recovery,trial_001,event_014,exp1_system_characterization/occlusion_recovery,Arrival-Hold,Capture-Hold,Capture-Hold,candidate_arrival_p95_ms,244.4751299950435,244.51124000006482,0.036110005021328107,1
20260717_205539_controller_right,exp1_system_characterization,occlusion_recovery,trial_001,event_014,exp1_system_characterization/occlusion_recovery,Arrival-Hold,Capture-Hold,Capture-Hold,candidate_processing_p50_ms,70.66014999896288,70.66014999896288,0.0,1
20260717_205539_controller_right,exp1_system_characterization,occlusion_recovery,trial_001,event_014,exp1_system_characterization/occlusion_recovery,Arrival-Hold,Capture-Hold,Capture-Hold,candidate_processing_p95_ms,92.94591500107197,92.94591500107197,0.0,1
20260717_205539_controller_right,exp1_system_characterization,occlusion_recovery,trial_001,event_014,exp1_system_characterization/occlusion_recovery,Arrival-Hold,Capture-Hold,Capture-Hold,observation_age_p50_ms,48.42800000187708,223.3297999991919,174.9017999973148,1
20260717_205539_controller_right,exp1_system_characterization,occlusion_recovery,trial_001,event_014,exp1_system_characterization/occlusion_recovery,Arrival-Hold,Capture-Hold,Capture-Hold,observation_age_p95_ms,96.64885999955,307.9472600002191,211.29840000066912,1
20260717_205539_controller_right,exp1_system_characterization,occlusion_recovery,trial_001,event_014,exp1_system_characterization/occlusion_recovery,Arrival-Hold,Capture-Hold,Capture-Hold,smoothing_delay_p50_ms,48.42800000187708,223.3297999991919,174.9017999973148,1
20260717_205539_controller_right,exp1_system_characterization,occlusion_recovery,trial_001,event_014,exp1_system_characterization/occlusion_recovery,Arrival-Hold,Capture-Hold,Capture-Hold,smoothing_delay_p95_ms,96.64885999955,307.9472600002191,211.29840000066912,1
20260717_205539_controller_right,exp1_system_characterization,occlusion_recovery,trial_001,event_014,exp1_system_characterization/occlusion_recovery,Arrival-Hold,Capture-Hold,Capture-Hold,visual_perception_hz,9.97158706341891,9.97158706341891,0.0,1
20260717_205539_controller_right,exp1_system_characterization,occlusion_recovery,trial_001,event_014,exp1_system_characterization/occlusion_recovery,Arrival-Hold,Capture-Hold,Capture-Hold,render_hz,67.61789294240455,67.61789294240455,0.0,1
20260717_205539_controller_right,exp1_system_characterization,occlusion_recovery,trial_001,event_014,exp1_system_characterization/occlusion_recovery,Arrival-Hold,One-Euro Anchor,One-Euro Anchor,reference_coverage,1.0,1.0,0.0,1
20260717_205539_controller_right,exp1_system_characterization,occlusion_recovery,trial_001,event_014,exp1_system_characterization/occlusion_recovery,Arrival-Hold,One-Euro Anchor,One-Euro Anchor,display_coverage,1.0,1.0,0.0,1
20260717_205539_controller_right,exp1_system_characterization,occlusion_recovery,trial_001,event_014,exp1_system_characterization/occlusion_recovery,Arrival-Hold,One-Euro Anchor,One-Euro Anchor,output_coverage,0.9868421052631579,0.9868421052631579,0.0,1
20260717_205539_controller_right,exp1_system_characterization,occlusion_recovery,trial_001,event_014,exp1_system_characterization/occlusion_recovery,Arrival-Hold,One-Euro Anchor,One-Euro Anchor,translation_error_mm_median,2.364864077303633,1.8501440860166694,-0.5147199912869638,1
20260717_205539_controller_right,exp1_system_characterization,occlusion_recovery,trial_001,event_014,exp1_system_characterization/occlusion_recovery,Arrival-Hold,One-Euro Anchor,One-Euro Anchor,translation_error_mm_iqr,7.577876897379733,5.7975275381901605,-1.7803493591895725,1
20260717_205539_controller_right,exp1_system_characterization,occlusion_recovery,trial_001,event_014,exp1_system_characterization/occlusion_recovery,Arrival-Hold,One-Euro Anchor,One-Euro Anchor,translation_error_mm_p95,49.20494225212411,41.49494352898893,-7.709998723135186,1
20260717_205539_controller_right,exp1_system_characterization,occlusion_recovery,trial_001,event_014,exp1_system_characterization/occlusion_recovery,Arrival-Hold,One-Euro Anchor,One-Euro Anchor,rotation_error_deg_median,3.293055416071675,3.148825081037342,-0.14423033503433302,1
20260717_205539_controller_right,exp1_system_characterization,occlusion_recovery,trial_001,event_014,exp1_system_characterization/occlusion_recovery,Arrival-Hold,One-Euro Anchor,One-Euro Anchor,rotation_error_deg_iqr,2.121525520713495,1.9615458053433144,-0.15997971537018074,1
20260717_205539_controller_right,exp1_system_characterization,occlusion_recovery,trial_001,event_014,exp1_system_characterization/occlusion_recovery,Arrival-Hold,One-Euro Anchor,One-Euro Anchor,rotation_error_deg_p95,23.780251917239756,20.861472564416005,-2.9187793528237513,1
20260717_205539_controller_right,exp1_system_characterization,occlusion_recovery,trial_001,event_014,exp1_system_characterization/occlusion_recovery,Arrival-Hold,One-Euro Anchor,One-Euro Anchor,candidate_arrival_p50_ms,167.44405000281404,167.5131500014686,0.06909999865456484,1
20260717_205539_controller_right,exp1_system_characterization,occlusion_recovery,trial_001,event_014,exp1_system_characterization/occlusion_recovery,Arrival-Hold,One-Euro Anchor,One-Euro Anchor,candidate_arrival_p95_ms,244.4751299950435,244.5442749973149,0.06914500227139797,1
20260717_205539_controller_right,exp1_system_characterization,occlusion_recovery,trial_001,event_014,exp1_system_characterization/occlusion_recovery,Arrival-Hold,One-Euro Anchor,One-Euro Anchor,candidate_processing_p50_ms,70.66014999896288,70.66014999896288,0.0,1
20260717_205539_controller_right,exp1_system_characterization,occlusion_recovery,trial_001,event_014,exp1_system_characterization/occlusion_recovery,Arrival-Hold,One-Euro Anchor,One-Euro Anchor,candidate_processing_p95_ms,92.94591500107197,92.94591500107197,0.0,1
20260717_205539_controller_right,exp1_system_characterization,occlusion_recovery,trial_001,event_014,exp1_system_characterization/occlusion_recovery,Arrival-Hold,One-Euro Anchor,One-Euro Anchor,observation_age_p50_ms,48.42800000187708,223.33079999953043,174.90279999765335,1
20260717_205539_controller_right,exp1_system_characterization,occlusion_recovery,trial_001,event_014,exp1_system_characterization/occlusion_recovery,Arrival-Hold,One-Euro Anchor,One-Euro Anchor,observation_age_p95_ms,96.64885999955,307.94847999641206,211.29961999686208,1
20260717_205539_controller_right,exp1_system_characterization,occlusion_recovery,trial_001,event_014,exp1_system_characterization/occlusion_recovery,Arrival-Hold,One-Euro Anchor,One-Euro Anchor,smoothing_delay_p50_ms,48.42800000187708,223.33079999953043,174.90279999765335,1
20260717_205539_controller_right,exp1_system_characterization,occlusion_recovery,trial_001,event_014,exp1_system_characterization/occlusion_recovery,Arrival-Hold,One-Euro Anchor,One-Euro Anchor,smoothing_delay_p95_ms,96.64885999955,307.94847999641206,211.29961999686208,1
20260717_205539_controller_right,exp1_system_characterization,occlusion_recovery,trial_001,event_014,exp1_system_characterization/occlusion_recovery,Arrival-Hold,One-Euro Anchor,One-Euro Anchor,visual_perception_hz,9.97158706341891,9.97158706341891,0.0,1
20260717_205539_controller_right,exp1_system_characterization,occlusion_recovery,trial_001,event_014,exp1_system_characterization/occlusion_recovery,Arrival-Hold,One-Euro Anchor,One-Euro Anchor,render_hz,67.61789294240455,67.61789294240455,0.0,1
20260717_205539_controller_right,exp1_system_characterization,occlusion_recovery,trial_001,event_014,exp1_system_characterization/occlusion_recovery,Arrival-Hold,EgoAnchor,EgoAnchor,reference_coverage,1.0,1.0,0.0,1
20260717_205539_controller_right,exp1_system_characterization,occlusion_recovery,trial_001,event_014,exp1_system_characterization/occlusion_recovery,Arrival-Hold,EgoAnchor,EgoAnchor,display_coverage,1.0,1.0,0.0,1
20260717_205539_controller_right,exp1_system_characterization,occlusion_recovery,trial_001,event_014,exp1_system_characterization/occlusion_recovery,Arrival-Hold,EgoAnchor,EgoAnchor,output_coverage,0.9868421052631579,0.9868421052631579,0.0,1
20260717_205539_controller_right,exp1_system_characterization,occlusion_recovery,trial_001,event_014,exp1_system_characterization/occlusion_recovery,Arrival-Hold,EgoAnchor,EgoAnchor,translation_error_mm_median,2.364864077303633,1.2028606065647875,-1.1620034707388456,1
20260717_205539_controller_right,exp1_system_characterization,occlusion_recovery,trial_001,event_014,exp1_system_characterization/occlusion_recovery,Arrival-Hold,EgoAnchor,EgoAnchor,translation_error_mm_iqr,7.577876897379733,6.896216970526697,-0.6816599268530359,1
20260717_205539_controller_right,exp1_system_characterization,occlusion_recovery,trial_001,event_014,exp1_system_characterization/occlusion_recovery,Arrival-Hold,EgoAnchor,EgoAnchor,translation_error_mm_p95,49.20494225212411,47.821629722293004,-1.3833125298311089,1
20260717_205539_controller_right,exp1_system_characterization,occlusion_recovery,trial_001,event_014,exp1_system_characterization/occlusion_recovery,Arrival-Hold,EgoAnchor,EgoAnchor,rotation_error_deg_median,3.293055416071675,3.5818258040348376,0.28877038796316246,1
20260717_205539_controller_right,exp1_system_characterization,occlusion_recovery,trial_001,event_014,exp1_system_characterization/occlusion_recovery,Arrival-Hold,EgoAnchor,EgoAnchor,rotation_error_deg_iqr,2.121525520713495,0.3476092673094344,-1.7739162534040607,1
20260717_205539_controller_right,exp1_system_characterization,occlusion_recovery,trial_001,event_014,exp1_system_characterization/occlusion_recovery,Arrival-Hold,EgoAnchor,EgoAnchor,rotation_error_deg_p95,23.780251917239756,22.376963303845084,-1.4032886133946718,1
20260717_205539_controller_right,exp1_system_characterization,occlusion_recovery,trial_001,event_014,exp1_system_characterization/occlusion_recovery,Arrival-Hold,EgoAnchor,EgoAnchor,candidate_arrival_p50_ms,167.44405000281404,167.354350003734,-0.08969999908003956,1
20260717_205539_controller_right,exp1_system_characterization,occlusion_recovery,trial_001,event_014,exp1_system_characterization/occlusion_recovery,Arrival-Hold,EgoAnchor,EgoAnchor,candidate_arrival_p95_ms,244.4751299950435,244.38828499769394,-0.08684499734954443,1
20260717_205539_controller_right,exp1_system_characterization,occlusion_recovery,trial_001,event_014,exp1_system_characterization/occlusion_recovery,Arrival-Hold,EgoAnchor,EgoAnchor,candidate_processing_p50_ms,70.66014999896288,70.66014999896288,0.0,1
20260717_205539_controller_right,exp1_system_characterization,occlusion_recovery,trial_001,event_014,exp1_system_characterization/occlusion_recovery,Arrival-Hold,EgoAnchor,EgoAnchor,candidate_processing_p95_ms,92.94591500107197,92.94591500107197,0.0,1
20260717_205539_controller_right,exp1_system_characterization,occlusion_recovery,trial_001,event_014,exp1_system_characterization/occlusion_recovery,Arrival-Hold,EgoAnchor,EgoAnchor,observation_age_p50_ms,48.42800000187708,223.36360000190325,174.93560000002617,1
20260717_205539_controller_right,exp1_system_characterization,occlusion_recovery,trial_001,event_014,exp1_system_characterization/occlusion_recovery,Arrival-Hold,EgoAnchor,EgoAnchor,observation_age_p95_ms,96.64885999955,319.46569999709027,222.81683999754028,1
20260717_205539_controller_right,exp1_system_characterization,occlusion_recovery,trial_001,event_014,exp1_system_characterization/occlusion_recovery,Arrival-Hold,EgoAnchor,EgoAnchor,smoothing_delay_p50_ms,48.42800000187708,289.06407952308655,240.63607952120947,1
20260717_205539_controller_right,exp1_system_characterization,occlusion_recovery,trial_001,event_014,exp1_system_characterization/occlusion_recovery,Arrival-Hold,EgoAnchor,EgoAnchor,smoothing_delay_p95_ms,96.64885999955,949.2334899950947,852.5846299955447,1
20260717_205539_controller_right,exp1_system_characterization,occlusion_recovery,trial_001,event_014,exp1_system_characterization/occlusion_recovery,Arrival-Hold,EgoAnchor,EgoAnchor,visual_perception_hz,9.97158706341891,9.97158706341891,0.0,1
20260717_205539_controller_right,exp1_system_characterization,occlusion_recovery,trial_001,event_014,exp1_system_characterization/occlusion_recovery,Arrival-Hold,EgoAnchor,EgoAnchor,render_hz,67.61789294240455,67.61789294240455,0.0,1
