session_id,scenario_id,trial_id,event_id,metric,variant_label,metric_value_full,metric_value_ablation,delta_ablation_minus_full,paired_n
20260717_203329_controller_right,static_head_motion,trial_001,,display_error.translation_error_mm_median,EgoAnchor w/o capture-time alignment,5.982933756350954,6.472822594798985,0.48988883844803066,1
20260717_203329_controller_right,static_head_motion,trial_001,event_001,display_error.translation_error_mm_median,EgoAnchor w/o capture-time alignment,3.6882125673198463,5.106394351349203,1.4181817840293567,1
20260717_203329_controller_right,static_head_motion,trial_001,event_002,display_error.translation_error_mm_median,EgoAnchor w/o capture-time alignment,2.332678543957942,4.170801545039523,1.838123001081581,1
20260717_203329_controller_right,static_head_motion,trial_001,event_003,display_error.translation_error_mm_median,EgoAnchor w/o capture-time alignment,2.8014793066304957,3.3271224345669883,0.5256431279364926,1
20260717_203329_controller_right,static_head_motion,trial_001,event_004,display_error.translation_error_mm_median,EgoAnchor w/o capture-time alignment,3.2203591874877917,3.0685710903902006,-0.1517880970975911,1
20260717_203329_controller_right,static_head_motion,trial_001,,display_error.translation_error_mm_iqr,EgoAnchor w/o capture-time alignment,2.2023687552910634,1.7254221825169456,-0.4769465727741178,1
20260717_203329_controller_right,static_head_motion,trial_001,event_001,display_error.translation_error_mm_iqr,EgoAnchor w/o capture-time alignment,0.3770583064071391,9.011038572167513,8.633980265760373,1
20260717_203329_controller_right,static_head_motion,trial_001,event_002,display_error.translation_error_mm_iqr,EgoAnchor w/o capture-time alignment,0.2500955858208713,2.8278878647329355,2.577792278912064,1
20260717_203329_controller_right,static_head_motion,trial_001,event_003,display_error.translation_error_mm_iqr,EgoAnchor w/o capture-time alignment,0.5240952851733471,0.6999030317837471,0.1758077466104,1
20260717_203329_controller_right,static_head_motion,trial_001,event_004,display_error.translation_error_mm_iqr,EgoAnchor w/o capture-time alignment,0.3323749368668598,0.5590674119024799,0.22669247503562007,1
20260717_203329_controller_right,static_head_motion,trial_001,,display_error.translation_error_mm_p95,EgoAnchor w/o capture-time alignment,7.155202365780894,7.2523940813648835,0.09719171558398987,1
20260717_203329_controller_right,static_head_motion,trial_001,event_001,display_error.translation_error_mm_p95,EgoAnchor w/o capture-time alignment,6.460055436376794,31.552227487743366,25.09217205136657,1
20260717_203329_controller_right,static_head_motion,trial_001,event_002,display_error.translation_error_mm_p95,EgoAnchor w/o capture-time alignment,2.7938745440506185,13.042149931954963,10.248275387904345,1
20260717_203329_controller_right,static_head_motion,trial_001,event_003,display_error.translation_error_mm_p95,EgoAnchor w/o capture-time alignment,3.4967309517041376,4.4177474892901785,0.9210165375860409,1
20260717_203329_controller_right,static_head_motion,trial_001,event_004,display_error.translation_error_mm_p95,EgoAnchor w/o capture-time alignment,3.8615412850934283,3.500469742777845,-0.36107154231558347,1
20260717_203329_controller_right,static_head_motion,trial_001,,display_error.rotation_error_deg_median,EgoAnchor w/o capture-time alignment,3.4086561851193444,3.2843181325508035,-0.12433805256854091,1
20260717_203329_controller_right,static_head_motion,trial_001,event_001,display_error.rotation_error_deg_median,EgoAnchor w/o capture-time alignment,2.8870613702715966,3.693357051825396,0.8062956815537996,1
20260717_203329_controller_right,static_head_motion,trial_001,event_002,display_error.rotation_error_deg_median,EgoAnchor w/o capture-time alignment,2.629617381417243,2.9781373548108023,0.3485199733935591,1
20260717_203329_controller_right,static_head_motion,trial_001,event_003,display_error.rotation_error_deg_median,EgoAnchor w/o capture-time alignment,2.5615768404966395,2.6279093527361757,0.06633251223953618,1
20260717_203329_controller_right,static_head_motion,trial_001,event_004,display_error.rotation_error_deg_median,EgoAnchor w/o capture-time alignment,2.331507104859148,2.383910094927344,0.052402990068196154,1
20260717_203329_controller_right,static_head_motion,trial_001,,display_error.rotation_error_deg_iqr,EgoAnchor w/o capture-time alignment,0.29151944836878485,0.29031372928026444,-0.0012057190885204072,1
20260717_203329_controller_right,static_head_motion,trial_001,event_001,display_error.rotation_error_deg_iqr,EgoAnchor w/o capture-time alignment,0.29263750974056313,1.3854339361824608,1.0927964264418977,1
20260717_203329_controller_right,static_head_motion,trial_001,event_002,display_error.rotation_error_deg_iqr,EgoAnchor w/o capture-time alignment,0.13849060391329004,0.41612054456120706,0.277629940647917,1
20260717_203329_controller_right,static_head_motion,trial_001,event_003,display_error.rotation_error_deg_iqr,EgoAnchor w/o capture-time alignment,0.09224654543638833,0.1663350921879232,0.07408854675153487,1
20260717_203329_controller_right,static_head_motion,trial_001,event_004,display_error.rotation_error_deg_iqr,EgoAnchor w/o capture-time alignment,0.28215477356593377,0.2320555899075738,-0.05009918365835997,1
20260717_203329_controller_right,static_head_motion,trial_001,,display_error.rotation_error_deg_p95,EgoAnchor w/o capture-time alignment,3.680874778400833,3.6938073073289606,0.012932528928127685,1
20260717_203329_controller_right,static_head_motion,trial_001,event_001,display_error.rotation_error_deg_p95,EgoAnchor w/o capture-time alignment,3.5033518798188186,5.111233714949887,1.6078818351310686,1
20260717_203329_controller_right,static_head_motion,trial_001,event_002,display_error.rotation_error_deg_p95,EgoAnchor w/o capture-time alignment,2.974718974765411,3.522148907010757,0.547429932245346,1
20260717_203329_controller_right,static_head_motion,trial_001,event_003,display_error.rotation_error_deg_p95,EgoAnchor w/o capture-time alignment,2.7356922916684496,3.007845973274756,0.2721536816063064,1
20260717_203329_controller_right,static_head_motion,trial_001,event_004,display_error.rotation_error_deg_p95,EgoAnchor w/o capture-time alignment,2.5451917170143643,2.5921300108441527,0.046938293829788424,1
20260717_203329_controller_right,static_head_motion,trial_001,,display_error.translation_error_mm_median,EgoAnchor w/o StaticLock,5.982933756350954,5.022552112113858,-0.9603816442370965,1
20260717_203329_controller_right,static_head_motion,trial_001,event_001,display_error.translation_error_mm_median,EgoAnchor w/o StaticLock,3.6882125673198463,5.008727755291433,1.320515187971587,1
20260717_203329_controller_right,static_head_motion,trial_001,event_002,display_error.translation_error_mm_median,EgoAnchor w/o StaticLock,2.332678543957942,4.333896195701553,2.001217651743611,1
20260717_203329_controller_right,static_head_motion,trial_001,event_003,display_error.translation_error_mm_median,EgoAnchor w/o StaticLock,2.8014793066304957,3.8341948765557348,1.032715569925239,1
20260717_203329_controller_right,static_head_motion,trial_001,event_004,display_error.translation_error_mm_median,EgoAnchor w/o StaticLock,3.2203591874877917,4.292855033114796,1.072495845627004,1
20260717_203329_controller_right,static_head_motion,trial_001,,display_error.translation_error_mm_iqr,EgoAnchor w/o StaticLock,2.2023687552910634,2.0243515104718526,-0.17801724481921077,1
20260717_203329_controller_right,static_head_motion,trial_001,event_001,display_error.translation_error_mm_iqr,EgoAnchor w/o StaticLock,0.3770583064071391,4.149552508587446,3.7724942021803067,1
20260717_203329_controller_right,static_head_motion,trial_001,event_002,display_error.translation_error_mm_iqr,EgoAnchor w/o StaticLock,0.2500955858208713,2.5985701397298175,2.348474553908946,1
20260717_203329_controller_right,static_head_motion,trial_001,event_003,display_error.translation_error_mm_iqr,EgoAnchor w/o StaticLock,0.5240952851733471,3.4566467110787027,2.9325514259053556,1
20260717_203329_controller_right,static_head_motion,trial_001,event_004,display_error.translation_error_mm_iqr,EgoAnchor w/o StaticLock,0.3323749368668598,3.2656869607219607,2.933312023855101,1
20260717_203329_controller_right,static_head_motion,trial_001,,display_error.translation_error_mm_p95,EgoAnchor w/o StaticLock,7.155202365780894,7.695453086117575,0.5402507203366813,1
20260717_203329_controller_right,static_head_motion,trial_001,event_001,display_error.translation_error_mm_p95,EgoAnchor w/o StaticLock,6.460055436376794,9.795146129288604,3.33509069291181,1
20260717_203329_controller_right,static_head_motion,trial_001,event_002,display_error.translation_error_mm_p95,EgoAnchor w/o StaticLock,2.7938745440506185,6.8722114821850235,4.078336938134405,1
20260717_203329_controller_right,static_head_motion,trial_001,event_003,display_error.translation_error_mm_p95,EgoAnchor w/o StaticLock,3.4967309517041376,8.925745030220853,5.429014078516715,1
20260717_203329_controller_right,static_head_motion,trial_001,event_004,display_error.translation_error_mm_p95,EgoAnchor w/o StaticLock,3.8615412850934283,8.333842020996148,4.472300735902719,1
20260717_203329_controller_right,static_head_motion,trial_001,,display_error.rotation_error_deg_median,EgoAnchor w/o StaticLock,3.4086561851193444,3.297662367066378,-0.11099381805296638,1
20260717_203329_controller_right,static_head_motion,trial_001,event_001,display_error.rotation_error_deg_median,EgoAnchor w/o StaticLock,2.8870613702715966,2.943370885417811,0.056309515146214295,1
20260717_203329_controller_right,static_head_motion,trial_001,event_002,display_error.rotation_error_deg_median,EgoAnchor w/o StaticLock,2.629617381417243,2.7890778498362803,0.15946046841903705,1
20260717_203329_controller_right,static_head_motion,trial_001,event_003,display_error.rotation_error_deg_median,EgoAnchor w/o StaticLock,2.5615768404966395,2.652111572789969,0.09053473229332942,1
20260717_203329_controller_right,static_head_motion,trial_001,event_004,display_error.rotation_error_deg_median,EgoAnchor w/o StaticLock,2.331507104859148,2.48725439079431,0.15574728593516207,1
20260717_203329_controller_right,static_head_motion,trial_001,,display_error.rotation_error_deg_iqr,EgoAnchor w/o StaticLock,0.29151944836878485,0.8002177152885923,0.5086982669198075,1
20260717_203329_controller_right,static_head_motion,trial_001,event_001,display_error.rotation_error_deg_iqr,EgoAnchor w/o StaticLock,0.29263750974056313,2.0879049563312235,1.7952674465906604,1
20260717_203329_controller_right,static_head_motion,trial_001,event_002,display_error.rotation_error_deg_iqr,EgoAnchor w/o StaticLock,0.13849060391329004,0.8954543122293335,0.7569637083160434,1
20260717_203329_controller_right,static_head_motion,trial_001,event_003,display_error.rotation_error_deg_iqr,EgoAnchor w/o StaticLock,0.09224654543638833,0.892530389559044,0.8002838441226556,1
20260717_203329_controller_right,static_head_motion,trial_001,event_004,display_error.rotation_error_deg_iqr,EgoAnchor w/o StaticLock,0.28215477356593377,1.1073279306336496,0.8251731570677159,1
20260717_203329_controller_right,static_head_motion,trial_001,,display_error.rotation_error_deg_p95,EgoAnchor w/o StaticLock,3.680874778400833,4.086568046403089,0.40569326800225625,1
20260717_203329_controller_right,static_head_motion,trial_001,event_001,display_error.rotation_error_deg_p95,EgoAnchor w/o StaticLock,3.5033518798188186,6.179985819177806,2.6766339393589873,1
20260717_203329_controller_right,static_head_motion,trial_001,event_002,display_error.rotation_error_deg_p95,EgoAnchor w/o StaticLock,2.974718974765411,4.073156651432902,1.0984376766674915,1
20260717_203329_controller_right,static_head_motion,trial_001,event_003,display_error.rotation_error_deg_p95,EgoAnchor w/o StaticLock,2.7356922916684496,3.9445979452247544,1.2089056535563047,1
20260717_203329_controller_right,static_head_motion,trial_001,event_004,display_error.rotation_error_deg_p95,EgoAnchor w/o StaticLock,2.5451917170143643,3.8058583289817194,1.260666611967355,1
20260717_203329_controller_right,static_head_motion,trial_001,,static.position_hp_rms_mm,EgoAnchor w/o capture-time alignment,0.017400534395129084,0.04151502100383826,0.024114486608709178,1
20260717_203329_controller_right,static_head_motion,trial_001,event_001,static.position_hp_rms_mm,EgoAnchor w/o capture-time alignment,1.1367603966307174,3.5414149342448047,2.4046545376140873,1
20260717_203329_controller_right,static_head_motion,trial_001,event_002,static.position_hp_rms_mm,EgoAnchor w/o capture-time alignment,0.03562759723341337,2.6246441255642186,2.5890165283308053,1
20260717_203329_controller_right,static_head_motion,trial_001,event_003,static.position_hp_rms_mm,EgoAnchor w/o capture-time alignment,0.03238938686338388,0.06373677828364332,0.03134739142025945,1
20260717_203329_controller_right,static_head_motion,trial_001,event_004,static.position_hp_rms_mm,EgoAnchor w/o capture-time alignment,0.030665433642897897,0.060921573184944074,0.030256139542046177,1
20260717_203329_controller_right,static_head_motion,trial_001,,static.rotation_hp_rms_deg,EgoAnchor w/o capture-time alignment,0.016021203923810623,0.01644083828400028,0.00041963436018965794,1
20260717_203329_controller_right,static_head_motion,trial_001,event_001,static.rotation_hp_rms_deg,EgoAnchor w/o capture-time alignment,0.43313365435981616,0.5317796945175056,0.09864604015768946,1
20260717_203329_controller_right,static_head_motion,trial_001,event_002,static.rotation_hp_rms_deg,EgoAnchor w/o capture-time alignment,0.01604759621006276,0.3396196686565188,0.3235720724464561,1
20260717_203329_controller_right,static_head_motion,trial_001,event_003,static.rotation_hp_rms_deg,EgoAnchor w/o capture-time alignment,0.01596265992153617,0.014875608131365963,-0.0010870517901702074,1
20260717_203329_controller_right,static_head_motion,trial_001,event_004,static.rotation_hp_rms_deg,EgoAnchor w/o capture-time alignment,0.014463233763486617,0.013032282984376798,-0.0014309507791098186,1
20260717_203329_controller_right,static_head_motion,trial_001,,static.translation_error_mm_median,EgoAnchor w/o capture-time alignment,5.982933756350954,6.472822594798985,0.48988883844803066,1
20260717_203329_controller_right,static_head_motion,trial_001,event_001,static.translation_error_mm_median,EgoAnchor w/o capture-time alignment,3.6882125673198463,5.106394351349203,1.4181817840293567,1
20260717_203329_controller_right,static_head_motion,trial_001,event_002,static.translation_error_mm_median,EgoAnchor w/o capture-time alignment,2.332678543957942,4.170801545039523,1.838123001081581,1
20260717_203329_controller_right,static_head_motion,trial_001,event_003,static.translation_error_mm_median,EgoAnchor w/o capture-time alignment,2.8014793066304957,3.3271224345669883,0.5256431279364926,1
20260717_203329_controller_right,static_head_motion,trial_001,event_004,static.translation_error_mm_median,EgoAnchor w/o capture-time alignment,3.2203591874877917,3.0685710903902006,-0.1517880970975911,1
20260717_203329_controller_right,static_head_motion,trial_001,,static.translation_error_mm_p95,EgoAnchor w/o capture-time alignment,7.155202365780894,7.2523940813648835,0.09719171558398987,1
20260717_203329_controller_right,static_head_motion,trial_001,event_001,static.translation_error_mm_p95,EgoAnchor w/o capture-time alignment,6.460055436376794,31.552227487743366,25.09217205136657,1
20260717_203329_controller_right,static_head_motion,trial_001,event_002,static.translation_error_mm_p95,EgoAnchor w/o capture-time alignment,2.7938745440506185,13.042149931954963,10.248275387904345,1
20260717_203329_controller_right,static_head_motion,trial_001,event_003,static.translation_error_mm_p95,EgoAnchor w/o capture-time alignment,3.4967309517041376,4.4177474892901785,0.9210165375860409,1
20260717_203329_controller_right,static_head_motion,trial_001,event_004,static.translation_error_mm_p95,EgoAnchor w/o capture-time alignment,3.8615412850934283,3.500469742777845,-0.36107154231558347,1
20260717_203329_controller_right,static_head_motion,trial_001,,static.rotation_error_deg_median,EgoAnchor w/o capture-time alignment,3.4086561851193444,3.2843181325508035,-0.12433805256854091,1
20260717_203329_controller_right,static_head_motion,trial_001,event_001,static.rotation_error_deg_median,EgoAnchor w/o capture-time alignment,2.8870613702715966,3.693357051825396,0.8062956815537996,1
20260717_203329_controller_right,static_head_motion,trial_001,event_002,static.rotation_error_deg_median,EgoAnchor w/o capture-time alignment,2.629617381417243,2.9781373548108023,0.3485199733935591,1
20260717_203329_controller_right,static_head_motion,trial_001,event_003,static.rotation_error_deg_median,EgoAnchor w/o capture-time alignment,2.5615768404966395,2.6279093527361757,0.06633251223953618,1
20260717_203329_controller_right,static_head_motion,trial_001,event_004,static.rotation_error_deg_median,EgoAnchor w/o capture-time alignment,2.331507104859148,2.383910094927344,0.052402990068196154,1
20260717_203329_controller_right,static_head_motion,trial_001,,static.rotation_error_deg_p95,EgoAnchor w/o capture-time alignment,3.680874778400833,3.6938073073289606,0.012932528928127685,1
20260717_203329_controller_right,static_head_motion,trial_001,event_001,static.rotation_error_deg_p95,EgoAnchor w/o capture-time alignment,3.5033518798188186,5.111233714949887,1.6078818351310686,1
20260717_203329_controller_right,static_head_motion,trial_001,event_002,static.rotation_error_deg_p95,EgoAnchor w/o capture-time alignment,2.974718974765411,3.522148907010757,0.547429932245346,1
20260717_203329_controller_right,static_head_motion,trial_001,event_003,static.rotation_error_deg_p95,EgoAnchor w/o capture-time alignment,2.7356922916684496,3.007845973274756,0.2721536816063064,1
20260717_203329_controller_right,static_head_motion,trial_001,event_004,static.rotation_error_deg_p95,EgoAnchor w/o capture-time alignment,2.5451917170143643,2.5921300108441527,0.046938293829788424,1
20260717_203329_controller_right,static_head_motion,trial_001,,static.position_drift_mm,EgoAnchor w/o capture-time alignment,3.6166260230521927,3.1540201642130223,-0.4626058588391704,1
20260717_203329_controller_right,static_head_motion,trial_001,event_001,static.position_drift_mm,EgoAnchor w/o capture-time alignment,4.883834190054031,5.0355772603796956,0.15174307032566414,1
20260717_203329_controller_right,static_head_motion,trial_001,event_002,static.position_drift_mm,EgoAnchor w/o capture-time alignment,1.3099793089987974,3.848484549312479,2.5385052403136816,1
20260717_203329_controller_right,static_head_motion,trial_001,event_003,static.position_drift_mm,EgoAnchor w/o capture-time alignment,2.3229449809902976,2.7600794147161762,0.4371344337258787,1
20260717_203329_controller_right,static_head_motion,trial_001,event_004,static.position_drift_mm,EgoAnchor w/o capture-time alignment,4.58761486645567,2.408117928342361,-2.179496938113309,1
20260717_203329_controller_right,static_head_motion,trial_001,,static.rotation_drift_deg,EgoAnchor w/o capture-time alignment,1.4560124705656237,1.5142548077188385,0.05824233715321481,1
20260717_203329_controller_right,static_head_motion,trial_001,event_001,static.rotation_drift_deg,EgoAnchor w/o capture-time alignment,2.758652290584058,2.0877392360986353,-0.6709130544854225,1
20260717_203329_controller_right,static_head_motion,trial_001,event_002,static.rotation_drift_deg,EgoAnchor w/o capture-time alignment,0.8102937977845623,0.5841355824278506,-0.22615821535671177,1
20260717_203329_controller_right,static_head_motion,trial_001,event_003,static.rotation_drift_deg,EgoAnchor w/o capture-time alignment,0.6787961412548762,0.6802638063011118,0.0014676650462356333,1
20260717_203329_controller_right,static_head_motion,trial_001,event_004,static.rotation_drift_deg,EgoAnchor w/o capture-time alignment,0.9619308314137142,0.9148344043652769,-0.047096427048437306,1
20260717_203329_controller_right,static_head_motion,trial_001,,static.position_hp_rms_mm,EgoAnchor w/o StaticLock,0.017400534395129084,0.4768164836362325,0.45941594924110346,1
20260717_203329_controller_right,static_head_motion,trial_001,event_001,static.position_hp_rms_mm,EgoAnchor w/o StaticLock,1.1367603966307174,3.115896936807387,1.9791365401766696,1
20260717_203329_controller_right,static_head_motion,trial_001,event_002,static.position_hp_rms_mm,EgoAnchor w/o StaticLock,0.03562759723341337,1.1376487579564796,1.102021160723066,1
20260717_203329_controller_right,static_head_motion,trial_001,event_003,static.position_hp_rms_mm,EgoAnchor w/o StaticLock,0.03238938686338388,2.562858984117884,2.5304695972545,1
20260717_203329_controller_right,static_head_motion,trial_001,event_004,static.position_hp_rms_mm,EgoAnchor w/o StaticLock,0.030665433642897897,0.7586852867407028,0.7280198530978049,1
20260717_203329_controller_right,static_head_motion,trial_001,,static.rotation_hp_rms_deg,EgoAnchor w/o StaticLock,0.016021203923810623,0.6011323078646676,0.585111103940857,1
20260717_203329_controller_right,static_head_motion,trial_001,event_001,static.rotation_hp_rms_deg,EgoAnchor w/o StaticLock,0.43313365435981616,0.858322011270345,0.42518835691052886,1
20260717_203329_controller_right,static_head_motion,trial_001,event_002,static.rotation_hp_rms_deg,EgoAnchor w/o StaticLock,0.01604759621006276,0.6024406537850517,0.5863930575749889,1
20260717_203329_controller_right,static_head_motion,trial_001,event_003,static.rotation_hp_rms_deg,EgoAnchor w/o StaticLock,0.01596265992153617,0.7500182583011535,0.7340555983796173,1
20260717_203329_controller_right,static_head_motion,trial_001,event_004,static.rotation_hp_rms_deg,EgoAnchor w/o StaticLock,0.014463233763486617,0.5883977264776274,0.5739344927141409,1
20260717_203329_controller_right,static_head_motion,trial_001,,static.translation_error_mm_median,EgoAnchor w/o StaticLock,5.982933756350954,5.022552112113858,-0.9603816442370965,1
20260717_203329_controller_right,static_head_motion,trial_001,event_001,static.translation_error_mm_median,EgoAnchor w/o StaticLock,3.6882125673198463,5.008727755291433,1.320515187971587,1
20260717_203329_controller_right,static_head_motion,trial_001,event_002,static.translation_error_mm_median,EgoAnchor w/o StaticLock,2.332678543957942,4.333896195701553,2.001217651743611,1
20260717_203329_controller_right,static_head_motion,trial_001,event_003,static.translation_error_mm_median,EgoAnchor w/o StaticLock,2.8014793066304957,3.8341948765557348,1.032715569925239,1
20260717_203329_controller_right,static_head_motion,trial_001,event_004,static.translation_error_mm_median,EgoAnchor w/o StaticLock,3.2203591874877917,4.292855033114796,1.072495845627004,1
20260717_203329_controller_right,static_head_motion,trial_001,,static.translation_error_mm_p95,EgoAnchor w/o StaticLock,7.155202365780894,7.695453086117575,0.5402507203366813,1
20260717_203329_controller_right,static_head_motion,trial_001,event_001,static.translation_error_mm_p95,EgoAnchor w/o StaticLock,6.460055436376794,9.795146129288604,3.33509069291181,1
20260717_203329_controller_right,static_head_motion,trial_001,event_002,static.translation_error_mm_p95,EgoAnchor w/o StaticLock,2.7938745440506185,6.8722114821850235,4.078336938134405,1
20260717_203329_controller_right,static_head_motion,trial_001,event_003,static.translation_error_mm_p95,EgoAnchor w/o StaticLock,3.4967309517041376,8.925745030220853,5.429014078516715,1
20260717_203329_controller_right,static_head_motion,trial_001,event_004,static.translation_error_mm_p95,EgoAnchor w/o StaticLock,3.8615412850934283,8.333842020996148,4.472300735902719,1
20260717_203329_controller_right,static_head_motion,trial_001,,static.rotation_error_deg_median,EgoAnchor w/o StaticLock,3.4086561851193444,3.297662367066378,-0.11099381805296638,1
20260717_203329_controller_right,static_head_motion,trial_001,event_001,static.rotation_error_deg_median,EgoAnchor w/o StaticLock,2.8870613702715966,2.943370885417811,0.056309515146214295,1
20260717_203329_controller_right,static_head_motion,trial_001,event_002,static.rotation_error_deg_median,EgoAnchor w/o StaticLock,2.629617381417243,2.7890778498362803,0.15946046841903705,1
20260717_203329_controller_right,static_head_motion,trial_001,event_003,static.rotation_error_deg_median,EgoAnchor w/o StaticLock,2.5615768404966395,2.652111572789969,0.09053473229332942,1
20260717_203329_controller_right,static_head_motion,trial_001,event_004,static.rotation_error_deg_median,EgoAnchor w/o StaticLock,2.331507104859148,2.48725439079431,0.15574728593516207,1
20260717_203329_controller_right,static_head_motion,trial_001,,static.rotation_error_deg_p95,EgoAnchor w/o StaticLock,3.680874778400833,4.086568046403089,0.40569326800225625,1
20260717_203329_controller_right,static_head_motion,trial_001,event_001,static.rotation_error_deg_p95,EgoAnchor w/o StaticLock,3.5033518798188186,6.179985819177806,2.6766339393589873,1
20260717_203329_controller_right,static_head_motion,trial_001,event_002,static.rotation_error_deg_p95,EgoAnchor w/o StaticLock,2.974718974765411,4.073156651432902,1.0984376766674915,1
20260717_203329_controller_right,static_head_motion,trial_001,event_003,static.rotation_error_deg_p95,EgoAnchor w/o StaticLock,2.7356922916684496,3.9445979452247544,1.2089056535563047,1
20260717_203329_controller_right,static_head_motion,trial_001,event_004,static.rotation_error_deg_p95,EgoAnchor w/o StaticLock,2.5451917170143643,3.8058583289817194,1.260666611967355,1
20260717_203329_controller_right,static_head_motion,trial_001,,static.position_drift_mm,EgoAnchor w/o StaticLock,3.6166260230521927,3.8556943052632078,0.23906828221101506,1
20260717_203329_controller_right,static_head_motion,trial_001,event_001,static.position_drift_mm,EgoAnchor w/o StaticLock,4.883834190054031,3.428435150919577,-1.4553990391344542,1
20260717_203329_controller_right,static_head_motion,trial_001,event_002,static.position_drift_mm,EgoAnchor w/o StaticLock,1.3099793089987974,1.231845996240521,-0.0781333127582764,1
20260717_203329_controller_right,static_head_motion,trial_001,event_003,static.position_drift_mm,EgoAnchor w/o StaticLock,2.3229449809902976,2.575634241837336,0.25268926084703835,1
20260717_203329_controller_right,static_head_motion,trial_001,event_004,static.position_drift_mm,EgoAnchor w/o StaticLock,4.58761486645567,5.562525182299826,0.9749103158441557,1
20260717_203329_controller_right,static_head_motion,trial_001,,static.rotation_drift_deg,EgoAnchor w/o StaticLock,1.4560124705656237,1.133155276263752,-0.32285719430187165,1
20260717_203329_controller_right,static_head_motion,trial_001,event_001,static.rotation_drift_deg,EgoAnchor w/o StaticLock,2.758652290584058,1.2161229031278284,-1.5425293874562294,1
20260717_203329_controller_right,static_head_motion,trial_001,event_002,static.rotation_drift_deg,EgoAnchor w/o StaticLock,0.8102937977845623,0.24038280288815556,-0.5699109948964067,1
20260717_203329_controller_right,static_head_motion,trial_001,event_003,static.rotation_drift_deg,EgoAnchor w/o StaticLock,0.6787961412548762,2.951525884095788,2.2727297428409114,1
20260717_203329_controller_right,static_head_motion,trial_001,event_004,static.rotation_drift_deg,EgoAnchor w/o StaticLock,0.9619308314137142,3.208897206623756,2.246966375210042,1
20260717_203329_controller_right,static_head_motion,trial_001,,latency.candidate_arrival_p50_ms,EgoAnchor w/o capture-time alignment,166.7368999987957,166.97819999535568,0.2412999965599738,1
20260717_203329_controller_right,static_head_motion,trial_001,event_001,latency.candidate_arrival_p50_ms,EgoAnchor w/o capture-time alignment,166.63929999776883,166.80730000371113,0.1680000059423037,1
20260717_203329_controller_right,static_head_motion,trial_001,event_002,latency.candidate_arrival_p50_ms,EgoAnchor w/o capture-time alignment,167.484700003115,167.6699000017834,0.18519999866839498,1
20260717_203329_controller_right,static_head_motion,trial_001,event_003,latency.candidate_arrival_p50_ms,EgoAnchor w/o capture-time alignment,166.5221999937785,166.70439999870723,0.18220000492874533,1
20260717_203329_controller_right,static_head_motion,trial_001,event_004,latency.candidate_arrival_p50_ms,EgoAnchor w/o capture-time alignment,166.62970000106725,166.8050000043877,0.17530000332044438,1
20260717_203329_controller_right,static_head_motion,trial_001,,latency.candidate_arrival_p95_ms,EgoAnchor w/o capture-time alignment,195.13937999872724,195.3276399988681,0.18826000014087185,1
20260717_203329_controller_right,static_head_motion,trial_001,event_001,latency.candidate_arrival_p95_ms,EgoAnchor w/o capture-time alignment,208.485220001603,208.67075999994995,0.18553999834693968,1
20260717_203329_controller_right,static_head_motion,trial_001,event_002,latency.candidate_arrival_p95_ms,EgoAnchor w/o capture-time alignment,223.05304000037722,223.23011999687878,0.17707999650156125,1
20260717_203329_controller_right,static_head_motion,trial_001,event_003,latency.candidate_arrival_p95_ms,EgoAnchor w/o capture-time alignment,207.88351999945007,208.05852000339655,0.1750000039464794,1
20260717_203329_controller_right,static_head_motion,trial_001,event_004,latency.candidate_arrival_p95_ms,EgoAnchor w/o capture-time alignment,199.7861200012266,199.9844800007849,0.1983599995583063,1
20260717_203329_controller_right,static_head_motion,trial_001,,latency.candidate_processing_p50_ms,EgoAnchor w/o capture-time alignment,75.23009999841452,75.23009999841452,0.0,1
20260717_203329_controller_right,static_head_motion,trial_001,event_001,latency.candidate_processing_p50_ms,EgoAnchor w/o capture-time alignment,74.98919999971986,74.98919999971986,0.0,1
20260717_203329_controller_right,static_head_motion,trial_001,event_002,latency.candidate_processing_p50_ms,EgoAnchor w/o capture-time alignment,74.96040000021458,74.96040000021458,0.0,1
20260717_203329_controller_right,static_head_motion,trial_001,event_003,latency.candidate_processing_p50_ms,EgoAnchor w/o capture-time alignment,74.38229999691248,74.38229999691248,0.0,1
20260717_203329_controller_right,static_head_motion,trial_001,event_004,latency.candidate_processing_p50_ms,EgoAnchor w/o capture-time alignment,74.84614999778569,74.84614999778569,0.0,1
20260717_203329_controller_right,static_head_motion,trial_001,,latency.candidate_processing_p95_ms,EgoAnchor w/o capture-time alignment,90.15942000076176,90.15942000076176,0.0,1
20260717_203329_controller_right,static_head_motion,trial_001,event_001,latency.candidate_processing_p95_ms,EgoAnchor w/o capture-time alignment,86.4023799970746,86.4023799970746,0.0,1
20260717_203329_controller_right,static_head_motion,trial_001,event_002,latency.candidate_processing_p95_ms,EgoAnchor w/o capture-time alignment,83.46844000145794,83.46844000145794,0.0,1
20260717_203329_controller_right,static_head_motion,trial_001,event_003,latency.candidate_processing_p95_ms,EgoAnchor w/o capture-time alignment,85.92879999950527,85.92879999950527,0.0,1
20260717_203329_controller_right,static_head_motion,trial_001,event_004,latency.candidate_processing_p95_ms,EgoAnchor w/o capture-time alignment,85.02461499962955,85.02461499962955,0.0,1
20260717_203329_controller_right,static_head_motion,trial_001,,latency.observation_age_p50_ms,EgoAnchor w/o capture-time alignment,216.57620000041788,47.63749999983702,-168.93870000058087,1
20260717_203329_controller_right,static_head_motion,trial_001,event_001,latency.observation_age_p50_ms,EgoAnchor w/o capture-time alignment,216.67094999793335,42.61609999957727,-174.05484999835608,1
20260717_203329_controller_right,static_head_motion,trial_001,event_002,latency.observation_age_p50_ms,EgoAnchor w/o capture-time alignment,223.01119999974617,42.97930000029737,-180.0318999994488,1
20260717_203329_controller_right,static_head_motion,trial_001,event_003,latency.observation_age_p50_ms,EgoAnchor w/o capture-time alignment,216.40069999921252,48.55275000227266,-167.84794999693986,1
20260717_203329_controller_right,static_head_motion,trial_001,event_004,latency.observation_age_p50_ms,EgoAnchor w/o capture-time alignment,216.42879999853903,48.54390000400599,-167.88489999453304,1
20260717_203329_controller_right,static_head_motion,trial_001,,latency.observation_age_p95_ms,EgoAnchor w/o capture-time alignment,277.67591000083485,98.20843999696079,-179.46747000387404,1
20260717_203329_controller_right,static_head_motion,trial_001,event_001,latency.observation_age_p95_ms,EgoAnchor w/o capture-time alignment,278.15660500091326,99.00882999754685,-179.1477750033664,1
20260717_203329_controller_right,static_head_motion,trial_001,event_002,latency.observation_age_p95_ms,EgoAnchor w/o capture-time alignment,298.6335049972695,97.17714999787859,-201.4563549993909,1
20260717_203329_controller_right,static_head_motion,trial_001,event_003,latency.observation_age_p95_ms,EgoAnchor w/o capture-time alignment,277.2833599970909,97.59761499881277,-179.6857449982781,1
20260717_203329_controller_right,static_head_motion,trial_001,event_004,latency.observation_age_p95_ms,EgoAnchor w/o capture-time alignment,277.6869600013015,98.36875999899348,-179.318200002308,1
20260717_203329_controller_right,static_head_motion,trial_001,event_001,latency.smoothing_delay_p50_ms,EgoAnchor w/o capture-time alignment,276.5538841485977,250.0,-26.553884148597717,1
20260717_203329_controller_right,static_head_motion,trial_001,event_001,latency.smoothing_delay_p95_ms,EgoAnchor w/o capture-time alignment,283.64588767290115,250.0,-33.645887672901154,1
20260717_203329_controller_right,static_head_motion,trial_001,,latency.visual_perception_hz,EgoAnchor w/o capture-time alignment,9.662200445880814,9.662200445880814,0.0,1
20260717_203329_controller_right,static_head_motion,trial_001,event_001,latency.visual_perception_hz,EgoAnchor w/o capture-time alignment,9.663731208708738,9.663731208708738,0.0,1
20260717_203329_controller_right,static_head_motion,trial_001,event_002,latency.visual_perception_hz,EgoAnchor w/o capture-time alignment,9.67879228260262,9.67879228260262,0.0,1
20260717_203329_controller_right,static_head_motion,trial_001,event_003,latency.visual_perception_hz,EgoAnchor w/o capture-time alignment,9.720626756850736,9.720626756850736,0.0,1
20260717_203329_controller_right,static_head_motion,trial_001,event_004,latency.visual_perception_hz,EgoAnchor w/o capture-time alignment,9.607169317747232,9.607169317747232,0.0,1
20260717_203329_controller_right,static_head_motion,trial_001,,latency.render_hz,EgoAnchor w/o capture-time alignment,64.91769440877175,64.91769440877175,0.0,1
20260717_203329_controller_right,static_head_motion,trial_001,event_001,latency.render_hz,EgoAnchor w/o capture-time alignment,62.43472068828459,62.43472068828459,0.0,1
20260717_203329_controller_right,static_head_motion,trial_001,event_002,latency.render_hz,EgoAnchor w/o capture-time alignment,64.12494413566829,64.12494413566829,0.0,1
20260717_203329_controller_right,static_head_motion,trial_001,event_003,latency.render_hz,EgoAnchor w/o capture-time alignment,65.06950963558134,65.06950963558134,0.0,1
20260717_203329_controller_right,static_head_motion,trial_001,event_004,latency.render_hz,EgoAnchor w/o capture-time alignment,64.24865721545093,64.24865721545093,0.0,1
20260717_203329_controller_right,static_head_motion,trial_001,,latency.candidate_arrival_p50_ms,EgoAnchor w/o StaticLock,166.7368999987957,167.08139999536797,0.34449999657226726,1
20260717_203329_controller_right,static_head_motion,trial_001,event_001,latency.candidate_arrival_p50_ms,EgoAnchor w/o StaticLock,166.63929999776883,166.92029999830993,0.2810000005410984,1
20260717_203329_controller_right,static_head_motion,trial_001,event_002,latency.candidate_arrival_p50_ms,EgoAnchor w/o StaticLock,167.484700003115,167.76340000069467,0.2786999975796789,1
20260717_203329_controller_right,static_head_motion,trial_001,event_003,latency.candidate_arrival_p50_ms,EgoAnchor w/o StaticLock,166.5221999937785,166.80030000134138,0.2781000075628981,1
20260717_203329_controller_right,static_head_motion,trial_001,event_004,latency.candidate_arrival_p50_ms,EgoAnchor w/o StaticLock,166.62970000106725,166.90039999957662,0.27069999850937165,1
20260717_203329_controller_right,static_head_motion,trial_001,,latency.candidate_arrival_p95_ms,EgoAnchor w/o StaticLock,195.13937999872724,195.43115999986185,0.29178000113461167,1
20260717_203329_controller_right,static_head_motion,trial_001,event_001,latency.candidate_arrival_p95_ms,EgoAnchor w/o StaticLock,208.485220001603,208.77483999938704,0.2896199977840297,1
20260717_203329_controller_right,static_head_motion,trial_001,event_002,latency.candidate_arrival_p95_ms,EgoAnchor w/o StaticLock,223.05304000037722,223.32050000113668,0.2674600007594563,1
20260717_203329_controller_right,static_head_motion,trial_001,event_003,latency.candidate_arrival_p95_ms,EgoAnchor w/o StaticLock,207.88351999945007,208.16212000354426,0.27860000409418717,1
20260717_203329_controller_right,static_head_motion,trial_001,event_004,latency.candidate_arrival_p95_ms,EgoAnchor w/o StaticLock,199.7861200012266,200.08612000019633,0.2999999989697244,1
20260717_203329_controller_right,static_head_motion,trial_001,,latency.candidate_processing_p50_ms,EgoAnchor w/o StaticLock,75.23009999841452,75.23009999841452,0.0,1
20260717_203329_controller_right,static_head_motion,trial_001,event_001,latency.candidate_processing_p50_ms,EgoAnchor w/o StaticLock,74.98919999971986,74.98919999971986,0.0,1
20260717_203329_controller_right,static_head_motion,trial_001,event_002,latency.candidate_processing_p50_ms,EgoAnchor w/o StaticLock,74.96040000021458,74.96040000021458,0.0,1
20260717_203329_controller_right,static_head_motion,trial_001,event_003,latency.candidate_processing_p50_ms,EgoAnchor w/o StaticLock,74.38229999691248,74.38229999691248,0.0,1
20260717_203329_controller_right,static_head_motion,trial_001,event_004,latency.candidate_processing_p50_ms,EgoAnchor w/o StaticLock,74.84614999778569,74.84614999778569,0.0,1
20260717_203329_controller_right,static_head_motion,trial_001,,latency.candidate_processing_p95_ms,EgoAnchor w/o StaticLock,90.15942000076176,90.15942000076176,0.0,1
20260717_203329_controller_right,static_head_motion,trial_001,event_001,latency.candidate_processing_p95_ms,EgoAnchor w/o StaticLock,86.4023799970746,86.4023799970746,0.0,1
20260717_203329_controller_right,static_head_motion,trial_001,event_002,latency.candidate_processing_p95_ms,EgoAnchor w/o StaticLock,83.46844000145794,83.46844000145794,0.0,1
20260717_203329_controller_right,static_head_motion,trial_001,event_003,latency.candidate_processing_p95_ms,EgoAnchor w/o StaticLock,85.92879999950527,85.92879999950527,0.0,1
20260717_203329_controller_right,static_head_motion,trial_001,event_004,latency.candidate_processing_p95_ms,EgoAnchor w/o StaticLock,85.02461499962955,85.02461499962955,0.0,1
20260717_203329_controller_right,static_head_motion,trial_001,,latency.observation_age_p50_ms,EgoAnchor w/o StaticLock,216.57620000041788,216.59309999813559,0.0168999977177009,1
20260717_203329_controller_right,static_head_motion,trial_001,event_001,latency.observation_age_p50_ms,EgoAnchor w/o StaticLock,216.67094999793335,216.68789999603177,0.016949998098425567,1
20260717_203329_controller_right,static_head_motion,trial_001,event_002,latency.observation_age_p50_ms,EgoAnchor w/o StaticLock,223.01119999974617,223.02694999962114,0.015749999874969944,1
20260717_203329_controller_right,static_head_motion,trial_001,event_003,latency.observation_age_p50_ms,EgoAnchor w/o StaticLock,216.40069999921252,216.42044999680365,0.01974999759113416,1
20260717_203329_controller_right,static_head_motion,trial_001,event_004,latency.observation_age_p50_ms,EgoAnchor w/o StaticLock,216.42879999853903,216.44679999735672,0.01799999881768599,1
20260717_203329_controller_right,static_head_motion,trial_001,,latency.observation_age_p95_ms,EgoAnchor w/o StaticLock,277.67591000083485,277.6910400018096,0.015130000974750146,1
20260717_203329_controller_right,static_head_motion,trial_001,event_001,latency.observation_age_p95_ms,EgoAnchor w/o StaticLock,278.15660500091326,278.17297499968845,0.016369998775189742,1
20260717_203329_controller_right,static_head_motion,trial_001,event_002,latency.observation_age_p95_ms,EgoAnchor w/o StaticLock,298.6335049972695,298.64919499996176,0.01569000269228127,1
20260717_203329_controller_right,static_head_motion,trial_001,event_003,latency.observation_age_p95_ms,EgoAnchor w/o StaticLock,277.2833599970909,277.2988799988525,0.015520001761615276,1
20260717_203329_controller_right,static_head_motion,trial_001,event_004,latency.observation_age_p95_ms,EgoAnchor w/o StaticLock,277.6869600013015,277.7025199990021,0.015559997700620443,1
20260717_203329_controller_right,static_head_motion,trial_001,event_001,latency.smoothing_delay_p50_ms,EgoAnchor w/o StaticLock,276.5538841485977,284.9750220775604,8.421137928962708,1
20260717_203329_controller_right,static_head_motion,trial_001,event_001,latency.smoothing_delay_p95_ms,EgoAnchor w/o StaticLock,283.64588767290115,300.8777126669884,17.23182499408722,1
20260717_203329_controller_right,static_head_motion,trial_001,,latency.visual_perception_hz,EgoAnchor w/o StaticLock,9.662200445880814,9.662200445880814,0.0,1
20260717_203329_controller_right,static_head_motion,trial_001,event_001,latency.visual_perception_hz,EgoAnchor w/o StaticLock,9.663731208708738,9.663731208708738,0.0,1
20260717_203329_controller_right,static_head_motion,trial_001,event_002,latency.visual_perception_hz,EgoAnchor w/o StaticLock,9.67879228260262,9.67879228260262,0.0,1
20260717_203329_controller_right,static_head_motion,trial_001,event_003,latency.visual_perception_hz,EgoAnchor w/o StaticLock,9.720626756850736,9.720626756850736,0.0,1
20260717_203329_controller_right,static_head_motion,trial_001,event_004,latency.visual_perception_hz,EgoAnchor w/o StaticLock,9.607169317747232,9.607169317747232,0.0,1
20260717_203329_controller_right,static_head_motion,trial_001,,latency.render_hz,EgoAnchor w/o StaticLock,64.91769440877175,64.91769440877175,0.0,1
20260717_203329_controller_right,static_head_motion,trial_001,event_001,latency.render_hz,EgoAnchor w/o StaticLock,62.43472068828459,62.43472068828459,0.0,1
20260717_203329_controller_right,static_head_motion,trial_001,event_002,latency.render_hz,EgoAnchor w/o StaticLock,64.12494413566829,64.12494413566829,0.0,1
20260717_203329_controller_right,static_head_motion,trial_001,event_003,latency.render_hz,EgoAnchor w/o StaticLock,65.06950963558134,65.06950963558134,0.0,1
20260717_203329_controller_right,static_head_motion,trial_001,event_004,latency.render_hz,EgoAnchor w/o StaticLock,64.24865721545093,64.24865721545093,0.0,1
20260717_203749_controller_right,start_stop_6dof,trial_001,,display_error.translation_error_mm_median,EgoAnchor w/o temporal synthesis,1.9585434900540368,2.3791631656753327,0.4206196756212959,1
20260717_203749_controller_right,start_stop_6dof,trial_001,event_001,display_error.translation_error_mm_median,EgoAnchor w/o temporal synthesis,6.3507767938883095,6.072521463710034,-0.27825533017827553,1
20260717_203749_controller_right,start_stop_6dof,trial_001,event_002,display_error.translation_error_mm_median,EgoAnchor w/o temporal synthesis,9.65511245848759,9.828915638326794,0.17380317983920435,1
20260717_203749_controller_right,start_stop_6dof,trial_001,event_003,display_error.translation_error_mm_median,EgoAnchor w/o temporal synthesis,5.331165844477623,5.24089571315916,-0.09027013131846306,1
20260717_203749_controller_right,start_stop_6dof,trial_001,event_004,display_error.translation_error_mm_median,EgoAnchor w/o temporal synthesis,10.60188941751975,10.85542547458533,0.25353605706557936,1
20260717_203749_controller_right,start_stop_6dof,trial_001,event_005,display_error.translation_error_mm_median,EgoAnchor w/o temporal synthesis,8.750204234556973,8.362811670562321,-0.38739256399465205,1
20260717_203749_controller_right,start_stop_6dof,trial_001,,display_error.translation_error_mm_iqr,EgoAnchor w/o temporal synthesis,1.6894292749765312,1.6898999992468364,0.0004707242703052561,1
20260717_203749_controller_right,start_stop_6dof,trial_001,event_001,display_error.translation_error_mm_iqr,EgoAnchor w/o temporal synthesis,24.193023236310893,21.777703189168054,-2.4153200471428384,1
20260717_203749_controller_right,start_stop_6dof,trial_001,event_002,display_error.translation_error_mm_iqr,EgoAnchor w/o temporal synthesis,3.6520584436531047,3.5216411466651643,-0.13041729698794047,1
20260717_203749_controller_right,start_stop_6dof,trial_001,event_003,display_error.translation_error_mm_iqr,EgoAnchor w/o temporal synthesis,1.9746831831301792,2.349279158622352,0.3745959754921726,1
20260717_203749_controller_right,start_stop_6dof,trial_001,event_004,display_error.translation_error_mm_iqr,EgoAnchor w/o temporal synthesis,12.798897429143887,9.00169897434866,-3.797198454795227,1
20260717_203749_controller_right,start_stop_6dof,trial_001,event_005,display_error.translation_error_mm_iqr,EgoAnchor w/o temporal synthesis,4.3236596036303965,4.7671092646937,0.44344966106330386,1
20260717_203749_controller_right,start_stop_6dof,trial_001,,display_error.translation_error_mm_p95,EgoAnchor w/o temporal synthesis,3.6186594795464138,3.9529458116115777,0.3342863320651639,1
20260717_203749_controller_right,start_stop_6dof,trial_001,event_001,display_error.translation_error_mm_p95,EgoAnchor w/o temporal synthesis,58.167105370983464,48.71032588289601,-9.456779488087456,1
20260717_203749_controller_right,start_stop_6dof,trial_001,event_002,display_error.translation_error_mm_p95,EgoAnchor w/o temporal synthesis,56.714265905122,45.107721234728984,-11.606544670393014,1
20260717_203749_controller_right,start_stop_6dof,trial_001,event_003,display_error.translation_error_mm_p95,EgoAnchor w/o temporal synthesis,78.53201018994741,69.07766307808437,-9.454347111863044,1
20260717_203749_controller_right,start_stop_6dof,trial_001,event_004,display_error.translation_error_mm_p95,EgoAnchor w/o temporal synthesis,68.54380338597736,55.0728273765232,-13.470976009454155,1
20260717_203749_controller_right,start_stop_6dof,trial_001,event_005,display_error.translation_error_mm_p95,EgoAnchor w/o temporal synthesis,87.5451813229397,78.8383187184208,-8.706862604518903,1
20260717_203749_controller_right,start_stop_6dof,trial_001,,display_error.rotation_error_deg_median,EgoAnchor w/o temporal synthesis,3.2753232293533565,2.8801630323929888,-0.39516019696036775,1
20260717_203749_controller_right,start_stop_6dof,trial_001,event_001,display_error.rotation_error_deg_median,EgoAnchor w/o temporal synthesis,2.990099446851695,2.7259423988480576,-0.2641570480036375,1
20260717_203749_controller_right,start_stop_6dof,trial_001,event_002,display_error.rotation_error_deg_median,EgoAnchor w/o temporal synthesis,5.150862638456543,4.41279513918512,-0.7380674992714225,1
20260717_203749_controller_right,start_stop_6dof,trial_001,event_003,display_error.rotation_error_deg_median,EgoAnchor w/o temporal synthesis,1.6109573129516717,2.161941394346077,0.5509840813944051,1
20260717_203749_controller_right,start_stop_6dof,trial_001,event_004,display_error.rotation_error_deg_median,EgoAnchor w/o temporal synthesis,3.8144490852992528,3.544344100182305,-0.2701049851169479,1
20260717_203749_controller_right,start_stop_6dof,trial_001,event_005,display_error.rotation_error_deg_median,EgoAnchor w/o temporal synthesis,4.280848029951814,4.249361282959368,-0.0314867469924458,1
20260717_203749_controller_right,start_stop_6dof,trial_001,,display_error.rotation_error_deg_iqr,EgoAnchor w/o temporal synthesis,1.3163848793611042,0.7604805032901094,-0.5559043760709947,1
20260717_203749_controller_right,start_stop_6dof,trial_001,event_001,display_error.rotation_error_deg_iqr,EgoAnchor w/o temporal synthesis,1.1962598861133857,1.0683777630678746,-0.12788212304551116,1
20260717_203749_controller_right,start_stop_6dof,trial_001,event_002,display_error.rotation_error_deg_iqr,EgoAnchor w/o temporal synthesis,7.337284452777114,6.021087924444434,-1.3161965283326795,1
20260717_203749_controller_right,start_stop_6dof,trial_001,event_003,display_error.rotation_error_deg_iqr,EgoAnchor w/o temporal synthesis,2.385559905461632,2.0262612068852803,-0.35929869857635177,1
20260717_203749_controller_right,start_stop_6dof,trial_001,event_004,display_error.rotation_error_deg_iqr,EgoAnchor w/o temporal synthesis,7.700854227392547,6.540862656415782,-1.1599915709767652,1
20260717_203749_controller_right,start_stop_6dof,trial_001,event_005,display_error.rotation_error_deg_iqr,EgoAnchor w/o temporal synthesis,2.552882370549214,2.2612941010203342,-0.2915882695288796,1
20260717_203749_controller_right,start_stop_6dof,trial_001,,display_error.rotation_error_deg_p95,EgoAnchor w/o temporal synthesis,4.2816576910179,3.8546669340198676,-0.42699075699803224,1
20260717_203749_controller_right,start_stop_6dof,trial_001,event_001,display_error.rotation_error_deg_p95,EgoAnchor w/o temporal synthesis,6.2660560960001925,5.216187655164826,-1.0498684408353665,1
20260717_203749_controller_right,start_stop_6dof,trial_001,event_002,display_error.rotation_error_deg_p95,EgoAnchor w/o temporal synthesis,33.91997399051149,29.095910723633857,-4.82406326687763,1
20260717_203749_controller_right,start_stop_6dof,trial_001,event_003,display_error.rotation_error_deg_p95,EgoAnchor w/o temporal synthesis,7.02867238988786,6.050499454969485,-0.9781729349183754,1
20260717_203749_controller_right,start_stop_6dof,trial_001,event_004,display_error.rotation_error_deg_p95,EgoAnchor w/o temporal synthesis,36.86326740344588,30.52379604703012,-6.3394713564157605,1
20260717_203749_controller_right,start_stop_6dof,trial_001,event_005,display_error.rotation_error_deg_p95,EgoAnchor w/o temporal synthesis,20.389083026241398,14.932415790718279,-5.456667235523119,1
20260717_203749_controller_right,start_stop_6dof,trial_001,,static.position_hp_rms_mm,EgoAnchor w/o temporal synthesis,0.024813961120219132,0.019712170655000912,-0.00510179046521822,1
20260717_203749_controller_right,start_stop_6dof,trial_001,event_001,static.position_hp_rms_mm,EgoAnchor w/o temporal synthesis,0.43806874698432835,0.5013306062551289,0.06326185927080058,1
20260717_203749_controller_right,start_stop_6dof,trial_001,event_002,static.position_hp_rms_mm,EgoAnchor w/o temporal synthesis,0.16856884249720774,0.3241015570558969,0.15553271455868914,1
20260717_203749_controller_right,start_stop_6dof,trial_001,event_003,static.position_hp_rms_mm,EgoAnchor w/o temporal synthesis,0.2109245020131984,0.24066978876025966,0.029745286747061256,1
20260717_203749_controller_right,start_stop_6dof,trial_001,event_004,static.position_hp_rms_mm,EgoAnchor w/o temporal synthesis,0.20489762466977068,0.31866238745668096,0.11376476278691028,1
20260717_203749_controller_right,start_stop_6dof,trial_001,event_005,static.position_hp_rms_mm,EgoAnchor w/o temporal synthesis,0.20021664600392375,0.4828646236052095,0.28264797760128574,1
20260717_203749_controller_right,start_stop_6dof,trial_001,,static.rotation_hp_rms_deg,EgoAnchor w/o temporal synthesis,0.019694160939683476,0.017947436616309913,-0.0017467243233735621,1
20260717_203749_controller_right,start_stop_6dof,trial_001,event_001,static.rotation_hp_rms_deg,EgoAnchor w/o temporal synthesis,0.2255925196411864,0.3074534434009486,0.0818609237597622,1
20260717_203749_controller_right,start_stop_6dof,trial_001,event_002,static.rotation_hp_rms_deg,EgoAnchor w/o temporal synthesis,0.18764806676374626,0.17761806282170303,-0.01003000394204323,1
20260717_203749_controller_right,start_stop_6dof,trial_001,event_003,static.rotation_hp_rms_deg,EgoAnchor w/o temporal synthesis,0.19727952343798136,0.25867843165622034,0.061398908218238984,1
20260717_203749_controller_right,start_stop_6dof,trial_001,event_004,static.rotation_hp_rms_deg,EgoAnchor w/o temporal synthesis,0.29487392955174113,0.45677336045379274,0.1618994309020516,1
20260717_203749_controller_right,start_stop_6dof,trial_001,event_005,static.rotation_hp_rms_deg,EgoAnchor w/o temporal synthesis,0.16135373084639257,0.22581258796847772,0.06445885712208516,1
20260717_203749_controller_right,start_stop_6dof,trial_001,,static.translation_error_mm_median,EgoAnchor w/o temporal synthesis,1.867363621460843,2.2979478937255253,0.43058427226468243,1
20260717_203749_controller_right,start_stop_6dof,trial_001,event_001,static.translation_error_mm_median,EgoAnchor w/o temporal synthesis,4.746068564853504,4.574121510492487,-0.17194705436101643,1
20260717_203749_controller_right,start_stop_6dof,trial_001,event_002,static.translation_error_mm_median,EgoAnchor w/o temporal synthesis,9.339042285517987,9.613551361564147,0.2745090760461597,1
20260717_203749_controller_right,start_stop_6dof,trial_001,event_003,static.translation_error_mm_median,EgoAnchor w/o temporal synthesis,4.63011478083338,4.355931953862228,-0.2741828269711517,1
20260717_203749_controller_right,start_stop_6dof,trial_001,event_004,static.translation_error_mm_median,EgoAnchor w/o temporal synthesis,9.624441939846777,9.761992808093826,0.13755086824704854,1
20260717_203749_controller_right,start_stop_6dof,trial_001,event_005,static.translation_error_mm_median,EgoAnchor w/o temporal synthesis,6.529638227212075,5.87087615169871,-0.6587620755133656,1
20260717_203749_controller_right,start_stop_6dof,trial_001,,static.translation_error_mm_p95,EgoAnchor w/o temporal synthesis,3.6253761841997814,3.95280360170618,0.3274274175063985,1
20260717_203749_controller_right,start_stop_6dof,trial_001,event_001,static.translation_error_mm_p95,EgoAnchor w/o temporal synthesis,22.54386929240422,15.205360335753268,-7.338508956650953,1
20260717_203749_controller_right,start_stop_6dof,trial_001,event_002,static.translation_error_mm_p95,EgoAnchor w/o temporal synthesis,10.647078858023317,11.346906760855058,0.6998279028317409,1
20260717_203749_controller_right,start_stop_6dof,trial_001,event_003,static.translation_error_mm_p95,EgoAnchor w/o temporal synthesis,6.288840852162466,6.33507306065153,0.046232208489064064,1
20260717_203749_controller_right,start_stop_6dof,trial_001,event_004,static.translation_error_mm_p95,EgoAnchor w/o temporal synthesis,11.62891280794425,11.618784649421366,-0.010128158522883624,1
20260717_203749_controller_right,start_stop_6dof,trial_001,event_005,static.translation_error_mm_p95,EgoAnchor w/o temporal synthesis,9.408510013310515,9.186698546439777,-0.22181146687073827,1
20260717_203749_controller_right,start_stop_6dof,trial_001,,static.rotation_error_deg_median,EgoAnchor w/o temporal synthesis,3.2578801700871063,2.8695715878738612,-0.38830858221324505,1
20260717_203749_controller_right,start_stop_6dof,trial_001,event_001,static.rotation_error_deg_median,EgoAnchor w/o temporal synthesis,2.8270496987793097,2.6697200035205717,-0.15732969525873797,1
20260717_203749_controller_right,start_stop_6dof,trial_001,event_002,static.rotation_error_deg_median,EgoAnchor w/o temporal synthesis,3.9551729970376908,3.27922030759285,-0.6759526894448409,1
20260717_203749_controller_right,start_stop_6dof,trial_001,event_003,static.rotation_error_deg_median,EgoAnchor w/o temporal synthesis,1.3907723052430034,1.995609436578326,0.6048371313353225,1
20260717_203749_controller_right,start_stop_6dof,trial_001,event_004,static.rotation_error_deg_median,EgoAnchor w/o temporal synthesis,3.1623116494740553,3.0120693748182887,-0.15024227465576656,1
20260717_203749_controller_right,start_stop_6dof,trial_001,event_005,static.rotation_error_deg_median,EgoAnchor w/o temporal synthesis,2.449900414961503,2.701353611208791,0.2514531962472879,1
20260717_203749_controller_right,start_stop_6dof,trial_001,,static.rotation_error_deg_p95,EgoAnchor w/o temporal synthesis,3.743239291154525,3.150742022106155,-0.5924972690483701,1
20260717_203749_controller_right,start_stop_6dof,trial_001,event_001,static.rotation_error_deg_p95,EgoAnchor w/o temporal synthesis,3.8421233354292976,3.80916154872563,-0.032961786703667784,1
20260717_203749_controller_right,start_stop_6dof,trial_001,event_002,static.rotation_error_deg_p95,EgoAnchor w/o temporal synthesis,6.658755569066993,5.859946938878094,-0.7988086301888986,1
20260717_203749_controller_right,start_stop_6dof,trial_001,event_003,static.rotation_error_deg_p95,EgoAnchor w/o temporal synthesis,3.817947765230989,3.8429206612197513,0.02497289598876229,1
20260717_203749_controller_right,start_stop_6dof,trial_001,event_004,static.rotation_error_deg_p95,EgoAnchor w/o temporal synthesis,3.82046806441566,3.5443170379183555,-0.2761510264973044,1
20260717_203749_controller_right,start_stop_6dof,trial_001,event_005,static.rotation_error_deg_p95,EgoAnchor w/o temporal synthesis,4.666674377952172,4.738197337600409,0.07152295964823718,1
20260717_203749_controller_right,start_stop_6dof,trial_001,,static.position_drift_mm,EgoAnchor w/o temporal synthesis,0.9064909509789706,0.7840978453610156,-0.12239310561795502,1
20260717_203749_controller_right,start_stop_6dof,trial_001,event_001,static.position_drift_mm,EgoAnchor w/o temporal synthesis,5.519780161908725,7.3884138043914485,1.868633642482724,1
20260717_203749_controller_right,start_stop_6dof,trial_001,event_002,static.position_drift_mm,EgoAnchor w/o temporal synthesis,4.2891907424409235,7.4478026249468625,3.158611882505939,1
20260717_203749_controller_right,start_stop_6dof,trial_001,event_003,static.position_drift_mm,EgoAnchor w/o temporal synthesis,2.0289120203983684,2.1345465443154237,0.1056345239170553,1
20260717_203749_controller_right,start_stop_6dof,trial_001,event_004,static.position_drift_mm,EgoAnchor w/o temporal synthesis,2.2553102497975965,4.55411444481315,2.2988041950155536,1
20260717_203749_controller_right,start_stop_6dof,trial_001,event_005,static.position_drift_mm,EgoAnchor w/o temporal synthesis,5.360641948806099,6.297006059541385,0.936364110735286,1
20260717_203749_controller_right,start_stop_6dof,trial_001,,static.rotation_drift_deg,EgoAnchor w/o temporal synthesis,0.6424989069342752,0.8023967001027247,0.15989779316844943,1
20260717_203749_controller_right,start_stop_6dof,trial_001,event_001,static.rotation_drift_deg,EgoAnchor w/o temporal synthesis,1.7826877173972497,3.0019964137097945,1.2193086963125448,1
20260717_203749_controller_right,start_stop_6dof,trial_001,event_002,static.rotation_drift_deg,EgoAnchor w/o temporal synthesis,1.3285548084118879,2.581801597622938,1.25324678921105,1
20260717_203749_controller_right,start_stop_6dof,trial_001,event_003,static.rotation_drift_deg,EgoAnchor w/o temporal synthesis,1.8088445375143005,1.8090649372007055,0.00022039968640497065,1
20260717_203749_controller_right,start_stop_6dof,trial_001,event_004,static.rotation_drift_deg,EgoAnchor w/o temporal synthesis,1.3129667067626902,2.051126249840439,0.7381595430777488,1
20260717_203749_controller_right,start_stop_6dof,trial_001,event_005,static.rotation_drift_deg,EgoAnchor w/o temporal synthesis,2.4985107677239213,2.7717149535003043,0.27320418577638295,1
20260717_203749_controller_right,start_stop_6dof,trial_001,event_002,transition.visible_response_time_ms,EgoAnchor w/o temporal synthesis,1493.0652000039117,1471.5953999984777,-21.46980000543408,1
20260717_203749_controller_right,start_stop_6dof,trial_001,event_001,transition.unlock_success,EgoAnchor w/o temporal synthesis,1.0,1.0,0.0,1
20260717_203749_controller_right,start_stop_6dof,trial_001,event_002,transition.unlock_success,EgoAnchor w/o temporal synthesis,1.0,1.0,0.0,1
20260717_203749_controller_right,start_stop_6dof,trial_001,event_003,transition.unlock_success,EgoAnchor w/o temporal synthesis,1.0,1.0,0.0,1
20260717_203749_controller_right,start_stop_6dof,trial_001,event_004,transition.unlock_success,EgoAnchor w/o temporal synthesis,1.0,1.0,0.0,1
20260717_203749_controller_right,start_stop_6dof,trial_001,event_005,transition.unlock_success,EgoAnchor w/o temporal synthesis,1.0,1.0,0.0,1
20260717_203749_controller_right,start_stop_6dof,trial_001,event_001,transition.unlock_time_ms,EgoAnchor w/o temporal synthesis,1825.1834000038798,1825.1834000038798,0.0,1
20260717_203749_controller_right,start_stop_6dof,trial_001,event_002,transition.unlock_time_ms,EgoAnchor w/o temporal synthesis,1459.610199999588,1459.610199999588,0.0,1
20260717_203749_controller_right,start_stop_6dof,trial_001,event_003,transition.unlock_time_ms,EgoAnchor w/o temporal synthesis,1396.848600001249,1396.848600001249,0.0,1
20260717_203749_controller_right,start_stop_6dof,trial_001,event_004,transition.unlock_time_ms,EgoAnchor w/o temporal synthesis,1341.1328999936813,1341.1328999936813,0.0,1
20260717_203749_controller_right,start_stop_6dof,trial_001,event_005,transition.unlock_time_ms,EgoAnchor w/o temporal synthesis,1269.267999996373,1269.267999996373,0.0,1
20260717_203749_controller_right,start_stop_6dof,trial_001,event_001,transition.relock_success,EgoAnchor w/o temporal synthesis,0.0,0.0,0.0,1
20260717_203749_controller_right,start_stop_6dof,trial_001,event_002,transition.relock_success,EgoAnchor w/o temporal synthesis,0.0,0.0,0.0,1
20260717_203749_controller_right,start_stop_6dof,trial_001,event_003,transition.relock_success,EgoAnchor w/o temporal synthesis,0.0,0.0,0.0,1
20260717_203749_controller_right,start_stop_6dof,trial_001,event_004,transition.relock_success,EgoAnchor w/o temporal synthesis,0.0,0.0,0.0,1
20260717_203749_controller_right,start_stop_6dof,trial_001,event_005,transition.relock_success,EgoAnchor w/o temporal synthesis,0.0,0.0,0.0,1
20260717_203749_controller_right,start_stop_6dof,trial_001,event_001,transition.peak_translation_error_mm,EgoAnchor w/o temporal synthesis,81.65609794082387,76.44936840213141,-5.206729538692457,1
20260717_203749_controller_right,start_stop_6dof,trial_001,event_002,transition.peak_translation_error_mm,EgoAnchor w/o temporal synthesis,110.64026457489678,110.53112429638638,-0.1091402785103952,1
20260717_203749_controller_right,start_stop_6dof,trial_001,event_003,transition.peak_translation_error_mm,EgoAnchor w/o temporal synthesis,115.40734216065573,116.326072436186,0.9187302755302653,1
20260717_203749_controller_right,start_stop_6dof,trial_001,event_004,transition.peak_translation_error_mm,EgoAnchor w/o temporal synthesis,92.92824537694769,93.01322916359595,0.08498378664826589,1
20260717_203749_controller_right,start_stop_6dof,trial_001,event_005,transition.peak_translation_error_mm,EgoAnchor w/o temporal synthesis,131.53399964777915,131.5736876132827,0.03968796550353204,1
20260717_203749_controller_right,start_stop_6dof,trial_001,event_001,transition.peak_rotation_error_deg,EgoAnchor w/o temporal synthesis,8.042962444983269,8.148217476411226,0.10525503142795678,1
20260717_203749_controller_right,start_stop_6dof,trial_001,event_002,transition.peak_rotation_error_deg,EgoAnchor w/o temporal synthesis,51.6795674523713,51.647761843845764,-0.03180560852553782,1
20260717_203749_controller_right,start_stop_6dof,trial_001,event_003,transition.peak_rotation_error_deg,EgoAnchor w/o temporal synthesis,7.493550144286381,7.49405087426252,0.000500729976138814,1
20260717_203749_controller_right,start_stop_6dof,trial_001,event_004,transition.peak_rotation_error_deg,EgoAnchor w/o temporal synthesis,54.120339716626766,49.28763150779419,-4.832708208832578,1
20260717_203749_controller_right,start_stop_6dof,trial_001,event_005,transition.peak_rotation_error_deg,EgoAnchor w/o temporal synthesis,35.56411195066246,33.16768119276737,-2.3964307578950894,1
20260717_203749_controller_right,start_stop_6dof,trial_001,,latency.candidate_arrival_p50_ms,EgoAnchor w/o temporal synthesis,166.91789999458706,167.17709999647923,0.2592000018921681,1
20260717_203749_controller_right,start_stop_6dof,trial_001,event_001,latency.candidate_arrival_p50_ms,EgoAnchor w/o temporal synthesis,166.78190000675386,167.06540000450332,0.283499997749459,1
20260717_203749_controller_right,start_stop_6dof,trial_001,event_002,latency.candidate_arrival_p50_ms,EgoAnchor w/o temporal synthesis,166.79370000201743,167.03029999916907,0.23659999715164304,1
20260717_203749_controller_right,start_stop_6dof,trial_001,event_003,latency.candidate_arrival_p50_ms,EgoAnchor w/o temporal synthesis,166.6373999978532,166.87609999644337,0.2386999985901639,1
20260717_203749_controller_right,start_stop_6dof,trial_001,event_004,latency.candidate_arrival_p50_ms,EgoAnchor w/o temporal synthesis,166.77959999651648,167.03949999646284,0.2598999999463558,1
20260717_203749_controller_right,start_stop_6dof,trial_001,event_005,latency.candidate_arrival_p50_ms,EgoAnchor w/o temporal synthesis,167.35520000656834,167.59400000591995,0.23879999935161322,1
20260717_203749_controller_right,start_stop_6dof,trial_001,,latency.candidate_arrival_p95_ms,EgoAnchor w/o temporal synthesis,207.63582000217866,207.88613000549958,0.25031000332091935,1
20260717_203749_controller_right,start_stop_6dof,trial_001,event_001,latency.candidate_arrival_p95_ms,EgoAnchor w/o temporal synthesis,209.1915400029393,209.49626000365242,0.3047200007131323,1
20260717_203749_controller_right,start_stop_6dof,trial_001,event_002,latency.candidate_arrival_p95_ms,EgoAnchor w/o temporal synthesis,207.71836000058101,207.96627999952761,0.24791999894659966,1
20260717_203749_controller_right,start_stop_6dof,trial_001,event_003,latency.candidate_arrival_p95_ms,EgoAnchor w/o temporal synthesis,195.42982000275515,195.69804000202566,0.26821999927051365,1
20260717_203749_controller_right,start_stop_6dof,trial_001,event_004,latency.candidate_arrival_p95_ms,EgoAnchor w/o temporal synthesis,208.40669999888632,208.65752000245266,0.25082000356633216,1
20260717_203749_controller_right,start_stop_6dof,trial_001,event_005,latency.candidate_arrival_p95_ms,EgoAnchor w/o temporal synthesis,215.467849997367,215.97009999823058,0.5022500008635689,1
20260717_203749_controller_right,start_stop_6dof,trial_001,,latency.candidate_processing_p50_ms,EgoAnchor w/o temporal synthesis,74.26440000161529,74.26440000161529,0.0,1
20260717_203749_controller_right,start_stop_6dof,trial_001,event_001,latency.candidate_processing_p50_ms,EgoAnchor w/o temporal synthesis,73.75470000132918,73.75470000132918,0.0,1
20260717_203749_controller_right,start_stop_6dof,trial_001,event_002,latency.candidate_processing_p50_ms,EgoAnchor w/o temporal synthesis,71.97060000151396,71.97060000151396,0.0,1
20260717_203749_controller_right,start_stop_6dof,trial_001,event_003,latency.candidate_processing_p50_ms,EgoAnchor w/o temporal synthesis,72.12040000036359,72.12040000036359,0.0,1
20260717_203749_controller_right,start_stop_6dof,trial_001,event_004,latency.candidate_processing_p50_ms,EgoAnchor w/o temporal synthesis,72.00099999830127,72.00099999830127,0.0,1
20260717_203749_controller_right,start_stop_6dof,trial_001,event_005,latency.candidate_processing_p50_ms,EgoAnchor w/o temporal synthesis,72.93910000473261,72.93910000473261,0.0,1
20260717_203749_controller_right,start_stop_6dof,trial_001,,latency.candidate_processing_p95_ms,EgoAnchor w/o temporal synthesis,82.47107999958098,82.47107999958098,0.0,1
20260717_203749_controller_right,start_stop_6dof,trial_001,event_001,latency.candidate_processing_p95_ms,EgoAnchor w/o temporal synthesis,85.33308000043034,85.33308000043034,0.0,1
20260717_203749_controller_right,start_stop_6dof,trial_001,event_002,latency.candidate_processing_p95_ms,EgoAnchor w/o temporal synthesis,83.516360001266,83.516360001266,0.0,1
20260717_203749_controller_right,start_stop_6dof,trial_001,event_003,latency.candidate_processing_p95_ms,EgoAnchor w/o temporal synthesis,84.3205500010401,84.3205500010401,0.0,1
20260717_203749_controller_right,start_stop_6dof,trial_001,event_004,latency.candidate_processing_p95_ms,EgoAnchor w/o temporal synthesis,86.79671999886627,86.79671999886627,0.0,1
20260717_203749_controller_right,start_stop_6dof,trial_001,event_005,latency.candidate_processing_p95_ms,EgoAnchor w/o temporal synthesis,82.27605000138283,82.27605000138283,0.0,1
20260717_203749_controller_right,start_stop_6dof,trial_001,,latency.observation_age_p50_ms,EgoAnchor w/o temporal synthesis,216.92450000409735,216.94360000401502,0.019099999917671084,1
20260717_203749_controller_right,start_stop_6dof,trial_001,event_001,latency.observation_age_p50_ms,EgoAnchor w/o temporal synthesis,222.52280000247993,222.54009999596747,0.017299993487540632,1
20260717_203749_controller_right,start_stop_6dof,trial_001,event_002,latency.observation_age_p50_ms,EgoAnchor w/o temporal synthesis,216.58390000084182,216.60030000202823,0.016400001186411828,1
20260717_203749_controller_right,start_stop_6dof,trial_001,event_003,latency.observation_age_p50_ms,EgoAnchor w/o temporal synthesis,216.52214999994612,216.53940000396688,0.017250004020752385,1
20260717_203749_controller_right,start_stop_6dof,trial_001,event_004,latency.observation_age_p50_ms,EgoAnchor w/o temporal synthesis,216.8758500010881,216.89245000015944,0.016599999071331695,1
20260717_203749_controller_right,start_stop_6dof,trial_001,event_005,latency.observation_age_p50_ms,EgoAnchor w/o temporal synthesis,220.4208999974071,220.4356000002008,0.014700002793688327,1
20260717_203749_controller_right,start_stop_6dof,trial_001,,latency.observation_age_p95_ms,EgoAnchor w/o temporal synthesis,276.18975999939715,276.2043399998219,0.0145800004247576,1
20260717_203749_controller_right,start_stop_6dof,trial_001,event_001,latency.observation_age_p95_ms,EgoAnchor w/o temporal synthesis,296.9075599976346,296.9238599995148,0.016300001880154014,1
20260717_203749_controller_right,start_stop_6dof,trial_001,event_002,latency.observation_age_p95_ms,EgoAnchor w/o temporal synthesis,277.42381999560166,277.4389999991399,0.015180003538262099,1
20260717_203749_controller_right,start_stop_6dof,trial_001,event_003,latency.observation_age_p95_ms,EgoAnchor w/o temporal synthesis,277.4987199991301,277.5140400019154,0.015320002785301767,1
20260717_203749_controller_right,start_stop_6dof,trial_001,event_004,latency.observation_age_p95_ms,EgoAnchor w/o temporal synthesis,277.7436949949333,277.75957499943615,0.01588000450283289,1
20260717_203749_controller_right,start_stop_6dof,trial_001,event_005,latency.observation_age_p95_ms,EgoAnchor w/o temporal synthesis,278.70500999924843,278.7189499998931,0.013940000644652173,1
20260717_203749_controller_right,start_stop_6dof,trial_001,event_001,latency.smoothing_delay_p50_ms,EgoAnchor w/o temporal synthesis,288.13236951828003,216.92630000325153,-71.2060695150285,1
20260717_203749_controller_right,start_stop_6dof,trial_001,event_002,latency.smoothing_delay_p50_ms,EgoAnchor w/o temporal synthesis,284.74386036396027,217.32650000194553,-67.41736036201473,1
20260717_203749_controller_right,start_stop_6dof,trial_001,event_003,latency.smoothing_delay_p50_ms,EgoAnchor w/o temporal synthesis,276.313841342926,224.19409999565687,-52.119741347269155,1
20260717_203749_controller_right,start_stop_6dof,trial_001,event_004,latency.smoothing_delay_p50_ms,EgoAnchor w/o temporal synthesis,283.29475224018097,216.0920000023907,-67.20275223779026,1
20260717_203749_controller_right,start_stop_6dof,trial_001,event_005,latency.smoothing_delay_p50_ms,EgoAnchor w/o temporal synthesis,284.728080034256,216.54925000257208,-68.1788300316839,1
20260717_203749_controller_right,start_stop_6dof,trial_001,event_001,latency.smoothing_delay_p95_ms,EgoAnchor w/o temporal synthesis,309.9648356437683,277.2752099997888,-32.689625643979525,1
20260717_203749_controller_right,start_stop_6dof,trial_001,event_002,latency.smoothing_delay_p95_ms,EgoAnchor w/o temporal synthesis,295.3590378165245,278.63580000121146,-16.72323781531304,1
20260717_203749_controller_right,start_stop_6dof,trial_001,event_003,latency.smoothing_delay_p95_ms,EgoAnchor w/o temporal synthesis,312.8739535808563,361.25326000037603,48.37930641951971,1
20260717_203749_controller_right,start_stop_6dof,trial_001,event_004,latency.smoothing_delay_p95_ms,EgoAnchor w/o temporal synthesis,300.2362474799156,265.88934999963385,-34.34689748028177,1
20260717_203749_controller_right,start_stop_6dof,trial_001,event_005,latency.smoothing_delay_p95_ms,EgoAnchor w/o temporal synthesis,309.08992886543274,265.5259350034612,-43.56399386197154,1
20260717_203749_controller_right,start_stop_6dof,trial_001,,latency.visual_perception_hz,EgoAnchor w/o temporal synthesis,9.900903013009883,9.900903013009883,0.0,1
20260717_203749_controller_right,start_stop_6dof,trial_001,event_001,latency.visual_perception_hz,EgoAnchor w/o temporal synthesis,9.543186857094241,9.543186857094241,0.0,1
20260717_203749_controller_right,start_stop_6dof,trial_001,event_002,latency.visual_perception_hz,EgoAnchor w/o temporal synthesis,9.933209206963665,9.933209206963665,0.0,1
20260717_203749_controller_right,start_stop_6dof,trial_001,event_003,latency.visual_perception_hz,EgoAnchor w/o temporal synthesis,9.936113669140056,9.936113669140056,0.0,1
20260717_203749_controller_right,start_stop_6dof,trial_001,event_004,latency.visual_perception_hz,EgoAnchor w/o temporal synthesis,9.913348391493367,9.913348391493367,0.0,1
20260717_203749_controller_right,start_stop_6dof,trial_001,event_005,latency.visual_perception_hz,EgoAnchor w/o temporal synthesis,9.883683039834546,9.883683039834546,0.0,1
20260717_203749_controller_right,start_stop_6dof,trial_001,,latency.render_hz,EgoAnchor w/o temporal synthesis,64.6132979372178,64.6132979372178,0.0,1
20260717_203749_controller_right,start_stop_6dof,trial_001,event_001,latency.render_hz,EgoAnchor w/o temporal synthesis,66.62352417777322,66.62352417777322,0.0,1
20260717_203749_controller_right,start_stop_6dof,trial_001,event_002,latency.render_hz,EgoAnchor w/o temporal synthesis,68.99502073665428,68.99502073665428,0.0,1
20260717_203749_controller_right,start_stop_6dof,trial_001,event_003,latency.render_hz,EgoAnchor w/o temporal synthesis,67.65247974163468,67.65247974163468,0.0,1
20260717_203749_controller_right,start_stop_6dof,trial_001,event_004,latency.render_hz,EgoAnchor w/o temporal synthesis,67.74024770486875,67.74024770486875,0.0,1
20260717_203749_controller_right,start_stop_6dof,trial_001,event_005,latency.render_hz,EgoAnchor w/o temporal synthesis,63.72462525531658,63.72462525531658,0.0,1
20260717_205539_controller_right,occlusion_recovery,trial_001,,display_error.translation_error_mm_median,EgoAnchor w/o VCD,3.017376213593735,3.017376213593735,0.0,1
20260717_205539_controller_right,occlusion_recovery,trial_001,event_001,display_error.translation_error_mm_median,EgoAnchor w/o VCD,1.1517313339386537,71.19185529456199,70.04012396062333,1
20260717_205539_controller_right,occlusion_recovery,trial_001,event_002,display_error.translation_error_mm_median,EgoAnchor w/o VCD,2.522919395948168,2.522914707707694,-4.688240474060024e-06,1
20260717_205539_controller_right,occlusion_recovery,trial_001,event_003,display_error.translation_error_mm_median,EgoAnchor w/o VCD,2.515053106103934,32.27414782169023,29.759094715586293,1
20260717_205539_controller_right,occlusion_recovery,trial_001,event_004,display_error.translation_error_mm_median,EgoAnchor w/o VCD,1.5232969037870652,1.5232920904808176,-4.813306247575255e-06,1
20260717_205539_controller_right,occlusion_recovery,trial_001,event_005,display_error.translation_error_mm_median,EgoAnchor w/o VCD,1.47325640509186,1.47325364107538,-2.7640164799169753e-06,1
20260717_205539_controller_right,occlusion_recovery,trial_001,event_006,display_error.translation_error_mm_median,EgoAnchor w/o VCD,1.6862571073550026,1.6862555024017103,-1.604953292266842e-06,1
20260717_205539_controller_right,occlusion_recovery,trial_001,event_007,display_error.translation_error_mm_median,EgoAnchor w/o VCD,1.5618030525543733,1.5618012729999524,-1.7795544209331382e-06,1
20260717_205539_controller_right,occlusion_recovery,trial_001,event_008,display_error.translation_error_mm_median,EgoAnchor w/o VCD,1.1744861613574402,1.1744800253672287,-6.135990211486586e-06,1
20260717_205539_controller_right,occlusion_recovery,trial_001,event_009,display_error.translation_error_mm_median,EgoAnchor w/o VCD,1.230206247537303,15.487472766575474,14.25726651903817,1
20260717_205539_controller_right,occlusion_recovery,trial_001,event_010,display_error.translation_error_mm_median,EgoAnchor w/o VCD,1.8688719534815197,1.8688677503010127,-4.203180506978654e-06,1
20260717_205539_controller_right,occlusion_recovery,trial_001,event_011,display_error.translation_error_mm_median,EgoAnchor w/o VCD,1.477207689518752,42.90580616935516,41.42859847983641,1
20260717_205539_controller_right,occlusion_recovery,trial_001,event_012,display_error.translation_error_mm_median,EgoAnchor w/o VCD,1.1694488746117588,1.1694451821442986,-3.69246746023677e-06,1
20260717_205539_controller_right,occlusion_recovery,trial_001,event_013,display_error.translation_error_mm_median,EgoAnchor w/o VCD,1.1039019650060313,1.1038985059444868,-3.459061544530684e-06,1
20260717_205539_controller_right,occlusion_recovery,trial_001,event_014,display_error.translation_error_mm_median,EgoAnchor w/o VCD,1.2028606065647875,1.202866053999848,5.4474350603683774e-06,1
20260717_205539_controller_right,occlusion_recovery,trial_001,,display_error.translation_error_mm_iqr,EgoAnchor w/o VCD,0.7929337605315814,0.7929337605315814,0.0,1
20260717_205539_controller_right,occlusion_recovery,trial_001,event_001,display_error.translation_error_mm_iqr,EgoAnchor w/o VCD,0.02248953482715499,75.04019807641093,75.01770854158377,1
20260717_205539_controller_right,occlusion_recovery,trial_001,event_002,display_error.translation_error_mm_iqr,EgoAnchor w/o VCD,0.055432176898647434,0.055433807545971714,1.6306473242799768e-06,1
20260717_205539_controller_right,occlusion_recovery,trial_001,event_003,display_error.translation_error_mm_iqr,EgoAnchor w/o VCD,0.002011190374246574,33.42451637709266,33.42250518671841,1
20260717_205539_controller_right,occlusion_recovery,trial_001,event_004,display_error.translation_error_mm_iqr,EgoAnchor w/o VCD,0.07042640961983526,0.07042822367551471,1.8140556794499219e-06,1
20260717_205539_controller_right,occlusion_recovery,trial_001,event_005,display_error.translation_error_mm_iqr,EgoAnchor w/o VCD,0.018529643570841525,0.018529609438148187,-3.413269333840674e-08,1
20260717_205539_controller_right,occlusion_recovery,trial_001,event_006,display_error.translation_error_mm_iqr,EgoAnchor w/o VCD,0.09103613438248548,0.0910376770425323,1.5426600468160245e-06,1
20260717_205539_controller_right,occlusion_recovery,trial_001,event_007,display_error.translation_error_mm_iqr,EgoAnchor w/o VCD,0.0,0.0,0.0,1
20260717_205539_controller_right,occlusion_recovery,trial_001,event_008,display_error.translation_error_mm_iqr,EgoAnchor w/o VCD,0.03363081871611695,0.03362954725852063,-1.271457596319081e-06,1
20260717_205539_controller_right,occlusion_recovery,trial_001,event_009,display_error.translation_error_mm_iqr,EgoAnchor w/o VCD,0.0,21.862630223730662,21.862630223730662,1
20260717_205539_controller_right,occlusion_recovery,trial_001,event_010,display_error.translation_error_mm_iqr,EgoAnchor w/o VCD,0.19142129656039608,0.19141846948752028,-2.82707287579953e-06,1
20260717_205539_controller_right,occlusion_recovery,trial_001,event_011,display_error.translation_error_mm_iqr,EgoAnchor w/o VCD,0.0,59.15819486969879,59.15819486969879,1
20260717_205539_controller_right,occlusion_recovery,trial_001,event_012,display_error.translation_error_mm_iqr,EgoAnchor w/o VCD,0.04230658889382566,0.04230487898840973,-1.7099054159253058e-06,1
20260717_205539_controller_right,occlusion_recovery,trial_001,event_013,display_error.translation_error_mm_iqr,EgoAnchor w/o VCD,0.0,0.0,0.0,1
20260717_205539_controller_right,occlusion_recovery,trial_001,event_014,display_error.translation_error_mm_iqr,EgoAnchor w/o VCD,6.896216970526697,6.897640923937244,0.0014239534105469076,1
20260717_205539_controller_right,occlusion_recovery,trial_001,,display_error.translation_error_mm_p95,EgoAnchor w/o VCD,14.715590906989695,14.715608887427804,1.7980438109077568e-05,1
20260717_205539_controller_right,occlusion_recovery,trial_001,event_001,display_error.translation_error_mm_p95,EgoAnchor w/o VCD,2.431439800865764,77.47163166467742,75.04019186381166,1
20260717_205539_controller_right,occlusion_recovery,trial_001,event_002,display_error.translation_error_mm_p95,EgoAnchor w/o VCD,2.5448818470548784,2.5448776699812647,-4.177073613664817e-06,1
20260717_205539_controller_right,occlusion_recovery,trial_001,event_003,display_error.translation_error_mm_p95,EgoAnchor w/o VCD,2.515053106103934,35.937554101066254,33.42250099496232,1
20260717_205539_controller_right,occlusion_recovery,trial_001,event_004,display_error.translation_error_mm_p95,EgoAnchor w/o VCD,1.5630810061156457,1.5630736128554106,-7.393260235133425e-06,1
20260717_205539_controller_right,occlusion_recovery,trial_001,event_005,display_error.translation_error_mm_p95,EgoAnchor w/o VCD,1.8216604043864941,1.8216643582948666,3.953908372489323e-06,1
20260717_205539_controller_right,occlusion_recovery,trial_001,event_006,display_error.translation_error_mm_p95,EgoAnchor w/o VCD,1.8056721035987302,1.805678816275305,6.712676574816001e-06,1
20260717_205539_controller_right,occlusion_recovery,trial_001,event_007,display_error.translation_error_mm_p95,EgoAnchor w/o VCD,1.6007467040307382,1.6007437817821781,-2.9222485600222114e-06,1
20260717_205539_controller_right,occlusion_recovery,trial_001,event_008,display_error.translation_error_mm_p95,EgoAnchor w/o VCD,1.2086106983536609,1.208604337774851,-6.360578809871953e-06,1
20260717_205539_controller_right,occlusion_recovery,trial_001,event_009,display_error.translation_error_mm_p95,EgoAnchor w/o VCD,2.1130416336694036,23.97023143303692,21.857189799367514,1
20260717_205539_controller_right,occlusion_recovery,trial_001,event_010,display_error.translation_error_mm_p95,EgoAnchor w/o VCD,2.086145895245428,2.08613900766949,-6.887575938030466e-06,1
20260717_205539_controller_right,occlusion_recovery,trial_001,event_011,display_error.translation_error_mm_p95,EgoAnchor w/o VCD,1.5954779512368256,60.681654350832865,59.08617639959604,1
20260717_205539_controller_right,occlusion_recovery,trial_001,event_012,display_error.translation_error_mm_p95,EgoAnchor w/o VCD,1.2186230834200367,1.218619791796046,-3.291623990708814e-06,1
20260717_205539_controller_right,occlusion_recovery,trial_001,event_013,display_error.translation_error_mm_p95,EgoAnchor w/o VCD,1.1634793853783851,1.163475721732616,-3.6636457692029722e-06,1
20260717_205539_controller_right,occlusion_recovery,trial_001,event_014,display_error.translation_error_mm_p95,EgoAnchor w/o VCD,47.821629722293004,47.982013277461846,0.16038355516884195,1
20260717_205539_controller_right,occlusion_recovery,trial_001,,display_error.rotation_error_deg_median,EgoAnchor w/o VCD,3.302515345589529,3.302515035219831,-3.103696979422921e-07,1
20260717_205539_controller_right,occlusion_recovery,trial_001,event_001,display_error.rotation_error_deg_median,EgoAnchor w/o VCD,3.388109115170667,57.6977229205143,54.30961380534364,1
20260717_205539_controller_right,occlusion_recovery,trial_001,event_002,display_error.rotation_error_deg_median,EgoAnchor w/o VCD,5.359481101726909,5.35949759478063,1.6493053720978423e-05,1
20260717_205539_controller_right,occlusion_recovery,trial_001,event_003,display_error.rotation_error_deg_median,EgoAnchor w/o VCD,4.778156161871435,31.13915151591706,26.360995354045624,1
20260717_205539_controller_right,occlusion_recovery,trial_001,event_004,display_error.rotation_error_deg_median,EgoAnchor w/o VCD,2.7293595781624638,2.7293487421337255,-1.0836028738303582e-05,1
20260717_205539_controller_right,occlusion_recovery,trial_001,event_005,display_error.rotation_error_deg_median,EgoAnchor w/o VCD,2.882898185242965,2.882898826222164,6.409791990513725e-07,1
20260717_205539_controller_right,occlusion_recovery,trial_001,event_006,display_error.rotation_error_deg_median,EgoAnchor w/o VCD,4.302035591354536,4.302040854235225,5.262880688583493e-06,1
20260717_205539_controller_right,occlusion_recovery,trial_001,event_007,display_error.rotation_error_deg_median,EgoAnchor w/o VCD,4.028445217332062,4.02844495173932,-2.655927424655147e-07,1
20260717_205539_controller_right,occlusion_recovery,trial_001,event_008,display_error.rotation_error_deg_median,EgoAnchor w/o VCD,3.5115324070325977,3.511537549914193,5.142881595254778e-06,1
20260717_205539_controller_right,occlusion_recovery,trial_001,event_009,display_error.rotation_error_deg_median,EgoAnchor w/o VCD,3.4899316357099397,26.934055874940245,23.444124239230305,1
20260717_205539_controller_right,occlusion_recovery,trial_001,event_010,display_error.rotation_error_deg_median,EgoAnchor w/o VCD,4.195951123072334,4.195966461221166,1.5338148831922638e-05,1
20260717_205539_controller_right,occlusion_recovery,trial_001,event_011,display_error.rotation_error_deg_median,EgoAnchor w/o VCD,3.518754281585651,28.32934436345172,24.81059008186607,1
20260717_205539_controller_right,occlusion_recovery,trial_001,event_012,display_error.rotation_error_deg_median,EgoAnchor w/o VCD,3.9655678192818042,3.965573024102797,5.2048209928656775e-06,1
20260717_205539_controller_right,occlusion_recovery,trial_001,event_013,display_error.rotation_error_deg_median,EgoAnchor w/o VCD,3.8654725816871123,3.865475659555604,3.0778684916299426e-06,1
20260717_205539_controller_right,occlusion_recovery,trial_001,event_014,display_error.rotation_error_deg_median,EgoAnchor w/o VCD,3.5818258040348376,3.5818258040348376,0.0,1
20260717_205539_controller_right,occlusion_recovery,trial_001,,display_error.rotation_error_deg_iqr,EgoAnchor w/o VCD,0.43142086483092434,0.4314271645791221,6.299748197768906e-06,1
20260717_205539_controller_right,occlusion_recovery,trial_001,event_001,display_error.rotation_error_deg_iqr,EgoAnchor w/o VCD,0.0,57.338179047687376,57.338179047687376,1
20260717_205539_controller_right,occlusion_recovery,trial_001,event_002,display_error.rotation_error_deg_iqr,EgoAnchor w/o VCD,0.4602962454516808,0.4603012648771454,5.019425464602989e-06,1
20260717_205539_controller_right,occlusion_recovery,trial_001,event_003,display_error.rotation_error_deg_iqr,EgoAnchor w/o VCD,0.0,30.07994011968742,30.07994011968742,1
20260717_205539_controller_right,occlusion_recovery,trial_001,event_004,display_error.rotation_error_deg_iqr,EgoAnchor w/o VCD,0.2985060682937264,0.2985143041044229,8.235810696533008e-06,1
20260717_205539_controller_right,occlusion_recovery,trial_001,event_005,display_error.rotation_error_deg_iqr,EgoAnchor w/o VCD,0.0,0.0,0.0,1
20260717_205539_controller_right,occlusion_recovery,trial_001,event_006,display_error.rotation_error_deg_iqr,EgoAnchor w/o VCD,0.22328915612934175,0.22329351136663966,4.355237297914982e-06,1
20260717_205539_controller_right,occlusion_recovery,trial_001,event_007,display_error.rotation_error_deg_iqr,EgoAnchor w/o VCD,0.0,0.0,0.0,1
20260717_205539_controller_right,occlusion_recovery,trial_001,event_008,display_error.rotation_error_deg_iqr,EgoAnchor w/o VCD,0.12836803812541975,0.12836731695609105,-7.211693286990339e-07,1
20260717_205539_controller_right,occlusion_recovery,trial_001,event_009,display_error.rotation_error_deg_iqr,EgoAnchor w/o VCD,0.0716129236548615,37.81924620694775,37.74763328329289,1
20260717_205539_controller_right,occlusion_recovery,trial_001,event_010,display_error.rotation_error_deg_iqr,EgoAnchor w/o VCD,0.5935702102076803,0.59358385171819,1.364151050964324e-05,1
20260717_205539_controller_right,occlusion_recovery,trial_001,event_011,display_error.rotation_error_deg_iqr,EgoAnchor w/o VCD,0.05127663614853173,37.630365811733505,37.579089175584976,1
20260717_205539_controller_right,occlusion_recovery,trial_001,event_012,display_error.rotation_error_deg_iqr,EgoAnchor w/o VCD,0.15913913172491867,0.159139653636454,5.219115353227721e-07,1
20260717_205539_controller_right,occlusion_recovery,trial_001,event_013,display_error.rotation_error_deg_iqr,EgoAnchor w/o VCD,0.0059555983392236556,0.005953221326509883,-2.3770127137723307e-06,1
20260717_205539_controller_right,occlusion_recovery,trial_001,event_014,display_error.rotation_error_deg_iqr,EgoAnchor w/o VCD,0.3476092673094344,0.3476195024572668,1.0235147832382552e-05,1
20260717_205539_controller_right,occlusion_recovery,trial_001,,display_error.rotation_error_deg_p95,EgoAnchor w/o VCD,8.614025878769421,8.614102381592275,7.650282285354137e-05,1
20260717_205539_controller_right,occlusion_recovery,trial_001,event_001,display_error.rotation_error_deg_p95,EgoAnchor w/o VCD,5.6643750903528245,63.00257624488553,57.338201154532705,1
20260717_205539_controller_right,occlusion_recovery,trial_001,event_002,display_error.rotation_error_deg_p95,EgoAnchor w/o VCD,5.6643750903528245,5.664397197198152,2.210684532766294e-05,1
20260717_205539_controller_right,occlusion_recovery,trial_001,event_003,display_error.rotation_error_deg_p95,EgoAnchor w/o VCD,4.873495058156992,34.94668076669989,30.0731857085429,1
20260717_205539_controller_right,occlusion_recovery,trial_001,event_004,display_error.rotation_error_deg_p95,EgoAnchor w/o VCD,2.920344262717489,2.920337271401103,-6.99131638626227e-06,1
20260717_205539_controller_right,occlusion_recovery,trial_001,event_005,display_error.rotation_error_deg_p95,EgoAnchor w/o VCD,4.690234281418694,4.690241412586631,7.131167937046712e-06,1
20260717_205539_controller_right,occlusion_recovery,trial_001,event_006,display_error.rotation_error_deg_p95,EgoAnchor w/o VCD,4.627669016259859,4.627672174403747,3.158143887738163e-06,1
20260717_205539_controller_right,occlusion_recovery,trial_001,event_007,display_error.rotation_error_deg_p95,EgoAnchor w/o VCD,4.127608838013455,4.127607852789798,-9.852236564356076e-07,1
20260717_205539_controller_right,occlusion_recovery,trial_001,event_008,display_error.rotation_error_deg_p95,EgoAnchor w/o VCD,3.617741491380568,3.617750859881082,9.36850051402871e-06,1
20260717_205539_controller_right,occlusion_recovery,trial_001,event_009,display_error.rotation_error_deg_p95,EgoAnchor w/o VCD,4.820198506415365,42.52972773450005,37.70952922808468,1
20260717_205539_controller_right,occlusion_recovery,trial_001,event_010,display_error.rotation_error_deg_p95,EgoAnchor w/o VCD,4.710455565208874,4.7104815275523,2.596234342622239e-05,1
20260717_205539_controller_right,occlusion_recovery,trial_001,event_011,display_error.rotation_error_deg_p95,EgoAnchor w/o VCD,4.278851177505364,41.22872990928157,36.9498787317762,1
20260717_205539_controller_right,occlusion_recovery,trial_001,event_012,display_error.rotation_error_deg_p95,EgoAnchor w/o VCD,4.142984862448845,4.14298756807466,2.7056258149471546e-06,1
20260717_205539_controller_right,occlusion_recovery,trial_001,event_013,display_error.rotation_error_deg_p95,EgoAnchor w/o VCD,3.886342984735905,3.882846750181293,-0.003496234554611899,1
20260717_205539_controller_right,occlusion_recovery,trial_001,event_014,display_error.rotation_error_deg_p95,EgoAnchor w/o VCD,22.376963303845084,22.47118791470103,0.09422461085594591,1
20260717_205539_controller_right,occlusion_recovery,trial_001,,static.position_hp_rms_mm,EgoAnchor w/o VCD,0.17675843988506929,0.17676349139969305,5.0515146237661845e-06,1
20260717_205539_controller_right,occlusion_recovery,trial_001,event_001,static.position_hp_rms_mm,EgoAnchor w/o VCD,0.2692209696767428,8.950792085245853,8.68157111556911,1
20260717_205539_controller_right,occlusion_recovery,trial_001,event_002,static.position_hp_rms_mm,EgoAnchor w/o VCD,0.0072223665725295,0.007222386392649303,1.9820119802338443e-08,1
20260717_205539_controller_right,occlusion_recovery,trial_001,event_003,static.position_hp_rms_mm,EgoAnchor w/o VCD,0.29824087895491114,4.484919119853053,4.186678240898142,1
20260717_205539_controller_right,occlusion_recovery,trial_001,event_004,static.position_hp_rms_mm,EgoAnchor w/o VCD,0.008440413192410482,0.008440375008204947,-3.8184205535321536e-08,1
20260717_205539_controller_right,occlusion_recovery,trial_001,event_005,static.position_hp_rms_mm,EgoAnchor w/o VCD,0.14684688590419018,0.14684675564464342,-1.3025954676004758e-07,1
20260717_205539_controller_right,occlusion_recovery,trial_001,event_006,static.position_hp_rms_mm,EgoAnchor w/o VCD,0.008573101779917254,0.008573025008458787,-7.677145846644862e-08,1
20260717_205539_controller_right,occlusion_recovery,trial_001,event_007,static.position_hp_rms_mm,EgoAnchor w/o VCD,0.11105171511344461,0.1110520613523856,3.462389409902844e-07,1
20260717_205539_controller_right,occlusion_recovery,trial_001,event_008,static.position_hp_rms_mm,EgoAnchor w/o VCD,0.009917539868667159,0.009917555055567347,1.5186900188812746e-08,1
20260717_205539_controller_right,occlusion_recovery,trial_001,event_009,static.position_hp_rms_mm,EgoAnchor w/o VCD,0.16435037434093705,3.190339079237534,3.025988704896597,1
20260717_205539_controller_right,occlusion_recovery,trial_001,event_010,static.position_hp_rms_mm,EgoAnchor w/o VCD,0.010012406549292141,0.010012322061214284,-8.448807785679802e-08,1
20260717_205539_controller_right,occlusion_recovery,trial_001,event_011,static.position_hp_rms_mm,EgoAnchor w/o VCD,0.1810189605768117,8.326821536733405,8.145802576156594,1
20260717_205539_controller_right,occlusion_recovery,trial_001,event_012,static.position_hp_rms_mm,EgoAnchor w/o VCD,0.008667448815443004,0.008667375077407185,-7.373803581969818e-08,1
20260717_205539_controller_right,occlusion_recovery,trial_001,event_013,static.position_hp_rms_mm,EgoAnchor w/o VCD,0.03080368578353242,0.028548639683831183,-0.002255046099701237,1
20260717_205539_controller_right,occlusion_recovery,trial_001,event_014,static.position_hp_rms_mm,EgoAnchor w/o VCD,2.4700583470124395,2.617421184030695,0.14736283701825537,1
20260717_205539_controller_right,occlusion_recovery,trial_001,,static.rotation_hp_rms_deg,EgoAnchor w/o VCD,0.19287560987460486,0.19287680131853516,1.1914439302929125e-06,1
20260717_205539_controller_right,occlusion_recovery,trial_001,event_001,static.rotation_hp_rms_deg,EgoAnchor w/o VCD,0.5503912195808489,7.7742111233477225,7.2238199037668736,1
20260717_205539_controller_right,occlusion_recovery,trial_001,event_002,static.rotation_hp_rms_deg,EgoAnchor w/o VCD,0.0225753325702466,0.022575750141534335,4.1757128773495245e-07,1
20260717_205539_controller_right,occlusion_recovery,trial_001,event_003,static.rotation_hp_rms_deg,EgoAnchor w/o VCD,0.5607178168626313,4.663129389351289,4.102411572488657,1
20260717_205539_controller_right,occlusion_recovery,trial_001,event_004,static.rotation_hp_rms_deg,EgoAnchor w/o VCD,0.015333480244271796,0.015333273417855934,-2.0682641586194928e-07,1
20260717_205539_controller_right,occlusion_recovery,trial_001,event_005,static.rotation_hp_rms_deg,EgoAnchor w/o VCD,0.410461763166044,0.41046532085325266,3.557687208666227e-06,1
20260717_205539_controller_right,occlusion_recovery,trial_001,event_006,static.rotation_hp_rms_deg,EgoAnchor w/o VCD,0.021122664358317497,0.02112286404487725,1.996865597528319e-07,1
20260717_205539_controller_right,occlusion_recovery,trial_001,event_007,static.rotation_hp_rms_deg,EgoAnchor w/o VCD,0.3578829376332376,0.35788506382720836,2.12619397077507e-06,1
20260717_205539_controller_right,occlusion_recovery,trial_001,event_008,static.rotation_hp_rms_deg,EgoAnchor w/o VCD,0.019958992862065407,0.01995904781662154,5.495455613138689e-08,1
20260717_205539_controller_right,occlusion_recovery,trial_001,event_009,static.rotation_hp_rms_deg,EgoAnchor w/o VCD,0.4397428418967617,5.816917582363358,5.377174740466596,1
20260717_205539_controller_right,occlusion_recovery,trial_001,event_010,static.rotation_hp_rms_deg,EgoAnchor w/o VCD,0.020870557984637054,0.02087088463316392,3.2664852686603574e-07,1
20260717_205539_controller_right,occlusion_recovery,trial_001,event_011,static.rotation_hp_rms_deg,EgoAnchor w/o VCD,0.22818784344618537,6.023244599873329,5.795056756427144,1
20260717_205539_controller_right,occlusion_recovery,trial_001,event_012,static.rotation_hp_rms_deg,EgoAnchor w/o VCD,0.01805560205686043,0.01805534852724728,-2.5352961315061595e-07,1
20260717_205539_controller_right,occlusion_recovery,trial_001,event_013,static.rotation_hp_rms_deg,EgoAnchor w/o VCD,0.056008774860849916,0.051731765739638357,-0.00427700912121156,1
20260717_205539_controller_right,occlusion_recovery,trial_001,event_014,static.rotation_hp_rms_deg,EgoAnchor w/o VCD,1.250542337433677,1.2754585321885106,0.02491619475483353,1
20260717_205539_controller_right,occlusion_recovery,trial_001,,static.translation_error_mm_median,EgoAnchor w/o VCD,2.9991447632190535,2.9991447632190535,0.0,1
20260717_205539_controller_right,occlusion_recovery,trial_001,event_001,static.translation_error_mm_median,EgoAnchor w/o VCD,1.1517313339386537,71.19185529456199,70.04012396062333,1
20260717_205539_controller_right,occlusion_recovery,trial_001,event_002,static.translation_error_mm_median,EgoAnchor w/o VCD,2.522919395948168,2.522914707707694,-4.688240474060024e-06,1
20260717_205539_controller_right,occlusion_recovery,trial_001,event_003,static.translation_error_mm_median,EgoAnchor w/o VCD,2.515053106103934,32.27414782169023,29.759094715586293,1
20260717_205539_controller_right,occlusion_recovery,trial_001,event_004,static.translation_error_mm_median,EgoAnchor w/o VCD,1.5232969037870652,1.5232920904808176,-4.813306247575255e-06,1
20260717_205539_controller_right,occlusion_recovery,trial_001,event_005,static.translation_error_mm_median,EgoAnchor w/o VCD,1.47325640509186,1.47325364107538,-2.7640164799169753e-06,1
20260717_205539_controller_right,occlusion_recovery,trial_001,event_006,static.translation_error_mm_median,EgoAnchor w/o VCD,1.6862571073550026,1.6862555024017103,-1.604953292266842e-06,1
20260717_205539_controller_right,occlusion_recovery,trial_001,event_007,static.translation_error_mm_median,EgoAnchor w/o VCD,1.5618030525543733,1.5618012729999524,-1.7795544209331382e-06,1
20260717_205539_controller_right,occlusion_recovery,trial_001,event_008,static.translation_error_mm_median,EgoAnchor w/o VCD,1.1744861613574402,1.1744800253672287,-6.135990211486586e-06,1
20260717_205539_controller_right,occlusion_recovery,trial_001,event_009,static.translation_error_mm_median,EgoAnchor w/o VCD,1.230206247537303,15.487472766575474,14.25726651903817,1
20260717_205539_controller_right,occlusion_recovery,trial_001,event_010,static.translation_error_mm_median,EgoAnchor w/o VCD,1.8688719534815197,1.8688677503010127,-4.203180506978654e-06,1
20260717_205539_controller_right,occlusion_recovery,trial_001,event_011,static.translation_error_mm_median,EgoAnchor w/o VCD,1.477207689518752,42.90580616935516,41.42859847983641,1
20260717_205539_controller_right,occlusion_recovery,trial_001,event_012,static.translation_error_mm_median,EgoAnchor w/o VCD,1.1694488746117588,1.1694451821442986,-3.69246746023677e-06,1
20260717_205539_controller_right,occlusion_recovery,trial_001,event_013,static.translation_error_mm_median,EgoAnchor w/o VCD,1.1039019650060313,1.1038985059444868,-3.459061544530684e-06,1
20260717_205539_controller_right,occlusion_recovery,trial_001,event_014,static.translation_error_mm_median,EgoAnchor w/o VCD,1.137504928910453,1.1375078119367819,2.8830263287815683e-06,1
20260717_205539_controller_right,occlusion_recovery,trial_001,,static.translation_error_mm_p95,EgoAnchor w/o VCD,7.364285598076815,7.364403076089855,0.00011747801303929606,1
20260717_205539_controller_right,occlusion_recovery,trial_001,event_001,static.translation_error_mm_p95,EgoAnchor w/o VCD,2.431439800865764,77.47163166467742,75.04019186381166,1
20260717_205539_controller_right,occlusion_recovery,trial_001,event_002,static.translation_error_mm_p95,EgoAnchor w/o VCD,2.5448818470548784,2.5448776699812647,-4.177073613664817e-06,1
20260717_205539_controller_right,occlusion_recovery,trial_001,event_003,static.translation_error_mm_p95,EgoAnchor w/o VCD,2.515053106103934,35.937554101066254,33.42250099496232,1
20260717_205539_controller_right,occlusion_recovery,trial_001,event_004,static.translation_error_mm_p95,EgoAnchor w/o VCD,1.5630810061156457,1.5630736128554106,-7.393260235133425e-06,1
20260717_205539_controller_right,occlusion_recovery,trial_001,event_005,static.translation_error_mm_p95,EgoAnchor w/o VCD,1.8216604043864941,1.8216643582948666,3.953908372489323e-06,1
20260717_205539_controller_right,occlusion_recovery,trial_001,event_006,static.translation_error_mm_p95,EgoAnchor w/o VCD,1.8056721035987302,1.805678816275305,6.712676574816001e-06,1
20260717_205539_controller_right,occlusion_recovery,trial_001,event_007,static.translation_error_mm_p95,EgoAnchor w/o VCD,1.6007467040307382,1.6007437817821781,-2.9222485600222114e-06,1
20260717_205539_controller_right,occlusion_recovery,trial_001,event_008,static.translation_error_mm_p95,EgoAnchor w/o VCD,1.2086106983536609,1.208604337774851,-6.360578809871953e-06,1
20260717_205539_controller_right,occlusion_recovery,trial_001,event_009,static.translation_error_mm_p95,EgoAnchor w/o VCD,2.1130416336694036,23.97023143303692,21.857189799367514,1
20260717_205539_controller_right,occlusion_recovery,trial_001,event_010,static.translation_error_mm_p95,EgoAnchor w/o VCD,2.086145895245428,2.08613900766949,-6.887575938030466e-06,1
20260717_205539_controller_right,occlusion_recovery,trial_001,event_011,static.translation_error_mm_p95,EgoAnchor w/o VCD,1.5954779512368256,60.681654350832865,59.08617639959604,1
20260717_205539_controller_right,occlusion_recovery,trial_001,event_012,static.translation_error_mm_p95,EgoAnchor w/o VCD,1.2186230834200367,1.218619791796046,-3.291623990708814e-06,1
20260717_205539_controller_right,occlusion_recovery,trial_001,event_013,static.translation_error_mm_p95,EgoAnchor w/o VCD,1.1634793853783851,1.163475721732616,-3.6636457692029722e-06,1
20260717_205539_controller_right,occlusion_recovery,trial_001,event_014,static.translation_error_mm_p95,EgoAnchor w/o VCD,48.48816422520073,48.55735401665703,0.06918979145630288,1
20260717_205539_controller_right,occlusion_recovery,trial_001,,static.rotation_error_deg_median,EgoAnchor w/o VCD,3.302515345589529,3.302515035219831,-3.103696979422921e-07,1
20260717_205539_controller_right,occlusion_recovery,trial_001,event_001,static.rotation_error_deg_median,EgoAnchor w/o VCD,3.388109115170667,57.6977229205143,54.30961380534364,1
20260717_205539_controller_right,occlusion_recovery,trial_001,event_002,static.rotation_error_deg_median,EgoAnchor w/o VCD,5.359481101726909,5.35949759478063,1.6493053720978423e-05,1
20260717_205539_controller_right,occlusion_recovery,trial_001,event_003,static.rotation_error_deg_median,EgoAnchor w/o VCD,4.778156161871435,31.13915151591706,26.360995354045624,1
20260717_205539_controller_right,occlusion_recovery,trial_001,event_004,static.rotation_error_deg_median,EgoAnchor w/o VCD,2.7293595781624638,2.7293487421337255,-1.0836028738303582e-05,1
20260717_205539_controller_right,occlusion_recovery,trial_001,event_005,static.rotation_error_deg_median,EgoAnchor w/o VCD,2.882898185242965,2.882898826222164,6.409791990513725e-07,1
20260717_205539_controller_right,occlusion_recovery,trial_001,event_006,static.rotation_error_deg_median,EgoAnchor w/o VCD,4.302035591354536,4.302040854235225,5.262880688583493e-06,1
20260717_205539_controller_right,occlusion_recovery,trial_001,event_007,static.rotation_error_deg_median,EgoAnchor w/o VCD,4.028445217332062,4.02844495173932,-2.655927424655147e-07,1
20260717_205539_controller_right,occlusion_recovery,trial_001,event_008,static.rotation_error_deg_median,EgoAnchor w/o VCD,3.5115324070325977,3.511537549914193,5.142881595254778e-06,1
20260717_205539_controller_right,occlusion_recovery,trial_001,event_009,static.rotation_error_deg_median,EgoAnchor w/o VCD,3.4899316357099397,26.934055874940245,23.444124239230305,1
20260717_205539_controller_right,occlusion_recovery,trial_001,event_010,static.rotation_error_deg_median,EgoAnchor w/o VCD,4.195951123072334,4.195966461221166,1.5338148831922638e-05,1
20260717_205539_controller_right,occlusion_recovery,trial_001,event_011,static.rotation_error_deg_median,EgoAnchor w/o VCD,3.518754281585651,28.32934436345172,24.81059008186607,1
20260717_205539_controller_right,occlusion_recovery,trial_001,event_012,static.rotation_error_deg_median,EgoAnchor w/o VCD,3.9655678192818042,3.965573024102797,5.2048209928656775e-06,1
20260717_205539_controller_right,occlusion_recovery,trial_001,event_013,static.rotation_error_deg_median,EgoAnchor w/o VCD,3.8654725816871123,3.865475659555604,3.0778684916299426e-06,1
20260717_205539_controller_right,occlusion_recovery,trial_001,event_014,static.rotation_error_deg_median,EgoAnchor w/o VCD,3.5818258040348376,3.5818258040348376,0.0,1
20260717_205539_controller_right,occlusion_recovery,trial_001,,static.rotation_error_deg_p95,EgoAnchor w/o VCD,3.5455767006441685,3.545574633818159,-2.0668260094502955e-06,1
20260717_205539_controller_right,occlusion_recovery,trial_001,event_001,static.rotation_error_deg_p95,EgoAnchor w/o VCD,5.6643750903528245,63.00257624488553,57.338201154532705,1
20260717_205539_controller_right,occlusion_recovery,trial_001,event_002,static.rotation_error_deg_p95,EgoAnchor w/o VCD,5.6643750903528245,5.664397197198152,2.210684532766294e-05,1
20260717_205539_controller_right,occlusion_recovery,trial_001,event_003,static.rotation_error_deg_p95,EgoAnchor w/o VCD,4.873495058156992,34.94668076669989,30.0731857085429,1
20260717_205539_controller_right,occlusion_recovery,trial_001,event_004,static.rotation_error_deg_p95,EgoAnchor w/o VCD,2.920344262717489,2.920337271401103,-6.99131638626227e-06,1
20260717_205539_controller_right,occlusion_recovery,trial_001,event_005,static.rotation_error_deg_p95,EgoAnchor w/o VCD,4.690234281418694,4.690241412586631,7.131167937046712e-06,1
20260717_205539_controller_right,occlusion_recovery,trial_001,event_006,static.rotation_error_deg_p95,EgoAnchor w/o VCD,4.627669016259859,4.627672174403747,3.158143887738163e-06,1
20260717_205539_controller_right,occlusion_recovery,trial_001,event_007,static.rotation_error_deg_p95,EgoAnchor w/o VCD,4.127608838013455,4.127607852789798,-9.852236564356076e-07,1
20260717_205539_controller_right,occlusion_recovery,trial_001,event_008,static.rotation_error_deg_p95,EgoAnchor w/o VCD,3.617741491380568,3.617750859881082,9.36850051402871e-06,1
20260717_205539_controller_right,occlusion_recovery,trial_001,event_009,static.rotation_error_deg_p95,EgoAnchor w/o VCD,4.820198506415365,42.52972773450005,37.70952922808468,1
20260717_205539_controller_right,occlusion_recovery,trial_001,event_010,static.rotation_error_deg_p95,EgoAnchor w/o VCD,4.710455565208874,4.7104815275523,2.596234342622239e-05,1
20260717_205539_controller_right,occlusion_recovery,trial_001,event_011,static.rotation_error_deg_p95,EgoAnchor w/o VCD,4.278851177505364,41.22872990928157,36.9498787317762,1
20260717_205539_controller_right,occlusion_recovery,trial_001,event_012,static.rotation_error_deg_p95,EgoAnchor w/o VCD,4.142984862448845,4.14298756807466,2.7056258149471546e-06,1
20260717_205539_controller_right,occlusion_recovery,trial_001,event_013,static.rotation_error_deg_p95,EgoAnchor w/o VCD,3.886342984735905,3.882846750181293,-0.003496234554611899,1
20260717_205539_controller_right,occlusion_recovery,trial_001,event_014,static.rotation_error_deg_p95,EgoAnchor w/o VCD,23.22080134976463,23.26220554750601,0.04140419774137882,1
20260717_205539_controller_right,occlusion_recovery,trial_001,,static.position_drift_mm,EgoAnchor w/o VCD,5.75429196677785,5.754405795478853,0.00011382870100273834,1
20260717_205539_controller_right,occlusion_recovery,trial_001,event_001,static.position_drift_mm,EgoAnchor w/o VCD,2.026211588659239,2.026203638107723,-7.9505515162559e-06,1
20260717_205539_controller_right,occlusion_recovery,trial_001,event_002,static.position_drift_mm,EgoAnchor w/o VCD,0.08914605422456741,0.08914792175838755,1.8675338201434855e-06,1
20260717_205539_controller_right,occlusion_recovery,trial_001,event_003,static.position_drift_mm,EgoAnchor w/o VCD,1.5022153870434132,1.5022155331582188,1.4611480558812673e-07,1
20260717_205539_controller_right,occlusion_recovery,trial_001,event_004,static.position_drift_mm,EgoAnchor w/o VCD,0.31421843644031217,0.3142186817947405,2.45354428329847e-07,1
20260717_205539_controller_right,occlusion_recovery,trial_001,event_005,static.position_drift_mm,EgoAnchor w/o VCD,0.6225489317806436,0.622548293594167,-6.381864766646927e-07,1
20260717_205539_controller_right,occlusion_recovery,trial_001,event_006,static.position_drift_mm,EgoAnchor w/o VCD,0.22985167920239677,0.2298576285812683,5.9493788715225815e-06,1
20260717_205539_controller_right,occlusion_recovery,trial_001,event_007,static.position_drift_mm,EgoAnchor w/o VCD,0.7022744836454741,0.702274684160128,2.0051465388082335e-07,1
20260717_205539_controller_right,occlusion_recovery,trial_001,event_008,static.position_drift_mm,EgoAnchor w/o VCD,0.0918679415434727,0.09186876046292888,8.189194561775137e-07,1
20260717_205539_controller_right,occlusion_recovery,trial_001,event_009,static.position_drift_mm,EgoAnchor w/o VCD,1.1805813494504687,1.1805804787359053,-8.707145633390923e-07,1
20260717_205539_controller_right,occlusion_recovery,trial_001,event_010,static.position_drift_mm,EgoAnchor w/o VCD,0.4826075091765932,0.4826050447363722,-2.4644402209506033e-06,1
20260717_205539_controller_right,occlusion_recovery,trial_001,event_011,static.position_drift_mm,EgoAnchor w/o VCD,1.3706705432944375,1.3706705432944388,1.3322676295501878e-15,1
20260717_205539_controller_right,occlusion_recovery,trial_001,event_012,static.position_drift_mm,EgoAnchor w/o VCD,0.19402931868466786,0.19402870147634696,-6.172083208966228e-07,1
20260717_205539_controller_right,occlusion_recovery,trial_001,event_013,static.position_drift_mm,EgoAnchor w/o VCD,0.22826518345126293,0.21003799017377117,-0.018227193277491754,1
20260717_205539_controller_right,occlusion_recovery,trial_001,event_014,static.position_drift_mm,EgoAnchor w/o VCD,64.03532142527123,64.51693332432372,0.48161189905248136,1
20260717_205539_controller_right,occlusion_recovery,trial_001,,static.rotation_drift_deg,EgoAnchor w/o VCD,4.195768987610295,4.195950077316397,0.00018108970610164477,1
20260717_205539_controller_right,occlusion_recovery,trial_001,event_001,static.rotation_drift_deg,EgoAnchor w/o VCD,2.3779670452348802,2.377996362160824,2.9316925943767558e-05,1
20260717_205539_controller_right,occlusion_recovery,trial_001,event_002,static.rotation_drift_deg,EgoAnchor w/o VCD,0.76726316055493,0.767276441891263,1.3281336332937599e-05,1
20260717_205539_controller_right,occlusion_recovery,trial_001,event_003,static.rotation_drift_deg,EgoAnchor w/o VCD,2.97746699556753,2.9774670799947254,8.442719545698196e-08,1
20260717_205539_controller_right,occlusion_recovery,trial_001,event_004,static.rotation_drift_deg,EgoAnchor w/o VCD,0.4868211299856047,0.4868246874956967,3.557510092011551e-06,1
20260717_205539_controller_right,occlusion_recovery,trial_001,event_005,static.rotation_drift_deg,EgoAnchor w/o VCD,1.9153639056361886,1.915372560736771,8.655100582455333e-06,1
20260717_205539_controller_right,occlusion_recovery,trial_001,event_006,static.rotation_drift_deg,EgoAnchor w/o VCD,0.5328872505763509,0.5328894225815533,2.1720052023610492e-06,1
20260717_205539_controller_right,occlusion_recovery,trial_001,event_007,static.rotation_drift_deg,EgoAnchor w/o VCD,0.7325630507699757,0.7325540916316482,-8.95913832754669e-06,1
20260717_205539_controller_right,occlusion_recovery,trial_001,event_008,static.rotation_drift_deg,EgoAnchor w/o VCD,0.1970502883663116,0.1970638115370678,1.352317075620224e-05,1
20260717_205539_controller_right,occlusion_recovery,trial_001,event_009,static.rotation_drift_deg,EgoAnchor w/o VCD,1.6556298583554725,1.655657574182049,2.771582657645766e-05,1
20260717_205539_controller_right,occlusion_recovery,trial_001,event_010,static.rotation_drift_deg,EgoAnchor w/o VCD,1.3329278948663525,1.3329538968121786,2.600194582602633e-05,1
20260717_205539_controller_right,occlusion_recovery,trial_001,event_011,static.rotation_drift_deg,EgoAnchor w/o VCD,1.4625835251956196,1.462595853018135,1.2327822515478815e-05,1
20260717_205539_controller_right,occlusion_recovery,trial_001,event_012,static.rotation_drift_deg,EgoAnchor w/o VCD,0.34997977018883236,0.349976604487653,-3.165701179363989e-06,1
20260717_205539_controller_right,occlusion_recovery,trial_001,event_013,static.rotation_drift_deg,EgoAnchor w/o VCD,0.4092420722826911,0.37418719251987986,-0.03505487976281124,1
20260717_205539_controller_right,occlusion_recovery,trial_001,event_014,static.rotation_drift_deg,EgoAnchor w/o VCD,38.78341662845589,39.17306223142295,0.3896456029670645,1
20260717_205539_controller_right,occlusion_recovery,trial_001,event_001,occlusion.output_availability,EgoAnchor w/o VCD,0.75,0.7522522522522522,0.0022522522522522292,1
20260717_205539_controller_right,occlusion_recovery,trial_001,event_003,occlusion.output_availability,EgoAnchor w/o VCD,0.7635270541082164,0.7675350701402806,0.004008016032064132,1
20260717_205539_controller_right,occlusion_recovery,trial_001,event_005,occlusion.output_availability,EgoAnchor w/o VCD,0.8360655737704918,0.8469945355191257,0.010928961748633892,1
20260717_205539_controller_right,occlusion_recovery,trial_001,event_007,occlusion.output_availability,EgoAnchor w/o VCD,0.8049382716049382,0.8148148148148148,0.00987654320987652,1
20260717_205539_controller_right,occlusion_recovery,trial_001,event_009,occlusion.output_availability,EgoAnchor w/o VCD,0.849624060150376,0.8533834586466166,0.003759398496240629,1
20260717_205539_controller_right,occlusion_recovery,trial_001,event_011,occlusion.output_availability,EgoAnchor w/o VCD,0.8095238095238095,0.8201058201058201,0.010582010582010581,1
20260717_205539_controller_right,occlusion_recovery,trial_001,event_013,occlusion.output_availability,EgoAnchor w/o VCD,0.8624833110814419,0.8825100133511349,0.020026702269692942,1
20260717_205539_controller_right,occlusion_recovery,trial_001,event_001,occlusion.display_availability,EgoAnchor w/o VCD,1.0,1.0,0.0,1
20260717_205539_controller_right,occlusion_recovery,trial_001,event_003,occlusion.display_availability,EgoAnchor w/o VCD,1.0,1.0,0.0,1
20260717_205539_controller_right,occlusion_recovery,trial_001,event_005,occlusion.display_availability,EgoAnchor w/o VCD,1.0,1.0,0.0,1
20260717_205539_controller_right,occlusion_recovery,trial_001,event_007,occlusion.display_availability,EgoAnchor w/o VCD,1.0,1.0,0.0,1
20260717_205539_controller_right,occlusion_recovery,trial_001,event_009,occlusion.display_availability,EgoAnchor w/o VCD,1.0,1.0,0.0,1
20260717_205539_controller_right,occlusion_recovery,trial_001,event_011,occlusion.display_availability,EgoAnchor w/o VCD,1.0,1.0,0.0,1
20260717_205539_controller_right,occlusion_recovery,trial_001,event_013,occlusion.display_availability,EgoAnchor w/o VCD,1.0,1.0,0.0,1
20260717_205539_controller_right,occlusion_recovery,trial_001,event_001,occlusion.display_jump_p95_mm,EgoAnchor w/o VCD,0.005292985425268175,0.9316858689352021,0.926392883509934,1
20260717_205539_controller_right,occlusion_recovery,trial_001,event_003,occlusion.display_jump_p95_mm,EgoAnchor w/o VCD,0.009731216338174614,0.4015119151745751,0.39178069883640043,1
20260717_205539_controller_right,occlusion_recovery,trial_001,event_005,occlusion.display_jump_p95_mm,EgoAnchor w/o VCD,0.010540933673012677,0.010541156469507162,2.2279649448432581e-07,1
20260717_205539_controller_right,occlusion_recovery,trial_001,event_007,occlusion.display_jump_p95_mm,EgoAnchor w/o VCD,0.012789101397085834,0.012789634340027662,5.329429418280546e-07,1
20260717_205539_controller_right,occlusion_recovery,trial_001,event_009,occlusion.display_jump_p95_mm,EgoAnchor w/o VCD,0.013836797149027975,0.2735532479881029,0.2597164508390749,1
20260717_205539_controller_right,occlusion_recovery,trial_001,event_011,occlusion.display_jump_p95_mm,EgoAnchor w/o VCD,0.013905374062425225,0.720639028319447,0.7067336542570218,1
20260717_205539_controller_right,occlusion_recovery,trial_001,event_013,occlusion.display_jump_p95_mm,EgoAnchor w/o VCD,1.1129322077717407,1.1261373101957377,0.013205102423996973,1
20260717_205539_controller_right,occlusion_recovery,trial_001,event_001,occlusion.display_rotation_jump_p95_deg,EgoAnchor w/o VCD,0.01446150739828749,0.7968418581257174,0.78238035072743,1
20260717_205539_controller_right,occlusion_recovery,trial_001,event_003,occlusion.display_rotation_jump_p95_deg,EgoAnchor w/o VCD,0.023624048296144725,0.417171999930971,0.39354795163482625,1
20260717_205539_controller_right,occlusion_recovery,trial_001,event_005,occlusion.display_rotation_jump_p95_deg,EgoAnchor w/o VCD,0.034401796532608636,0.03440228336904902,4.868364403831649e-07,1
20260717_205539_controller_right,occlusion_recovery,trial_001,event_007,occlusion.display_rotation_jump_p95_deg,EgoAnchor w/o VCD,0.02705096678522326,0.027050412777987753,-5.540072355071646e-07,1
20260717_205539_controller_right,occlusion_recovery,trial_001,event_009,occlusion.display_rotation_jump_p95_deg,EgoAnchor w/o VCD,0.039084759099260014,0.5039310880640087,0.46484632896474865,1
20260717_205539_controller_right,occlusion_recovery,trial_001,event_011,occlusion.display_rotation_jump_p95_deg,EgoAnchor w/o VCD,0.025875474561436133,0.529769839568591,0.5038943650071549,1
20260717_205539_controller_right,occlusion_recovery,trial_001,event_013,occlusion.display_rotation_jump_p95_deg,EgoAnchor w/o VCD,0.8055939356103563,0.7982420796270366,-0.007351855983319666,1
20260717_205539_controller_right,occlusion_recovery,trial_001,event_001,occlusion.recovery_success,EgoAnchor w/o VCD,1.0,1.0,0.0,1
20260717_205539_controller_right,occlusion_recovery,trial_001,event_003,occlusion.recovery_success,EgoAnchor w/o VCD,1.0,1.0,0.0,1
20260717_205539_controller_right,occlusion_recovery,trial_001,event_005,occlusion.recovery_success,EgoAnchor w/o VCD,1.0,1.0,0.0,1
20260717_205539_controller_right,occlusion_recovery,trial_001,event_007,occlusion.recovery_success,EgoAnchor w/o VCD,1.0,1.0,0.0,1
20260717_205539_controller_right,occlusion_recovery,trial_001,event_009,occlusion.recovery_success,EgoAnchor w/o VCD,1.0,1.0,0.0,1
20260717_205539_controller_right,occlusion_recovery,trial_001,event_011,occlusion.recovery_success,EgoAnchor w/o VCD,1.0,1.0,0.0,1
20260717_205539_controller_right,occlusion_recovery,trial_001,event_013,occlusion.recovery_success,EgoAnchor w/o VCD,1.0,1.0,0.0,1
20260717_205539_controller_right,occlusion_recovery,trial_001,event_001,occlusion.recovery_time_ms,EgoAnchor w/o VCD,2825.9527000045637,2825.9527000045637,0.0,1
20260717_205539_controller_right,occlusion_recovery,trial_001,event_003,occlusion.recovery_time_ms,EgoAnchor w/o VCD,0.956299998506438,0.956299998506438,0.0,1
20260717_205539_controller_right,occlusion_recovery,trial_001,event_005,occlusion.recovery_time_ms,EgoAnchor w/o VCD,0.9252000018022954,0.9252000018022954,0.0,1
20260717_205539_controller_right,occlusion_recovery,trial_001,event_007,occlusion.recovery_time_ms,EgoAnchor w/o VCD,8.10240000282647,8.10240000282647,0.0,1
20260717_205539_controller_right,occlusion_recovery,trial_001,event_009,occlusion.recovery_time_ms,EgoAnchor w/o VCD,0.9326999934273772,0.9326999934273772,0.0,1
20260717_205539_controller_right,occlusion_recovery,trial_001,event_011,occlusion.recovery_time_ms,EgoAnchor w/o VCD,8.351200005563442,8.351200005563442,0.0,1
20260717_205539_controller_right,occlusion_recovery,trial_001,event_013,occlusion.recovery_time_ms,EgoAnchor w/o VCD,111.67089999798918,111.67089999798918,0.0,1
20260717_205539_controller_right,occlusion_recovery,trial_001,,latency.candidate_arrival_p50_ms,EgoAnchor w/o VCD,166.78925000087474,167.00104999836185,0.21179999748710543,1
20260717_205539_controller_right,occlusion_recovery,trial_001,event_001,latency.candidate_arrival_p50_ms,EgoAnchor w/o VCD,27.91609999985667,28.11739999742713,0.2012999975704588,1
20260717_205539_controller_right,occlusion_recovery,trial_001,event_002,latency.candidate_arrival_p50_ms,EgoAnchor w/o VCD,166.50359999766806,166.70985000018845,0.20625000252039172,1
20260717_205539_controller_right,occlusion_recovery,trial_001,event_003,latency.candidate_arrival_p50_ms,EgoAnchor w/o VCD,-41.735099999641534,-41.53990000486374,0.19519999477779493,1
20260717_205539_controller_right,occlusion_recovery,trial_001,event_004,latency.candidate_arrival_p50_ms,EgoAnchor w/o VCD,181.4804500027094,181.69235000095796,0.21189999824855477,1
20260717_205539_controller_right,occlusion_recovery,trial_001,event_005,latency.candidate_arrival_p50_ms,EgoAnchor w/o VCD,-0.29879999783588573,-0.10359999578213319,0.19520000205375254,1
20260717_205539_controller_right,occlusion_recovery,trial_001,event_006,latency.candidate_arrival_p50_ms,EgoAnchor w/o VCD,181.12359999940963,181.31970000104047,0.19610000163083896,1
20260717_205539_controller_right,occlusion_recovery,trial_001,event_007,latency.candidate_arrival_p50_ms,EgoAnchor w/o VCD,-55.33139999897685,-55.114999995566905,0.21640000340994447,1
20260717_205539_controller_right,occlusion_recovery,trial_001,event_008,latency.candidate_arrival_p50_ms,EgoAnchor w/o VCD,165.99264999968,166.19925000122748,0.2066000015474856,1
20260717_205539_controller_right,occlusion_recovery,trial_001,event_009,latency.candidate_arrival_p50_ms,EgoAnchor w/o VCD,41.110599995590746,41.32079999544658,0.21019999985583127,1
20260717_205539_controller_right,occlusion_recovery,trial_001,event_010,latency.candidate_arrival_p50_ms,EgoAnchor w/o VCD,181.84135000410606,182.04165000497596,0.20030000086990185,1
20260717_205539_controller_right,occlusion_recovery,trial_001,event_011,latency.candidate_arrival_p50_ms,EgoAnchor w/o VCD,98.34260000206996,98.54729999642586,0.2046999943559058,1
20260717_205539_controller_right,occlusion_recovery,trial_001,event_012,latency.candidate_arrival_p50_ms,EgoAnchor w/o VCD,181.63164999714354,181.8340999961947,0.20244999905116856,1
20260717_205539_controller_right,occlusion_recovery,trial_001,event_013,latency.candidate_arrival_p50_ms,EgoAnchor w/o VCD,-34.48750000097789,-34.273099998245016,0.21440000273287296,1
20260717_205539_controller_right,occlusion_recovery,trial_001,event_014,latency.candidate_arrival_p50_ms,EgoAnchor w/o VCD,167.354350003734,167.57485000198358,0.22049999824957922,1
20260717_205539_controller_right,occlusion_recovery,trial_001,,latency.candidate_arrival_p95_ms,EgoAnchor w/o VCD,236.69194999456522,236.89409999497002,0.20215000040479936,1
20260717_205539_controller_right,occlusion_recovery,trial_001,event_001,latency.candidate_arrival_p95_ms,EgoAnchor w/o VCD,333.1035199997127,333.3226200033091,0.21910000359639525,1
20260717_205539_controller_right,occlusion_recovery,trial_001,event_002,latency.candidate_arrival_p95_ms,EgoAnchor w/o VCD,194.88329500309192,195.09411999970325,0.21082499661133625,1
20260717_205539_controller_right,occlusion_recovery,trial_001,event_003,latency.candidate_arrival_p95_ms,EgoAnchor w/o VCD,194.20465000439435,194.4186000037007,0.21394999930635095,1
20260717_205539_controller_right,occlusion_recovery,trial_001,event_004,latency.candidate_arrival_p95_ms,EgoAnchor w/o VCD,240.32987500140734,240.55309999857855,0.2232249971712008,1
20260717_205539_controller_right,occlusion_recovery,trial_001,event_005,latency.candidate_arrival_p95_ms,EgoAnchor w/o VCD,201.23975000024075,201.49039999887464,0.2506499986338895,1
20260717_205539_controller_right,occlusion_recovery,trial_001,event_006,latency.candidate_arrival_p95_ms,EgoAnchor w/o VCD,260.591770002793,260.8054599986644,0.21368999587139115,1
20260717_205539_controller_right,occlusion_recovery,trial_001,event_007,latency.candidate_arrival_p95_ms,EgoAnchor w/o VCD,218.00242000026626,218.24621999985536,0.24379999958910048,1
20260717_205539_controller_right,occlusion_recovery,trial_001,event_008,latency.candidate_arrival_p95_ms,EgoAnchor w/o VCD,194.72685000073398,194.94427500467282,0.21742500393884256,1
20260717_205539_controller_right,occlusion_recovery,trial_001,event_009,latency.candidate_arrival_p95_ms,EgoAnchor w/o VCD,208.21470000009867,208.42285999970045,0.20815999960177578,1
20260717_205539_controller_right,occlusion_recovery,trial_001,event_010,latency.candidate_arrival_p95_ms,EgoAnchor w/o VCD,298.571520000769,298.7822700033576,0.2107500025886111,1
20260717_205539_controller_right,occlusion_recovery,trial_001,event_011,latency.candidate_arrival_p95_ms,EgoAnchor w/o VCD,235.84616000152892,236.05780000361847,0.21164000208955258,1
20260717_205539_controller_right,occlusion_recovery,trial_001,event_012,latency.candidate_arrival_p95_ms,EgoAnchor w/o VCD,249.42125500092516,249.62943000027735,0.2081749993521953,1
20260717_205539_controller_right,occlusion_recovery,trial_001,event_013,latency.candidate_arrival_p95_ms,EgoAnchor w/o VCD,205.3751249986817,205.62447499469272,0.24934999601100571,1
20260717_205539_controller_right,occlusion_recovery,trial_001,event_014,latency.candidate_arrival_p95_ms,EgoAnchor w/o VCD,244.38828499769394,244.60947499501296,0.22118999731901567,1
20260717_205539_controller_right,occlusion_recovery,trial_001,,latency.candidate_processing_p50_ms,EgoAnchor w/o VCD,73.40230000019073,73.40230000019073,0.0,1
20260717_205539_controller_right,occlusion_recovery,trial_001,event_001,latency.candidate_processing_p50_ms,EgoAnchor w/o VCD,32.10580000281334,32.10580000281334,0.0,1
20260717_205539_controller_right,occlusion_recovery,trial_001,event_002,latency.candidate_processing_p50_ms,EgoAnchor w/o VCD,73.7969000004232,73.7969000004232,0.0,1
20260717_205539_controller_right,occlusion_recovery,trial_001,event_003,latency.candidate_processing_p50_ms,EgoAnchor w/o VCD,31.595900002866983,31.595900002866983,0.0,1
20260717_205539_controller_right,occlusion_recovery,trial_001,event_004,latency.candidate_processing_p50_ms,EgoAnchor w/o VCD,73.47164999693632,73.47164999693632,0.0,1
20260717_205539_controller_right,occlusion_recovery,trial_001,event_005,latency.candidate_processing_p50_ms,EgoAnchor w/o VCD,33.269950000569224,33.269950000569224,0.0,1
20260717_205539_controller_right,occlusion_recovery,trial_001,event_006,latency.candidate_processing_p50_ms,EgoAnchor w/o VCD,75.715799998492,75.715799998492,0.0,1
20260717_205539_controller_right,occlusion_recovery,trial_001,event_007,latency.candidate_processing_p50_ms,EgoAnchor w/o VCD,31.823599997907877,31.823599997907877,0.0,1
20260717_205539_controller_right,occlusion_recovery,trial_001,event_008,latency.candidate_processing_p50_ms,EgoAnchor w/o VCD,71.92700000107288,71.92700000107288,0.0,1
20260717_205539_controller_right,occlusion_recovery,trial_001,event_009,latency.candidate_processing_p50_ms,EgoAnchor w/o VCD,32.07579999603331,32.07579999603331,0.0,1
20260717_205539_controller_right,occlusion_recovery,trial_001,event_010,latency.candidate_processing_p50_ms,EgoAnchor w/o VCD,72.86409999802709,72.86409999802709,0.0,1
20260717_205539_controller_right,occlusion_recovery,trial_001,event_011,latency.candidate_processing_p50_ms,EgoAnchor w/o VCD,32.692800000309944,32.692800000309944,0.0,1
20260717_205539_controller_right,occlusion_recovery,trial_001,event_012,latency.candidate_processing_p50_ms,EgoAnchor w/o VCD,72.51854999922216,72.51854999922216,0.0,1
20260717_205539_controller_right,occlusion_recovery,trial_001,event_013,latency.candidate_processing_p50_ms,EgoAnchor w/o VCD,33.14455000124872,33.14455000124872,0.0,1
20260717_205539_controller_right,occlusion_recovery,trial_001,event_014,latency.candidate_processing_p50_ms,EgoAnchor w/o VCD,70.66014999896288,70.66014999896288,0.0,1
20260717_205539_controller_right,occlusion_recovery,trial_001,,latency.candidate_processing_p95_ms,EgoAnchor w/o VCD,85.89514999836683,85.89514999836683,0.0,1
20260717_205539_controller_right,occlusion_recovery,trial_001,event_001,latency.candidate_processing_p95_ms,EgoAnchor w/o VCD,89.91127999797455,89.91127999797455,0.0,1
20260717_205539_controller_right,occlusion_recovery,trial_001,event_002,latency.candidate_processing_p95_ms,EgoAnchor w/o VCD,80.47766500320284,80.47766500320284,0.0,1
20260717_205539_controller_right,occlusion_recovery,trial_001,event_003,latency.candidate_processing_p95_ms,EgoAnchor w/o VCD,77.10715500004588,77.10715500004588,0.0,1
20260717_205539_controller_right,occlusion_recovery,trial_001,event_004,latency.candidate_processing_p95_ms,EgoAnchor w/o VCD,86.51657500024885,86.51657500024885,0.0,1
20260717_205539_controller_right,occlusion_recovery,trial_001,event_005,latency.candidate_processing_p95_ms,EgoAnchor w/o VCD,84.08154499810185,84.08154499810185,0.0,1
20260717_205539_controller_right,occlusion_recovery,trial_001,event_006,latency.candidate_processing_p95_ms,EgoAnchor w/o VCD,93.67778000235556,93.67778000235556,0.0,1
20260717_205539_controller_right,occlusion_recovery,trial_001,event_007,latency.candidate_processing_p95_ms,EgoAnchor w/o VCD,91.12348000034672,91.12348000034672,0.0,1
20260717_205539_controller_right,occlusion_recovery,trial_001,event_008,latency.candidate_processing_p95_ms,EgoAnchor w/o VCD,82.95454999990761,82.95454999990761,0.0,1
20260717_205539_controller_right,occlusion_recovery,trial_001,event_009,latency.candidate_processing_p95_ms,EgoAnchor w/o VCD,90.56858999691902,90.56858999691902,0.0,1
20260717_205539_controller_right,occlusion_recovery,trial_001,event_010,latency.candidate_processing_p95_ms,EgoAnchor w/o VCD,84.10485000237823,84.10485000237823,0.0,1
20260717_205539_controller_right,occlusion_recovery,trial_001,event_011,latency.candidate_processing_p95_ms,EgoAnchor w/o VCD,87.65310000032184,87.65310000032184,0.0,1
20260717_205539_controller_right,occlusion_recovery,trial_001,event_012,latency.candidate_processing_p95_ms,EgoAnchor w/o VCD,89.016094998084,89.016094998084,0.0,1
20260717_205539_controller_right,occlusion_recovery,trial_001,event_013,latency.candidate_processing_p95_ms,EgoAnchor w/o VCD,91.20087499916553,91.20087499916553,0.0,1
20260717_205539_controller_right,occlusion_recovery,trial_001,event_014,latency.candidate_processing_p95_ms,EgoAnchor w/o VCD,92.94591500107197,92.94591500107197,0.0,1
20260717_205539_controller_right,occlusion_recovery,trial_001,,latency.observation_age_p50_ms,EgoAnchor w/o VCD,223.502050001116,223.43629999886616,-0.06575000224984251,1
20260717_205539_controller_right,occlusion_recovery,trial_001,event_001,latency.observation_age_p50_ms,EgoAnchor w/o VCD,276.5198999986751,258.4742999970331,-18.045600001642015,1
20260717_205539_controller_right,occlusion_recovery,trial_001,event_002,latency.observation_age_p50_ms,EgoAnchor w/o VCD,216.10080000391463,216.11510000366252,0.014299999747890979,1
20260717_205539_controller_right,occlusion_recovery,trial_001,event_003,latency.observation_age_p50_ms,EgoAnchor w/o VCD,264.08565000019735,256.8825999987894,-7.2030500014079735,1
20260717_205539_controller_right,occlusion_recovery,trial_001,event_004,latency.observation_age_p50_ms,EgoAnchor w/o VCD,235.4907999979332,235.50409999734256,0.013299999409355223,1
20260717_205539_controller_right,occlusion_recovery,trial_001,event_005,latency.observation_age_p50_ms,EgoAnchor w/o VCD,277.0335499990324,256.6089499996451,-20.424599999387283,1
20260717_205539_controller_right,occlusion_recovery,trial_001,event_006,latency.observation_age_p50_ms,EgoAnchor w/o VCD,223.53319999820087,223.5479499977373,0.014749999536434188,1
20260717_205539_controller_right,occlusion_recovery,trial_001,event_007,latency.observation_age_p50_ms,EgoAnchor w/o VCD,264.77629999862984,264.7898499999428,0.013550001312978566,1
20260717_205539_controller_right,occlusion_recovery,trial_001,event_008,latency.observation_age_p50_ms,EgoAnchor w/o VCD,216.05455000099028,216.06864999921527,0.014099998224992305,1
20260717_205539_controller_right,occlusion_recovery,trial_001,event_009,latency.observation_age_p50_ms,EgoAnchor w/o VCD,264.7360999981174,258.3493999991333,-6.386699998984113,1
20260717_205539_controller_right,occlusion_recovery,trial_001,event_010,latency.observation_age_p50_ms,EgoAnchor w/o VCD,235.78160000033677,235.7960000008461,0.014400000509340316,1
20260717_205539_controller_right,occlusion_recovery,trial_001,event_011,latency.observation_age_p50_ms,EgoAnchor w/o VCD,298.9223500007938,277.46305000255234,-21.459299998241477,1
20260717_205539_controller_right,occlusion_recovery,trial_001,event_012,latency.observation_age_p50_ms,EgoAnchor w/o VCD,234.16899999938323,234.18234999553533,0.013349996152101085,1
20260717_205539_controller_right,occlusion_recovery,trial_001,event_013,latency.observation_age_p50_ms,EgoAnchor w/o VCD,568.5381000002963,485.1402999993297,-83.39780000096653,1
20260717_205539_controller_right,occlusion_recovery,trial_001,event_014,latency.observation_age_p50_ms,EgoAnchor w/o VCD,223.36360000190325,223.33439999783877,-0.02920000406447798,1
20260717_205539_controller_right,occlusion_recovery,trial_001,,latency.observation_age_p95_ms,EgoAnchor w/o VCD,464.68875000100616,403.1063400045241,-61.582409996482056,1
20260717_205539_controller_right,occlusion_recovery,trial_001,event_001,latency.observation_age_p95_ms,EgoAnchor w/o VCD,973.2198199999401,884.1609099996276,-89.0589100003125,1
20260717_205539_controller_right,occlusion_recovery,trial_001,event_002,latency.observation_age_p95_ms,EgoAnchor w/o VCD,265.3082299984817,265.32315999793354,0.014929999451851472,1
20260717_205539_controller_right,occlusion_recovery,trial_001,event_003,latency.observation_age_p95_ms,EgoAnchor w/o VCD,1059.1679050008677,1008.1905399980313,-50.977365002836336,1
20260717_205539_controller_right,occlusion_recovery,trial_001,event_004,latency.observation_age_p95_ms,EgoAnchor w/o VCD,318.70856000386993,318.72348000179045,0.014919997920515016,1
20260717_205539_controller_right,occlusion_recovery,trial_001,event_005,latency.observation_age_p95_ms,EgoAnchor w/o VCD,1106.8552049971913,924.3166200009,-182.53858499629132,1
20260717_205539_controller_right,occlusion_recovery,trial_001,event_006,latency.observation_age_p95_ms,EgoAnchor w/o VCD,320.3707899996516,320.3835650023393,0.012775002687703818,1
20260717_205539_controller_right,occlusion_recovery,trial_001,event_007,latency.observation_age_p95_ms,EgoAnchor w/o VCD,999.9632899984136,999.9743250002213,0.011035001807613298,1
20260717_205539_controller_right,occlusion_recovery,trial_001,event_008,latency.observation_age_p95_ms,EgoAnchor w/o VCD,265.45278500379936,265.46705000364454,0.014264999845181592,1
20260717_205539_controller_right,occlusion_recovery,trial_001,event_009,latency.observation_age_p95_ms,EgoAnchor w/o VCD,1066.1405900005773,982.3972500023955,-83.7433399981818,1
20260717_205539_controller_right,occlusion_recovery,trial_001,event_010,latency.observation_age_p95_ms,EgoAnchor w/o VCD,346.0698999995656,346.08278000087006,0.012880001304438338,1
20260717_205539_controller_right,occlusion_recovery,trial_001,event_011,latency.observation_age_p95_ms,EgoAnchor w/o VCD,1025.834215001305,901.3063350004812,-124.52788000082376,1
20260717_205539_controller_right,occlusion_recovery,trial_001,event_012,latency.observation_age_p95_ms,EgoAnchor w/o VCD,315.1909749958577,315.2046249997511,0.013650003893417306,1
20260717_205539_controller_right,occlusion_recovery,trial_001,event_013,latency.observation_age_p95_ms,EgoAnchor w/o VCD,1662.9403000006278,1579.537249996065,-83.40305000456283,1
20260717_205539_controller_right,occlusion_recovery,trial_001,event_014,latency.observation_age_p95_ms,EgoAnchor w/o VCD,319.46569999709027,307.9542599982233,-11.51143999886699,1
20260717_205539_controller_right,occlusion_recovery,trial_001,,latency.smoothing_delay_p50_ms,EgoAnchor w/o VCD,289.8443639278412,289.86284136772156,0.018477439880371094,1
20260717_205539_controller_right,occlusion_recovery,trial_001,event_001,latency.smoothing_delay_p50_ms,EgoAnchor w/o VCD,872.8092500023195,872.8187500018976,0.009499999578110874,1
20260717_205539_controller_right,occlusion_recovery,trial_001,event_003,latency.smoothing_delay_p50_ms,EgoAnchor w/o VCD,996.022900002572,985.4086999985157,-10.614200004056329,1
20260717_205539_controller_right,occlusion_recovery,trial_001,event_005,latency.smoothing_delay_p50_ms,EgoAnchor w/o VCD,892.4803500049165,892.4908500011952,0.010499996278667822,1
20260717_205539_controller_right,occlusion_recovery,trial_001,event_007,latency.smoothing_delay_p50_ms,EgoAnchor w/o VCD,885.5955500002892,885.6052500013902,0.009700001101009548,1
20260717_205539_controller_right,occlusion_recovery,trial_001,event_009,latency.smoothing_delay_p50_ms,EgoAnchor w/o VCD,848.4985000031884,848.5075999997207,0.009099996532313526,1
20260717_205539_controller_right,occlusion_recovery,trial_001,event_011,latency.smoothing_delay_p50_ms,EgoAnchor w/o VCD,847.2060999993118,847.2152000031201,0.00910000380827114,1
20260717_205539_controller_right,occlusion_recovery,trial_001,event_014,latency.smoothing_delay_p50_ms,EgoAnchor w/o VCD,289.06407952308655,287.1871590614319,-1.876920461654663,1
20260717_205539_controller_right,occlusion_recovery,trial_001,,latency.smoothing_delay_p95_ms,EgoAnchor w/o VCD,841.1646000022301,841.1740000010468,0.009399998816661537,1
20260717_205539_controller_right,occlusion_recovery,trial_001,event_001,latency.smoothing_delay_p95_ms,EgoAnchor w/o VCD,900.1173250035208,900.1268750034797,0.009549999958835542,1
20260717_205539_controller_right,occlusion_recovery,trial_001,event_003,latency.smoothing_delay_p95_ms,EgoAnchor w/o VCD,1023.7283499991463,1023.0896800014307,-0.638669997715624,1
20260717_205539_controller_right,occlusion_recovery,trial_001,event_005,latency.smoothing_delay_p95_ms,EgoAnchor w/o VCD,930.6106750027539,930.6211250004708,0.010449997716932558,1
20260717_205539_controller_right,occlusion_recovery,trial_001,event_007,latency.smoothing_delay_p95_ms,EgoAnchor w/o VCD,919.2739250029263,919.2855750006856,0.011649997759377584,1
20260717_205539_controller_right,occlusion_recovery,trial_001,event_009,latency.smoothing_delay_p95_ms,EgoAnchor w/o VCD,878.7833800015505,878.7929400015855,0.009560000034980476,1
20260717_205539_controller_right,occlusion_recovery,trial_001,event_011,latency.smoothing_delay_p95_ms,EgoAnchor w/o VCD,887.5673200018355,887.5765899996622,0.009269997826777399,1
20260717_205539_controller_right,occlusion_recovery,trial_001,event_014,latency.smoothing_delay_p95_ms,EgoAnchor w/o VCD,949.2334899950947,949.2430599959334,0.009570000838721171,1
20260717_205539_controller_right,occlusion_recovery,trial_001,,latency.visual_perception_hz,EgoAnchor w/o VCD,10.0008407106745,10.0008407106745,0.0,1
20260717_205539_controller_right,occlusion_recovery,trial_001,event_001,latency.visual_perception_hz,EgoAnchor w/o VCD,13.29365988248974,13.29365988248974,0.0,1
20260717_205539_controller_right,occlusion_recovery,trial_001,event_002,latency.visual_perception_hz,EgoAnchor w/o VCD,9.873011286145385,9.873011286145385,0.0,1
20260717_205539_controller_right,occlusion_recovery,trial_001,event_003,latency.visual_perception_hz,EgoAnchor w/o VCD,13.22728611724467,13.22728611724467,0.0,1
20260717_205539_controller_right,occlusion_recovery,trial_001,event_004,latency.visual_perception_hz,EgoAnchor w/o VCD,9.693352456745194,9.693352456745194,0.0,1
20260717_205539_controller_right,occlusion_recovery,trial_001,event_005,latency.visual_perception_hz,EgoAnchor w/o VCD,11.175125389987492,11.175125389987492,0.0,1
20260717_205539_controller_right,occlusion_recovery,trial_001,event_006,latency.visual_perception_hz,EgoAnchor w/o VCD,9.515561056497129,9.515561056497129,0.0,1
20260717_205539_controller_right,occlusion_recovery,trial_001,event_007,latency.visual_perception_hz,EgoAnchor w/o VCD,11.534779282000862,11.534779282000862,0.0,1
20260717_205539_controller_right,occlusion_recovery,trial_001,event_008,latency.visual_perception_hz,EgoAnchor w/o VCD,9.873515526813293,9.873515526813293,0.0,1
20260717_205539_controller_right,occlusion_recovery,trial_001,event_009,latency.visual_perception_hz,EgoAnchor w/o VCD,11.971699835964229,11.971699835964229,0.0,1
20260717_205539_controller_right,occlusion_recovery,trial_001,event_010,latency.visual_perception_hz,EgoAnchor w/o VCD,9.579633645405066,9.579633645405066,0.0,1
20260717_205539_controller_right,occlusion_recovery,trial_001,event_011,latency.visual_perception_hz,EgoAnchor w/o VCD,10.7474513174981,10.7474513174981,0.0,1
20260717_205539_controller_right,occlusion_recovery,trial_001,event_012,latency.visual_perception_hz,EgoAnchor w/o VCD,9.87707719763207,9.87707719763207,0.0,1
20260717_205539_controller_right,occlusion_recovery,trial_001,event_013,latency.visual_perception_hz,EgoAnchor w/o VCD,10.518578544550499,10.518578544550499,0.0,1
20260717_205539_controller_right,occlusion_recovery,trial_001,event_014,latency.visual_perception_hz,EgoAnchor w/o VCD,9.97158706341891,9.97158706341891,0.0,1
20260717_205539_controller_right,occlusion_recovery,trial_001,,latency.render_hz,EgoAnchor w/o VCD,64.35617535308963,64.35617535308963,0.0,1
20260717_205539_controller_right,occlusion_recovery,trial_001,event_001,latency.render_hz,EgoAnchor w/o VCD,64.00698826132304,64.00698826132304,0.0,1
20260717_205539_controller_right,occlusion_recovery,trial_001,event_002,latency.render_hz,EgoAnchor w/o VCD,66.98839959277817,66.98839959277817,0.0,1
20260717_205539_controller_right,occlusion_recovery,trial_001,event_003,latency.render_hz,EgoAnchor w/o VCD,64.79351247716743,64.79351247716743,0.0,1
20260717_205539_controller_right,occlusion_recovery,trial_001,event_004,latency.render_hz,EgoAnchor w/o VCD,66.17822216358556,66.17822216358556,0.0,1
20260717_205539_controller_right,occlusion_recovery,trial_001,event_005,latency.render_hz,EgoAnchor w/o VCD,65.89896001381274,65.89896001381274,0.0,1
20260717_205539_controller_right,occlusion_recovery,trial_001,event_006,latency.render_hz,EgoAnchor w/o VCD,66.08962623566048,66.08962623566048,0.0,1
20260717_205539_controller_right,occlusion_recovery,trial_001,event_007,latency.render_hz,EgoAnchor w/o VCD,69.8315543376654,69.8315543376654,0.0,1
20260717_205539_controller_right,occlusion_recovery,trial_001,event_008,latency.render_hz,EgoAnchor w/o VCD,69.61957517827157,69.61957517827157,0.0,1
20260717_205539_controller_right,occlusion_recovery,trial_001,event_009,latency.render_hz,EgoAnchor w/o VCD,69.5997086853015,69.5997086853015,0.0,1
20260717_205539_controller_right,occlusion_recovery,trial_001,event_010,latency.render_hz,EgoAnchor w/o VCD,61.017351691957636,61.017351691957636,0.0,1
20260717_205539_controller_right,occlusion_recovery,trial_001,event_011,latency.render_hz,EgoAnchor w/o VCD,70.41160991995763,70.41160991995763,0.0,1
20260717_205539_controller_right,occlusion_recovery,trial_001,event_012,latency.render_hz,EgoAnchor w/o VCD,69.28470761805137,69.28470761805137,0.0,1
20260717_205539_controller_right,occlusion_recovery,trial_001,event_013,latency.render_hz,EgoAnchor w/o VCD,68.25128885922373,68.25128885922373,0.0,1
20260717_205539_controller_right,occlusion_recovery,trial_001,event_014,latency.render_hz,EgoAnchor w/o VCD,67.61789294240455,67.61789294240455,0.0,1
