session_id,experiment_id,scenario_id,trial_id,event_id,condition_id,candidate_count,accepted_candidates,coverage,threshold,selective_risk_mm
20260717_203329_controller_right,exp2_design_attribution,static_head_motion,trial_001,event_001,exp1_system_characterization/static_head_motion,153,1,0.006535947712418301,0.9396921396255493,3.3031327310594776
20260717_203329_controller_right,exp2_design_attribution,static_head_motion,trial_001,event_001,exp1_system_characterization/static_head_motion,153,2,0.013071895424836602,0.9396150708198547,3.204911442361828
20260717_203329_controller_right,exp2_design_attribution,static_head_motion,trial_001,event_001,exp1_system_characterization/static_head_motion,153,3,0.0196078431372549,0.9377221465110779,4.754381555869216
20260717_203329_controller_right,exp2_design_attribution,static_head_motion,trial_001,event_001,exp1_system_characterization/static_head_motion,153,4,0.026143790849673203,0.9366296529769897,4.804999076541374
20260717_203329_controller_right,exp2_design_attribution,static_head_motion,trial_001,event_001,exp1_system_characterization/static_head_motion,153,5,0.032679738562091505,0.9364696145057678,4.137412385003392
20260717_203329_controller_right,exp2_design_attribution,static_head_motion,trial_001,event_001,exp1_system_characterization/static_head_motion,153,6,0.0392156862745098,0.935451865196228,3.920651701598953
20260717_203329_controller_right,exp2_design_attribution,static_head_motion,trial_001,event_001,exp1_system_characterization/static_head_motion,153,7,0.0457516339869281,0.9337491393089294,4.49448017483303
20260717_203329_controller_right,exp2_design_attribution,static_head_motion,trial_001,event_001,exp1_system_characterization/static_head_motion,153,8,0.05228758169934641,0.9333840012550354,4.317246256698162
20260717_203329_controller_right,exp2_design_attribution,static_head_motion,trial_001,event_001,exp1_system_characterization/static_head_motion,153,9,0.058823529411764705,0.9332258701324463,4.868588597607365
20260717_203329_controller_right,exp2_design_attribution,static_head_motion,trial_001,event_001,exp1_system_characterization/static_head_motion,153,10,0.06535947712418301,0.9331305027008057,4.729523818459731
20260717_203329_controller_right,exp2_design_attribution,static_head_motion,trial_001,event_001,exp1_system_characterization/static_head_motion,153,11,0.0718954248366013,0.9326603412628174,4.998779726534221
20260717_203329_controller_right,exp2_design_attribution,static_head_motion,trial_001,event_001,exp1_system_characterization/static_head_motion,153,12,0.0784313725490196,0.9310570359230042,4.847604021445622
20260717_203329_controller_right,exp2_design_attribution,static_head_motion,trial_001,event_001,exp1_system_characterization/static_head_motion,153,13,0.08496732026143791,0.9310280084609985,5.168345044177817
20260717_203329_controller_right,exp2_design_attribution,static_head_motion,trial_001,event_001,exp1_system_characterization/static_head_motion,153,14,0.0915032679738562,0.93003249168396,4.99129930122763
20260717_203329_controller_right,exp2_design_attribution,static_head_motion,trial_001,event_001,exp1_system_characterization/static_head_motion,153,15,0.09803921568627451,0.9289826154708862,4.841576862648355
20260717_203329_controller_right,exp2_design_attribution,static_head_motion,trial_001,event_001,exp1_system_characterization/static_head_motion,153,16,0.10457516339869281,0.9287551641464233,4.733885968223512
20260717_203329_controller_right,exp2_design_attribution,static_head_motion,trial_001,event_001,exp1_system_characterization/static_head_motion,153,17,0.1111111111111111,0.9283174872398376,4.623769296947195
20260717_203329_controller_right,exp2_design_attribution,static_head_motion,trial_001,event_001,exp1_system_characterization/static_head_motion,153,18,0.11764705882352941,0.9281764030456543,4.684815779472672
20260717_203329_controller_right,exp2_design_attribution,static_head_motion,trial_001,event_001,exp1_system_characterization/static_head_motion,153,19,0.12418300653594772,0.9274536967277527,4.682429857658492
20260717_203329_controller_right,exp2_design_attribution,static_head_motion,trial_001,event_001,exp1_system_characterization/static_head_motion,153,20,0.13071895424836602,0.9268548488616943,4.834889919767085
20260717_203329_controller_right,exp2_design_attribution,static_head_motion,trial_001,event_001,exp1_system_characterization/static_head_motion,153,21,0.13725490196078433,0.9238272905349731,4.825010934072453
20260717_203329_controller_right,exp2_design_attribution,static_head_motion,trial_001,event_001,exp1_system_characterization/static_head_motion,153,22,0.1437908496732026,0.923787534236908,4.861007774772968
20260717_203329_controller_right,exp2_design_attribution,static_head_motion,trial_001,event_001,exp1_system_characterization/static_head_motion,153,23,0.1503267973856209,0.9234923124313354,4.973157003857065
20260717_203329_controller_right,exp2_design_attribution,static_head_motion,trial_001,event_001,exp1_system_characterization/static_head_motion,153,24,0.1568627450980392,0.9234271049499512,4.905312349326791
20260717_203329_controller_right,exp2_design_attribution,static_head_motion,trial_001,event_001,exp1_system_characterization/static_head_motion,153,25,0.16339869281045752,0.9230855107307434,4.92619439442812
20260717_203329_controller_right,exp2_design_attribution,static_head_motion,trial_001,event_001,exp1_system_characterization/static_head_motion,153,26,0.16993464052287582,0.9227320551872253,4.912077472602018
20260717_203329_controller_right,exp2_design_attribution,static_head_motion,trial_001,event_001,exp1_system_characterization/static_head_motion,153,27,0.17647058823529413,0.9224829077720642,4.82840528491621
20260717_203329_controller_right,exp2_design_attribution,static_head_motion,trial_001,event_001,exp1_system_characterization/static_head_motion,153,28,0.1830065359477124,0.9222263693809509,4.87345897215962
20260717_203329_controller_right,exp2_design_attribution,static_head_motion,trial_001,event_001,exp1_system_characterization/static_head_motion,153,29,0.1895424836601307,0.9221057891845703,4.841940563879588
20260717_203329_controller_right,exp2_design_attribution,static_head_motion,trial_001,event_001,exp1_system_characterization/static_head_motion,153,30,0.19607843137254902,0.9220532178878784,4.790176887305745
20260717_203329_controller_right,exp2_design_attribution,static_head_motion,trial_001,event_001,exp1_system_characterization/static_head_motion,153,31,0.20261437908496732,0.9219533205032349,4.870993777628462
20260717_203329_controller_right,exp2_design_attribution,static_head_motion,trial_001,event_001,exp1_system_characterization/static_head_motion,153,32,0.20915032679738563,0.9214566349983215,4.826515714295746
20260717_203329_controller_right,exp2_design_attribution,static_head_motion,trial_001,event_001,exp1_system_characterization/static_head_motion,153,33,0.21568627450980393,0.9212337732315063,4.898111740356364
20260717_203329_controller_right,exp2_design_attribution,static_head_motion,trial_001,event_001,exp1_system_characterization/static_head_motion,153,34,0.2222222222222222,0.920401930809021,4.834183739471307
20260717_203329_controller_right,exp2_design_attribution,static_head_motion,trial_001,event_001,exp1_system_characterization/static_head_motion,153,35,0.22875816993464052,0.9201356768608093,4.95807828339628
20260717_203329_controller_right,exp2_design_attribution,static_head_motion,trial_001,event_001,exp1_system_characterization/static_head_motion,153,36,0.23529411764705882,0.9199579954147339,5.0542882958277495
20260717_203329_controller_right,exp2_design_attribution,static_head_motion,trial_001,event_001,exp1_system_characterization/static_head_motion,153,37,0.24183006535947713,0.9188106060028076,4.99874999670656
20260717_203329_controller_right,exp2_design_attribution,static_head_motion,trial_001,event_001,exp1_system_characterization/static_head_motion,153,38,0.24836601307189543,0.9181442260742188,4.950658417373752
20260717_203329_controller_right,exp2_design_attribution,static_head_motion,trial_001,event_001,exp1_system_characterization/static_head_motion,153,39,0.2549019607843137,0.9180766344070435,4.897638990199671
20260717_203329_controller_right,exp2_design_attribution,static_head_motion,trial_001,event_001,exp1_system_characterization/static_head_motion,153,40,0.26143790849673204,0.9179182052612305,4.856522734932251
20260717_203329_controller_right,exp2_design_attribution,static_head_motion,trial_001,event_001,exp1_system_characterization/static_head_motion,153,41,0.2679738562091503,0.9176800847053528,4.8126350408378755
20260717_203329_controller_right,exp2_design_attribution,static_head_motion,trial_001,event_001,exp1_system_characterization/static_head_motion,153,42,0.27450980392156865,0.9174825549125671,4.914606668618472
20260717_203329_controller_right,exp2_design_attribution,static_head_motion,trial_001,event_001,exp1_system_characterization/static_head_motion,153,43,0.28104575163398693,0.9173818826675415,4.8739829646313515
20260717_203329_controller_right,exp2_design_attribution,static_head_motion,trial_001,event_001,exp1_system_characterization/static_head_motion,153,44,0.2875816993464052,0.9172548055648804,4.8296667237470094
20260717_203329_controller_right,exp2_design_attribution,static_head_motion,trial_001,event_001,exp1_system_characterization/static_head_motion,153,45,0.29411764705882354,0.9171202182769775,4.864683166874864
20260717_203329_controller_right,exp2_design_attribution,static_head_motion,trial_001,event_001,exp1_system_characterization/static_head_motion,153,46,0.3006535947712418,0.9169281721115112,4.881748793280921
20260717_203329_controller_right,exp2_design_attribution,static_head_motion,trial_001,event_001,exp1_system_characterization/static_head_motion,153,47,0.30718954248366015,0.9165047407150269,4.959787213046154
20260717_203329_controller_right,exp2_design_attribution,static_head_motion,trial_001,event_001,exp1_system_characterization/static_head_motion,153,48,0.3137254901960784,0.9164225459098816,4.916265438958881
20260717_203329_controller_right,exp2_design_attribution,static_head_motion,trial_001,event_001,exp1_system_characterization/static_head_motion,153,49,0.3202614379084967,0.9160556197166443,4.873983464895572
20260717_203329_controller_right,exp2_design_attribution,static_head_motion,trial_001,event_001,exp1_system_characterization/static_head_motion,153,50,0.32679738562091504,0.9155594706535339,4.878425947939946
20260717_203329_controller_right,exp2_design_attribution,static_head_motion,trial_001,event_001,exp1_system_characterization/static_head_motion,153,51,0.3333333333333333,0.915316104888916,4.872994947586725
20260717_203329_controller_right,exp2_design_attribution,static_head_motion,trial_001,event_001,exp1_system_characterization/static_head_motion,153,52,0.33986928104575165,0.9148335456848145,4.967433289850974
20260717_203329_controller_right,exp2_design_attribution,static_head_motion,trial_001,event_001,exp1_system_characterization/static_head_motion,153,53,0.3464052287581699,0.9147825241088867,4.939000420100726
20260717_203329_controller_right,exp2_design_attribution,static_head_motion,trial_001,event_001,exp1_system_characterization/static_head_motion,153,54,0.35294117647058826,0.9145336151123047,4.89519012797581
20260717_203329_controller_right,exp2_design_attribution,static_head_motion,trial_001,event_001,exp1_system_characterization/static_head_motion,153,55,0.35947712418300654,0.91363126039505,4.866460341912476
20260717_203329_controller_right,exp2_design_attribution,static_head_motion,trial_001,event_001,exp1_system_characterization/static_head_motion,153,56,0.3660130718954248,0.9136162400245667,4.869145011274094
20260717_203329_controller_right,exp2_design_attribution,static_head_motion,trial_001,event_001,exp1_system_characterization/static_head_motion,153,57,0.37254901960784315,0.9131041169166565,4.8860660424269335
20260717_203329_controller_right,exp2_design_attribution,static_head_motion,trial_001,event_001,exp1_system_characterization/static_head_motion,153,58,0.3790849673202614,0.9131014943122864,4.844856915778746
20260717_203329_controller_right,exp2_design_attribution,static_head_motion,trial_001,event_001,exp1_system_characterization/static_head_motion,153,59,0.38562091503267976,0.912738561630249,4.843232710652642
20260717_203329_controller_right,exp2_design_attribution,static_head_motion,trial_001,event_001,exp1_system_characterization/static_head_motion,153,60,0.39215686274509803,0.9124784469604492,4.814923280088135
20260717_203329_controller_right,exp2_design_attribution,static_head_motion,trial_001,event_001,exp1_system_characterization/static_head_motion,153,61,0.39869281045751637,0.912458062171936,4.83065460814837
20260717_203329_controller_right,exp2_design_attribution,static_head_motion,trial_001,event_001,exp1_system_characterization/static_head_motion,153,62,0.40522875816993464,0.9122375249862671,4.879730008662508
20260717_203329_controller_right,exp2_design_attribution,static_head_motion,trial_001,event_001,exp1_system_characterization/static_head_motion,153,63,0.4117647058823529,0.9118223786354065,4.929426531061518
20260717_203329_controller_right,exp2_design_attribution,static_head_motion,trial_001,event_001,exp1_system_characterization/static_head_motion,153,64,0.41830065359477125,0.9107953310012817,4.933386497745095
20260717_203329_controller_right,exp2_design_attribution,static_head_motion,trial_001,event_001,exp1_system_characterization/static_head_motion,153,65,0.42483660130718953,0.910236120223999,5.0172558667216025
20260717_203329_controller_right,exp2_design_attribution,static_head_motion,trial_001,event_001,exp1_system_characterization/static_head_motion,153,66,0.43137254901960786,0.9096406698226929,5.045668216547422
20260717_203329_controller_right,exp2_design_attribution,static_head_motion,trial_001,event_001,exp1_system_characterization/static_head_motion,153,67,0.43790849673202614,0.908876895904541,5.01184561607724
20260717_203329_controller_right,exp2_design_attribution,static_head_motion,trial_001,event_001,exp1_system_characterization/static_head_motion,153,68,0.4444444444444444,0.9088311791419983,5.080420098031151
20260717_203329_controller_right,exp2_design_attribution,static_head_motion,trial_001,event_001,exp1_system_characterization/static_head_motion,153,69,0.45098039215686275,0.9086536169052124,5.113172812204595
20260717_203329_controller_right,exp2_design_attribution,static_head_motion,trial_001,event_001,exp1_system_characterization/static_head_motion,153,70,0.45751633986928103,0.9080023169517517,5.086913812241285
20260717_203329_controller_right,exp2_design_attribution,static_head_motion,trial_001,event_001,exp1_system_characterization/static_head_motion,153,71,0.46405228758169936,0.9076988697052002,5.136751383724963
20260717_203329_controller_right,exp2_design_attribution,static_head_motion,trial_001,event_001,exp1_system_characterization/static_head_motion,153,72,0.47058823529411764,0.9072784781455994,5.106776420192081
20260717_203329_controller_right,exp2_design_attribution,static_head_motion,trial_001,event_001,exp1_system_characterization/static_head_motion,153,73,0.477124183006536,0.9070740342140198,5.097671891492967
20260717_203329_controller_right,exp2_design_attribution,static_head_motion,trial_001,event_001,exp1_system_characterization/static_head_motion,153,74,0.48366013071895425,0.9070528149604797,5.069016169327806
20260717_203329_controller_right,exp2_design_attribution,static_head_motion,trial_001,event_001,exp1_system_characterization/static_head_motion,153,75,0.49019607843137253,0.9065947532653809,5.0387326868779505
20260717_203329_controller_right,exp2_design_attribution,static_head_motion,trial_001,event_001,exp1_system_characterization/static_head_motion,153,76,0.49673202614379086,0.906548798084259,5.085607633793408
20260717_203329_controller_right,exp2_design_attribution,static_head_motion,trial_001,event_001,exp1_system_characterization/static_head_motion,153,77,0.5032679738562091,0.9055871963500977,5.103358230452209
20260717_203329_controller_right,exp2_design_attribution,static_head_motion,trial_001,event_001,exp1_system_characterization/static_head_motion,153,78,0.5098039215686274,0.9050666093826294,5.12483913278506
20260717_203329_controller_right,exp2_design_attribution,static_head_motion,trial_001,event_001,exp1_system_characterization/static_head_motion,153,79,0.5163398692810458,0.9045974612236023,5.149563595191298
20260717_203329_controller_right,exp2_design_attribution,static_head_motion,trial_001,event_001,exp1_system_characterization/static_head_motion,153,80,0.5228758169934641,0.9037312269210815,5.135374730508124
20260717_203329_controller_right,exp2_design_attribution,static_head_motion,trial_001,event_001,exp1_system_characterization/static_head_motion,153,81,0.5294117647058824,0.9033615589141846,5.110389440505419
20260717_203329_controller_right,exp2_design_attribution,static_head_motion,trial_001,event_001,exp1_system_characterization/static_head_motion,153,82,0.5359477124183006,0.902558445930481,5.087363875484669
20260717_203329_controller_right,exp2_design_attribution,static_head_motion,trial_001,event_001,exp1_system_characterization/static_head_motion,153,83,0.5424836601307189,0.9025276303291321,5.06729569868519
20260717_203329_controller_right,exp2_design_attribution,static_head_motion,trial_001,event_001,exp1_system_characterization/static_head_motion,153,84,0.5490196078431373,0.9022085666656494,5.064348130974673
20260717_203329_controller_right,exp2_design_attribution,static_head_motion,trial_001,event_001,exp1_system_characterization/static_head_motion,153,85,0.5555555555555556,0.9009423851966858,5.056090467982424
20260717_203329_controller_right,exp2_design_attribution,static_head_motion,trial_001,event_001,exp1_system_characterization/static_head_motion,153,86,0.5620915032679739,0.8988839387893677,5.032216749297337
20260717_203329_controller_right,exp2_design_attribution,static_head_motion,trial_001,event_001,exp1_system_characterization/static_head_motion,153,87,0.5686274509803921,0.8983389735221863,5.007531081991924
20260717_203329_controller_right,exp2_design_attribution,static_head_motion,trial_001,event_001,exp1_system_characterization/static_head_motion,153,88,0.5751633986928104,0.8976132273674011,5.047031799995067
20260717_203329_controller_right,exp2_design_attribution,static_head_motion,trial_001,event_001,exp1_system_characterization/static_head_motion,153,89,0.5816993464052288,0.8974478840827942,5.0312263713199705
20260717_203329_controller_right,exp2_design_attribution,static_head_motion,trial_001,event_001,exp1_system_characterization/static_head_motion,153,90,0.5882352941176471,0.8973178267478943,5.046380786666754
20260717_203329_controller_right,exp2_design_attribution,static_head_motion,trial_001,event_001,exp1_system_characterization/static_head_motion,153,91,0.5947712418300654,0.8969566822052002,5.072186657163432
20260717_203329_controller_right,exp2_design_attribution,static_head_motion,trial_001,event_001,exp1_system_characterization/static_head_motion,153,92,0.6013071895424836,0.8963638544082642,5.110803207457709
20260717_203329_controller_right,exp2_design_attribution,static_head_motion,trial_001,event_001,exp1_system_characterization/static_head_motion,153,93,0.6078431372549019,0.896027684211731,5.087234311061355
20260717_203329_controller_right,exp2_design_attribution,static_head_motion,trial_001,event_001,exp1_system_characterization/static_head_motion,153,94,0.6143790849673203,0.8949224352836609,5.11740144934933
20260717_203329_controller_right,exp2_design_attribution,static_head_motion,trial_001,event_001,exp1_system_characterization/static_head_motion,153,95,0.6209150326797386,0.8929335474967957,5.102616012960327
20260717_203329_controller_right,exp2_design_attribution,static_head_motion,trial_001,event_001,exp1_system_characterization/static_head_motion,153,96,0.6274509803921569,0.891363263130188,5.1364144701949215
20260717_203329_controller_right,exp2_design_attribution,static_head_motion,trial_001,event_001,exp1_system_characterization/static_head_motion,153,97,0.6339869281045751,0.8908492922782898,5.281390597457883
20260717_203329_controller_right,exp2_design_attribution,static_head_motion,trial_001,event_001,exp1_system_characterization/static_head_motion,153,98,0.6405228758169934,0.8901523351669312,5.288111702956129
20260717_203329_controller_right,exp2_design_attribution,static_head_motion,trial_001,event_001,exp1_system_characterization/static_head_motion,153,99,0.6470588235294118,0.8900958895683289,5.312757146228548
20260717_203329_controller_right,exp2_design_attribution,static_head_motion,trial_001,event_001,exp1_system_characterization/static_head_motion,153,100,0.6535947712418301,0.8898370265960693,5.308129945421266
20260717_203329_controller_right,exp2_design_attribution,static_head_motion,trial_001,event_001,exp1_system_characterization/static_head_motion,153,101,0.6601307189542484,0.8894453644752502,5.314781501173439
20260717_203329_controller_right,exp2_design_attribution,static_head_motion,trial_001,event_001,exp1_system_characterization/static_head_motion,153,102,0.6666666666666666,0.8888386487960815,5.343001735591045
20260717_203329_controller_right,exp2_design_attribution,static_head_motion,trial_001,event_001,exp1_system_characterization/static_head_motion,153,103,0.673202614379085,0.8876373767852783,5.367932559839239
20260717_203329_controller_right,exp2_design_attribution,static_head_motion,trial_001,event_001,exp1_system_characterization/static_head_motion,153,104,0.6797385620915033,0.8855041265487671,5.346773448812395
20260717_203329_controller_right,exp2_design_attribution,static_head_motion,trial_001,event_001,exp1_system_characterization/static_head_motion,153,105,0.6862745098039216,0.8837305307388306,5.366453579712382
20260717_203329_controller_right,exp2_design_attribution,static_head_motion,trial_001,event_001,exp1_system_characterization/static_head_motion,153,106,0.6928104575163399,0.8824291229248047,5.406680658412386
20260717_203329_controller_right,exp2_design_attribution,static_head_motion,trial_001,event_001,exp1_system_characterization/static_head_motion,153,107,0.6993464052287581,0.8823961019515991,5.398339060996414
20260717_203329_controller_right,exp2_design_attribution,static_head_motion,trial_001,event_001,exp1_system_characterization/static_head_motion,153,108,0.7058823529411765,0.8821755647659302,5.412031091148378
20260717_203329_controller_right,exp2_design_attribution,static_head_motion,trial_001,event_001,exp1_system_characterization/static_head_motion,153,109,0.7124183006535948,0.8817751407623291,5.39066000361315
20260717_203329_controller_right,exp2_design_attribution,static_head_motion,trial_001,event_001,exp1_system_characterization/static_head_motion,153,110,0.7189542483660131,0.881071150302887,5.425430963465179
20260717_203329_controller_right,exp2_design_attribution,static_head_motion,trial_001,event_001,exp1_system_characterization/static_head_motion,153,111,0.7254901960784313,0.8795316219329834,5.43952164446057
20260717_203329_controller_right,exp2_design_attribution,static_head_motion,trial_001,event_001,exp1_system_characterization/static_head_motion,153,112,0.7320261437908496,0.8781920075416565,5.423322718843524
20260717_203329_controller_right,exp2_design_attribution,static_head_motion,trial_001,event_001,exp1_system_characterization/static_head_motion,153,113,0.738562091503268,0.8781150579452515,5.422003403111102
20260717_203329_controller_right,exp2_design_attribution,static_head_motion,trial_001,event_001,exp1_system_characterization/static_head_motion,153,114,0.7450980392156863,0.877470076084137,5.563947409885656
20260717_203329_controller_right,exp2_design_attribution,static_head_motion,trial_001,event_001,exp1_system_characterization/static_head_motion,153,115,0.7516339869281046,0.8762654662132263,5.670442666888276
20260717_203329_controller_right,exp2_design_attribution,static_head_motion,trial_001,event_001,exp1_system_characterization/static_head_motion,153,116,0.7581699346405228,0.8757561445236206,5.686252742439572
20260717_203329_controller_right,exp2_design_attribution,static_head_motion,trial_001,event_001,exp1_system_characterization/static_head_motion,153,117,0.7647058823529411,0.8720110058784485,5.685138379444094
20260717_203329_controller_right,exp2_design_attribution,static_head_motion,trial_001,event_001,exp1_system_characterization/static_head_motion,153,118,0.7712418300653595,0.870141327381134,5.663831133136054
20260717_203329_controller_right,exp2_design_attribution,static_head_motion,trial_001,event_001,exp1_system_characterization/static_head_motion,153,119,0.7777777777777778,0.869971513748169,5.654408258695903
20260717_203329_controller_right,exp2_design_attribution,static_head_motion,trial_001,event_001,exp1_system_characterization/static_head_motion,153,120,0.7843137254901961,0.8690937757492065,5.624275725602151
20260717_203329_controller_right,exp2_design_attribution,static_head_motion,trial_001,event_001,exp1_system_characterization/static_head_motion,153,121,0.7908496732026143,0.8687978386878967,5.607414479846106
20260717_203329_controller_right,exp2_design_attribution,static_head_motion,trial_001,event_001,exp1_system_characterization/static_head_motion,153,122,0.7973856209150327,0.8678603768348694,5.58854277262253
20260717_203329_controller_right,exp2_design_attribution,static_head_motion,trial_001,event_001,exp1_system_characterization/static_head_motion,153,123,0.803921568627451,0.8671646118164062,5.5754468084715105
20260717_203329_controller_right,exp2_design_attribution,static_head_motion,trial_001,event_001,exp1_system_characterization/static_head_motion,153,124,0.8104575163398693,0.8614769577980042,5.711927456344311
20260717_203329_controller_right,exp2_design_attribution,static_head_motion,trial_001,event_001,exp1_system_characterization/static_head_motion,153,125,0.8169934640522876,0.8587191700935364,5.70833143835287
20260717_203329_controller_right,exp2_design_attribution,static_head_motion,trial_001,event_001,exp1_system_characterization/static_head_motion,153,126,0.8235294117647058,0.8550655841827393,5.711040973840766
20260717_203329_controller_right,exp2_design_attribution,static_head_motion,trial_001,event_001,exp1_system_characterization/static_head_motion,153,127,0.8300653594771242,0.8541532158851624,5.729292072341865
20260717_203329_controller_right,exp2_design_attribution,static_head_motion,trial_001,event_001,exp1_system_characterization/static_head_motion,153,128,0.8366013071895425,0.8539820313453674,5.723884246609245
20260717_203329_controller_right,exp2_design_attribution,static_head_motion,trial_001,event_001,exp1_system_characterization/static_head_motion,153,129,0.8431372549019608,0.8535177707672119,5.735880054558011
20260717_203329_controller_right,exp2_design_attribution,static_head_motion,trial_001,event_001,exp1_system_characterization/static_head_motion,153,130,0.8496732026143791,0.8528441190719604,5.722412541490908
20260717_203329_controller_right,exp2_design_attribution,static_head_motion,trial_001,event_001,exp1_system_characterization/static_head_motion,153,131,0.8562091503267973,0.8493422269821167,5.734863727885113
20260717_203329_controller_right,exp2_design_attribution,static_head_motion,trial_001,event_001,exp1_system_characterization/static_head_motion,153,132,0.8627450980392157,0.8429473042488098,5.724405116139185
20260717_203329_controller_right,exp2_design_attribution,static_head_motion,trial_001,event_001,exp1_system_characterization/static_head_motion,153,133,0.869281045751634,0.8391754031181335,5.719205059948501
20260717_203329_controller_right,exp2_design_attribution,static_head_motion,trial_001,event_001,exp1_system_characterization/static_head_motion,153,134,0.8758169934640523,0.8370509743690491,5.7120944004426555
20260717_203329_controller_right,exp2_design_attribution,static_head_motion,trial_001,event_001,exp1_system_characterization/static_head_motion,153,135,0.8823529411764706,0.8362414836883545,5.693595182042448
20260717_203329_controller_right,exp2_design_attribution,static_head_motion,trial_001,event_001,exp1_system_characterization/static_head_motion,153,136,0.8888888888888888,0.8330957889556885,5.669068008590595
20260717_203329_controller_right,exp2_design_attribution,static_head_motion,trial_001,event_001,exp1_system_characterization/static_head_motion,153,137,0.8954248366013072,0.8288392424583435,5.677485304539054
20260717_203329_controller_right,exp2_design_attribution,static_head_motion,trial_001,event_001,exp1_system_characterization/static_head_motion,153,138,0.9019607843137255,0.8283337354660034,5.672599132162649
20260717_203329_controller_right,exp2_design_attribution,static_head_motion,trial_001,event_001,exp1_system_characterization/static_head_motion,153,139,0.9084967320261438,0.8232752084732056,5.680372793781791
20260717_203329_controller_right,exp2_design_attribution,static_head_motion,trial_001,event_001,exp1_system_characterization/static_head_motion,153,140,0.9150326797385621,0.8207788467407227,5.692326599061151
20260717_203329_controller_right,exp2_design_attribution,static_head_motion,trial_001,event_001,exp1_system_characterization/static_head_motion,153,141,0.9215686274509803,0.8193976879119873,5.696302691026592
20260717_203329_controller_right,exp2_design_attribution,static_head_motion,trial_001,event_001,exp1_system_characterization/static_head_motion,153,142,0.9281045751633987,0.8177690505981445,5.712288886492999
20260717_203329_controller_right,exp2_design_attribution,static_head_motion,trial_001,event_001,exp1_system_characterization/static_head_motion,153,143,0.934640522875817,0.8101804256439209,5.7070830557267485
20260717_203329_controller_right,exp2_design_attribution,static_head_motion,trial_001,event_001,exp1_system_characterization/static_head_motion,153,144,0.9411764705882353,0.7911378741264343,5.715241152911728
20260717_203329_controller_right,exp2_design_attribution,static_head_motion,trial_001,event_001,exp1_system_characterization/static_head_motion,153,145,0.9477124183006536,0.790869951248169,5.71598507605052
20260717_203329_controller_right,exp2_design_attribution,static_head_motion,trial_001,event_001,exp1_system_characterization/static_head_motion,153,146,0.954248366013072,0.714586615562439,5.998963837093903
20260717_203329_controller_right,exp2_design_attribution,static_head_motion,trial_001,event_001,exp1_system_characterization/static_head_motion,153,147,0.9607843137254902,0.708054780960083,6.0265387440054115
20260717_203329_controller_right,exp2_design_attribution,static_head_motion,trial_001,event_001,exp1_system_characterization/static_head_motion,153,148,0.9673202614379085,0.7077411413192749,6.057580221823718
20260717_203329_controller_right,exp2_design_attribution,static_head_motion,trial_001,event_001,exp1_system_characterization/static_head_motion,153,149,0.9738562091503268,0.6812763214111328,6.059201331466216
20260717_203329_controller_right,exp2_design_attribution,static_head_motion,trial_001,event_001,exp1_system_characterization/static_head_motion,153,150,0.9803921568627451,0.661277174949646,6.06825104771235
20260717_203329_controller_right,exp2_design_attribution,static_head_motion,trial_001,event_001,exp1_system_characterization/static_head_motion,153,151,0.9869281045751634,0.6521342396736145,6.077574020357649
20260717_203329_controller_right,exp2_design_attribution,static_head_motion,trial_001,event_001,exp1_system_characterization/static_head_motion,153,152,0.9934640522875817,0.6351815462112427,6.1547073459183155
20260717_203329_controller_right,exp2_design_attribution,static_head_motion,trial_001,event_001,exp1_system_characterization/static_head_motion,153,153,1.0,0.25346115231513977,6.172364082890367
20260717_203329_controller_right,exp2_design_attribution,static_head_motion,trial_001,event_002,exp1_system_characterization/static_head_motion,169,1,0.005917159763313609,0.9363537430763245,6.139522947462289
20260717_203329_controller_right,exp2_design_attribution,static_head_motion,trial_001,event_002,exp1_system_characterization/static_head_motion,169,2,0.011834319526627219,0.9360610842704773,5.4289708918648465
20260717_203329_controller_right,exp2_design_attribution,static_head_motion,trial_001,event_002,exp1_system_characterization/static_head_motion,169,3,0.01775147928994083,0.9352630376815796,5.089077557546546
20260717_203329_controller_right,exp2_design_attribution,static_head_motion,trial_001,event_002,exp1_system_characterization/static_head_motion,169,4,0.023668639053254437,0.9340891242027283,5.550908170861582
20260717_203329_controller_right,exp2_design_attribution,static_head_motion,trial_001,event_002,exp1_system_characterization/static_head_motion,169,5,0.029585798816568046,0.9329564571380615,5.4610576975419285
20260717_203329_controller_right,exp2_design_attribution,static_head_motion,trial_001,event_002,exp1_system_characterization/static_head_motion,169,6,0.03550295857988166,0.9322818517684937,5.476860538726577
20260717_203329_controller_right,exp2_design_attribution,static_head_motion,trial_001,event_002,exp1_system_characterization/static_head_motion,169,7,0.04142011834319527,0.9322618246078491,5.156243696647739
20260717_203329_controller_right,exp2_design_attribution,static_head_motion,trial_001,event_002,exp1_system_characterization/static_head_motion,169,8,0.047337278106508875,0.9315378069877625,4.637696772814648
20260717_203329_controller_right,exp2_design_attribution,static_head_motion,trial_001,event_002,exp1_system_characterization/static_head_motion,169,9,0.05325443786982249,0.9314250946044922,4.5048303167717165
20260717_203329_controller_right,exp2_design_attribution,static_head_motion,trial_001,event_002,exp1_system_characterization/static_head_motion,169,10,0.05917159763313609,0.9313229322433472,4.778951477489528
20260717_203329_controller_right,exp2_design_attribution,static_head_motion,trial_001,event_002,exp1_system_characterization/static_head_motion,169,11,0.0650887573964497,0.931145191192627,4.67415061960433
20260717_203329_controller_right,exp2_design_attribution,static_head_motion,trial_001,event_002,exp1_system_characterization/static_head_motion,169,12,0.07100591715976332,0.9304003119468689,4.528051517804013
20260717_203329_controller_right,exp2_design_attribution,static_head_motion,trial_001,event_002,exp1_system_characterization/static_head_motion,169,13,0.07692307692307693,0.9300295114517212,4.686452472042974
20260717_203329_controller_right,exp2_design_attribution,static_head_motion,trial_001,event_002,exp1_system_characterization/static_head_motion,169,14,0.08284023668639054,0.9299317002296448,4.425042998354707
20260717_203329_controller_right,exp2_design_attribution,static_head_motion,trial_001,event_002,exp1_system_characterization/static_head_motion,169,15,0.08875739644970414,0.9296713471412659,4.704043541701478
20260717_203329_controller_right,exp2_design_attribution,static_head_motion,trial_001,event_002,exp1_system_characterization/static_head_motion,169,16,0.09467455621301775,0.9293599724769592,4.658548239594769
20260717_203329_controller_right,exp2_design_attribution,static_head_motion,trial_001,event_002,exp1_system_characterization/static_head_motion,169,17,0.10059171597633136,0.9292312264442444,4.620212715900811
20260717_203329_controller_right,exp2_design_attribution,static_head_motion,trial_001,event_002,exp1_system_characterization/static_head_motion,169,18,0.10650887573964497,0.9289759397506714,4.598563388221649
20260717_203329_controller_right,exp2_design_attribution,static_head_motion,trial_001,event_002,exp1_system_characterization/static_head_motion,169,19,0.11242603550295859,0.9284582138061523,4.732929307847348
20260717_203329_controller_right,exp2_design_attribution,static_head_motion,trial_001,event_002,exp1_system_characterization/static_head_motion,169,20,0.11834319526627218,0.9284511208534241,4.63058356709753
20260717_203329_controller_right,exp2_design_attribution,static_head_motion,trial_001,event_002,exp1_system_characterization/static_head_motion,169,21,0.1242603550295858,0.9283836483955383,4.517232030597712
20260717_203329_controller_right,exp2_design_attribution,static_head_motion,trial_001,event_002,exp1_system_characterization/static_head_motion,169,22,0.1301775147928994,0.9283803701400757,4.5833154723949425
20260717_203329_controller_right,exp2_design_attribution,static_head_motion,trial_001,event_002,exp1_system_characterization/static_head_motion,169,23,0.13609467455621302,0.9279899597167969,4.669120299595815
20260717_203329_controller_right,exp2_design_attribution,static_head_motion,trial_001,event_002,exp1_system_characterization/static_head_motion,169,24,0.14201183431952663,0.9272525310516357,4.690433375818022
20260717_203329_controller_right,exp2_design_attribution,static_head_motion,trial_001,event_002,exp1_system_characterization/static_head_motion,169,25,0.14792899408284024,0.9270631670951843,4.561651515486483
20260717_203329_controller_right,exp2_design_attribution,static_head_motion,trial_001,event_002,exp1_system_characterization/static_head_motion,169,26,0.15384615384615385,0.9269078373908997,4.629870175039097
20260717_203329_controller_right,exp2_design_attribution,static_head_motion,trial_001,event_002,exp1_system_characterization/static_head_motion,169,27,0.15976331360946747,0.9268341660499573,4.595244203784587
20260717_203329_controller_right,exp2_design_attribution,static_head_motion,trial_001,event_002,exp1_system_characterization/static_head_motion,169,28,0.16568047337278108,0.9267745018005371,4.6836400627901
20260717_203329_controller_right,exp2_design_attribution,static_head_motion,trial_001,event_002,exp1_system_characterization/static_head_motion,169,29,0.17159763313609466,0.9264068603515625,4.670854036710151
20260717_203329_controller_right,exp2_design_attribution,static_head_motion,trial_001,event_002,exp1_system_characterization/static_head_motion,169,30,0.17751479289940827,0.9262394905090332,4.679332570321313
20260717_203329_controller_right,exp2_design_attribution,static_head_motion,trial_001,event_002,exp1_system_characterization/static_head_motion,169,31,0.1834319526627219,0.9261824488639832,4.6548890852812335
20260717_203329_controller_right,exp2_design_attribution,static_head_motion,trial_001,event_002,exp1_system_characterization/static_head_motion,169,32,0.1893491124260355,0.9250830411911011,4.72516745325566
20260717_203329_controller_right,exp2_design_attribution,static_head_motion,trial_001,event_002,exp1_system_characterization/static_head_motion,169,33,0.1952662721893491,0.9249847531318665,4.7551684808298145
20260717_203329_controller_right,exp2_design_attribution,static_head_motion,trial_001,event_002,exp1_system_characterization/static_head_motion,169,34,0.20118343195266272,0.9247571229934692,4.689268015780037
20260717_203329_controller_right,exp2_design_attribution,static_head_motion,trial_001,event_002,exp1_system_characterization/static_head_motion,169,35,0.20710059171597633,0.9247231483459473,4.721053667143
20260717_203329_controller_right,exp2_design_attribution,static_head_motion,trial_001,event_002,exp1_system_characterization/static_head_motion,169,36,0.21301775147928995,0.9243046641349792,4.6799361528069054
20260717_203329_controller_right,exp2_design_attribution,static_head_motion,trial_001,event_002,exp1_system_characterization/static_head_motion,169,37,0.21893491124260356,0.9242913722991943,4.713656304262148
20260717_203329_controller_right,exp2_design_attribution,static_head_motion,trial_001,event_002,exp1_system_characterization/static_head_motion,169,38,0.22485207100591717,0.9240943193435669,4.634194192120034
20260717_203329_controller_right,exp2_design_attribution,static_head_motion,trial_001,event_002,exp1_system_characterization/static_head_motion,169,39,0.23076923076923078,0.9239105582237244,4.57125449181508
20260717_203329_controller_right,exp2_design_attribution,static_head_motion,trial_001,event_002,exp1_system_characterization/static_head_motion,169,40,0.23668639053254437,0.9232840538024902,4.56763154116064
20260717_203329_controller_right,exp2_design_attribution,static_head_motion,trial_001,event_002,exp1_system_characterization/static_head_motion,169,41,0.24260355029585798,0.9230522513389587,4.623806972355421
20260717_203329_controller_right,exp2_design_attribution,static_head_motion,trial_001,event_002,exp1_system_characterization/static_head_motion,169,42,0.2485207100591716,0.9228704571723938,4.6469013157728
20260717_203329_controller_right,exp2_design_attribution,static_head_motion,trial_001,event_002,exp1_system_characterization/static_head_motion,169,43,0.25443786982248523,0.9227246642112732,4.684432567037997
20260717_203329_controller_right,exp2_design_attribution,static_head_motion,trial_001,event_002,exp1_system_characterization/static_head_motion,169,44,0.2603550295857988,0.9223625063896179,4.691190435824495
20260717_203329_controller_right,exp2_design_attribution,static_head_motion,trial_001,event_002,exp1_system_characterization/static_head_motion,169,45,0.26627218934911245,0.921791672706604,4.651572107255638
20260717_203329_controller_right,exp2_design_attribution,static_head_motion,trial_001,event_002,exp1_system_characterization/static_head_motion,169,46,0.27218934911242604,0.9213919639587402,4.641182397035289
20260717_203329_controller_right,exp2_design_attribution,static_head_motion,trial_001,event_002,exp1_system_characterization/static_head_motion,169,47,0.2781065088757396,0.9212068915367126,4.5900379029105745
20260717_203329_controller_right,exp2_design_attribution,static_head_motion,trial_001,event_002,exp1_system_characterization/static_head_motion,169,48,0.28402366863905326,0.9209975600242615,4.54435305167582
20260717_203329_controller_right,exp2_design_attribution,static_head_motion,trial_001,event_002,exp1_system_characterization/static_head_motion,169,49,0.28994082840236685,0.9209873676300049,4.517841356734904
20260717_203329_controller_right,exp2_design_attribution,static_head_motion,trial_001,event_002,exp1_system_characterization/static_head_motion,169,50,0.2958579881656805,0.9208150506019592,4.489675966636048
20260717_203329_controller_right,exp2_design_attribution,static_head_motion,trial_001,event_002,exp1_system_characterization/static_head_motion,169,51,0.30177514792899407,0.9205089211463928,4.452053563206497
20260717_203329_controller_right,exp2_design_attribution,static_head_motion,trial_001,event_002,exp1_system_characterization/static_head_motion,169,52,0.3076923076923077,0.9204854965209961,4.495560659558246
20260717_203329_controller_right,exp2_design_attribution,static_head_motion,trial_001,event_002,exp1_system_characterization/static_head_motion,169,53,0.3136094674556213,0.9204619526863098,4.4867432953477095
20260717_203329_controller_right,exp2_design_attribution,static_head_motion,trial_001,event_002,exp1_system_characterization/static_head_motion,169,54,0.31952662721893493,0.9204253554344177,4.459057646918478
20260717_203329_controller_right,exp2_design_attribution,static_head_motion,trial_001,event_002,exp1_system_characterization/static_head_motion,169,55,0.3254437869822485,0.9202638864517212,4.440530628521538
20260717_203329_controller_right,exp2_design_attribution,static_head_motion,trial_001,event_002,exp1_system_characterization/static_head_motion,169,56,0.33136094674556216,0.9202560782432556,4.422793048397372
20260717_203329_controller_right,exp2_design_attribution,static_head_motion,trial_001,event_002,exp1_system_characterization/static_head_motion,169,57,0.33727810650887574,0.9200342893600464,4.400979185218255
20260717_203329_controller_right,exp2_design_attribution,static_head_motion,trial_001,event_002,exp1_system_characterization/static_head_motion,169,58,0.3431952662721893,0.9200162887573242,4.425061689905987
20260717_203329_controller_right,exp2_design_attribution,static_head_motion,trial_001,event_002,exp1_system_characterization/static_head_motion,169,59,0.34911242603550297,0.9195729494094849,4.4207401619261715
20260717_203329_controller_right,exp2_design_attribution,static_head_motion,trial_001,event_002,exp1_system_characterization/static_head_motion,169,60,0.35502958579881655,0.9194259643554688,4.428328260936525
20260717_203329_controller_right,exp2_design_attribution,static_head_motion,trial_001,event_002,exp1_system_characterization/static_head_motion,169,61,0.3609467455621302,0.9193985462188721,4.466191918711434
20260717_203329_controller_right,exp2_design_attribution,static_head_motion,trial_001,event_002,exp1_system_characterization/static_head_motion,169,62,0.3668639053254438,0.9190941452980042,4.434991780314897
20260717_203329_controller_right,exp2_design_attribution,static_head_motion,trial_001,event_002,exp1_system_characterization/static_head_motion,169,63,0.3727810650887574,0.9190468192100525,4.4437596452729595
20260717_203329_controller_right,exp2_design_attribution,static_head_motion,trial_001,event_002,exp1_system_characterization/static_head_motion,169,64,0.378698224852071,0.9188470840454102,4.480982463584292
20260717_203329_controller_right,exp2_design_attribution,static_head_motion,trial_001,event_002,exp1_system_characterization/static_head_motion,169,65,0.38461538461538464,0.9187905788421631,4.5007925254217
20260717_203329_controller_right,exp2_design_attribution,static_head_motion,trial_001,event_002,exp1_system_characterization/static_head_motion,169,66,0.3905325443786982,0.9187626242637634,4.476714077467346
20260717_203329_controller_right,exp2_design_attribution,static_head_motion,trial_001,event_002,exp1_system_characterization/static_head_motion,169,67,0.39644970414201186,0.9185838103294373,4.474121798384718
20260717_203329_controller_right,exp2_design_attribution,static_head_motion,trial_001,event_002,exp1_system_characterization/static_head_motion,169,68,0.40236686390532544,0.917747974395752,4.507923408758473
20260717_203329_controller_right,exp2_design_attribution,static_head_motion,trial_001,event_002,exp1_system_characterization/static_head_motion,169,69,0.40828402366863903,0.9173083305358887,4.4656528701248766
20260717_203329_controller_right,exp2_design_attribution,static_head_motion,trial_001,event_002,exp1_system_characterization/static_head_motion,169,70,0.41420118343195267,0.9172084331512451,4.454492527794766
20260717_203329_controller_right,exp2_design_attribution,static_head_motion,trial_001,event_002,exp1_system_characterization/static_head_motion,169,71,0.42011834319526625,0.9170278906822205,4.441570730361973
20260717_203329_controller_right,exp2_design_attribution,static_head_motion,trial_001,event_002,exp1_system_characterization/static_head_motion,169,72,0.4260355029585799,0.9163166284561157,4.424304990359288
20260717_203329_controller_right,exp2_design_attribution,static_head_motion,trial_001,event_002,exp1_system_characterization/static_head_motion,169,73,0.4319526627218935,0.9162280559539795,4.426941130217951
20260717_203329_controller_right,exp2_design_attribution,static_head_motion,trial_001,event_002,exp1_system_characterization/static_head_motion,169,74,0.4378698224852071,0.9153804779052734,4.4106361575936734
20260717_203329_controller_right,exp2_design_attribution,static_head_motion,trial_001,event_002,exp1_system_characterization/static_head_motion,169,75,0.4437869822485207,0.9151797294616699,4.425143939713209
20260717_203329_controller_right,exp2_design_attribution,static_head_motion,trial_001,event_002,exp1_system_characterization/static_head_motion,169,76,0.44970414201183434,0.9150058627128601,4.429503737104771
20260717_203329_controller_right,exp2_design_attribution,static_head_motion,trial_001,event_002,exp1_system_characterization/static_head_motion,169,77,0.4556213017751479,0.9148920774459839,4.433556231936054
20260717_203329_controller_right,exp2_design_attribution,static_head_motion,trial_001,event_002,exp1_system_characterization/static_head_motion,169,78,0.46153846153846156,0.9145858883857727,4.41696298095296
20260717_203329_controller_right,exp2_design_attribution,static_head_motion,trial_001,event_002,exp1_system_characterization/static_head_motion,169,79,0.46745562130177515,0.9144228100776672,4.4478759071855904
20260717_203329_controller_right,exp2_design_attribution,static_head_motion,trial_001,event_002,exp1_system_characterization/static_head_motion,169,80,0.47337278106508873,0.9136343002319336,4.457511943642349
20260717_203329_controller_right,exp2_design_attribution,static_head_motion,trial_001,event_002,exp1_system_characterization/static_head_motion,169,81,0.47928994082840237,0.9135460257530212,4.428761660514051
20260717_203329_controller_right,exp2_design_attribution,static_head_motion,trial_001,event_002,exp1_system_characterization/static_head_motion,169,82,0.48520710059171596,0.913352370262146,4.41289525039623
20260717_203329_controller_right,exp2_design_attribution,static_head_motion,trial_001,event_002,exp1_system_characterization/static_head_motion,169,83,0.4911242603550296,0.9129178524017334,4.39945740989263
20260717_203329_controller_right,exp2_design_attribution,static_head_motion,trial_001,event_002,exp1_system_characterization/static_head_motion,169,84,0.4970414201183432,0.9127295017242432,4.412889039840918
20260717_203329_controller_right,exp2_design_attribution,static_head_motion,trial_001,event_002,exp1_system_characterization/static_head_motion,169,85,0.5029585798816568,0.9122867584228516,4.439650499811713
20260717_203329_controller_right,exp2_design_attribution,static_head_motion,trial_001,event_002,exp1_system_characterization/static_head_motion,169,86,0.5088757396449705,0.9118505120277405,4.419563390865259
20260717_203329_controller_right,exp2_design_attribution,static_head_motion,trial_001,event_002,exp1_system_characterization/static_head_motion,169,87,0.514792899408284,0.911389946937561,4.401061506443938
20260717_203329_controller_right,exp2_design_attribution,static_head_motion,trial_001,event_002,exp1_system_characterization/static_head_motion,169,88,0.5207100591715976,0.9112985134124756,4.437845147807264
20260717_203329_controller_right,exp2_design_attribution,static_head_motion,trial_001,event_002,exp1_system_characterization/static_head_motion,169,89,0.5266272189349113,0.9110392928123474,4.4510936280878655
20260717_203329_controller_right,exp2_design_attribution,static_head_motion,trial_001,event_002,exp1_system_characterization/static_head_motion,169,90,0.5325443786982249,0.9110224843025208,4.45335239627171
20260717_203329_controller_right,exp2_design_attribution,static_head_motion,trial_001,event_002,exp1_system_characterization/static_head_motion,169,91,0.5384615384615384,0.9104775190353394,4.424108698980676
20260717_203329_controller_right,exp2_design_attribution,static_head_motion,trial_001,event_002,exp1_system_characterization/static_head_motion,169,92,0.5443786982248521,0.9092637300491333,4.407255622096237
20260717_203329_controller_right,exp2_design_attribution,static_head_motion,trial_001,event_002,exp1_system_characterization/static_head_motion,169,93,0.5502958579881657,0.9089502096176147,4.387834731290584
20260717_203329_controller_right,exp2_design_attribution,static_head_motion,trial_001,event_002,exp1_system_characterization/static_head_motion,169,94,0.5562130177514792,0.9086620807647705,4.370286742401928
20260717_203329_controller_right,exp2_design_attribution,static_head_motion,trial_001,event_002,exp1_system_characterization/static_head_motion,169,95,0.5621301775147929,0.9084619283676147,4.373861258110052
20260717_203329_controller_right,exp2_design_attribution,static_head_motion,trial_001,event_002,exp1_system_characterization/static_head_motion,169,96,0.5680473372781065,0.9082397818565369,4.395716414529441
20260717_203329_controller_right,exp2_design_attribution,static_head_motion,trial_001,event_002,exp1_system_characterization/static_head_motion,169,97,0.5739644970414202,0.9078763127326965,4.3801631073910405
20260717_203329_controller_right,exp2_design_attribution,static_head_motion,trial_001,event_002,exp1_system_characterization/static_head_motion,169,98,0.5798816568047337,0.9077286720275879,4.361837187780299
20260717_203329_controller_right,exp2_design_attribution,static_head_motion,trial_001,event_002,exp1_system_characterization/static_head_motion,169,99,0.5857988165680473,0.9074739813804626,4.382482114864434
20260717_203329_controller_right,exp2_design_attribution,static_head_motion,trial_001,event_002,exp1_system_characterization/static_head_motion,169,100,0.591715976331361,0.9053515791893005,4.388660584611987
20260717_203329_controller_right,exp2_design_attribution,static_head_motion,trial_001,event_002,exp1_system_characterization/static_head_motion,169,101,0.5976331360946746,0.90494704246521,4.36664972289884
20260717_203329_controller_right,exp2_design_attribution,static_head_motion,trial_001,event_002,exp1_system_characterization/static_head_motion,169,102,0.6035502958579881,0.9043630957603455,4.360648561114978
20260717_203329_controller_right,exp2_design_attribution,static_head_motion,trial_001,event_002,exp1_system_characterization/static_head_motion,169,103,0.6094674556213018,0.9040907025337219,4.376586322680719
20260717_203329_controller_right,exp2_design_attribution,static_head_motion,trial_001,event_002,exp1_system_characterization/static_head_motion,169,104,0.6153846153846154,0.9038268327713013,4.380090786182375
20260717_203329_controller_right,exp2_design_attribution,static_head_motion,trial_001,event_002,exp1_system_characterization/static_head_motion,169,105,0.621301775147929,0.9033197164535522,4.393546010411264
20260717_203329_controller_right,exp2_design_attribution,static_head_motion,trial_001,event_002,exp1_system_characterization/static_head_motion,169,106,0.6272189349112426,0.9029852151870728,4.373477386662436
20260717_203329_controller_right,exp2_design_attribution,static_head_motion,trial_001,event_002,exp1_system_characterization/static_head_motion,169,107,0.6331360946745562,0.9018997550010681,4.360375279917781
20260717_203329_controller_right,exp2_design_attribution,static_head_motion,trial_001,event_002,exp1_system_characterization/static_head_motion,169,108,0.6390532544378699,0.9017789959907532,4.341752569461927
20260717_203329_controller_right,exp2_design_attribution,static_head_motion,trial_001,event_002,exp1_system_characterization/static_head_motion,169,109,0.6449704142011834,0.9015809893608093,4.336492679058163
20260717_203329_controller_right,exp2_design_attribution,static_head_motion,trial_001,event_002,exp1_system_characterization/static_head_motion,169,110,0.650887573964497,0.9014384746551514,4.319552951260987
20260717_203329_controller_right,exp2_design_attribution,static_head_motion,trial_001,event_002,exp1_system_characterization/static_head_motion,169,111,0.6568047337278107,0.9007121324539185,4.3179742980017135
20260717_203329_controller_right,exp2_design_attribution,static_head_motion,trial_001,event_002,exp1_system_characterization/static_head_motion,169,112,0.6627218934911243,0.9001218676567078,4.315181549977423
20260717_203329_controller_right,exp2_design_attribution,static_head_motion,trial_001,event_002,exp1_system_characterization/static_head_motion,169,113,0.6686390532544378,0.8994207382202148,4.312863506371496
20260717_203329_controller_right,exp2_design_attribution,static_head_motion,trial_001,event_002,exp1_system_characterization/static_head_motion,169,114,0.6745562130177515,0.8993300199508667,4.326223794470519
20260717_203329_controller_right,exp2_design_attribution,static_head_motion,trial_001,event_002,exp1_system_characterization/static_head_motion,169,115,0.6804733727810651,0.8988997936248779,4.327886174996644
20260717_203329_controller_right,exp2_design_attribution,static_head_motion,trial_001,event_002,exp1_system_characterization/static_head_motion,169,116,0.6863905325443787,0.8988574147224426,4.329320464710235
20260717_203329_controller_right,exp2_design_attribution,static_head_motion,trial_001,event_002,exp1_system_characterization/static_head_motion,169,117,0.6923076923076923,0.8986827731132507,4.345657483142876
20260717_203329_controller_right,exp2_design_attribution,static_head_motion,trial_001,event_002,exp1_system_characterization/static_head_motion,169,118,0.6982248520710059,0.897853434085846,4.354504145618785
20260717_203329_controller_right,exp2_design_attribution,static_head_motion,trial_001,event_002,exp1_system_characterization/static_head_motion,169,119,0.7041420118343196,0.8973770141601562,4.349839209397041
20260717_203329_controller_right,exp2_design_attribution,static_head_motion,trial_001,event_002,exp1_system_characterization/static_head_motion,169,120,0.7100591715976331,0.8969247341156006,4.381643577682399
20260717_203329_controller_right,exp2_design_attribution,static_head_motion,trial_001,event_002,exp1_system_characterization/static_head_motion,169,121,0.7159763313609467,0.8957654237747192,4.385726844324802
20260717_203329_controller_right,exp2_design_attribution,static_head_motion,trial_001,event_002,exp1_system_characterization/static_head_motion,169,122,0.7218934911242604,0.8956648707389832,4.369271189427766
20260717_203329_controller_right,exp2_design_attribution,static_head_motion,trial_001,event_002,exp1_system_characterization/static_head_motion,169,123,0.727810650887574,0.895385205745697,4.351810463737374
20260717_203329_controller_right,exp2_design_attribution,static_head_motion,trial_001,event_002,exp1_system_characterization/static_head_motion,169,124,0.7337278106508875,0.8941508531570435,4.334566455608898
20260717_203329_controller_right,exp2_design_attribution,static_head_motion,trial_001,event_002,exp1_system_characterization/static_head_motion,169,125,0.7396449704142012,0.8935005068778992,4.3313329070768996
20260717_203329_controller_right,exp2_design_attribution,static_head_motion,trial_001,event_002,exp1_system_characterization/static_head_motion,169,126,0.7455621301775148,0.8934438228607178,4.322449962875067
20260717_203329_controller_right,exp2_design_attribution,static_head_motion,trial_001,event_002,exp1_system_characterization/static_head_motion,169,127,0.7514792899408284,0.8930791616439819,4.316369539990866
20260717_203329_controller_right,exp2_design_attribution,static_head_motion,trial_001,event_002,exp1_system_characterization/static_head_motion,169,128,0.757396449704142,0.8930206298828125,4.335294945083517
20260717_203329_controller_right,exp2_design_attribution,static_head_motion,trial_001,event_002,exp1_system_characterization/static_head_motion,169,129,0.7633136094674556,0.8922545909881592,4.350944415408715
20260717_203329_controller_right,exp2_design_attribution,static_head_motion,trial_001,event_002,exp1_system_characterization/static_head_motion,169,130,0.7692307692307693,0.8916964530944824,4.342023450158385
20260717_203329_controller_right,exp2_design_attribution,static_head_motion,trial_001,event_002,exp1_system_characterization/static_head_motion,169,131,0.7751479289940828,0.8902288675308228,4.3455344223927055
20260717_203329_controller_right,exp2_design_attribution,static_head_motion,trial_001,event_002,exp1_system_characterization/static_head_motion,169,132,0.7810650887573964,0.890194296836853,4.342142003686664
20260717_203329_controller_right,exp2_design_attribution,static_head_motion,trial_001,event_002,exp1_system_characterization/static_head_motion,169,133,0.7869822485207101,0.8896397948265076,4.328333449562327
20260717_203329_controller_right,exp2_design_attribution,static_head_motion,trial_001,event_002,exp1_system_characterization/static_head_motion,169,134,0.7928994082840237,0.8894954323768616,4.33349801185928
20260717_203329_controller_right,exp2_design_attribution,static_head_motion,trial_001,event_002,exp1_system_characterization/static_head_motion,169,135,0.7988165680473372,0.8892789483070374,4.316917464857651
20260717_203329_controller_right,exp2_design_attribution,static_head_motion,trial_001,event_002,exp1_system_characterization/static_head_motion,169,136,0.8047337278106509,0.8892731666564941,4.300559674873648
20260717_203329_controller_right,exp2_design_attribution,static_head_motion,trial_001,event_002,exp1_system_characterization/static_head_motion,169,137,0.8106508875739645,0.8882770538330078,4.3173877089782495
20260717_203329_controller_right,exp2_design_attribution,static_head_motion,trial_001,event_002,exp1_system_characterization/static_head_motion,169,138,0.8165680473372781,0.8880336284637451,4.315587552292567
20260717_203329_controller_right,exp2_design_attribution,static_head_motion,trial_001,event_002,exp1_system_characterization/static_head_motion,169,139,0.8224852071005917,0.887710452079773,4.308582817559754
20260717_203329_controller_right,exp2_design_attribution,static_head_motion,trial_001,event_002,exp1_system_characterization/static_head_motion,169,140,0.8284023668639053,0.8874248266220093,4.309366954904798
20260717_203329_controller_right,exp2_design_attribution,static_head_motion,trial_001,event_002,exp1_system_characterization/static_head_motion,169,141,0.834319526627219,0.8869072198867798,4.304661612000873
20260717_203329_controller_right,exp2_design_attribution,static_head_motion,trial_001,event_002,exp1_system_characterization/static_head_motion,169,142,0.8402366863905325,0.886816143989563,4.309376696637519
20260717_203329_controller_right,exp2_design_attribution,static_head_motion,trial_001,event_002,exp1_system_characterization/static_head_motion,169,143,0.8461538461538461,0.8852049112319946,4.313048083996336
20260717_203329_controller_right,exp2_design_attribution,static_head_motion,trial_001,event_002,exp1_system_characterization/static_head_motion,169,144,0.8520710059171598,0.8847954869270325,4.318995734608642
20260717_203329_controller_right,exp2_design_attribution,static_head_motion,trial_001,event_002,exp1_system_characterization/static_head_motion,169,145,0.8579881656804734,0.8833940625190735,4.330046166327377
20260717_203329_controller_right,exp2_design_attribution,static_head_motion,trial_001,event_002,exp1_system_characterization/static_head_motion,169,146,0.863905325443787,0.8830289840698242,4.318670638261979
20260717_203329_controller_right,exp2_design_attribution,static_head_motion,trial_001,event_002,exp1_system_characterization/static_head_motion,169,147,0.8698224852071006,0.8830150365829468,4.317665873970813
20260717_203329_controller_right,exp2_design_attribution,static_head_motion,trial_001,event_002,exp1_system_characterization/static_head_motion,169,148,0.8757396449704142,0.8820911049842834,4.3153262406105535
20260717_203329_controller_right,exp2_design_attribution,static_head_motion,trial_001,event_002,exp1_system_characterization/static_head_motion,169,149,0.8816568047337278,0.8813613653182983,4.326625743340981
20260717_203329_controller_right,exp2_design_attribution,static_head_motion,trial_001,event_002,exp1_system_characterization/static_head_motion,169,150,0.8875739644970414,0.8797881007194519,4.311517255264988
20260717_203329_controller_right,exp2_design_attribution,static_head_motion,trial_001,event_002,exp1_system_characterization/static_head_motion,169,151,0.893491124260355,0.8794992566108704,4.318052789349345
20260717_203329_controller_right,exp2_design_attribution,static_head_motion,trial_001,event_002,exp1_system_characterization/static_head_motion,169,152,0.8994082840236687,0.874358057975769,4.305092464563295
20260717_203329_controller_right,exp2_design_attribution,static_head_motion,trial_001,event_002,exp1_system_characterization/static_head_motion,169,153,0.9053254437869822,0.8718001246452332,4.309813626519001
20260717_203329_controller_right,exp2_design_attribution,static_head_motion,trial_001,event_002,exp1_system_characterization/static_head_motion,169,154,0.9112426035502958,0.8681082725524902,4.318810010925984
20260717_203329_controller_right,exp2_design_attribution,static_head_motion,trial_001,event_002,exp1_system_characterization/static_head_motion,169,155,0.9171597633136095,0.8663982152938843,4.318594679656866
20260717_203329_controller_right,exp2_design_attribution,static_head_motion,trial_001,event_002,exp1_system_characterization/static_head_motion,169,156,0.9230769230769231,0.8620486855506897,4.338092534850615
20260717_203329_controller_right,exp2_design_attribution,static_head_motion,trial_001,event_002,exp1_system_characterization/static_head_motion,169,157,0.9289940828402367,0.8584166169166565,4.3417752902727385
20260717_203329_controller_right,exp2_design_attribution,static_head_motion,trial_001,event_002,exp1_system_characterization/static_head_motion,169,158,0.9349112426035503,0.8571435213088989,4.341921701215527
20260717_203329_controller_right,exp2_design_attribution,static_head_motion,trial_001,event_002,exp1_system_characterization/static_head_motion,169,159,0.9408284023668639,0.8554120659828186,4.347338727514978
20260717_203329_controller_right,exp2_design_attribution,static_head_motion,trial_001,event_002,exp1_system_characterization/static_head_motion,169,160,0.9467455621301775,0.8485223650932312,4.360432068567713
20260717_203329_controller_right,exp2_design_attribution,static_head_motion,trial_001,event_002,exp1_system_characterization/static_head_motion,169,161,0.9526627218934911,0.8361052870750427,4.370553516582477
20260717_203329_controller_right,exp2_design_attribution,static_head_motion,trial_001,event_002,exp1_system_characterization/static_head_motion,169,162,0.9585798816568047,0.8348942995071411,4.373309112578819
20260717_203329_controller_right,exp2_design_attribution,static_head_motion,trial_001,event_002,exp1_system_characterization/static_head_motion,169,163,0.9644970414201184,0.8341777920722961,4.375848619166353
20260717_203329_controller_right,exp2_design_attribution,static_head_motion,trial_001,event_002,exp1_system_characterization/static_head_motion,169,164,0.9704142011834319,0.8263944983482361,4.381674969761594
20260717_203329_controller_right,exp2_design_attribution,static_head_motion,trial_001,event_002,exp1_system_characterization/static_head_motion,169,165,0.9763313609467456,0.8248769640922546,4.387783656406906
20260717_203329_controller_right,exp2_design_attribution,static_head_motion,trial_001,event_002,exp1_system_characterization/static_head_motion,169,166,0.9822485207100592,0.8233669996261597,4.403246485816966
20260717_203329_controller_right,exp2_design_attribution,static_head_motion,trial_001,event_002,exp1_system_characterization/static_head_motion,169,167,0.9881656804733728,0.8154273629188538,4.403088404913892
20260717_203329_controller_right,exp2_design_attribution,static_head_motion,trial_001,event_002,exp1_system_characterization/static_head_motion,169,168,0.9940828402366864,0.7862671613693237,4.4020946651383595
20260717_203329_controller_right,exp2_design_attribution,static_head_motion,trial_001,event_002,exp1_system_characterization/static_head_motion,169,169,1.0,0.5385659337043762,4.436108708358701
20260717_203329_controller_right,exp2_design_attribution,static_head_motion,trial_001,event_003,exp1_system_characterization/static_head_motion,193,1,0.0051813471502590676,0.9374979138374329,3.1442707422107987
20260717_203329_controller_right,exp2_design_attribution,static_head_motion,trial_001,event_003,exp1_system_characterization/static_head_motion,193,2,0.010362694300518135,0.9350968599319458,3.296131071536873
20260717_203329_controller_right,exp2_design_attribution,static_head_motion,trial_001,event_003,exp1_system_characterization/static_head_motion,193,3,0.015544041450777202,0.9330468773841858,2.9187917700964867
20260717_203329_controller_right,exp2_design_attribution,static_head_motion,trial_001,event_003,exp1_system_characterization/static_head_motion,193,4,0.02072538860103627,0.9300110936164856,3.5226782328361965
20260717_203329_controller_right,exp2_design_attribution,static_head_motion,trial_001,event_003,exp1_system_characterization/static_head_motion,193,5,0.025906735751295335,0.9298605918884277,3.3012748718889036
20260717_203329_controller_right,exp2_design_attribution,static_head_motion,trial_001,event_003,exp1_system_characterization/static_head_motion,193,6,0.031088082901554404,0.9298158884048462,3.4811973963089264
20260717_203329_controller_right,exp2_design_attribution,static_head_motion,trial_001,event_003,exp1_system_characterization/static_head_motion,193,7,0.03626943005181347,0.9295908808708191,3.565455794982559
20260717_203329_controller_right,exp2_design_attribution,static_head_motion,trial_001,event_003,exp1_system_characterization/static_head_motion,193,8,0.04145077720207254,0.9290855526924133,3.42937229602475
20260717_203329_controller_right,exp2_design_attribution,static_head_motion,trial_001,event_003,exp1_system_characterization/static_head_motion,193,9,0.046632124352331605,0.928631067276001,3.4912710914006797
20260717_203329_controller_right,exp2_design_attribution,static_head_motion,trial_001,event_003,exp1_system_characterization/static_head_motion,193,10,0.05181347150259067,0.9279205799102783,3.767587580312449
20260717_203329_controller_right,exp2_design_attribution,static_head_motion,trial_001,event_003,exp1_system_characterization/static_head_motion,193,11,0.05699481865284974,0.9269870519638062,3.6656087581593426
20260717_203329_controller_right,exp2_design_attribution,static_head_motion,trial_001,event_003,exp1_system_characterization/static_head_motion,193,12,0.06217616580310881,0.9268845319747925,3.55221382442371
20260717_203329_controller_right,exp2_design_attribution,static_head_motion,trial_001,event_003,exp1_system_characterization/static_head_motion,193,13,0.06735751295336788,0.9261374473571777,3.956421931275909
20260717_203329_controller_right,exp2_design_attribution,static_head_motion,trial_001,event_003,exp1_system_characterization/static_head_motion,193,14,0.07253886010362694,0.9257357716560364,4.023881865772336
20260717_203329_controller_right,exp2_design_attribution,static_head_motion,trial_001,event_003,exp1_system_characterization/static_head_motion,193,15,0.07772020725388601,0.9253750443458557,3.9126893666316036
20260717_203329_controller_right,exp2_design_attribution,static_head_motion,trial_001,event_003,exp1_system_characterization/static_head_motion,193,16,0.08290155440414508,0.9253712296485901,3.9040062558303212
20260717_203329_controller_right,exp2_design_attribution,static_head_motion,trial_001,event_003,exp1_system_characterization/static_head_motion,193,17,0.08808290155440414,0.9251919984817505,3.942018607536489
20260717_203329_controller_right,exp2_design_attribution,static_head_motion,trial_001,event_003,exp1_system_characterization/static_head_motion,193,18,0.09326424870466321,0.9250872731208801,3.905657882066137
20260717_203329_controller_right,exp2_design_attribution,static_head_motion,trial_001,event_003,exp1_system_characterization/static_head_motion,193,19,0.09844559585492228,0.9249173402786255,3.8352569916077446
20260717_203329_controller_right,exp2_design_attribution,static_head_motion,trial_001,event_003,exp1_system_characterization/static_head_motion,193,20,0.10362694300518134,0.9246029257774353,3.883795671970275
20260717_203329_controller_right,exp2_design_attribution,static_head_motion,trial_001,event_003,exp1_system_characterization/static_head_motion,193,21,0.10880829015544041,0.9232915639877319,3.8196924761827384
20260717_203329_controller_right,exp2_design_attribution,static_head_motion,trial_001,event_003,exp1_system_characterization/static_head_motion,193,22,0.11398963730569948,0.9230691194534302,3.9528552436038664
20260717_203329_controller_right,exp2_design_attribution,static_head_motion,trial_001,event_003,exp1_system_characterization/static_head_motion,193,23,0.11917098445595854,0.9220444560050964,3.884814932407461
20260717_203329_controller_right,exp2_design_attribution,static_head_motion,trial_001,event_003,exp1_system_characterization/static_head_motion,193,24,0.12435233160621761,0.9218288660049438,3.947930634960691
20260717_203329_controller_right,exp2_design_attribution,static_head_motion,trial_001,event_003,exp1_system_characterization/static_head_motion,193,25,0.12953367875647667,0.9215718507766724,4.065566239823772
20260717_203329_controller_right,exp2_design_attribution,static_head_motion,trial_001,event_003,exp1_system_characterization/static_head_motion,193,26,0.13471502590673576,0.9209932088851929,4.002298093654766
20260717_203329_controller_right,exp2_design_attribution,static_head_motion,trial_001,event_003,exp1_system_characterization/static_head_motion,193,27,0.13989637305699482,0.920741617679596,3.933471734206672
20260717_203329_controller_right,exp2_design_attribution,static_head_motion,trial_001,event_003,exp1_system_characterization/static_head_motion,193,28,0.14507772020725387,0.9201871156692505,3.9079591674474323
20260717_203329_controller_right,exp2_design_attribution,static_head_motion,trial_001,event_003,exp1_system_characterization/static_head_motion,193,29,0.15025906735751296,0.9201562404632568,4.057452250769256
20260717_203329_controller_right,exp2_design_attribution,static_head_motion,trial_001,event_003,exp1_system_characterization/static_head_motion,193,30,0.15544041450777202,0.9199120402336121,4.017101912898669
20260717_203329_controller_right,exp2_design_attribution,static_head_motion,trial_001,event_003,exp1_system_characterization/static_head_motion,193,31,0.16062176165803108,0.9196003079414368,3.9803771093589853
20260717_203329_controller_right,exp2_design_attribution,static_head_motion,trial_001,event_003,exp1_system_characterization/static_head_motion,193,32,0.16580310880829016,0.9195898771286011,3.994481972632147
20260717_203329_controller_right,exp2_design_attribution,static_head_motion,trial_001,event_003,exp1_system_characterization/static_head_motion,193,33,0.17098445595854922,0.9190417528152466,3.9321238794362228
20260717_203329_controller_right,exp2_design_attribution,static_head_motion,trial_001,event_003,exp1_system_characterization/static_head_motion,193,34,0.17616580310880828,0.9187819361686707,3.975407329973134
20260717_203329_controller_right,exp2_design_attribution,static_head_motion,trial_001,event_003,exp1_system_characterization/static_head_motion,193,35,0.18134715025906736,0.918633222579956,3.9446901829549175
20260717_203329_controller_right,exp2_design_attribution,static_head_motion,trial_001,event_003,exp1_system_characterization/static_head_motion,193,36,0.18652849740932642,0.9183608889579773,3.8932688399486435
20260717_203329_controller_right,exp2_design_attribution,static_head_motion,trial_001,event_003,exp1_system_characterization/static_head_motion,193,37,0.19170984455958548,0.9181574583053589,3.858223854689973
20260717_203329_controller_right,exp2_design_attribution,static_head_motion,trial_001,event_003,exp1_system_characterization/static_head_motion,193,38,0.19689119170984457,0.9174947142601013,3.892539414257292
20260717_203329_controller_right,exp2_design_attribution,static_head_motion,trial_001,event_003,exp1_system_characterization/static_head_motion,193,39,0.20207253886010362,0.9159941077232361,3.857495638520602
20260717_203329_controller_right,exp2_design_attribution,static_head_motion,trial_001,event_003,exp1_system_characterization/static_head_motion,193,40,0.20725388601036268,0.9152591824531555,3.8504952308683214
20260717_203329_controller_right,exp2_design_attribution,static_head_motion,trial_001,event_003,exp1_system_characterization/static_head_motion,193,41,0.21243523316062177,0.9149491786956787,3.9380612584924606
20260717_203329_controller_right,exp2_design_attribution,static_head_motion,trial_001,event_003,exp1_system_characterization/static_head_motion,193,42,0.21761658031088082,0.9142634868621826,4.245600514549949
20260717_203329_controller_right,exp2_design_attribution,static_head_motion,trial_001,event_003,exp1_system_characterization/static_head_motion,193,43,0.22279792746113988,0.9141969084739685,4.20894188655343
20260717_203329_controller_right,exp2_design_attribution,static_head_motion,trial_001,event_003,exp1_system_characterization/static_head_motion,193,44,0.22797927461139897,0.9135351181030273,4.1715237498626845
20260717_203329_controller_right,exp2_design_attribution,static_head_motion,trial_001,event_003,exp1_system_characterization/static_head_motion,193,45,0.23316062176165803,0.9135105609893799,4.165135680489471
20260717_203329_controller_right,exp2_design_attribution,static_head_motion,trial_001,event_003,exp1_system_characterization/static_head_motion,193,46,0.23834196891191708,0.9134031534194946,4.13672712180931
20260717_203329_controller_right,exp2_design_attribution,static_head_motion,trial_001,event_003,exp1_system_characterization/static_head_motion,193,47,0.24352331606217617,0.9126812815666199,4.106432832802429
20260717_203329_controller_right,exp2_design_attribution,static_head_motion,trial_001,event_003,exp1_system_characterization/static_head_motion,193,48,0.24870466321243523,0.9126768112182617,4.079896383571723
20260717_203329_controller_right,exp2_design_attribution,static_head_motion,trial_001,event_003,exp1_system_characterization/static_head_motion,193,49,0.2538860103626943,0.9126527905464172,4.084452007080488
20260717_203329_controller_right,exp2_design_attribution,static_head_motion,trial_001,event_003,exp1_system_characterization/static_head_motion,193,50,0.25906735751295334,0.9124206900596619,4.094085863881396
20260717_203329_controller_right,exp2_design_attribution,static_head_motion,trial_001,event_003,exp1_system_characterization/static_head_motion,193,51,0.26424870466321243,0.9122748970985413,4.052210727108187
20260717_203329_controller_right,exp2_design_attribution,static_head_motion,trial_001,event_003,exp1_system_characterization/static_head_motion,193,52,0.2694300518134715,0.9120756983757019,4.068153541511479
20260717_203329_controller_right,exp2_design_attribution,static_head_motion,trial_001,event_003,exp1_system_characterization/static_head_motion,193,53,0.27461139896373055,0.9118291139602661,4.1276942057284005
20260717_203329_controller_right,exp2_design_attribution,static_head_motion,trial_001,event_003,exp1_system_characterization/static_head_motion,193,54,0.27979274611398963,0.9118261933326721,4.092920753894167
20260717_203329_controller_right,exp2_design_attribution,static_head_motion,trial_001,event_003,exp1_system_characterization/static_head_motion,193,55,0.2849740932642487,0.9113536477088928,4.060873573347768
20260717_203329_controller_right,exp2_design_attribution,static_head_motion,trial_001,event_003,exp1_system_characterization/static_head_motion,193,56,0.29015544041450775,0.9109207391738892,4.0254381946402935
20260717_203329_controller_right,exp2_design_attribution,static_head_motion,trial_001,event_003,exp1_system_characterization/static_head_motion,193,57,0.29533678756476683,0.910614013671875,4.008804118295498
20260717_203329_controller_right,exp2_design_attribution,static_head_motion,trial_001,event_003,exp1_system_characterization/static_head_motion,193,58,0.3005181347150259,0.9102058410644531,4.050651022130934
20260717_203329_controller_right,exp2_design_attribution,static_head_motion,trial_001,event_003,exp1_system_characterization/static_head_motion,193,59,0.30569948186528495,0.9101161360740662,4.029233734968116
20260717_203329_controller_right,exp2_design_attribution,static_head_motion,trial_001,event_003,exp1_system_characterization/static_head_motion,193,60,0.31088082901554404,0.9100947380065918,4.015856722069362
20260717_203329_controller_right,exp2_design_attribution,static_head_motion,trial_001,event_003,exp1_system_characterization/static_head_motion,193,61,0.3160621761658031,0.9100924730300903,4.089100963738172
20260717_203329_controller_right,exp2_design_attribution,static_head_motion,trial_001,event_003,exp1_system_characterization/static_head_motion,193,62,0.32124352331606215,0.9098308682441711,4.159156022740429
20260717_203329_controller_right,exp2_design_attribution,static_head_motion,trial_001,event_003,exp1_system_characterization/static_head_motion,193,63,0.32642487046632124,0.909812331199646,4.215158940002944
20260717_203329_controller_right,exp2_design_attribution,static_head_motion,trial_001,event_003,exp1_system_characterization/static_head_motion,193,64,0.3316062176165803,0.9095559120178223,4.18913687177983
20260717_203329_controller_right,exp2_design_attribution,static_head_motion,trial_001,event_003,exp1_system_characterization/static_head_motion,193,65,0.33678756476683935,0.9094144701957703,4.1766637164066145
20260717_203329_controller_right,exp2_design_attribution,static_head_motion,trial_001,event_003,exp1_system_characterization/static_head_motion,193,66,0.34196891191709844,0.909395158290863,4.174908074874046
20260717_203329_controller_right,exp2_design_attribution,static_head_motion,trial_001,event_003,exp1_system_characterization/static_head_motion,193,67,0.3471502590673575,0.9088073968887329,4.165117352571552
20260717_203329_controller_right,exp2_design_attribution,static_head_motion,trial_001,event_003,exp1_system_characterization/static_head_motion,193,68,0.35233160621761656,0.908666729927063,4.151114146458383
20260717_203329_controller_right,exp2_design_attribution,static_head_motion,trial_001,event_003,exp1_system_characterization/static_head_motion,193,69,0.35751295336787564,0.9084784388542175,4.137804724171894
20260717_203329_controller_right,exp2_design_attribution,static_head_motion,trial_001,event_003,exp1_system_characterization/static_head_motion,193,70,0.3626943005181347,0.9081419110298157,4.161997183129988
20260717_203329_controller_right,exp2_design_attribution,static_head_motion,trial_001,event_003,exp1_system_characterization/static_head_motion,193,71,0.36787564766839376,0.9078401327133179,4.137328385914815
20260717_203329_controller_right,exp2_design_attribution,static_head_motion,trial_001,event_003,exp1_system_characterization/static_head_motion,193,72,0.37305699481865284,0.90770024061203,4.186024500116442
20260717_203329_controller_right,exp2_design_attribution,static_head_motion,trial_001,event_003,exp1_system_characterization/static_head_motion,193,73,0.37823834196891193,0.9070901274681091,4.163125335469589
20260717_203329_controller_right,exp2_design_attribution,static_head_motion,trial_001,event_003,exp1_system_characterization/static_head_motion,193,74,0.38341968911917096,0.906895637512207,4.150352227023015
20260717_203329_controller_right,exp2_design_attribution,static_head_motion,trial_001,event_003,exp1_system_characterization/static_head_motion,193,75,0.38860103626943004,0.9065723419189453,4.135342244035537
20260717_203329_controller_right,exp2_design_attribution,static_head_motion,trial_001,event_003,exp1_system_characterization/static_head_motion,193,76,0.39378238341968913,0.906122624874115,4.199477827132276
20260717_203329_controller_right,exp2_design_attribution,static_head_motion,trial_001,event_003,exp1_system_characterization/static_head_motion,193,77,0.39896373056994816,0.9058391451835632,4.392625210995116
20260717_203329_controller_right,exp2_design_attribution,static_head_motion,trial_001,event_003,exp1_system_characterization/static_head_motion,193,78,0.40414507772020725,0.9057912826538086,4.4527379283781
20260717_203329_controller_right,exp2_design_attribution,static_head_motion,trial_001,event_003,exp1_system_characterization/static_head_motion,193,79,0.40932642487046633,0.9056316018104553,4.479501718363662
20260717_203329_controller_right,exp2_design_attribution,static_head_motion,trial_001,event_003,exp1_system_characterization/static_head_motion,193,80,0.41450777202072536,0.9056005477905273,4.466381263637198
20260717_203329_controller_right,exp2_design_attribution,static_head_motion,trial_001,event_003,exp1_system_characterization/static_head_motion,193,81,0.41968911917098445,0.905036985874176,4.440341474346202
20260717_203329_controller_right,exp2_design_attribution,static_head_motion,trial_001,event_003,exp1_system_characterization/static_head_motion,193,82,0.42487046632124353,0.9050319790840149,4.4363729676021775
20260717_203329_controller_right,exp2_design_attribution,static_head_motion,trial_001,event_003,exp1_system_characterization/static_head_motion,193,83,0.43005181347150256,0.9047762155532837,4.434407234870787
20260717_203329_controller_right,exp2_design_attribution,static_head_motion,trial_001,event_003,exp1_system_characterization/static_head_motion,193,84,0.43523316062176165,0.9045373797416687,4.477547250952614
20260717_203329_controller_right,exp2_design_attribution,static_head_motion,trial_001,event_003,exp1_system_characterization/static_head_motion,193,85,0.44041450777202074,0.9043102264404297,4.492668098520908
20260717_203329_controller_right,exp2_design_attribution,static_head_motion,trial_001,event_003,exp1_system_characterization/static_head_motion,193,86,0.44559585492227977,0.9039143323898315,4.478273126538936
20260717_203329_controller_right,exp2_design_attribution,static_head_motion,trial_001,event_003,exp1_system_characterization/static_head_motion,193,87,0.45077720207253885,0.9031915068626404,4.498820687352484
20260717_203329_controller_right,exp2_design_attribution,static_head_motion,trial_001,event_003,exp1_system_characterization/static_head_motion,193,88,0.45595854922279794,0.9027276635169983,4.477154597819589
20260717_203329_controller_right,exp2_design_attribution,static_head_motion,trial_001,event_003,exp1_system_characterization/static_head_motion,193,89,0.46113989637305697,0.902374804019928,4.463231643845949
20260717_203329_controller_right,exp2_design_attribution,static_head_motion,trial_001,event_003,exp1_system_characterization/static_head_motion,193,90,0.46632124352331605,0.902134895324707,4.560174048295954
20260717_203329_controller_right,exp2_design_attribution,static_head_motion,trial_001,event_003,exp1_system_characterization/static_head_motion,193,91,0.47150259067357514,0.9021115303039551,4.5548422646805085
20260717_203329_controller_right,exp2_design_attribution,static_head_motion,trial_001,event_003,exp1_system_characterization/static_head_motion,193,92,0.47668393782383417,0.9018714427947998,4.53780373351185
20260717_203329_controller_right,exp2_design_attribution,static_head_motion,trial_001,event_003,exp1_system_characterization/static_head_motion,193,93,0.48186528497409326,0.9018548130989075,4.57486553864434
20260717_203329_controller_right,exp2_design_attribution,static_head_motion,trial_001,event_003,exp1_system_characterization/static_head_motion,193,94,0.48704663212435234,0.9012966156005859,4.618422410959979
20260717_203329_controller_right,exp2_design_attribution,static_head_motion,trial_001,event_003,exp1_system_characterization/static_head_motion,193,95,0.49222797927461137,0.9008826613426208,4.599225784955062
20260717_203329_controller_right,exp2_design_attribution,static_head_motion,trial_001,event_003,exp1_system_characterization/static_head_motion,193,96,0.49740932642487046,0.9008322358131409,4.596679297084884
20260717_203329_controller_right,exp2_design_attribution,static_head_motion,trial_001,event_003,exp1_system_characterization/static_head_motion,193,97,0.5025906735751295,0.9003947973251343,4.585946696381464
20260717_203329_controller_right,exp2_design_attribution,static_head_motion,trial_001,event_003,exp1_system_characterization/static_head_motion,193,98,0.5077720207253886,0.9001674056053162,4.570050895064362
20260717_203329_controller_right,exp2_design_attribution,static_head_motion,trial_001,event_003,exp1_system_characterization/static_head_motion,193,99,0.5129533678756477,0.9000738263130188,4.564794739277359
20260717_203329_controller_right,exp2_design_attribution,static_head_motion,trial_001,event_003,exp1_system_characterization/static_head_motion,193,100,0.5181347150259067,0.9000691175460815,4.567928537014949
20260717_203329_controller_right,exp2_design_attribution,static_head_motion,trial_001,event_003,exp1_system_characterization/static_head_motion,193,101,0.5233160621761658,0.8997739553451538,4.554837414363493
20260717_203329_controller_right,exp2_design_attribution,static_head_motion,trial_001,event_003,exp1_system_characterization/static_head_motion,193,102,0.5284974093264249,0.8997231125831604,4.544267282401055
20260717_203329_controller_right,exp2_design_attribution,static_head_motion,trial_001,event_003,exp1_system_characterization/static_head_motion,193,103,0.533678756476684,0.8995975852012634,4.526520446556275
20260717_203329_controller_right,exp2_design_attribution,static_head_motion,trial_001,event_003,exp1_system_characterization/static_head_motion,193,104,0.538860103626943,0.8993113040924072,4.511042103233694
20260717_203329_controller_right,exp2_design_attribution,static_head_motion,trial_001,event_003,exp1_system_characterization/static_head_motion,193,105,0.5440414507772021,0.8990448117256165,4.507462612222457
20260717_203329_controller_right,exp2_design_attribution,static_head_motion,trial_001,event_003,exp1_system_characterization/static_head_motion,193,106,0.5492227979274611,0.8989148736000061,4.531455280308336
20260717_203329_controller_right,exp2_design_attribution,static_head_motion,trial_001,event_003,exp1_system_characterization/static_head_motion,193,107,0.5544041450777202,0.8986866474151611,4.514888518232381
20260717_203329_controller_right,exp2_design_attribution,static_head_motion,trial_001,event_003,exp1_system_characterization/static_head_motion,193,108,0.5595854922279793,0.8986202478408813,4.503694117374509
20260717_203329_controller_right,exp2_design_attribution,static_head_motion,trial_001,event_003,exp1_system_characterization/static_head_motion,193,109,0.5647668393782384,0.8982667326927185,4.506026739506975
20260717_203329_controller_right,exp2_design_attribution,static_head_motion,trial_001,event_003,exp1_system_characterization/static_head_motion,193,110,0.5699481865284974,0.8981925249099731,4.543810425183903
20260717_203329_controller_right,exp2_design_attribution,static_head_motion,trial_001,event_003,exp1_system_characterization/static_head_motion,193,111,0.5751295336787565,0.8973632454872131,4.531849166924509
20260717_203329_controller_right,exp2_design_attribution,static_head_motion,trial_001,event_003,exp1_system_characterization/static_head_motion,193,112,0.5803108808290155,0.8962719440460205,4.565129396699143
20260717_203329_controller_right,exp2_design_attribution,static_head_motion,trial_001,event_003,exp1_system_characterization/static_head_motion,193,113,0.5854922279792746,0.8960805535316467,4.550604251936511
20260717_203329_controller_right,exp2_design_attribution,static_head_motion,trial_001,event_003,exp1_system_characterization/static_head_motion,193,114,0.5906735751295337,0.8954678773880005,4.5672476559706245
20260717_203329_controller_right,exp2_design_attribution,static_head_motion,trial_001,event_003,exp1_system_characterization/static_head_motion,193,115,0.5958549222797928,0.8953547477722168,4.553668915629142
20260717_203329_controller_right,exp2_design_attribution,static_head_motion,trial_001,event_003,exp1_system_characterization/static_head_motion,193,116,0.6010362694300518,0.8948552012443542,4.541540261862591
20260717_203329_controller_right,exp2_design_attribution,static_head_motion,trial_001,event_003,exp1_system_characterization/static_head_motion,193,117,0.6062176165803109,0.89484703540802,4.538853371677698
20260717_203329_controller_right,exp2_design_attribution,static_head_motion,trial_001,event_003,exp1_system_characterization/static_head_motion,193,118,0.6113989637305699,0.8944489359855652,4.536307907640729
20260717_203329_controller_right,exp2_design_attribution,static_head_motion,trial_001,event_003,exp1_system_characterization/static_head_motion,193,119,0.616580310880829,0.8934003114700317,4.532682899089974
20260717_203329_controller_right,exp2_design_attribution,static_head_motion,trial_001,event_003,exp1_system_characterization/static_head_motion,193,120,0.6217616580310881,0.8921347856521606,4.521836520241825
20260717_203329_controller_right,exp2_design_attribution,static_head_motion,trial_001,event_003,exp1_system_characterization/static_head_motion,193,121,0.6269430051813472,0.8915141820907593,4.517747190435557
20260717_203329_controller_right,exp2_design_attribution,static_head_motion,trial_001,event_003,exp1_system_characterization/static_head_motion,193,122,0.6321243523316062,0.8912392258644104,4.526366467821067
20260717_203329_controller_right,exp2_design_attribution,static_head_motion,trial_001,event_003,exp1_system_characterization/static_head_motion,193,123,0.6373056994818653,0.8911523818969727,4.51139284488547
20260717_203329_controller_right,exp2_design_attribution,static_head_motion,trial_001,event_003,exp1_system_characterization/static_head_motion,193,124,0.6424870466321243,0.8906527161598206,4.50103242799246
20260717_203329_controller_right,exp2_design_attribution,static_head_motion,trial_001,event_003,exp1_system_characterization/static_head_motion,193,125,0.6476683937823834,0.8904763460159302,4.504580046991101
20260717_203329_controller_right,exp2_design_attribution,static_head_motion,trial_001,event_003,exp1_system_characterization/static_head_motion,193,126,0.6528497409326425,0.8902851343154907,4.5023004966209985
20260717_203329_controller_right,exp2_design_attribution,static_head_motion,trial_001,event_003,exp1_system_characterization/static_head_motion,193,127,0.6580310880829016,0.8898631930351257,4.488341216029371
20260717_203329_controller_right,exp2_design_attribution,static_head_motion,trial_001,event_003,exp1_system_characterization/static_head_motion,193,128,0.6632124352331606,0.8896316289901733,4.502302628290726
20260717_203329_controller_right,exp2_design_attribution,static_head_motion,trial_001,event_003,exp1_system_characterization/static_head_motion,193,129,0.6683937823834197,0.8895832300186157,4.498929289369122
20260717_203329_controller_right,exp2_design_attribution,static_head_motion,trial_001,event_003,exp1_system_characterization/static_head_motion,193,130,0.6735751295336787,0.8892723917961121,4.515494521781285
20260717_203329_controller_right,exp2_design_attribution,static_head_motion,trial_001,event_003,exp1_system_characterization/static_head_motion,193,131,0.6787564766839378,0.8892644047737122,4.498121063797116
20260717_203329_controller_right,exp2_design_attribution,static_head_motion,trial_001,event_003,exp1_system_characterization/static_head_motion,193,132,0.6839378238341969,0.8892388343811035,4.490937542923452
20260717_203329_controller_right,exp2_design_attribution,static_head_motion,trial_001,event_003,exp1_system_characterization/static_head_motion,193,133,0.689119170984456,0.8880360126495361,4.480554660477479
20260717_203329_controller_right,exp2_design_attribution,static_head_motion,trial_001,event_003,exp1_system_characterization/static_head_motion,193,134,0.694300518134715,0.8873792290687561,4.487579452290666
20260717_203329_controller_right,exp2_design_attribution,static_head_motion,trial_001,event_003,exp1_system_characterization/static_head_motion,193,135,0.6994818652849741,0.8872478008270264,4.519682047643595
20260717_203329_controller_right,exp2_design_attribution,static_head_motion,trial_001,event_003,exp1_system_characterization/static_head_motion,193,136,0.7046632124352331,0.8871062994003296,4.546098952482085
20260717_203329_controller_right,exp2_design_attribution,static_head_motion,trial_001,event_003,exp1_system_characterization/static_head_motion,193,137,0.7098445595854922,0.8866861462593079,4.562985784674844
20260717_203329_controller_right,exp2_design_attribution,static_head_motion,trial_001,event_003,exp1_system_characterization/static_head_motion,193,138,0.7150259067357513,0.8864876627922058,4.614384834968583
20260717_203329_controller_right,exp2_design_attribution,static_head_motion,trial_001,event_003,exp1_system_characterization/static_head_motion,193,139,0.7202072538860104,0.8859952688217163,4.601672933598855
20260717_203329_controller_right,exp2_design_attribution,static_head_motion,trial_001,event_003,exp1_system_characterization/static_head_motion,193,140,0.7253886010362695,0.8856081366539001,4.62815010874398
20260717_203329_controller_right,exp2_design_attribution,static_head_motion,trial_001,event_003,exp1_system_characterization/static_head_motion,193,141,0.7305699481865285,0.8845726251602173,4.6206893682719485
20260717_203329_controller_right,exp2_design_attribution,static_head_motion,trial_001,event_003,exp1_system_characterization/static_head_motion,193,142,0.7357512953367875,0.8843184113502502,4.60712753153756
20260717_203329_controller_right,exp2_design_attribution,static_head_motion,trial_001,event_003,exp1_system_characterization/static_head_motion,193,143,0.7409326424870466,0.8842378258705139,4.616249942697929
20260717_203329_controller_right,exp2_design_attribution,static_head_motion,trial_001,event_003,exp1_system_characterization/static_head_motion,193,144,0.7461139896373057,0.8839476704597473,4.61466025598019
20260717_203329_controller_right,exp2_design_attribution,static_head_motion,trial_001,event_003,exp1_system_characterization/static_head_motion,193,145,0.7512953367875648,0.8835790157318115,4.607399439910443
20260717_203329_controller_right,exp2_design_attribution,static_head_motion,trial_001,event_003,exp1_system_characterization/static_head_motion,193,146,0.7564766839378239,0.8828272223472595,4.600883168887287
20260717_203329_controller_right,exp2_design_attribution,static_head_motion,trial_001,event_003,exp1_system_characterization/static_head_motion,193,147,0.7616580310880829,0.8823375105857849,4.594293089459195
20260717_203329_controller_right,exp2_design_attribution,static_head_motion,trial_001,event_003,exp1_system_characterization/static_head_motion,193,148,0.7668393782383419,0.8818356394767761,4.584056401519438
20260717_203329_controller_right,exp2_design_attribution,static_head_motion,trial_001,event_003,exp1_system_characterization/static_head_motion,193,149,0.772020725388601,0.8817129731178284,4.57088864256647
20260717_203329_controller_right,exp2_design_attribution,static_head_motion,trial_001,event_003,exp1_system_characterization/static_head_motion,193,150,0.7772020725388601,0.880571186542511,4.604657759024857
20260717_203329_controller_right,exp2_design_attribution,static_head_motion,trial_001,event_003,exp1_system_characterization/static_head_motion,193,151,0.7823834196891192,0.8786417841911316,4.6267254958398505
20260717_203329_controller_right,exp2_design_attribution,static_head_motion,trial_001,event_003,exp1_system_characterization/static_head_motion,193,152,0.7875647668393783,0.878322958946228,4.616505378790447
20260717_203329_controller_right,exp2_design_attribution,static_head_motion,trial_001,event_003,exp1_system_characterization/static_head_motion,193,153,0.7927461139896373,0.8782013058662415,4.6341901620175046
20260717_203329_controller_right,exp2_design_attribution,static_head_motion,trial_001,event_003,exp1_system_characterization/static_head_motion,193,154,0.7979274611398963,0.877561092376709,4.647716439052805
20260717_203329_controller_right,exp2_design_attribution,static_head_motion,trial_001,event_003,exp1_system_characterization/static_head_motion,193,155,0.8031088082901554,0.8772713541984558,4.6399472379816915
20260717_203329_controller_right,exp2_design_attribution,static_head_motion,trial_001,event_003,exp1_system_characterization/static_head_motion,193,156,0.8082901554404145,0.8772304654121399,4.626935755826132
20260717_203329_controller_right,exp2_design_attribution,static_head_motion,trial_001,event_003,exp1_system_characterization/static_head_motion,193,157,0.8134715025906736,0.8771803379058838,4.618330819504782
20260717_203329_controller_right,exp2_design_attribution,static_head_motion,trial_001,event_003,exp1_system_characterization/static_head_motion,193,158,0.8186528497409327,0.8761444091796875,4.610971229480813
20260717_203329_controller_right,exp2_design_attribution,static_head_motion,trial_001,event_003,exp1_system_characterization/static_head_motion,193,159,0.8238341968911918,0.8756506443023682,4.630552597366097
20260717_203329_controller_right,exp2_design_attribution,static_head_motion,trial_001,event_003,exp1_system_characterization/static_head_motion,193,160,0.8290155440414507,0.8754556775093079,4.656170076744921
20260717_203329_controller_right,exp2_design_attribution,static_head_motion,trial_001,event_003,exp1_system_characterization/static_head_motion,193,161,0.8341968911917098,0.8749293684959412,4.64331423259669
20260717_203329_controller_right,exp2_design_attribution,static_head_motion,trial_001,event_003,exp1_system_characterization/static_head_motion,193,162,0.8393782383419689,0.8748099207878113,4.660614567234724
20260717_203329_controller_right,exp2_design_attribution,static_head_motion,trial_001,event_003,exp1_system_characterization/static_head_motion,193,163,0.844559585492228,0.8731899261474609,4.80384285424816
20260717_203329_controller_right,exp2_design_attribution,static_head_motion,trial_001,event_003,exp1_system_characterization/static_head_motion,193,164,0.8497409326424871,0.8727115988731384,4.826118855037927
20260717_203329_controller_right,exp2_design_attribution,static_head_motion,trial_001,event_003,exp1_system_characterization/static_head_motion,193,165,0.8549222797927462,0.8719871044158936,4.8217305656503155
20260717_203329_controller_right,exp2_design_attribution,static_head_motion,trial_001,event_003,exp1_system_characterization/static_head_motion,193,166,0.8601036269430051,0.8701261878013611,4.813451930582611
20260717_203329_controller_right,exp2_design_attribution,static_head_motion,trial_001,event_003,exp1_system_characterization/static_head_motion,193,167,0.8652849740932642,0.8692798614501953,4.8062763752662
20260717_203329_controller_right,exp2_design_attribution,static_head_motion,trial_001,event_003,exp1_system_characterization/static_head_motion,193,168,0.8704663212435233,0.8686015605926514,4.808011917334885
20260717_203329_controller_right,exp2_design_attribution,static_head_motion,trial_001,event_003,exp1_system_characterization/static_head_motion,193,169,0.8756476683937824,0.8683410882949829,4.804598712468202
20260717_203329_controller_right,exp2_design_attribution,static_head_motion,trial_001,event_003,exp1_system_characterization/static_head_motion,193,170,0.8808290155440415,0.8671805262565613,4.792595852810781
20260717_203329_controller_right,exp2_design_attribution,static_head_motion,trial_001,event_003,exp1_system_characterization/static_head_motion,193,171,0.8860103626943006,0.8660349249839783,4.779088708315122
20260717_203329_controller_right,exp2_design_attribution,static_head_motion,trial_001,event_003,exp1_system_characterization/static_head_motion,193,172,0.8911917098445595,0.864996075630188,4.775889955113512
20260717_203329_controller_right,exp2_design_attribution,static_head_motion,trial_001,event_003,exp1_system_characterization/static_head_motion,193,173,0.8963730569948186,0.8636747002601624,4.789419918479911
20260717_203329_controller_right,exp2_design_attribution,static_head_motion,trial_001,event_003,exp1_system_characterization/static_head_motion,193,174,0.9015544041450777,0.8628785014152527,4.782575106115413
20260717_203329_controller_right,exp2_design_attribution,static_head_motion,trial_001,event_003,exp1_system_characterization/static_head_motion,193,175,0.9067357512953368,0.8622958660125732,4.805041978227238
20260717_203329_controller_right,exp2_design_attribution,static_head_motion,trial_001,event_003,exp1_system_characterization/static_head_motion,193,176,0.9119170984455959,0.8589050769805908,4.814136807731836
20260717_203329_controller_right,exp2_design_attribution,static_head_motion,trial_001,event_003,exp1_system_characterization/static_head_motion,193,177,0.917098445595855,0.8581830859184265,4.832904159117452
20260717_203329_controller_right,exp2_design_attribution,static_head_motion,trial_001,event_003,exp1_system_characterization/static_head_motion,193,178,0.9222797927461139,0.8570095300674438,4.824184060027522
20260717_203329_controller_right,exp2_design_attribution,static_head_motion,trial_001,event_003,exp1_system_characterization/static_head_motion,193,179,0.927461139896373,0.8540771007537842,4.814938085623904
20260717_203329_controller_right,exp2_design_attribution,static_head_motion,trial_001,event_003,exp1_system_characterization/static_head_motion,193,180,0.9326424870466321,0.8507437705993652,4.832529287989694
20260717_203329_controller_right,exp2_design_attribution,static_head_motion,trial_001,event_003,exp1_system_characterization/static_head_motion,193,181,0.9378238341968912,0.8501405119895935,4.98748180914174
20260717_203329_controller_right,exp2_design_attribution,static_head_motion,trial_001,event_003,exp1_system_characterization/static_head_motion,193,182,0.9430051813471503,0.8487787246704102,4.98343470560736
20260717_203329_controller_right,exp2_design_attribution,static_head_motion,trial_001,event_003,exp1_system_characterization/static_head_motion,193,183,0.9481865284974094,0.8469066619873047,4.98498736850275
20260717_203329_controller_right,exp2_design_attribution,static_head_motion,trial_001,event_003,exp1_system_characterization/static_head_motion,193,184,0.9533678756476683,0.8463645577430725,4.9776569082945405
20260717_203329_controller_right,exp2_design_attribution,static_head_motion,trial_001,event_003,exp1_system_characterization/static_head_motion,193,185,0.9585492227979274,0.8459101915359497,4.967373732457013
20260717_203329_controller_right,exp2_design_attribution,static_head_motion,trial_001,event_003,exp1_system_characterization/static_head_motion,193,186,0.9637305699481865,0.8458009362220764,4.964266394370998
20260717_203329_controller_right,exp2_design_attribution,static_head_motion,trial_001,event_003,exp1_system_characterization/static_head_motion,193,187,0.9689119170984456,0.8424654603004456,4.957272775611566
20260717_203329_controller_right,exp2_design_attribution,static_head_motion,trial_001,event_003,exp1_system_characterization/static_head_motion,193,188,0.9740932642487047,0.8412021398544312,4.9744936720957185
20260717_203329_controller_right,exp2_design_attribution,static_head_motion,trial_001,event_003,exp1_system_characterization/static_head_motion,193,189,0.9792746113989638,0.8395730257034302,4.988762174198852
20260717_203329_controller_right,exp2_design_attribution,static_head_motion,trial_001,event_003,exp1_system_characterization/static_head_motion,193,190,0.9844559585492227,0.8383403420448303,5.0117640764975295
20260717_203329_controller_right,exp2_design_attribution,static_head_motion,trial_001,event_003,exp1_system_characterization/static_head_motion,193,191,0.9896373056994818,0.8136032223701477,5.0087259181106125
20260717_203329_controller_right,exp2_design_attribution,static_head_motion,trial_001,event_003,exp1_system_characterization/static_head_motion,193,192,0.9948186528497409,0.8000198006629944,5.023464352674065
20260717_203329_controller_right,exp2_design_attribution,static_head_motion,trial_001,event_003,exp1_system_characterization/static_head_motion,193,193,1.0,0.7909881472587585,5.02023284328634
20260717_203329_controller_right,exp2_design_attribution,static_head_motion,trial_001,event_004,exp1_system_characterization/static_head_motion,194,1,0.005154639175257732,0.9378919005393982,3.655800001312451
20260717_203329_controller_right,exp2_design_attribution,static_head_motion,trial_001,event_004,exp1_system_characterization/static_head_motion,194,2,0.010309278350515464,0.934262216091156,3.9175076069915455
20260717_203329_controller_right,exp2_design_attribution,static_head_motion,trial_001,event_004,exp1_system_characterization/static_head_motion,194,3,0.015463917525773196,0.931547999382019,3.672428829995838
20260717_203329_controller_right,exp2_design_attribution,static_head_motion,trial_001,event_004,exp1_system_characterization/static_head_motion,194,4,0.020618556701030927,0.9305016994476318,3.5343601996407408
20260717_203329_controller_right,exp2_design_attribution,static_head_motion,trial_001,event_004,exp1_system_characterization/static_head_motion,194,5,0.02577319587628866,0.9303126335144043,3.6175106872753715
20260717_203329_controller_right,exp2_design_attribution,static_head_motion,trial_001,event_004,exp1_system_characterization/static_head_motion,194,6,0.030927835051546393,0.9294095635414124,3.746116356074484
20260717_203329_controller_right,exp2_design_attribution,static_head_motion,trial_001,event_004,exp1_system_characterization/static_head_motion,194,7,0.03608247422680412,0.9283832907676697,3.6127740432111652
20260717_203329_controller_right,exp2_design_attribution,static_head_motion,trial_001,event_004,exp1_system_characterization/static_head_motion,194,8,0.041237113402061855,0.9265185594558716,4.046517244698109
20260717_203329_controller_right,exp2_design_attribution,static_head_motion,trial_001,event_004,exp1_system_characterization/static_head_motion,194,9,0.04639175257731959,0.9261813759803772,3.980045940661997
20260717_203329_controller_right,exp2_design_attribution,static_head_motion,trial_001,event_004,exp1_system_characterization/static_head_motion,194,10,0.05154639175257732,0.9260275959968567,3.8719923795610427
20260717_203329_controller_right,exp2_design_attribution,static_head_motion,trial_001,event_004,exp1_system_characterization/static_head_motion,194,11,0.05670103092783505,0.9254591464996338,3.8043317310428075
20260717_203329_controller_right,exp2_design_attribution,static_head_motion,trial_001,event_004,exp1_system_characterization/static_head_motion,194,12,0.061855670103092786,0.9244815707206726,3.8308632929074435
20260717_203329_controller_right,exp2_design_attribution,static_head_motion,trial_001,event_004,exp1_system_characterization/static_head_motion,194,13,0.06701030927835051,0.92376309633255,3.7465934745991443
20260717_203329_controller_right,exp2_design_attribution,static_head_motion,trial_001,event_004,exp1_system_characterization/static_head_motion,194,14,0.07216494845360824,0.9237322807312012,3.7571239859567607
20260717_203329_controller_right,exp2_design_attribution,static_head_motion,trial_001,event_004,exp1_system_characterization/static_head_motion,194,15,0.07731958762886598,0.9226356148719788,3.738587349936022
20260717_203329_controller_right,exp2_design_attribution,static_head_motion,trial_001,event_004,exp1_system_characterization/static_head_motion,194,16,0.08247422680412371,0.9221920967102051,3.676843575604835
20260717_203329_controller_right,exp2_design_attribution,static_head_motion,trial_001,event_004,exp1_system_characterization/static_head_motion,194,17,0.08762886597938144,0.9220606684684753,3.728599651944426
20260717_203329_controller_right,exp2_design_attribution,static_head_motion,trial_001,event_004,exp1_system_characterization/static_head_motion,194,18,0.09278350515463918,0.9217920303344727,3.7247816708806787
20260717_203329_controller_right,exp2_design_attribution,static_head_motion,trial_001,event_004,exp1_system_characterization/static_head_motion,194,19,0.0979381443298969,0.9217685461044312,3.7501189946291222
20260717_203329_controller_right,exp2_design_attribution,static_head_motion,trial_001,event_004,exp1_system_characterization/static_head_motion,194,20,0.10309278350515463,0.9217385649681091,3.7405852411580036
20260717_203329_controller_right,exp2_design_attribution,static_head_motion,trial_001,event_004,exp1_system_characterization/static_head_motion,194,21,0.10824742268041238,0.9212260842323303,3.726359984672098
20260717_203329_controller_right,exp2_design_attribution,static_head_motion,trial_001,event_004,exp1_system_characterization/static_head_motion,194,22,0.1134020618556701,0.920975387096405,3.701351929260199
20260717_203329_controller_right,exp2_design_attribution,static_head_motion,trial_001,event_004,exp1_system_characterization/static_head_motion,194,23,0.11855670103092783,0.9205547571182251,3.8180273431678384
20260717_203329_controller_right,exp2_design_attribution,static_head_motion,trial_001,event_004,exp1_system_characterization/static_head_motion,194,24,0.12371134020618557,0.9205199480056763,3.792837173509188
20260717_203329_controller_right,exp2_design_attribution,static_head_motion,trial_001,event_004,exp1_system_characterization/static_head_motion,194,25,0.12886597938144329,0.920349657535553,3.806885784129526
20260717_203329_controller_right,exp2_design_attribution,static_head_motion,trial_001,event_004,exp1_system_characterization/static_head_motion,194,26,0.13402061855670103,0.9202736616134644,3.776333774765126
20260717_203329_controller_right,exp2_design_attribution,static_head_motion,trial_001,event_004,exp1_system_characterization/static_head_motion,194,27,0.13917525773195877,0.9201840162277222,3.784943839265251
20260717_203329_controller_right,exp2_design_attribution,static_head_motion,trial_001,event_004,exp1_system_characterization/static_head_motion,194,28,0.14432989690721648,0.9199063777923584,3.816951885245367
20260717_203329_controller_right,exp2_design_attribution,static_head_motion,trial_001,event_004,exp1_system_characterization/static_head_motion,194,29,0.14948453608247422,0.9198994636535645,3.9160535061841237
20260717_203329_controller_right,exp2_design_attribution,static_head_motion,trial_001,event_004,exp1_system_characterization/static_head_motion,194,30,0.15463917525773196,0.9197373390197754,3.967389561905578
20260717_203329_controller_right,exp2_design_attribution,static_head_motion,trial_001,event_004,exp1_system_characterization/static_head_motion,194,31,0.15979381443298968,0.9195151329040527,3.976592984172989
20260717_203329_controller_right,exp2_design_attribution,static_head_motion,trial_001,event_004,exp1_system_characterization/static_head_motion,194,32,0.16494845360824742,0.9194549918174744,3.9448861463959934
20260717_203329_controller_right,exp2_design_attribution,static_head_motion,trial_001,event_004,exp1_system_characterization/static_head_motion,194,33,0.17010309278350516,0.9190532565116882,3.9122695216396224
20260717_203329_controller_right,exp2_design_attribution,static_head_motion,trial_001,event_004,exp1_system_characterization/static_head_motion,194,34,0.17525773195876287,0.9183889031410217,3.9754466434057254
20260717_203329_controller_right,exp2_design_attribution,static_head_motion,trial_001,event_004,exp1_system_characterization/static_head_motion,194,35,0.18041237113402062,0.9183734655380249,3.9488305364449405
20260717_203329_controller_right,exp2_design_attribution,static_head_motion,trial_001,event_004,exp1_system_characterization/static_head_motion,194,36,0.18556701030927836,0.9183143973350525,3.95452461827963
20260717_203329_controller_right,exp2_design_attribution,static_head_motion,trial_001,event_004,exp1_system_characterization/static_head_motion,194,37,0.19072164948453607,0.9182173609733582,3.9703127434741945
20260717_203329_controller_right,exp2_design_attribution,static_head_motion,trial_001,event_004,exp1_system_characterization/static_head_motion,194,38,0.1958762886597938,0.918143630027771,3.9465503517545932
20260717_203329_controller_right,exp2_design_attribution,static_head_motion,trial_001,event_004,exp1_system_characterization/static_head_motion,194,39,0.20103092783505155,0.9181177616119385,3.95962955107287
20260717_203329_controller_right,exp2_design_attribution,static_head_motion,trial_001,event_004,exp1_system_characterization/static_head_motion,194,40,0.20618556701030927,0.9180654287338257,3.9364482631276694
20260717_203329_controller_right,exp2_design_attribution,static_head_motion,trial_001,event_004,exp1_system_characterization/static_head_motion,194,41,0.211340206185567,0.9173734784126282,4.043275728745668
20260717_203329_controller_right,exp2_design_attribution,static_head_motion,trial_001,event_004,exp1_system_characterization/static_head_motion,194,42,0.21649484536082475,0.9166747331619263,4.023783410551591
20260717_203329_controller_right,exp2_design_attribution,static_head_motion,trial_001,event_004,exp1_system_characterization/static_head_motion,194,43,0.22164948453608246,0.9166210293769836,4.018941916629211
20260717_203329_controller_right,exp2_design_attribution,static_head_motion,trial_001,event_004,exp1_system_characterization/static_head_motion,194,44,0.2268041237113402,0.9165871143341064,3.9882361338359944
20260717_203329_controller_right,exp2_design_attribution,static_head_motion,trial_001,event_004,exp1_system_characterization/static_head_motion,194,45,0.23195876288659795,0.9164144396781921,3.9862633424512017
20260717_203329_controller_right,exp2_design_attribution,static_head_motion,trial_001,event_004,exp1_system_characterization/static_head_motion,194,46,0.23711340206185566,0.9163276553153992,3.976011959718966
20260717_203329_controller_right,exp2_design_attribution,static_head_motion,trial_001,event_004,exp1_system_characterization/static_head_motion,194,47,0.2422680412371134,0.9156025052070618,3.998411478382775
20260717_203329_controller_right,exp2_design_attribution,static_head_motion,trial_001,event_004,exp1_system_characterization/static_head_motion,194,48,0.24742268041237114,0.9152059555053711,3.979249127158392
20260717_203329_controller_right,exp2_design_attribution,static_head_motion,trial_001,event_004,exp1_system_characterization/static_head_motion,194,49,0.25257731958762886,0.9146301746368408,3.9638951522155654
20260717_203329_controller_right,exp2_design_attribution,static_head_motion,trial_001,event_004,exp1_system_characterization/static_head_motion,194,50,0.25773195876288657,0.914627194404602,3.947973212982999
20260717_203329_controller_right,exp2_design_attribution,static_head_motion,trial_001,event_004,exp1_system_characterization/static_head_motion,194,51,0.26288659793814434,0.9145248532295227,4.019985712115727
20260717_203329_controller_right,exp2_design_attribution,static_head_motion,trial_001,event_004,exp1_system_characterization/static_head_motion,194,52,0.26804123711340205,0.9136970639228821,4.0058513443456425
20260717_203329_controller_right,exp2_design_attribution,static_head_motion,trial_001,event_004,exp1_system_characterization/static_head_motion,194,53,0.27319587628865977,0.9133822321891785,4.01294654811336
20260717_203329_controller_right,exp2_design_attribution,static_head_motion,trial_001,event_004,exp1_system_characterization/static_head_motion,194,54,0.27835051546391754,0.9129166603088379,3.9868291117173906
20260717_203329_controller_right,exp2_design_attribution,static_head_motion,trial_001,event_004,exp1_system_characterization/static_head_motion,194,55,0.28350515463917525,0.9123814105987549,3.972960328010596
20260717_203329_controller_right,exp2_design_attribution,static_head_motion,trial_001,event_004,exp1_system_characterization/static_head_motion,194,56,0.28865979381443296,0.9117091298103333,4.004591692929231
20260717_203329_controller_right,exp2_design_attribution,static_head_motion,trial_001,event_004,exp1_system_characterization/static_head_motion,194,57,0.29381443298969073,0.911698579788208,4.058542060604198
20260717_203329_controller_right,exp2_design_attribution,static_head_motion,trial_001,event_004,exp1_system_characterization/static_head_motion,194,58,0.29896907216494845,0.9112679362297058,4.135939208914504
20260717_203329_controller_right,exp2_design_attribution,static_head_motion,trial_001,event_004,exp1_system_characterization/static_head_motion,194,59,0.30412371134020616,0.9109017848968506,4.179294362568215
20260717_203329_controller_right,exp2_design_attribution,static_head_motion,trial_001,event_004,exp1_system_characterization/static_head_motion,194,60,0.30927835051546393,0.9100028872489929,4.161006483839763
20260717_203329_controller_right,exp2_design_attribution,static_head_motion,trial_001,event_004,exp1_system_characterization/static_head_motion,194,61,0.31443298969072164,0.909893274307251,4.162811160046323
20260717_203329_controller_right,exp2_design_attribution,static_head_motion,trial_001,event_004,exp1_system_characterization/static_head_motion,194,62,0.31958762886597936,0.9090611934661865,4.138750778107982
20260717_203329_controller_right,exp2_design_attribution,static_head_motion,trial_001,event_004,exp1_system_characterization/static_head_motion,194,63,0.3247422680412371,0.9088601469993591,4.15188833722497
20260717_203329_controller_right,exp2_design_attribution,static_head_motion,trial_001,event_004,exp1_system_characterization/static_head_motion,194,64,0.32989690721649484,0.9086858630180359,4.16442338845169
20260717_203329_controller_right,exp2_design_attribution,static_head_motion,trial_001,event_004,exp1_system_characterization/static_head_motion,194,65,0.33505154639175255,0.9081771373748779,4.201559504016386
20260717_203329_controller_right,exp2_design_attribution,static_head_motion,trial_001,event_004,exp1_system_characterization/static_head_motion,194,66,0.3402061855670103,0.9080105423927307,4.1849061165685315
20260717_203329_controller_right,exp2_design_attribution,static_head_motion,trial_001,event_004,exp1_system_characterization/static_head_motion,194,67,0.34536082474226804,0.9079258441925049,4.1698240986309445
20260717_203329_controller_right,exp2_design_attribution,static_head_motion,trial_001,event_004,exp1_system_characterization/static_head_motion,194,68,0.35051546391752575,0.9073628783226013,4.17800497170105
20260717_203329_controller_right,exp2_design_attribution,static_head_motion,trial_001,event_004,exp1_system_characterization/static_head_motion,194,69,0.3556701030927835,0.9073562026023865,4.156988497908252
20260717_203329_controller_right,exp2_design_attribution,static_head_motion,trial_001,event_004,exp1_system_characterization/static_head_motion,194,70,0.36082474226804123,0.9066057801246643,4.166693495926954
20260717_203329_controller_right,exp2_design_attribution,static_head_motion,trial_001,event_004,exp1_system_characterization/static_head_motion,194,71,0.36597938144329895,0.9064443707466125,4.202729039297635
20260717_203329_controller_right,exp2_design_attribution,static_head_motion,trial_001,event_004,exp1_system_characterization/static_head_motion,194,72,0.3711340206185567,0.9052672386169434,4.188194413677199
20260717_203329_controller_right,exp2_design_attribution,static_head_motion,trial_001,event_004,exp1_system_characterization/static_head_motion,194,73,0.37628865979381443,0.9050806760787964,4.178568731669849
20260717_203329_controller_right,exp2_design_attribution,static_head_motion,trial_001,event_004,exp1_system_characterization/static_head_motion,194,74,0.38144329896907214,0.9039410948753357,4.220896521383033
20260717_203329_controller_right,exp2_design_attribution,static_head_motion,trial_001,event_004,exp1_system_characterization/static_head_motion,194,75,0.3865979381443299,0.9038533568382263,4.255365387073377
20260717_203329_controller_right,exp2_design_attribution,static_head_motion,trial_001,event_004,exp1_system_characterization/static_head_motion,194,76,0.3917525773195876,0.9036398530006409,4.296234514683841
20260717_203329_controller_right,exp2_design_attribution,static_head_motion,trial_001,event_004,exp1_system_characterization/static_head_motion,194,77,0.39690721649484534,0.9034467935562134,4.295080848598122
20260717_203329_controller_right,exp2_design_attribution,static_head_motion,trial_001,event_004,exp1_system_characterization/static_head_motion,194,78,0.4020618556701031,0.9031214714050293,4.294194708732928
20260717_203329_controller_right,exp2_design_attribution,static_head_motion,trial_001,event_004,exp1_system_characterization/static_head_motion,194,79,0.4072164948453608,0.9030241370201111,4.2839152029667655
20260717_203329_controller_right,exp2_design_attribution,static_head_motion,trial_001,event_004,exp1_system_characterization/static_head_motion,194,80,0.41237113402061853,0.902864933013916,4.2822251318911
20260717_203329_controller_right,exp2_design_attribution,static_head_motion,trial_001,event_004,exp1_system_characterization/static_head_motion,194,81,0.4175257731958763,0.9025876522064209,4.332141403488026
20260717_203329_controller_right,exp2_design_attribution,static_head_motion,trial_001,event_004,exp1_system_characterization/static_head_motion,194,82,0.422680412371134,0.9025492668151855,4.3623535293644204
20260717_203329_controller_right,exp2_design_attribution,static_head_motion,trial_001,event_004,exp1_system_characterization/static_head_motion,194,83,0.42783505154639173,0.9020953178405762,4.360846053269354
20260717_203329_controller_right,exp2_design_attribution,static_head_motion,trial_001,event_004,exp1_system_characterization/static_head_motion,194,84,0.4329896907216495,0.9020911455154419,4.346380478649234
20260717_203329_controller_right,exp2_design_attribution,static_head_motion,trial_001,event_004,exp1_system_characterization/static_head_motion,194,85,0.4381443298969072,0.9016894102096558,4.338722101300221
20260717_203329_controller_right,exp2_design_attribution,static_head_motion,trial_001,event_004,exp1_system_characterization/static_head_motion,194,86,0.44329896907216493,0.9015548825263977,4.334340026148303
20260717_203329_controller_right,exp2_design_attribution,static_head_motion,trial_001,event_004,exp1_system_characterization/static_head_motion,194,87,0.4484536082474227,0.9014462232589722,4.333831605755766
20260717_203329_controller_right,exp2_design_attribution,static_head_motion,trial_001,event_004,exp1_system_characterization/static_head_motion,194,88,0.4536082474226804,0.9011735916137695,4.315993556619691
20260717_203329_controller_right,exp2_design_attribution,static_head_motion,trial_001,event_004,exp1_system_characterization/static_head_motion,194,89,0.4587628865979381,0.901128888130188,4.314050615013367
20260717_203329_controller_right,exp2_design_attribution,static_head_motion,trial_001,event_004,exp1_system_characterization/static_head_motion,194,90,0.4639175257731959,0.900757372379303,4.307277311384911
20260717_203329_controller_right,exp2_design_attribution,static_head_motion,trial_001,event_004,exp1_system_characterization/static_head_motion,194,91,0.4690721649484536,0.9006209969520569,4.320298582354675
20260717_203329_controller_right,exp2_design_attribution,static_head_motion,trial_001,event_004,exp1_system_characterization/static_head_motion,194,92,0.4742268041237113,0.9004523158073425,4.339980023816961
20260717_203329_controller_right,exp2_design_attribution,static_head_motion,trial_001,event_004,exp1_system_characterization/static_head_motion,194,93,0.4793814432989691,0.9002782702445984,4.333641630496071
20260717_203329_controller_right,exp2_design_attribution,static_head_motion,trial_001,event_004,exp1_system_characterization/static_head_motion,194,94,0.4845360824742268,0.898527979850769,4.320638895731211
20260717_203329_controller_right,exp2_design_attribution,static_head_motion,trial_001,event_004,exp1_system_characterization/static_head_motion,194,95,0.4896907216494845,0.8982273936271667,4.330462169369726
20260717_203329_controller_right,exp2_design_attribution,static_head_motion,trial_001,event_004,exp1_system_characterization/static_head_motion,194,96,0.4948453608247423,0.8981954455375671,4.335184619203619
20260717_203329_controller_right,exp2_design_attribution,static_head_motion,trial_001,event_004,exp1_system_characterization/static_head_motion,194,97,0.5,0.8975052237510681,4.369405453956709
20260717_203329_controller_right,exp2_design_attribution,static_head_motion,trial_001,event_004,exp1_system_characterization/static_head_motion,194,98,0.5051546391752577,0.8968650102615356,4.371694787962002
20260717_203329_controller_right,exp2_design_attribution,static_head_motion,trial_001,event_004,exp1_system_characterization/static_head_motion,194,99,0.5103092783505154,0.8967123031616211,4.373708402133989
20260717_203329_controller_right,exp2_design_attribution,static_head_motion,trial_001,event_004,exp1_system_characterization/static_head_motion,194,100,0.5154639175257731,0.8965556621551514,4.423467241754768
20260717_203329_controller_right,exp2_design_attribution,static_head_motion,trial_001,event_004,exp1_system_characterization/static_head_motion,194,101,0.520618556701031,0.8963846564292908,4.465678234956346
20260717_203329_controller_right,exp2_design_attribution,static_head_motion,trial_001,event_004,exp1_system_characterization/static_head_motion,194,102,0.5257731958762887,0.8962445855140686,4.501435197676937
20260717_203329_controller_right,exp2_design_attribution,static_head_motion,trial_001,event_004,exp1_system_characterization/static_head_motion,194,103,0.5309278350515464,0.8959169387817383,4.487863976223903
20260717_203329_controller_right,exp2_design_attribution,static_head_motion,trial_001,event_004,exp1_system_characterization/static_head_motion,194,104,0.5360824742268041,0.8957816362380981,4.488643193799996
20260717_203329_controller_right,exp2_design_attribution,static_head_motion,trial_001,event_004,exp1_system_characterization/static_head_motion,194,105,0.5412371134020618,0.8957542777061462,4.523577692255167
20260717_203329_controller_right,exp2_design_attribution,static_head_motion,trial_001,event_004,exp1_system_characterization/static_head_motion,194,106,0.5463917525773195,0.895578145980835,4.50694767659331
20260717_203329_controller_right,exp2_design_attribution,static_head_motion,trial_001,event_004,exp1_system_characterization/static_head_motion,194,107,0.5515463917525774,0.8954156041145325,4.5003965073152985
20260717_203329_controller_right,exp2_design_attribution,static_head_motion,trial_001,event_004,exp1_system_characterization/static_head_motion,194,108,0.5567010309278351,0.8950732946395874,4.502413672811826
20260717_203329_controller_right,exp2_design_attribution,static_head_motion,trial_001,event_004,exp1_system_characterization/static_head_motion,194,109,0.5618556701030928,0.8947984576225281,4.49087890938171
20260717_203329_controller_right,exp2_design_attribution,static_head_motion,trial_001,event_004,exp1_system_characterization/static_head_motion,194,110,0.5670103092783505,0.8946034908294678,4.514520443494369
20260717_203329_controller_right,exp2_design_attribution,static_head_motion,trial_001,event_004,exp1_system_characterization/static_head_motion,194,111,0.5721649484536082,0.8945990204811096,4.498457009137364
20260717_203329_controller_right,exp2_design_attribution,static_head_motion,trial_001,event_004,exp1_system_characterization/static_head_motion,194,112,0.5773195876288659,0.894498884677887,4.529506450348694
20260717_203329_controller_right,exp2_design_attribution,static_head_motion,trial_001,event_004,exp1_system_characterization/static_head_motion,194,113,0.5824742268041238,0.8934611082077026,4.561793611193535
20260717_203329_controller_right,exp2_design_attribution,static_head_motion,trial_001,event_004,exp1_system_characterization/static_head_motion,194,114,0.5876288659793815,0.893028974533081,4.578042153521335
20260717_203329_controller_right,exp2_design_attribution,static_head_motion,trial_001,event_004,exp1_system_characterization/static_head_motion,194,115,0.5927835051546392,0.8929095268249512,4.5646076606955335
20260717_203329_controller_right,exp2_design_attribution,static_head_motion,trial_001,event_004,exp1_system_characterization/static_head_motion,194,116,0.5979381443298969,0.8923781514167786,4.559438091543365
20260717_203329_controller_right,exp2_design_attribution,static_head_motion,trial_001,event_004,exp1_system_characterization/static_head_motion,194,117,0.6030927835051546,0.8912219405174255,4.5964910808409165
20260717_203329_controller_right,exp2_design_attribution,static_head_motion,trial_001,event_004,exp1_system_characterization/static_head_motion,194,118,0.6082474226804123,0.8908838033676147,4.615641364876446
20260717_203329_controller_right,exp2_design_attribution,static_head_motion,trial_001,event_004,exp1_system_characterization/static_head_motion,194,119,0.6134020618556701,0.8907865881919861,4.614906407002724
20260717_203329_controller_right,exp2_design_attribution,static_head_motion,trial_001,event_004,exp1_system_characterization/static_head_motion,194,120,0.6185567010309279,0.8902357816696167,4.617421829162885
20260717_203329_controller_right,exp2_design_attribution,static_head_motion,trial_001,event_004,exp1_system_characterization/static_head_motion,194,121,0.6237113402061856,0.890185534954071,4.629227409615491
20260717_203329_controller_right,exp2_design_attribution,static_head_motion,trial_001,event_004,exp1_system_characterization/static_head_motion,194,122,0.6288659793814433,0.889395534992218,4.628688211892513
20260717_203329_controller_right,exp2_design_attribution,static_head_motion,trial_001,event_004,exp1_system_characterization/static_head_motion,194,123,0.634020618556701,0.8893591165542603,4.632810529418295
20260717_203329_controller_right,exp2_design_attribution,static_head_motion,trial_001,event_004,exp1_system_characterization/static_head_motion,194,124,0.6391752577319587,0.8887264728546143,4.6318952717051225
20260717_203329_controller_right,exp2_design_attribution,static_head_motion,trial_001,event_004,exp1_system_characterization/static_head_motion,194,125,0.6443298969072165,0.8886440992355347,4.663016912096795
20260717_203329_controller_right,exp2_design_attribution,static_head_motion,trial_001,event_004,exp1_system_characterization/static_head_motion,194,126,0.6494845360824743,0.8884395956993103,4.6892342192295455
20260717_203329_controller_right,exp2_design_attribution,static_head_motion,trial_001,event_004,exp1_system_characterization/static_head_motion,194,127,0.654639175257732,0.8879736065864563,4.684967998429377
20260717_203329_controller_right,exp2_design_attribution,static_head_motion,trial_001,event_004,exp1_system_characterization/static_head_motion,194,128,0.6597938144329897,0.8876650929450989,4.715303031818354
20260717_203329_controller_right,exp2_design_attribution,static_head_motion,trial_001,event_004,exp1_system_characterization/static_head_motion,194,129,0.6649484536082474,0.8874984979629517,4.710770310593205
20260717_203329_controller_right,exp2_design_attribution,static_head_motion,trial_001,event_004,exp1_system_characterization/static_head_motion,194,130,0.6701030927835051,0.8868699669837952,4.706947840180834
20260717_203329_controller_right,exp2_design_attribution,static_head_motion,trial_001,event_004,exp1_system_characterization/static_head_motion,194,131,0.6752577319587629,0.8866772055625916,4.723547715613998
20260717_203329_controller_right,exp2_design_attribution,static_head_motion,trial_001,event_004,exp1_system_characterization/static_head_motion,194,132,0.6804123711340206,0.8859119415283203,4.7189928708778
20260717_203329_controller_right,exp2_design_attribution,static_head_motion,trial_001,event_004,exp1_system_characterization/static_head_motion,194,133,0.6855670103092784,0.8858153820037842,4.74598419199081
20260717_203329_controller_right,exp2_design_attribution,static_head_motion,trial_001,event_004,exp1_system_characterization/static_head_motion,194,134,0.6907216494845361,0.8857041001319885,4.736058136365276
20260717_203329_controller_right,exp2_design_attribution,static_head_motion,trial_001,event_004,exp1_system_characterization/static_head_motion,194,135,0.6958762886597938,0.8855366110801697,4.717745448390197
20260717_203329_controller_right,exp2_design_attribution,static_head_motion,trial_001,event_004,exp1_system_characterization/static_head_motion,194,136,0.7010309278350515,0.8849619030952454,4.718639376370557
20260717_203329_controller_right,exp2_design_attribution,static_head_motion,trial_001,event_004,exp1_system_characterization/static_head_motion,194,137,0.7061855670103093,0.8848211765289307,4.7192354797636415
20260717_203329_controller_right,exp2_design_attribution,static_head_motion,trial_001,event_004,exp1_system_characterization/static_head_motion,194,138,0.711340206185567,0.8842471241950989,4.727794518701979
20260717_203329_controller_right,exp2_design_attribution,static_head_motion,trial_001,event_004,exp1_system_characterization/static_head_motion,194,139,0.7164948453608248,0.8822565078735352,4.723002681216164
20260717_203329_controller_right,exp2_design_attribution,static_head_motion,trial_001,event_004,exp1_system_characterization/static_head_motion,194,140,0.7216494845360825,0.8819568157196045,4.751774250213488
20260717_203329_controller_right,exp2_design_attribution,static_head_motion,trial_001,event_004,exp1_system_characterization/static_head_motion,194,141,0.7268041237113402,0.881111204624176,4.7789801251411
20260717_203329_controller_right,exp2_design_attribution,static_head_motion,trial_001,event_004,exp1_system_characterization/static_head_motion,194,142,0.7319587628865979,0.8810818791389465,4.796436570368143
20260717_203329_controller_right,exp2_design_attribution,static_head_motion,trial_001,event_004,exp1_system_characterization/static_head_motion,194,143,0.7371134020618557,0.8809806108474731,4.782657527092384
20260717_203329_controller_right,exp2_design_attribution,static_head_motion,trial_001,event_004,exp1_system_characterization/static_head_motion,194,144,0.7422680412371134,0.8808988928794861,4.79269786588801
20260717_203329_controller_right,exp2_design_attribution,static_head_motion,trial_001,event_004,exp1_system_characterization/static_head_motion,194,145,0.7474226804123711,0.8807793855667114,4.783110790488066
20260717_203329_controller_right,exp2_design_attribution,static_head_motion,trial_001,event_004,exp1_system_characterization/static_head_motion,194,146,0.7525773195876289,0.8805559277534485,4.788751880130301
20260717_203329_controller_right,exp2_design_attribution,static_head_motion,trial_001,event_004,exp1_system_characterization/static_head_motion,194,147,0.7577319587628866,0.8801819682121277,4.810864351223267
20260717_203329_controller_right,exp2_design_attribution,static_head_motion,trial_001,event_004,exp1_system_characterization/static_head_motion,194,148,0.7628865979381443,0.8801519274711609,4.795210634815404
20260717_203329_controller_right,exp2_design_attribution,static_head_motion,trial_001,event_004,exp1_system_characterization/static_head_motion,194,149,0.7680412371134021,0.8801390528678894,4.791882981040869
20260717_203329_controller_right,exp2_design_attribution,static_head_motion,trial_001,event_004,exp1_system_characterization/static_head_motion,194,150,0.7731958762886598,0.8797574043273926,4.78727258580909
20260717_203329_controller_right,exp2_design_attribution,static_head_motion,trial_001,event_004,exp1_system_characterization/static_head_motion,194,151,0.7783505154639175,0.8788561224937439,4.7999828334939965
20260717_203329_controller_right,exp2_design_attribution,static_head_motion,trial_001,event_004,exp1_system_characterization/static_head_motion,194,152,0.7835051546391752,0.8786920309066772,4.80957446469327
20260717_203329_controller_right,exp2_design_attribution,static_head_motion,trial_001,event_004,exp1_system_characterization/static_head_motion,194,153,0.788659793814433,0.877721905708313,4.832337202495083
20260717_203329_controller_right,exp2_design_attribution,static_head_motion,trial_001,event_004,exp1_system_characterization/static_head_motion,194,154,0.7938144329896907,0.877520740032196,4.8466381022193215
20260717_203329_controller_right,exp2_design_attribution,static_head_motion,trial_001,event_004,exp1_system_characterization/static_head_motion,194,155,0.7989690721649485,0.8764868378639221,4.856907382375454
20260717_203329_controller_right,exp2_design_attribution,static_head_motion,trial_001,event_004,exp1_system_characterization/static_head_motion,194,156,0.8041237113402062,0.8760689496994019,4.8431298741862
20260717_203329_controller_right,exp2_design_attribution,static_head_motion,trial_001,event_004,exp1_system_characterization/static_head_motion,194,157,0.8092783505154639,0.8756870031356812,4.838555689321587
20260717_203329_controller_right,exp2_design_attribution,static_head_motion,trial_001,event_004,exp1_system_characterization/static_head_motion,194,158,0.8144329896907216,0.8753427863121033,4.847935721578994
20260717_203329_controller_right,exp2_design_attribution,static_head_motion,trial_001,event_004,exp1_system_characterization/static_head_motion,194,159,0.8195876288659794,0.8747051358222961,4.86666634642333
20260717_203329_controller_right,exp2_design_attribution,static_head_motion,trial_001,event_004,exp1_system_characterization/static_head_motion,194,160,0.8247422680412371,0.8744531273841858,4.883284689845262
20260717_203329_controller_right,exp2_design_attribution,static_head_motion,trial_001,event_004,exp1_system_characterization/static_head_motion,194,161,0.8298969072164949,0.874155580997467,4.872432237472575
20260717_203329_controller_right,exp2_design_attribution,static_head_motion,trial_001,event_004,exp1_system_characterization/static_head_motion,194,162,0.8350515463917526,0.8735841512680054,4.884983375236063
20260717_203329_controller_right,exp2_design_attribution,static_head_motion,trial_001,event_004,exp1_system_characterization/static_head_motion,194,163,0.8402061855670103,0.8728158473968506,4.878653498603739
20260717_203329_controller_right,exp2_design_attribution,static_head_motion,trial_001,event_004,exp1_system_characterization/static_head_motion,194,164,0.845360824742268,0.8726526498794556,4.870594243632273
20260717_203329_controller_right,exp2_design_attribution,static_head_motion,trial_001,event_004,exp1_system_characterization/static_head_motion,194,165,0.8505154639175257,0.8688286542892456,4.8900294184409825
20260717_203329_controller_right,exp2_design_attribution,static_head_motion,trial_001,event_004,exp1_system_characterization/static_head_motion,194,166,0.8556701030927835,0.8682001233100891,4.87693476510918
20260717_203329_controller_right,exp2_design_attribution,static_head_motion,trial_001,event_004,exp1_system_characterization/static_head_motion,194,167,0.8608247422680413,0.8673373460769653,4.890250138674552
20260717_203329_controller_right,exp2_design_attribution,static_head_motion,trial_001,event_004,exp1_system_characterization/static_head_motion,194,168,0.865979381443299,0.8672401309013367,4.906230839325151
20260717_203329_controller_right,exp2_design_attribution,static_head_motion,trial_001,event_004,exp1_system_characterization/static_head_motion,194,169,0.8711340206185567,0.8668603897094727,4.899844019752226
20260717_203329_controller_right,exp2_design_attribution,static_head_motion,trial_001,event_004,exp1_system_characterization/static_head_motion,194,170,0.8762886597938144,0.8660516738891602,4.918292528556391
20260717_203329_controller_right,exp2_design_attribution,static_head_motion,trial_001,event_004,exp1_system_characterization/static_head_motion,194,171,0.8814432989690721,0.8649168014526367,4.905939089559055
20260717_203329_controller_right,exp2_design_attribution,static_head_motion,trial_001,event_004,exp1_system_characterization/static_head_motion,194,172,0.8865979381443299,0.8646349310874939,4.9006153044905645
20260717_203329_controller_right,exp2_design_attribution,static_head_motion,trial_001,event_004,exp1_system_characterization/static_head_motion,194,173,0.8917525773195877,0.864292323589325,4.900726705651413
20260717_203329_controller_right,exp2_design_attribution,static_head_motion,trial_001,event_004,exp1_system_characterization/static_head_motion,194,174,0.8969072164948454,0.8641428351402283,4.893719598388857
20260717_203329_controller_right,exp2_design_attribution,static_head_motion,trial_001,event_004,exp1_system_characterization/static_head_motion,194,175,0.9020618556701031,0.8636357188224792,4.905080518693921
20260717_203329_controller_right,exp2_design_attribution,static_head_motion,trial_001,event_004,exp1_system_characterization/static_head_motion,194,176,0.9072164948453608,0.8627712726593018,4.9181657174807185
20260717_203329_controller_right,exp2_design_attribution,static_head_motion,trial_001,event_004,exp1_system_characterization/static_head_motion,194,177,0.9123711340206185,0.8575167059898376,4.9361324814299445
20260717_203329_controller_right,exp2_design_attribution,static_head_motion,trial_001,event_004,exp1_system_characterization/static_head_motion,194,178,0.9175257731958762,0.8571832180023193,4.923023579298143
20260717_203329_controller_right,exp2_design_attribution,static_head_motion,trial_001,event_004,exp1_system_characterization/static_head_motion,194,179,0.9226804123711341,0.8551735281944275,4.913583770756667
20260717_203329_controller_right,exp2_design_attribution,static_head_motion,trial_001,event_004,exp1_system_characterization/static_head_motion,194,180,0.9278350515463918,0.8523004651069641,4.930849933571797
20260717_203329_controller_right,exp2_design_attribution,static_head_motion,trial_001,event_004,exp1_system_characterization/static_head_motion,194,181,0.9329896907216495,0.849268913269043,4.947742689190452
20260717_203329_controller_right,exp2_design_attribution,static_head_motion,trial_001,event_004,exp1_system_characterization/static_head_motion,194,182,0.9381443298969072,0.8439492583274841,4.968263614571249
20260717_203329_controller_right,exp2_design_attribution,static_head_motion,trial_001,event_004,exp1_system_characterization/static_head_motion,194,183,0.9432989690721649,0.8432287573814392,4.961335615199471
20260717_203329_controller_right,exp2_design_attribution,static_head_motion,trial_001,event_004,exp1_system_characterization/static_head_motion,194,184,0.9484536082474226,0.8404043912887573,4.971930968322004
20260717_203329_controller_right,exp2_design_attribution,static_head_motion,trial_001,event_004,exp1_system_characterization/static_head_motion,194,185,0.9536082474226805,0.8399191498756409,4.995591812739359
20260717_203329_controller_right,exp2_design_attribution,static_head_motion,trial_001,event_004,exp1_system_characterization/static_head_motion,194,186,0.9587628865979382,0.8365845680236816,4.986325155976456
20260717_203329_controller_right,exp2_design_attribution,static_head_motion,trial_001,event_004,exp1_system_characterization/static_head_motion,194,187,0.9639175257731959,0.8351356983184814,4.990430904434074
20260717_203329_controller_right,exp2_design_attribution,static_head_motion,trial_001,event_004,exp1_system_characterization/static_head_motion,194,188,0.9690721649484536,0.8345943689346313,4.982296963659528
20260717_203329_controller_right,exp2_design_attribution,static_head_motion,trial_001,event_004,exp1_system_characterization/static_head_motion,194,189,0.9742268041237113,0.8066577315330505,4.971872844924472
20260717_203329_controller_right,exp2_design_attribution,static_head_motion,trial_001,event_004,exp1_system_characterization/static_head_motion,194,190,0.979381443298969,0.8011807799339294,4.962370798536364
20260717_203329_controller_right,exp2_design_attribution,static_head_motion,trial_001,event_004,exp1_system_characterization/static_head_motion,194,191,0.9845360824742269,0.7931241989135742,4.969499718776971
20260717_203329_controller_right,exp2_design_attribution,static_head_motion,trial_001,event_004,exp1_system_characterization/static_head_motion,194,192,0.9896907216494846,0.7807167172431946,4.959093413514842
20260717_203329_controller_right,exp2_design_attribution,static_head_motion,trial_001,event_004,exp1_system_characterization/static_head_motion,194,193,0.9948453608247423,0.7648388147354126,4.961847412284711
20260717_203329_controller_right,exp2_design_attribution,static_head_motion,trial_001,event_004,exp1_system_characterization/static_head_motion,194,194,1.0,0.6775224208831787,4.958089123511582
20260717_203749_controller_right,exp2_design_attribution,start_stop_6dof,trial_001,event_001,exp1_system_characterization/start_stop_6dof,153,1,0.006535947712418301,0.9533035159111023,3.8559944049063373
20260717_203749_controller_right,exp2_design_attribution,start_stop_6dof,trial_001,event_001,exp1_system_characterization/start_stop_6dof,153,2,0.013071895424836602,0.9519190192222595,12.66775288212691
20260717_203749_controller_right,exp2_design_attribution,start_stop_6dof,trial_001,event_001,exp1_system_characterization/start_stop_6dof,153,3,0.0196078431372549,0.9518579244613647,9.524854797852628
20260717_203749_controller_right,exp2_design_attribution,start_stop_6dof,trial_001,event_001,exp1_system_characterization/start_stop_6dof,153,4,0.026143790849673203,0.9517055749893188,8.684208536405636
20260717_203749_controller_right,exp2_design_attribution,start_stop_6dof,trial_001,event_001,exp1_system_characterization/start_stop_6dof,153,5,0.032679738562091505,0.9515193700790405,8.132795727198678
20260717_203749_controller_right,exp2_design_attribution,start_stop_6dof,trial_001,event_001,exp1_system_characterization/start_stop_6dof,153,6,0.0392156862745098,0.9503182172775269,7.325527549478768
20260717_203749_controller_right,exp2_design_attribution,start_stop_6dof,trial_001,event_001,exp1_system_characterization/start_stop_6dof,153,7,0.0457516339869281,0.9502315521240234,9.8800861198912
20260717_203749_controller_right,exp2_design_attribution,start_stop_6dof,trial_001,event_001,exp1_system_characterization/start_stop_6dof,153,8,0.05228758169934641,0.9500492811203003,10.106011836001011
20260717_203749_controller_right,exp2_design_attribution,start_stop_6dof,trial_001,event_001,exp1_system_characterization/start_stop_6dof,153,9,0.058823529411764705,0.94936603307724,9.58108479081718
20260717_203749_controller_right,exp2_design_attribution,start_stop_6dof,trial_001,event_001,exp1_system_characterization/start_stop_6dof,153,10,0.06535947712418301,0.9488012790679932,9.590453846076821
20260717_203749_controller_right,exp2_design_attribution,start_stop_6dof,trial_001,event_001,exp1_system_characterization/start_stop_6dof,153,11,0.0718954248366013,0.9483694434165955,9.10806581547255
20260717_203749_controller_right,exp2_design_attribution,start_stop_6dof,trial_001,event_001,exp1_system_characterization/start_stop_6dof,153,12,0.0784313725490196,0.948219895362854,9.60271017032286
20260717_203749_controller_right,exp2_design_attribution,start_stop_6dof,trial_001,event_001,exp1_system_characterization/start_stop_6dof,153,13,0.08496732026143791,0.9471640586853027,9.1700717611789
20260717_203749_controller_right,exp2_design_attribution,start_stop_6dof,trial_001,event_001,exp1_system_characterization/start_stop_6dof,153,14,0.0915032679738562,0.9470875859260559,9.314763982331558
20260717_203749_controller_right,exp2_design_attribution,start_stop_6dof,trial_001,event_001,exp1_system_characterization/start_stop_6dof,153,15,0.09803921568627451,0.9470685720443726,8.940233567860467
20260717_203749_controller_right,exp2_design_attribution,start_stop_6dof,trial_001,event_001,exp1_system_characterization/start_stop_6dof,153,16,0.10457516339869281,0.9469730257987976,9.233168089217575
20260717_203749_controller_right,exp2_design_attribution,start_stop_6dof,trial_001,event_001,exp1_system_characterization/start_stop_6dof,153,17,0.1111111111111111,0.9469670057296753,8.871558241827492
20260717_203749_controller_right,exp2_design_attribution,start_stop_6dof,trial_001,event_001,exp1_system_characterization/start_stop_6dof,153,18,0.11764705882352941,0.9468843936920166,8.585516042618186
20260717_203749_controller_right,exp2_design_attribution,start_stop_6dof,trial_001,event_001,exp1_system_characterization/start_stop_6dof,153,19,0.12418300653594772,0.9468333721160889,8.334286774226067
20260717_203749_controller_right,exp2_design_attribution,start_stop_6dof,trial_001,event_001,exp1_system_characterization/start_stop_6dof,153,20,0.13071895424836602,0.9468014240264893,8.123340351421817
20260717_203749_controller_right,exp2_design_attribution,start_stop_6dof,trial_001,event_001,exp1_system_characterization/start_stop_6dof,153,21,0.13725490196078433,0.946703314781189,8.80880318301354
20260717_203749_controller_right,exp2_design_attribution,start_stop_6dof,trial_001,event_001,exp1_system_characterization/start_stop_6dof,153,22,0.1437908496732026,0.9463501572608948,8.610686716906281
20260717_203749_controller_right,exp2_design_attribution,start_stop_6dof,trial_001,event_001,exp1_system_characterization/start_stop_6dof,153,23,0.1503267973856209,0.9458937048912048,8.504756037167617
20260717_203749_controller_right,exp2_design_attribution,start_stop_6dof,trial_001,event_001,exp1_system_characterization/start_stop_6dof,153,24,0.1568627450980392,0.9458496570587158,8.398608456771996
20260717_203749_controller_right,exp2_design_attribution,start_stop_6dof,trial_001,event_001,exp1_system_characterization/start_stop_6dof,153,25,0.16339869281045752,0.9456666111946106,8.730508042291229
20260717_203749_controller_right,exp2_design_attribution,start_stop_6dof,trial_001,event_001,exp1_system_characterization/start_stop_6dof,153,26,0.16993464052287582,0.9452109336853027,8.75989698477746
20260717_203749_controller_right,exp2_design_attribution,start_stop_6dof,trial_001,event_001,exp1_system_characterization/start_stop_6dof,153,27,0.17647058823529413,0.9451268911361694,8.870772887828672
20260717_203749_controller_right,exp2_design_attribution,start_stop_6dof,trial_001,event_001,exp1_system_characterization/start_stop_6dof,153,28,0.1830065359477124,0.9449822306632996,8.644341386539995
20260717_203749_controller_right,exp2_design_attribution,start_stop_6dof,trial_001,event_001,exp1_system_characterization/start_stop_6dof,153,29,0.1895424836601307,0.944743275642395,8.5816930170068
20260717_203749_controller_right,exp2_design_attribution,start_stop_6dof,trial_001,event_001,exp1_system_characterization/start_stop_6dof,153,30,0.19607843137254902,0.9444254040718079,8.417348631338076
20260717_203749_controller_right,exp2_design_attribution,start_stop_6dof,trial_001,event_001,exp1_system_characterization/start_stop_6dof,153,31,0.20261437908496732,0.9440919160842896,8.379907688705794
20260717_203749_controller_right,exp2_design_attribution,start_stop_6dof,trial_001,event_001,exp1_system_characterization/start_stop_6dof,153,32,0.20915032679738563,0.9438944458961487,8.34474055307792
20260717_203749_controller_right,exp2_design_attribution,start_stop_6dof,trial_001,event_001,exp1_system_characterization/start_stop_6dof,153,33,0.21568627450980393,0.9436159133911133,8.420129453421708
20260717_203749_controller_right,exp2_design_attribution,start_stop_6dof,trial_001,event_001,exp1_system_characterization/start_stop_6dof,153,34,0.2222222222222222,0.9436132907867432,8.315488627274783
20260717_203749_controller_right,exp2_design_attribution,start_stop_6dof,trial_001,event_001,exp1_system_characterization/start_stop_6dof,153,35,0.22875816993464052,0.9434431195259094,8.302348614729738
20260717_203749_controller_right,exp2_design_attribution,start_stop_6dof,trial_001,event_001,exp1_system_characterization/start_stop_6dof,153,36,0.23529411764705882,0.9432908892631531,8.177842697077557
20260717_203749_controller_right,exp2_design_attribution,start_stop_6dof,trial_001,event_001,exp1_system_characterization/start_stop_6dof,153,37,0.24183006535947713,0.9431298971176147,8.042841225397336
20260717_203749_controller_right,exp2_design_attribution,start_stop_6dof,trial_001,event_001,exp1_system_characterization/start_stop_6dof,153,38,0.24836601307189543,0.9430053234100342,7.963545314638076
20260717_203749_controller_right,exp2_design_attribution,start_stop_6dof,trial_001,event_001,exp1_system_characterization/start_stop_6dof,153,39,0.2549019607843137,0.9429754614830017,7.892449862441554
20260717_203749_controller_right,exp2_design_attribution,start_stop_6dof,trial_001,event_001,exp1_system_characterization/start_stop_6dof,153,40,0.26143790849673204,0.9429505467414856,7.793055640900742
20260717_203749_controller_right,exp2_design_attribution,start_stop_6dof,trial_001,event_001,exp1_system_characterization/start_stop_6dof,153,41,0.2679738562091503,0.9427676200866699,7.781738274630055
20260717_203749_controller_right,exp2_design_attribution,start_stop_6dof,trial_001,event_001,exp1_system_characterization/start_stop_6dof,153,42,0.27450980392156865,0.9427528977394104,8.107760450313506
20260717_203749_controller_right,exp2_design_attribution,start_stop_6dof,trial_001,event_001,exp1_system_characterization/start_stop_6dof,153,43,0.28104575163398693,0.9423167705535889,8.432344883994581
20260717_203749_controller_right,exp2_design_attribution,start_stop_6dof,trial_001,event_001,exp1_system_characterization/start_stop_6dof,153,44,0.2875816993464052,0.9422296285629272,8.427081631672037
20260717_203749_controller_right,exp2_design_attribution,start_stop_6dof,trial_001,event_001,exp1_system_characterization/start_stop_6dof,153,45,0.29411764705882354,0.9418433904647827,8.737538064335483
20260717_203749_controller_right,exp2_design_attribution,start_stop_6dof,trial_001,event_001,exp1_system_characterization/start_stop_6dof,153,46,0.3006535947712418,0.9418389201164246,8.736890070379902
20260717_203749_controller_right,exp2_design_attribution,start_stop_6dof,trial_001,event_001,exp1_system_characterization/start_stop_6dof,153,47,0.30718954248366015,0.9417611956596375,8.640890198045339
20260717_203749_controller_right,exp2_design_attribution,start_stop_6dof,trial_001,event_001,exp1_system_characterization/start_stop_6dof,153,48,0.3137254901960784,0.9416790008544922,8.644973925135943
20260717_203749_controller_right,exp2_design_attribution,start_stop_6dof,trial_001,event_001,exp1_system_characterization/start_stop_6dof,153,49,0.3202614379084967,0.9415524005889893,8.638419358816805
20260717_203749_controller_right,exp2_design_attribution,start_stop_6dof,trial_001,event_001,exp1_system_characterization/start_stop_6dof,153,50,0.32679738562091504,0.9413108825683594,8.645046957802096
20260717_203749_controller_right,exp2_design_attribution,start_stop_6dof,trial_001,event_001,exp1_system_characterization/start_stop_6dof,153,51,0.3333333333333333,0.9412688612937927,8.560574908963812
20260717_203749_controller_right,exp2_design_attribution,start_stop_6dof,trial_001,event_001,exp1_system_characterization/start_stop_6dof,153,52,0.33986928104575165,0.9412479996681213,8.76843416542388
20260717_203749_controller_right,exp2_design_attribution,start_stop_6dof,trial_001,event_001,exp1_system_characterization/start_stop_6dof,153,53,0.3464052287581699,0.9407982230186462,8.743121169473845
20260717_203749_controller_right,exp2_design_attribution,start_stop_6dof,trial_001,event_001,exp1_system_characterization/start_stop_6dof,153,54,0.35294117647058826,0.9406474232673645,8.870072173294245
20260717_203749_controller_right,exp2_design_attribution,start_stop_6dof,trial_001,event_001,exp1_system_characterization/start_stop_6dof,153,55,0.35947712418300654,0.9405527114868164,8.77088082056294
20260717_203749_controller_right,exp2_design_attribution,start_stop_6dof,trial_001,event_001,exp1_system_characterization/start_stop_6dof,153,56,0.3660130718954248,0.9404301643371582,9.0334299524487
20260717_203749_controller_right,exp2_design_attribution,start_stop_6dof,trial_001,event_001,exp1_system_characterization/start_stop_6dof,153,57,0.37254901960784315,0.9402282238006592,9.264739425572246
20260717_203749_controller_right,exp2_design_attribution,start_stop_6dof,trial_001,event_001,exp1_system_characterization/start_stop_6dof,153,58,0.3790849673202614,0.9400342702865601,9.200966474442332
20260717_203749_controller_right,exp2_design_attribution,start_stop_6dof,trial_001,event_001,exp1_system_characterization/start_stop_6dof,153,59,0.38562091503267976,0.9400151371955872,9.218948289454223
20260717_203749_controller_right,exp2_design_attribution,start_stop_6dof,trial_001,event_001,exp1_system_characterization/start_stop_6dof,153,60,0.39215686274509803,0.9399772882461548,9.120309749404262
20260717_203749_controller_right,exp2_design_attribution,start_stop_6dof,trial_001,event_001,exp1_system_characterization/start_stop_6dof,153,61,0.39869281045751637,0.9397743940353394,9.02611982048186
20260717_203749_controller_right,exp2_design_attribution,start_stop_6dof,trial_001,event_001,exp1_system_characterization/start_stop_6dof,153,62,0.40522875816993464,0.9396494030952454,8.952924669655058
20260717_203749_controller_right,exp2_design_attribution,start_stop_6dof,trial_001,event_001,exp1_system_characterization/start_stop_6dof,153,63,0.4117647058823529,0.9393885135650635,8.881576937066486
20260717_203749_controller_right,exp2_design_attribution,start_stop_6dof,trial_001,event_001,exp1_system_characterization/start_stop_6dof,153,64,0.41830065359477125,0.9393547773361206,8.971584033074613
20260717_203749_controller_right,exp2_design_attribution,start_stop_6dof,trial_001,event_001,exp1_system_characterization/start_stop_6dof,153,65,0.42483660130718953,0.9391142725944519,8.979854833231197
20260717_203749_controller_right,exp2_design_attribution,start_stop_6dof,trial_001,event_001,exp1_system_characterization/start_stop_6dof,153,66,0.43137254901960786,0.9388464689254761,8.9075760751753
20260717_203749_controller_right,exp2_design_attribution,start_stop_6dof,trial_001,event_001,exp1_system_characterization/start_stop_6dof,153,67,0.43790849673202614,0.9387336373329163,9.112804221190547
20260717_203749_controller_right,exp2_design_attribution,start_stop_6dof,trial_001,event_001,exp1_system_characterization/start_stop_6dof,153,68,0.4444444444444444,0.9386676549911499,9.027597182947757
20260717_203749_controller_right,exp2_design_attribution,start_stop_6dof,trial_001,event_001,exp1_system_characterization/start_stop_6dof,153,69,0.45098039215686275,0.9381278157234192,8.955884039253716
20260717_203749_controller_right,exp2_design_attribution,start_stop_6dof,trial_001,event_001,exp1_system_characterization/start_stop_6dof,153,70,0.45751633986928103,0.9377080798149109,8.88446707203346
20260717_203749_controller_right,exp2_design_attribution,start_stop_6dof,trial_001,event_001,exp1_system_characterization/start_stop_6dof,153,71,0.46405228758169936,0.937706470489502,9.059911471478392
20260717_203749_controller_right,exp2_design_attribution,start_stop_6dof,trial_001,event_001,exp1_system_characterization/start_stop_6dof,153,72,0.47058823529411764,0.9376673698425293,9.05826965498727
20260717_203749_controller_right,exp2_design_attribution,start_stop_6dof,trial_001,event_001,exp1_system_characterization/start_stop_6dof,153,73,0.477124183006536,0.9376498460769653,9.013433832145056
20260717_203749_controller_right,exp2_design_attribution,start_stop_6dof,trial_001,event_001,exp1_system_characterization/start_stop_6dof,153,74,0.48366013071895425,0.9373681545257568,8.998823739095064
20260717_203749_controller_right,exp2_design_attribution,start_stop_6dof,trial_001,event_001,exp1_system_characterization/start_stop_6dof,153,75,0.49019607843137253,0.9373586177825928,8.934170608461082
20260717_203749_controller_right,exp2_design_attribution,start_stop_6dof,trial_001,event_001,exp1_system_characterization/start_stop_6dof,153,76,0.49673202614379086,0.936924934387207,8.864698555519333
20260717_203749_controller_right,exp2_design_attribution,start_stop_6dof,trial_001,event_001,exp1_system_characterization/start_stop_6dof,153,77,0.5032679738562091,0.9367824196815491,8.809628658562202
20260717_203749_controller_right,exp2_design_attribution,start_stop_6dof,trial_001,event_001,exp1_system_characterization/start_stop_6dof,153,78,0.5098039215686274,0.9367191195487976,8.810758693388712
20260717_203749_controller_right,exp2_design_attribution,start_stop_6dof,trial_001,event_001,exp1_system_characterization/start_stop_6dof,153,79,0.5163398692810458,0.9359713792800903,8.745825436563393
20260717_203749_controller_right,exp2_design_attribution,start_stop_6dof,trial_001,event_001,exp1_system_characterization/start_stop_6dof,153,80,0.5228758169934641,0.9357161521911621,8.89406938489238
20260717_203749_controller_right,exp2_design_attribution,start_stop_6dof,trial_001,event_001,exp1_system_characterization/start_stop_6dof,153,81,0.5294117647058824,0.9348464608192444,8.903346967008591
20260717_203749_controller_right,exp2_design_attribution,start_stop_6dof,trial_001,event_001,exp1_system_characterization/start_stop_6dof,153,82,0.5359477124183006,0.9348214268684387,8.820924366836042
20260717_203749_controller_right,exp2_design_attribution,start_stop_6dof,trial_001,event_001,exp1_system_characterization/start_stop_6dof,153,83,0.5424836601307189,0.9346351027488708,8.849824071203955
20260717_203749_controller_right,exp2_design_attribution,start_stop_6dof,trial_001,event_001,exp1_system_characterization/start_stop_6dof,153,84,0.5490196078431373,0.9345401525497437,8.820711342540331
20260717_203749_controller_right,exp2_design_attribution,start_stop_6dof,trial_001,event_001,exp1_system_characterization/start_stop_6dof,153,85,0.5555555555555556,0.934488832950592,8.81933480710131
20260717_203749_controller_right,exp2_design_attribution,start_stop_6dof,trial_001,event_001,exp1_system_characterization/start_stop_6dof,153,86,0.5620915032679739,0.9341635704040527,8.808197893454741
20260717_203749_controller_right,exp2_design_attribution,start_stop_6dof,trial_001,event_001,exp1_system_characterization/start_stop_6dof,153,87,0.5686274509803921,0.9341475367546082,8.767540806871546
20260717_203749_controller_right,exp2_design_attribution,start_stop_6dof,trial_001,event_001,exp1_system_characterization/start_stop_6dof,153,88,0.5751633986928104,0.9337407350540161,8.707503123714146
20260717_203749_controller_right,exp2_design_attribution,start_stop_6dof,trial_001,event_001,exp1_system_characterization/start_stop_6dof,153,89,0.5816993464052288,0.9335556626319885,8.672085371347816
20260717_203749_controller_right,exp2_design_attribution,start_stop_6dof,trial_001,event_001,exp1_system_characterization/start_stop_6dof,153,90,0.5882352941176471,0.9334022998809814,8.620536283762057
20260717_203749_controller_right,exp2_design_attribution,start_stop_6dof,trial_001,event_001,exp1_system_characterization/start_stop_6dof,153,91,0.5947712418300654,0.9333765506744385,8.570652117307452
20260717_203749_controller_right,exp2_design_attribution,start_stop_6dof,trial_001,event_001,exp1_system_characterization/start_stop_6dof,153,92,0.6013071895424836,0.9330467581748962,8.593154409232415
20260717_203749_controller_right,exp2_design_attribution,start_stop_6dof,trial_001,event_001,exp1_system_characterization/start_stop_6dof,153,93,0.6078431372549019,0.9330331683158875,8.541982548787399
20260717_203749_controller_right,exp2_design_attribution,start_stop_6dof,trial_001,event_001,exp1_system_characterization/start_stop_6dof,153,94,0.6143790849673203,0.9330331087112427,8.49349151560411
20260717_203749_controller_right,exp2_design_attribution,start_stop_6dof,trial_001,event_001,exp1_system_characterization/start_stop_6dof,153,95,0.6209150326797386,0.9330319166183472,8.519366708951676
20260717_203749_controller_right,exp2_design_attribution,start_stop_6dof,trial_001,event_001,exp1_system_characterization/start_stop_6dof,153,96,0.6274509803921569,0.9328358769416809,8.473300458843397
20260717_203749_controller_right,exp2_design_attribution,start_stop_6dof,trial_001,event_001,exp1_system_characterization/start_stop_6dof,153,97,0.6339869281045751,0.9325146675109863,8.490579809193159
20260717_203749_controller_right,exp2_design_attribution,start_stop_6dof,trial_001,event_001,exp1_system_characterization/start_stop_6dof,153,98,0.6405228758169934,0.9324392080307007,8.549042665540428
20260717_203749_controller_right,exp2_design_attribution,start_stop_6dof,trial_001,event_001,exp1_system_characterization/start_stop_6dof,153,99,0.6470588235294118,0.9323168992996216,8.513958365303989
20260717_203749_controller_right,exp2_design_attribution,start_stop_6dof,trial_001,event_001,exp1_system_characterization/start_stop_6dof,153,100,0.6535947712418301,0.9321247339248657,8.474956690389451
20260717_203749_controller_right,exp2_design_attribution,start_stop_6dof,trial_001,event_001,exp1_system_characterization/start_stop_6dof,153,101,0.6601307189542484,0.9318313002586365,8.470755306840019
20260717_203749_controller_right,exp2_design_attribution,start_stop_6dof,trial_001,event_001,exp1_system_characterization/start_stop_6dof,153,102,0.6666666666666666,0.931219756603241,8.497535990070809
20260717_203749_controller_right,exp2_design_attribution,start_stop_6dof,trial_001,event_001,exp1_system_characterization/start_stop_6dof,153,103,0.673202614379085,0.9311869740486145,8.493519138344569
20260717_203749_controller_right,exp2_design_attribution,start_stop_6dof,trial_001,event_001,exp1_system_characterization/start_stop_6dof,153,104,0.6797385620915033,0.9310356378555298,8.502109623934542
20260717_203749_controller_right,exp2_design_attribution,start_stop_6dof,trial_001,event_001,exp1_system_characterization/start_stop_6dof,153,105,0.6862745098039216,0.9308599829673767,8.450410920821145
20260717_203749_controller_right,exp2_design_attribution,start_stop_6dof,trial_001,event_001,exp1_system_characterization/start_stop_6dof,153,106,0.6928104575163399,0.9308538436889648,8.436723095059975
20260717_203749_controller_right,exp2_design_attribution,start_stop_6dof,trial_001,event_001,exp1_system_characterization/start_stop_6dof,153,107,0.6993464052287581,0.9308273792266846,8.399586495893809
20260717_203749_controller_right,exp2_design_attribution,start_stop_6dof,trial_001,event_001,exp1_system_characterization/start_stop_6dof,153,108,0.7058823529411765,0.9306249618530273,8.342028612369369
20260717_203749_controller_right,exp2_design_attribution,start_stop_6dof,trial_001,event_001,exp1_system_characterization/start_stop_6dof,153,109,0.7124183006535948,0.9305714964866638,8.35567422365491
20260717_203749_controller_right,exp2_design_attribution,start_stop_6dof,trial_001,event_001,exp1_system_characterization/start_stop_6dof,153,110,0.7189542483660131,0.9305201768875122,8.44884344288274
20260717_203749_controller_right,exp2_design_attribution,start_stop_6dof,trial_001,event_001,exp1_system_characterization/start_stop_6dof,153,111,0.7254901960784313,0.930307924747467,8.494617126211352
20260717_203749_controller_right,exp2_design_attribution,start_stop_6dof,trial_001,event_001,exp1_system_characterization/start_stop_6dof,153,112,0.7320261437908496,0.9300692677497864,8.478220319325212
20260717_203749_controller_right,exp2_design_attribution,start_stop_6dof,trial_001,event_001,exp1_system_characterization/start_stop_6dof,153,113,0.738562091503268,0.9300562739372253,8.480891884118309
20260717_203749_controller_right,exp2_design_attribution,start_stop_6dof,trial_001,event_001,exp1_system_characterization/start_stop_6dof,153,114,0.7450980392156863,0.9297996163368225,8.501262479917546
20260717_203749_controller_right,exp2_design_attribution,start_stop_6dof,trial_001,event_001,exp1_system_characterization/start_stop_6dof,153,115,0.7516339869281046,0.928974449634552,8.47973905854832
20260717_203749_controller_right,exp2_design_attribution,start_stop_6dof,trial_001,event_001,exp1_system_characterization/start_stop_6dof,153,116,0.7581699346405228,0.9286928772926331,8.450300621326646
20260717_203749_controller_right,exp2_design_attribution,start_stop_6dof,trial_001,event_001,exp1_system_characterization/start_stop_6dof,153,117,0.7647058823529411,0.9285567402839661,8.439983646382913
20260717_203749_controller_right,exp2_design_attribution,start_stop_6dof,trial_001,event_001,exp1_system_characterization/start_stop_6dof,153,118,0.7712418300653595,0.928335428237915,8.40872006582005
20260717_203749_controller_right,exp2_design_attribution,start_stop_6dof,trial_001,event_001,exp1_system_characterization/start_stop_6dof,153,119,0.7777777777777778,0.9281709790229797,8.384011240177106
20260717_203749_controller_right,exp2_design_attribution,start_stop_6dof,trial_001,event_001,exp1_system_characterization/start_stop_6dof,153,120,0.7843137254901961,0.9270115494728088,8.348552286260368
20260717_203749_controller_right,exp2_design_attribution,start_stop_6dof,trial_001,event_001,exp1_system_characterization/start_stop_6dof,153,121,0.7908496732026143,0.9258579611778259,8.36154051377356
20260717_203749_controller_right,exp2_design_attribution,start_stop_6dof,trial_001,event_001,exp1_system_characterization/start_stop_6dof,153,122,0.7973856209150327,0.925788938999176,8.330656100270678
20260717_203749_controller_right,exp2_design_attribution,start_stop_6dof,trial_001,event_001,exp1_system_characterization/start_stop_6dof,153,123,0.803921568627451,0.9255256652832031,8.313008564197334
20260717_203749_controller_right,exp2_design_attribution,start_stop_6dof,trial_001,event_001,exp1_system_characterization/start_stop_6dof,153,124,0.8104575163398693,0.9254854917526245,8.278893789469192
20260717_203749_controller_right,exp2_design_attribution,start_stop_6dof,trial_001,event_001,exp1_system_characterization/start_stop_6dof,153,125,0.8169934640522876,0.9253692030906677,8.253496123649361
20260717_203749_controller_right,exp2_design_attribution,start_stop_6dof,trial_001,event_001,exp1_system_characterization/start_stop_6dof,153,126,0.8235294117647058,0.9243782162666321,8.269312927365915
20260717_203749_controller_right,exp2_design_attribution,start_stop_6dof,trial_001,event_001,exp1_system_characterization/start_stop_6dof,153,127,0.8300653594771242,0.9242870807647705,8.249934224985347
20260717_203749_controller_right,exp2_design_attribution,start_stop_6dof,trial_001,event_001,exp1_system_characterization/start_stop_6dof,153,128,0.8366013071895425,0.9240342378616333,8.28033557776734
20260717_203749_controller_right,exp2_design_attribution,start_stop_6dof,trial_001,event_001,exp1_system_characterization/start_stop_6dof,153,129,0.8431372549019608,0.9238338470458984,8.29556853252232
20260717_203749_controller_right,exp2_design_attribution,start_stop_6dof,trial_001,event_001,exp1_system_characterization/start_stop_6dof,153,130,0.8496732026143791,0.92280513048172,8.325800994014928
20260717_203749_controller_right,exp2_design_attribution,start_stop_6dof,trial_001,event_001,exp1_system_characterization/start_stop_6dof,153,131,0.8562091503267973,0.9223295450210571,8.357503646406782
20260717_203749_controller_right,exp2_design_attribution,start_stop_6dof,trial_001,event_001,exp1_system_characterization/start_stop_6dof,153,132,0.8627450980392157,0.9214785695075989,8.34162076909528
20260717_203749_controller_right,exp2_design_attribution,start_stop_6dof,trial_001,event_001,exp1_system_characterization/start_stop_6dof,153,133,0.869281045751634,0.9208971261978149,8.301939991574857
20260717_203749_controller_right,exp2_design_attribution,start_stop_6dof,trial_001,event_001,exp1_system_characterization/start_stop_6dof,153,134,0.8758169934640523,0.9207565784454346,8.274108864653869
20260717_203749_controller_right,exp2_design_attribution,start_stop_6dof,trial_001,event_001,exp1_system_characterization/start_stop_6dof,153,135,0.8823529411764706,0.918857991695404,8.225696343152931
20260717_203749_controller_right,exp2_design_attribution,start_stop_6dof,trial_001,event_001,exp1_system_characterization/start_stop_6dof,153,136,0.8888888888888888,0.9179274439811707,8.282065720431934
20260717_203749_controller_right,exp2_design_attribution,start_stop_6dof,trial_001,event_001,exp1_system_characterization/start_stop_6dof,153,137,0.8954248366013072,0.9178930521011353,8.274824117174166
20260717_203749_controller_right,exp2_design_attribution,start_stop_6dof,trial_001,event_001,exp1_system_characterization/start_stop_6dof,153,138,0.9019607843137255,0.9176799058914185,8.40023690981535
20260717_203749_controller_right,exp2_design_attribution,start_stop_6dof,trial_001,event_001,exp1_system_characterization/start_stop_6dof,153,139,0.9084967320261438,0.9171463251113892,8.418059357644625
20260717_203749_controller_right,exp2_design_attribution,start_stop_6dof,trial_001,event_001,exp1_system_characterization/start_stop_6dof,153,140,0.9150326797385621,0.9169636368751526,8.383883850131605
20260717_203749_controller_right,exp2_design_attribution,start_stop_6dof,trial_001,event_001,exp1_system_characterization/start_stop_6dof,153,141,0.9215686274509803,0.9168890714645386,8.410952359859056
20260717_203749_controller_right,exp2_design_attribution,start_stop_6dof,trial_001,event_001,exp1_system_characterization/start_stop_6dof,153,142,0.9281045751633987,0.9127023220062256,8.409883979336055
20260717_203749_controller_right,exp2_design_attribution,start_stop_6dof,trial_001,event_001,exp1_system_characterization/start_stop_6dof,153,143,0.934640522875817,0.9115626215934753,8.362851450058528
20260717_203749_controller_right,exp2_design_attribution,start_stop_6dof,trial_001,event_001,exp1_system_characterization/start_stop_6dof,153,144,0.9411764705882353,0.9113146066665649,8.339903647560877
20260717_203749_controller_right,exp2_design_attribution,start_stop_6dof,trial_001,event_001,exp1_system_characterization/start_stop_6dof,153,145,0.9477124183006536,0.9108433127403259,8.364496086350275
20260717_203749_controller_right,exp2_design_attribution,start_stop_6dof,trial_001,event_001,exp1_system_characterization/start_stop_6dof,153,146,0.954248366013072,0.9085216522216797,8.39304353361517
20260717_203749_controller_right,exp2_design_attribution,start_stop_6dof,trial_001,event_001,exp1_system_characterization/start_stop_6dof,153,147,0.9607843137254902,0.8981552124023438,8.422203735471319
20260717_203749_controller_right,exp2_design_attribution,start_stop_6dof,trial_001,event_001,exp1_system_characterization/start_stop_6dof,153,148,0.9673202614379085,0.891764760017395,8.418253816579677
20260717_203749_controller_right,exp2_design_attribution,start_stop_6dof,trial_001,event_001,exp1_system_characterization/start_stop_6dof,153,149,0.9738562091503268,0.886609673500061,8.408573749483015
20260717_203749_controller_right,exp2_design_attribution,start_stop_6dof,trial_001,event_001,exp1_system_characterization/start_stop_6dof,153,150,0.9803921568627451,0.8839843273162842,8.391088448507986
20260717_203749_controller_right,exp2_design_attribution,start_stop_6dof,trial_001,event_001,exp1_system_characterization/start_stop_6dof,153,151,0.9869281045751634,0.8816035985946655,8.368000478264824
20260717_203749_controller_right,exp2_design_attribution,start_stop_6dof,trial_001,event_001,exp1_system_characterization/start_stop_6dof,153,152,0.9934640522875817,0.8806205987930298,8.392172996571782
20260717_203749_controller_right,exp2_design_attribution,start_stop_6dof,trial_001,event_001,exp1_system_characterization/start_stop_6dof,153,153,1.0,0.8764787912368774,8.392497411002882
20260717_203749_controller_right,exp2_design_attribution,start_stop_6dof,trial_001,event_002,exp1_system_characterization/start_stop_6dof,189,1,0.005291005291005291,0.9676473736763,8.967281857217682
20260717_203749_controller_right,exp2_design_attribution,start_stop_6dof,trial_001,event_002,exp1_system_characterization/start_stop_6dof,189,2,0.010582010582010581,0.9659866094589233,8.981039667007327
20260717_203749_controller_right,exp2_design_attribution,start_stop_6dof,trial_001,event_002,exp1_system_characterization/start_stop_6dof,189,3,0.015873015873015872,0.9658847451210022,8.767397596743425
20260717_203749_controller_right,exp2_design_attribution,start_stop_6dof,trial_001,event_002,exp1_system_characterization/start_stop_6dof,189,4,0.021164021164021163,0.9637291431427002,9.288097796254057
20260717_203749_controller_right,exp2_design_attribution,start_stop_6dof,trial_001,event_002,exp1_system_characterization/start_stop_6dof,189,5,0.026455026455026454,0.9635339379310608,9.499380032443058
20260717_203749_controller_right,exp2_design_attribution,start_stop_6dof,trial_001,event_002,exp1_system_characterization/start_stop_6dof,189,6,0.031746031746031744,0.9627660512924194,9.483176739216004
20260717_203749_controller_right,exp2_design_attribution,start_stop_6dof,trial_001,event_002,exp1_system_characterization/start_stop_6dof,189,7,0.037037037037037035,0.962255597114563,9.714532309259383
20260717_203749_controller_right,exp2_design_attribution,start_stop_6dof,trial_001,event_002,exp1_system_characterization/start_stop_6dof,189,8,0.042328042328042326,0.9619846343994141,9.858034159730046
20260717_203749_controller_right,exp2_design_attribution,start_stop_6dof,trial_001,event_002,exp1_system_characterization/start_stop_6dof,189,9,0.047619047619047616,0.9610440135002136,9.92204809848033
20260717_203749_controller_right,exp2_design_attribution,start_stop_6dof,trial_001,event_002,exp1_system_characterization/start_stop_6dof,189,10,0.05291005291005291,0.9609653353691101,10.01869305317
20260717_203749_controller_right,exp2_design_attribution,start_stop_6dof,trial_001,event_002,exp1_system_characterization/start_stop_6dof,189,11,0.0582010582010582,0.9608778953552246,10.13165553622837
20260717_203749_controller_right,exp2_design_attribution,start_stop_6dof,trial_001,event_002,exp1_system_characterization/start_stop_6dof,189,12,0.06349206349206349,0.9608439207077026,10.199993804877
20260717_203749_controller_right,exp2_design_attribution,start_stop_6dof,trial_001,event_002,exp1_system_characterization/start_stop_6dof,189,13,0.06878306878306878,0.9597460627555847,10.262729223407526
20260717_203749_controller_right,exp2_design_attribution,start_stop_6dof,trial_001,event_002,exp1_system_characterization/start_stop_6dof,189,14,0.07407407407407407,0.9592291116714478,10.358423101925975
20260717_203749_controller_right,exp2_design_attribution,start_stop_6dof,trial_001,event_002,exp1_system_characterization/start_stop_6dof,189,15,0.07936507936507936,0.9588287472724915,10.38252637032217
20260717_203749_controller_right,exp2_design_attribution,start_stop_6dof,trial_001,event_002,exp1_system_characterization/start_stop_6dof,189,16,0.08465608465608465,0.9583302140235901,10.072720055946158
20260717_203749_controller_right,exp2_design_attribution,start_stop_6dof,trial_001,event_002,exp1_system_characterization/start_stop_6dof,189,17,0.08994708994708994,0.9575755596160889,10.097390679858533
20260717_203749_controller_right,exp2_design_attribution,start_stop_6dof,trial_001,event_002,exp1_system_characterization/start_stop_6dof,189,18,0.09523809523809523,0.9567601680755615,10.180584590311616
20260717_203749_controller_right,exp2_design_attribution,start_stop_6dof,trial_001,event_002,exp1_system_characterization/start_stop_6dof,189,19,0.10052910052910052,0.9566391110420227,10.072296957324378
20260717_203749_controller_right,exp2_design_attribution,start_stop_6dof,trial_001,event_002,exp1_system_characterization/start_stop_6dof,189,20,0.10582010582010581,0.9565787315368652,9.959565466783058
20260717_203749_controller_right,exp2_design_attribution,start_stop_6dof,trial_001,event_002,exp1_system_characterization/start_stop_6dof,189,21,0.1111111111111111,0.9565110206604004,10.014451363327055
20260717_203749_controller_right,exp2_design_attribution,start_stop_6dof,trial_001,event_002,exp1_system_characterization/start_stop_6dof,189,22,0.1164021164021164,0.9564927816390991,10.024756098999493
20260717_203749_controller_right,exp2_design_attribution,start_stop_6dof,trial_001,event_002,exp1_system_characterization/start_stop_6dof,189,23,0.12169312169312169,0.9564149379730225,10.047857510552266
20260717_203749_controller_right,exp2_design_attribution,start_stop_6dof,trial_001,event_002,exp1_system_characterization/start_stop_6dof,189,24,0.12698412698412698,0.9563403725624084,10.070225900830538
20260717_203749_controller_right,exp2_design_attribution,start_stop_6dof,trial_001,event_002,exp1_system_characterization/start_stop_6dof,189,25,0.13227513227513227,0.9561927318572998,10.08922797184097
20260717_203749_controller_right,exp2_design_attribution,start_stop_6dof,trial_001,event_002,exp1_system_characterization/start_stop_6dof,189,26,0.13756613756613756,0.9561588168144226,10.1219305796727
20260717_203749_controller_right,exp2_design_attribution,start_stop_6dof,trial_001,event_002,exp1_system_characterization/start_stop_6dof,189,27,0.14285714285714285,0.9559618830680847,10.270183679216858
20260717_203749_controller_right,exp2_design_attribution,start_stop_6dof,trial_001,event_002,exp1_system_characterization/start_stop_6dof,189,28,0.14814814814814814,0.9559189677238464,10.328505051894291
20260717_203749_controller_right,exp2_design_attribution,start_stop_6dof,trial_001,event_002,exp1_system_characterization/start_stop_6dof,189,29,0.15343915343915343,0.9558643102645874,10.385802888125058
20260717_203749_controller_right,exp2_design_attribution,start_stop_6dof,trial_001,event_002,exp1_system_characterization/start_stop_6dof,189,30,0.15873015873015872,0.9557777047157288,10.384427586988544
20260717_203749_controller_right,exp2_design_attribution,start_stop_6dof,trial_001,event_002,exp1_system_characterization/start_stop_6dof,189,31,0.164021164021164,0.955710768699646,10.404172120102194
20260717_203749_controller_right,exp2_design_attribution,start_stop_6dof,trial_001,event_002,exp1_system_characterization/start_stop_6dof,189,32,0.1693121693121693,0.9556148052215576,10.417660708746396
20260717_203749_controller_right,exp2_design_attribution,start_stop_6dof,trial_001,event_002,exp1_system_characterization/start_stop_6dof,189,33,0.1746031746031746,0.9552886486053467,10.285997785235347
20260717_203749_controller_right,exp2_design_attribution,start_stop_6dof,trial_001,event_002,exp1_system_characterization/start_stop_6dof,189,34,0.17989417989417988,0.9552465677261353,10.319111580374024
20260717_203749_controller_right,exp2_design_attribution,start_stop_6dof,trial_001,event_002,exp1_system_characterization/start_stop_6dof,189,35,0.18518518518518517,0.9549824595451355,10.362034420352746
20260717_203749_controller_right,exp2_design_attribution,start_stop_6dof,trial_001,event_002,exp1_system_characterization/start_stop_6dof,189,36,0.19047619047619047,0.9547132253646851,10.374187231616872
20260717_203749_controller_right,exp2_design_attribution,start_stop_6dof,trial_001,event_002,exp1_system_characterization/start_stop_6dof,189,37,0.19576719576719576,0.9544616341590881,10.392967176309623
20260717_203749_controller_right,exp2_design_attribution,start_stop_6dof,trial_001,event_002,exp1_system_characterization/start_stop_6dof,189,38,0.20105820105820105,0.9544222950935364,10.401292097520622
20260717_203749_controller_right,exp2_design_attribution,start_stop_6dof,trial_001,event_002,exp1_system_characterization/start_stop_6dof,189,39,0.20634920634920634,0.9542430639266968,10.426830990568464
20260717_203749_controller_right,exp2_design_attribution,start_stop_6dof,trial_001,event_002,exp1_system_characterization/start_stop_6dof,189,40,0.21164021164021163,0.9540377259254456,10.454443411961435
20260717_203749_controller_right,exp2_design_attribution,start_stop_6dof,trial_001,event_002,exp1_system_characterization/start_stop_6dof,189,41,0.21693121693121692,0.9535595178604126,10.448061609533736
20260717_203749_controller_right,exp2_design_attribution,start_stop_6dof,trial_001,event_002,exp1_system_characterization/start_stop_6dof,189,42,0.2222222222222222,0.953529953956604,10.459606314857867
20260717_203749_controller_right,exp2_design_attribution,start_stop_6dof,trial_001,event_002,exp1_system_characterization/start_stop_6dof,189,43,0.2275132275132275,0.9532654285430908,10.464807299014423
20260717_203749_controller_right,exp2_design_attribution,start_stop_6dof,trial_001,event_002,exp1_system_characterization/start_stop_6dof,189,44,0.2328042328042328,0.9532230496406555,10.4552569947006
20260717_203749_controller_right,exp2_design_attribution,start_stop_6dof,trial_001,event_002,exp1_system_characterization/start_stop_6dof,189,45,0.23809523809523808,0.9531241059303284,10.498929066407547
20260717_203749_controller_right,exp2_design_attribution,start_stop_6dof,trial_001,event_002,exp1_system_characterization/start_stop_6dof,189,46,0.24338624338624337,0.9529253244400024,10.45107140383706
20260717_203749_controller_right,exp2_design_attribution,start_stop_6dof,trial_001,event_002,exp1_system_characterization/start_stop_6dof,189,47,0.24867724867724866,0.952879011631012,10.46886364164095
20260717_203749_controller_right,exp2_design_attribution,start_stop_6dof,trial_001,event_002,exp1_system_characterization/start_stop_6dof,189,48,0.25396825396825395,0.9528299570083618,10.412796738098868
20260717_203749_controller_right,exp2_design_attribution,start_stop_6dof,trial_001,event_002,exp1_system_characterization/start_stop_6dof,189,49,0.25925925925925924,0.9526965022087097,10.417112101206937
20260717_203749_controller_right,exp2_design_attribution,start_stop_6dof,trial_001,event_002,exp1_system_characterization/start_stop_6dof,189,50,0.26455026455026454,0.952574610710144,10.355763746481705
20260717_203749_controller_right,exp2_design_attribution,start_stop_6dof,trial_001,event_002,exp1_system_characterization/start_stop_6dof,189,51,0.2698412698412698,0.9524019360542297,10.315636061232723
20260717_203749_controller_right,exp2_design_attribution,start_stop_6dof,trial_001,event_002,exp1_system_characterization/start_stop_6dof,189,52,0.2751322751322751,0.9523574709892273,10.237675442754743
20260717_203749_controller_right,exp2_design_attribution,start_stop_6dof,trial_001,event_002,exp1_system_characterization/start_stop_6dof,189,53,0.2804232804232804,0.9521499276161194,10.185692573953038
20260717_203749_controller_right,exp2_design_attribution,start_stop_6dof,trial_001,event_002,exp1_system_characterization/start_stop_6dof,189,54,0.2857142857142857,0.9516333341598511,10.208128158616653
20260717_203749_controller_right,exp2_design_attribution,start_stop_6dof,trial_001,event_002,exp1_system_characterization/start_stop_6dof,189,55,0.291005291005291,0.9515818953514099,10.220379099981757
20260717_203749_controller_right,exp2_design_attribution,start_stop_6dof,trial_001,event_002,exp1_system_characterization/start_stop_6dof,189,56,0.2962962962962963,0.9513538479804993,10.207717697632281
20260717_203749_controller_right,exp2_design_attribution,start_stop_6dof,trial_001,event_002,exp1_system_characterization/start_stop_6dof,189,57,0.30158730158730157,0.9511414170265198,10.229745897014634
20260717_203749_controller_right,exp2_design_attribution,start_stop_6dof,trial_001,event_002,exp1_system_characterization/start_stop_6dof,189,58,0.30687830687830686,0.9506177306175232,10.237154585827087
20260717_203749_controller_right,exp2_design_attribution,start_stop_6dof,trial_001,event_002,exp1_system_characterization/start_stop_6dof,189,59,0.31216931216931215,0.9505821466445923,10.355484123347853
20260717_203749_controller_right,exp2_design_attribution,start_stop_6dof,trial_001,event_002,exp1_system_characterization/start_stop_6dof,189,60,0.31746031746031744,0.9504663348197937,10.376732802113274
20260717_203749_controller_right,exp2_design_attribution,start_stop_6dof,trial_001,event_002,exp1_system_characterization/start_stop_6dof,189,61,0.32275132275132273,0.9503319263458252,10.383586896303258
20260717_203749_controller_right,exp2_design_attribution,start_stop_6dof,trial_001,event_002,exp1_system_characterization/start_stop_6dof,189,62,0.328042328042328,0.9496578574180603,10.377658382200257
20260717_203749_controller_right,exp2_design_attribution,start_stop_6dof,trial_001,event_002,exp1_system_characterization/start_stop_6dof,189,63,0.3333333333333333,0.9495934247970581,10.371013678189021
20260717_203749_controller_right,exp2_design_attribution,start_stop_6dof,trial_001,event_002,exp1_system_characterization/start_stop_6dof,189,64,0.3386243386243386,0.9494197368621826,10.387319823671298
20260717_203749_controller_right,exp2_design_attribution,start_stop_6dof,trial_001,event_002,exp1_system_characterization/start_stop_6dof,189,65,0.3439153439153439,0.9493401646614075,10.39606340244849
20260717_203749_controller_right,exp2_design_attribution,start_stop_6dof,trial_001,event_002,exp1_system_characterization/start_stop_6dof,189,66,0.3492063492063492,0.9493095278739929,10.39799811794811
20260717_203749_controller_right,exp2_design_attribution,start_stop_6dof,trial_001,event_002,exp1_system_characterization/start_stop_6dof,189,67,0.3544973544973545,0.9489471912384033,10.401477523226127
20260717_203749_controller_right,exp2_design_attribution,start_stop_6dof,trial_001,event_002,exp1_system_characterization/start_stop_6dof,189,68,0.35978835978835977,0.9488657712936401,10.373208646006443
20260717_203749_controller_right,exp2_design_attribution,start_stop_6dof,trial_001,event_002,exp1_system_characterization/start_stop_6dof,189,69,0.36507936507936506,0.9487406611442566,10.338952129246437
20260717_203749_controller_right,exp2_design_attribution,start_stop_6dof,trial_001,event_002,exp1_system_characterization/start_stop_6dof,189,70,0.37037037037037035,0.9487210512161255,10.344596859764343
20260717_203749_controller_right,exp2_design_attribution,start_stop_6dof,trial_001,event_002,exp1_system_characterization/start_stop_6dof,189,71,0.37566137566137564,0.9485324025154114,10.315441540781203
20260717_203749_controller_right,exp2_design_attribution,start_stop_6dof,trial_001,event_002,exp1_system_characterization/start_stop_6dof,189,72,0.38095238095238093,0.9483804702758789,10.331142714380967
20260717_203749_controller_right,exp2_design_attribution,start_stop_6dof,trial_001,event_002,exp1_system_characterization/start_stop_6dof,189,73,0.3862433862433862,0.9482380747795105,10.34001468200438
20260717_203749_controller_right,exp2_design_attribution,start_stop_6dof,trial_001,event_002,exp1_system_characterization/start_stop_6dof,189,74,0.3915343915343915,0.9482200145721436,10.35612615964431
20260717_203749_controller_right,exp2_design_attribution,start_stop_6dof,trial_001,event_002,exp1_system_characterization/start_stop_6dof,189,75,0.3968253968253968,0.9479461312294006,10.37721275625629
20260717_203749_controller_right,exp2_design_attribution,start_stop_6dof,trial_001,event_002,exp1_system_characterization/start_stop_6dof,189,76,0.4021164021164021,0.9478248953819275,10.382432589010978
20260717_203749_controller_right,exp2_design_attribution,start_stop_6dof,trial_001,event_002,exp1_system_characterization/start_stop_6dof,189,77,0.4074074074074074,0.9478238224983215,10.390134265122457
20260717_203749_controller_right,exp2_design_attribution,start_stop_6dof,trial_001,event_002,exp1_system_characterization/start_stop_6dof,189,78,0.4126984126984127,0.9476851224899292,10.418298364532133
20260717_203749_controller_right,exp2_design_attribution,start_stop_6dof,trial_001,event_002,exp1_system_characterization/start_stop_6dof,189,79,0.41798941798941797,0.9475929737091064,10.417079631810251
20260717_203749_controller_right,exp2_design_attribution,start_stop_6dof,trial_001,event_002,exp1_system_characterization/start_stop_6dof,189,80,0.42328042328042326,0.9475589394569397,10.38491686573618
20260717_203749_controller_right,exp2_design_attribution,start_stop_6dof,trial_001,event_002,exp1_system_characterization/start_stop_6dof,189,81,0.42857142857142855,0.9475582242012024,10.397698790451452
20260717_203749_controller_right,exp2_design_attribution,start_stop_6dof,trial_001,event_002,exp1_system_characterization/start_stop_6dof,189,82,0.43386243386243384,0.9474040269851685,10.414271185998894
20260717_203749_controller_right,exp2_design_attribution,start_stop_6dof,trial_001,event_002,exp1_system_characterization/start_stop_6dof,189,83,0.43915343915343913,0.9471153616905212,10.418060540144497
20260717_203749_controller_right,exp2_design_attribution,start_stop_6dof,trial_001,event_002,exp1_system_characterization/start_stop_6dof,189,84,0.4444444444444444,0.9470786452293396,10.374401901406527
20260717_203749_controller_right,exp2_design_attribution,start_stop_6dof,trial_001,event_002,exp1_system_characterization/start_stop_6dof,189,85,0.4497354497354497,0.9458626508712769,10.371739284654833
20260717_203749_controller_right,exp2_design_attribution,start_stop_6dof,trial_001,event_002,exp1_system_characterization/start_stop_6dof,189,86,0.455026455026455,0.9458231925964355,10.395788480204542
20260717_203749_controller_right,exp2_design_attribution,start_stop_6dof,trial_001,event_002,exp1_system_characterization/start_stop_6dof,189,87,0.4603174603174603,0.9444811940193176,10.379591998422091
20260717_203749_controller_right,exp2_design_attribution,start_stop_6dof,trial_001,event_002,exp1_system_characterization/start_stop_6dof,189,88,0.4656084656084656,0.9440189599990845,10.3844873986461
20260717_203749_controller_right,exp2_design_attribution,start_stop_6dof,trial_001,event_002,exp1_system_characterization/start_stop_6dof,189,89,0.4708994708994709,0.9438354969024658,10.334623745285588
20260717_203749_controller_right,exp2_design_attribution,start_stop_6dof,trial_001,event_002,exp1_system_characterization/start_stop_6dof,189,90,0.47619047619047616,0.9434574842453003,10.359017228539736
20260717_203749_controller_right,exp2_design_attribution,start_stop_6dof,trial_001,event_002,exp1_system_characterization/start_stop_6dof,189,91,0.48148148148148145,0.9434413909912109,10.371192898683011
20260717_203749_controller_right,exp2_design_attribution,start_stop_6dof,trial_001,event_002,exp1_system_characterization/start_stop_6dof,189,92,0.48677248677248675,0.9432487487792969,10.39039390848369
20260717_203749_controller_right,exp2_design_attribution,start_stop_6dof,trial_001,event_002,exp1_system_characterization/start_stop_6dof,189,93,0.49206349206349204,0.9430868029594421,10.37250955382218
20260717_203749_controller_right,exp2_design_attribution,start_stop_6dof,trial_001,event_002,exp1_system_characterization/start_stop_6dof,189,94,0.4973544973544973,0.9429523348808289,10.374123344341
20260717_203749_controller_right,exp2_design_attribution,start_stop_6dof,trial_001,event_002,exp1_system_characterization/start_stop_6dof,189,95,0.5026455026455027,0.9426414370536804,10.441623911915363
20260717_203749_controller_right,exp2_design_attribution,start_stop_6dof,trial_001,event_002,exp1_system_characterization/start_stop_6dof,189,96,0.5079365079365079,0.9415591955184937,10.452020641214895
20260717_203749_controller_right,exp2_design_attribution,start_stop_6dof,trial_001,event_002,exp1_system_characterization/start_stop_6dof,189,97,0.5132275132275133,0.94051194190979,10.542403426821735
20260717_203749_controller_right,exp2_design_attribution,start_stop_6dof,trial_001,event_002,exp1_system_characterization/start_stop_6dof,189,98,0.5185185185185185,0.940328061580658,10.49583798939841
20260717_203749_controller_right,exp2_design_attribution,start_stop_6dof,trial_001,event_002,exp1_system_characterization/start_stop_6dof,189,99,0.5238095238095238,0.9399933815002441,10.503571184533506
20260717_203749_controller_right,exp2_design_attribution,start_stop_6dof,trial_001,event_002,exp1_system_characterization/start_stop_6dof,189,100,0.5291005291005291,0.9397986531257629,10.480015812428153
20260717_203749_controller_right,exp2_design_attribution,start_stop_6dof,trial_001,event_002,exp1_system_characterization/start_stop_6dof,189,101,0.5343915343915344,0.9396467208862305,10.48793933616396
20260717_203749_controller_right,exp2_design_attribution,start_stop_6dof,trial_001,event_002,exp1_system_characterization/start_stop_6dof,189,102,0.5396825396825397,0.938772976398468,10.466406196261904
20260717_203749_controller_right,exp2_design_attribution,start_stop_6dof,trial_001,event_002,exp1_system_characterization/start_stop_6dof,189,103,0.544973544973545,0.9387294054031372,10.473842631784919
20260717_203749_controller_right,exp2_design_attribution,start_stop_6dof,trial_001,event_002,exp1_system_characterization/start_stop_6dof,189,104,0.5502645502645502,0.9386085867881775,10.43987901463348
20260717_203749_controller_right,exp2_design_attribution,start_stop_6dof,trial_001,event_002,exp1_system_characterization/start_stop_6dof,189,105,0.5555555555555556,0.9384198784828186,10.455793917715612
20260717_203749_controller_right,exp2_design_attribution,start_stop_6dof,trial_001,event_002,exp1_system_characterization/start_stop_6dof,189,106,0.5608465608465608,0.9383732676506042,10.446180380742991
20260717_203749_controller_right,exp2_design_attribution,start_stop_6dof,trial_001,event_002,exp1_system_characterization/start_stop_6dof,189,107,0.5661375661375662,0.9383152723312378,10.46446769208828
20260717_203749_controller_right,exp2_design_attribution,start_stop_6dof,trial_001,event_002,exp1_system_characterization/start_stop_6dof,189,108,0.5714285714285714,0.9378319382667542,10.540517200313225
20260717_203749_controller_right,exp2_design_attribution,start_stop_6dof,trial_001,event_002,exp1_system_characterization/start_stop_6dof,189,109,0.5767195767195767,0.9373544454574585,10.502758320252404
20260717_203749_controller_right,exp2_design_attribution,start_stop_6dof,trial_001,event_002,exp1_system_characterization/start_stop_6dof,189,110,0.582010582010582,0.937325656414032,10.5753283065308
20260717_203749_controller_right,exp2_design_attribution,start_stop_6dof,trial_001,event_002,exp1_system_characterization/start_stop_6dof,189,111,0.5873015873015873,0.9368799924850464,10.562702867261033
20260717_203749_controller_right,exp2_design_attribution,start_stop_6dof,trial_001,event_002,exp1_system_characterization/start_stop_6dof,189,112,0.5925925925925926,0.9363822937011719,10.547789176646534
20260717_203749_controller_right,exp2_design_attribution,start_stop_6dof,trial_001,event_002,exp1_system_characterization/start_stop_6dof,189,113,0.5978835978835979,0.9361957907676697,10.55990820709567
20260717_203749_controller_right,exp2_design_attribution,start_stop_6dof,trial_001,event_002,exp1_system_characterization/start_stop_6dof,189,114,0.6031746031746031,0.9356771111488342,10.568704507455474
20260717_203749_controller_right,exp2_design_attribution,start_stop_6dof,trial_001,event_002,exp1_system_characterization/start_stop_6dof,189,115,0.6084656084656085,0.9347676038742065,10.575812678264034
20260717_203749_controller_right,exp2_design_attribution,start_stop_6dof,trial_001,event_002,exp1_system_characterization/start_stop_6dof,189,116,0.6137566137566137,0.9347302913665771,10.577468258129361
20260717_203749_controller_right,exp2_design_attribution,start_stop_6dof,trial_001,event_002,exp1_system_characterization/start_stop_6dof,189,117,0.6190476190476191,0.9344161748886108,10.583433980726705
20260717_203749_controller_right,exp2_design_attribution,start_stop_6dof,trial_001,event_002,exp1_system_characterization/start_stop_6dof,189,118,0.6243386243386243,0.9343116879463196,10.60856344818807
20260717_203749_controller_right,exp2_design_attribution,start_stop_6dof,trial_001,event_002,exp1_system_characterization/start_stop_6dof,189,119,0.6296296296296297,0.9342626333236694,10.622680380169141
20260717_203749_controller_right,exp2_design_attribution,start_stop_6dof,trial_001,event_002,exp1_system_characterization/start_stop_6dof,189,120,0.6349206349206349,0.9342054724693298,10.690114444080162
20260717_203749_controller_right,exp2_design_attribution,start_stop_6dof,trial_001,event_002,exp1_system_characterization/start_stop_6dof,189,121,0.6402116402116402,0.933726966381073,10.696937871628766
20260717_203749_controller_right,exp2_design_attribution,start_stop_6dof,trial_001,event_002,exp1_system_characterization/start_stop_6dof,189,122,0.6455026455026455,0.9330706000328064,10.66784755142324
20260717_203749_controller_right,exp2_design_attribution,start_stop_6dof,trial_001,event_002,exp1_system_characterization/start_stop_6dof,189,123,0.6507936507936508,0.9321672916412354,10.705239700445068
20260717_203749_controller_right,exp2_design_attribution,start_stop_6dof,trial_001,event_002,exp1_system_characterization/start_stop_6dof,189,124,0.656084656084656,0.9313202500343323,10.667497813827884
20260717_203749_controller_right,exp2_design_attribution,start_stop_6dof,trial_001,event_002,exp1_system_characterization/start_stop_6dof,189,125,0.6613756613756614,0.9300941228866577,10.724032799747123
20260717_203749_controller_right,exp2_design_attribution,start_stop_6dof,trial_001,event_002,exp1_system_characterization/start_stop_6dof,189,126,0.6666666666666666,0.9298000931739807,10.687550150281655
20260717_203749_controller_right,exp2_design_attribution,start_stop_6dof,trial_001,event_002,exp1_system_characterization/start_stop_6dof,189,127,0.671957671957672,0.9281027913093567,10.670705217482652
20260717_203749_controller_right,exp2_design_attribution,start_stop_6dof,trial_001,event_002,exp1_system_characterization/start_stop_6dof,189,128,0.6772486772486772,0.9280186891555786,10.656644908642871
20260717_203749_controller_right,exp2_design_attribution,start_stop_6dof,trial_001,event_002,exp1_system_characterization/start_stop_6dof,189,129,0.6825396825396826,0.9266025424003601,10.715392425556708
20260717_203749_controller_right,exp2_design_attribution,start_stop_6dof,trial_001,event_002,exp1_system_characterization/start_stop_6dof,189,130,0.6878306878306878,0.9262485504150391,10.68685271069506
20260717_203749_controller_right,exp2_design_attribution,start_stop_6dof,trial_001,event_002,exp1_system_characterization/start_stop_6dof,189,131,0.6931216931216931,0.9262076020240784,10.680353997201756
20260717_203749_controller_right,exp2_design_attribution,start_stop_6dof,trial_001,event_002,exp1_system_characterization/start_stop_6dof,189,132,0.6984126984126984,0.9235275983810425,10.638019248501553
20260717_203749_controller_right,exp2_design_attribution,start_stop_6dof,trial_001,event_002,exp1_system_characterization/start_stop_6dof,189,133,0.7037037037037037,0.9230281710624695,10.628135036773871
20260717_203749_controller_right,exp2_design_attribution,start_stop_6dof,trial_001,event_002,exp1_system_characterization/start_stop_6dof,189,134,0.708994708994709,0.9227147102355957,10.598550448732336
20260717_203749_controller_right,exp2_design_attribution,start_stop_6dof,trial_001,event_002,exp1_system_characterization/start_stop_6dof,189,135,0.7142857142857143,0.92061448097229,10.588491441531401
20260717_203749_controller_right,exp2_design_attribution,start_stop_6dof,trial_001,event_002,exp1_system_characterization/start_stop_6dof,189,136,0.7195767195767195,0.9200679063796997,10.572492135985552
20260717_203749_controller_right,exp2_design_attribution,start_stop_6dof,trial_001,event_002,exp1_system_characterization/start_stop_6dof,189,137,0.7248677248677249,0.9187480211257935,10.554839264281032
20260717_203749_controller_right,exp2_design_attribution,start_stop_6dof,trial_001,event_002,exp1_system_characterization/start_stop_6dof,189,138,0.7301587301587301,0.9143882393836975,10.537944712127588
20260717_203749_controller_right,exp2_design_attribution,start_stop_6dof,trial_001,event_002,exp1_system_characterization/start_stop_6dof,189,139,0.7354497354497355,0.9091799259185791,10.534910818114124
20260717_203749_controller_right,exp2_design_attribution,start_stop_6dof,trial_001,event_002,exp1_system_characterization/start_stop_6dof,189,140,0.7407407407407407,0.9053199887275696,10.505875698388149
20260717_203749_controller_right,exp2_design_attribution,start_stop_6dof,trial_001,event_002,exp1_system_characterization/start_stop_6dof,189,141,0.746031746031746,0.899904191493988,10.50203106656409
20260717_203749_controller_right,exp2_design_attribution,start_stop_6dof,trial_001,event_002,exp1_system_characterization/start_stop_6dof,189,142,0.7513227513227513,0.8991408944129944,10.505888010550965
20260717_203749_controller_right,exp2_design_attribution,start_stop_6dof,trial_001,event_002,exp1_system_characterization/start_stop_6dof,189,143,0.7566137566137566,0.8987277150154114,10.483912272908828
20260717_203749_controller_right,exp2_design_attribution,start_stop_6dof,trial_001,event_002,exp1_system_characterization/start_stop_6dof,189,144,0.7619047619047619,0.89588862657547,10.481301911978392
20260717_203749_controller_right,exp2_design_attribution,start_stop_6dof,trial_001,event_002,exp1_system_characterization/start_stop_6dof,189,145,0.7671957671957672,0.894333004951477,10.479384990911976
20260717_203749_controller_right,exp2_design_attribution,start_stop_6dof,trial_001,event_002,exp1_system_characterization/start_stop_6dof,189,146,0.7724867724867724,0.8934012055397034,10.46546937885536
20260717_203749_controller_right,exp2_design_attribution,start_stop_6dof,trial_001,event_002,exp1_system_characterization/start_stop_6dof,189,147,0.7777777777777778,0.8815986514091492,10.548215402756012
20260717_203749_controller_right,exp2_design_attribution,start_stop_6dof,trial_001,event_002,exp1_system_characterization/start_stop_6dof,189,148,0.783068783068783,0.8529558181762695,10.540998340079502
20260717_203749_controller_right,exp2_design_attribution,start_stop_6dof,trial_001,event_002,exp1_system_characterization/start_stop_6dof,189,149,0.7883597883597884,0.852459728717804,10.543507255341362
20260717_203749_controller_right,exp2_design_attribution,start_stop_6dof,trial_001,event_002,exp1_system_characterization/start_stop_6dof,189,150,0.7936507936507936,0.8512750864028931,10.552162161820458
20260717_203749_controller_right,exp2_design_attribution,start_stop_6dof,trial_001,event_002,exp1_system_characterization/start_stop_6dof,189,151,0.798941798941799,0.8434540629386902,10.553823390609908
20260717_203749_controller_right,exp2_design_attribution,start_stop_6dof,trial_001,event_002,exp1_system_characterization/start_stop_6dof,189,152,0.8042328042328042,0.8336313366889954,10.564118744139442
20260717_203749_controller_right,exp2_design_attribution,start_stop_6dof,trial_001,event_002,exp1_system_characterization/start_stop_6dof,189,153,0.8095238095238095,0.8179013729095459,10.568687851522421
20260717_203749_controller_right,exp2_design_attribution,start_stop_6dof,trial_001,event_002,exp1_system_characterization/start_stop_6dof,189,154,0.8148148148148148,0.8148930072784424,10.585866723742374
20260717_203749_controller_right,exp2_design_attribution,start_stop_6dof,trial_001,event_002,exp1_system_characterization/start_stop_6dof,189,155,0.8201058201058201,0.8130650520324707,10.572418324517246
20260717_203749_controller_right,exp2_design_attribution,start_stop_6dof,trial_001,event_002,exp1_system_characterization/start_stop_6dof,189,156,0.8253968253968254,0.8061079382896423,10.560398432460055
20260717_203749_controller_right,exp2_design_attribution,start_stop_6dof,trial_001,event_002,exp1_system_characterization/start_stop_6dof,189,157,0.8306878306878307,0.801767885684967,10.56166009205692
20260717_203749_controller_right,exp2_design_attribution,start_stop_6dof,trial_001,event_002,exp1_system_characterization/start_stop_6dof,189,158,0.8359788359788359,0.7964158654212952,10.56257300250785
20260717_203749_controller_right,exp2_design_attribution,start_stop_6dof,trial_001,event_002,exp1_system_characterization/start_stop_6dof,189,159,0.8412698412698413,0.7665353417396545,10.544384581363955
20260717_203749_controller_right,exp2_design_attribution,start_stop_6dof,trial_001,event_002,exp1_system_characterization/start_stop_6dof,189,160,0.8465608465608465,0.76441490650177,10.551967800327839
20260717_203749_controller_right,exp2_design_attribution,start_stop_6dof,trial_001,event_002,exp1_system_characterization/start_stop_6dof,189,161,0.8518518518518519,0.7501011490821838,10.552547717837324
20260717_203749_controller_right,exp2_design_attribution,start_stop_6dof,trial_001,event_002,exp1_system_characterization/start_stop_6dof,189,162,0.8571428571428571,0.7488092184066772,10.556283183942648
20260717_203749_controller_right,exp2_design_attribution,start_stop_6dof,trial_001,event_002,exp1_system_characterization/start_stop_6dof,189,163,0.8624338624338624,0.7401908040046692,10.55781401378946
20260717_203749_controller_right,exp2_design_attribution,start_stop_6dof,trial_001,event_002,exp1_system_characterization/start_stop_6dof,189,164,0.8677248677248677,0.7370115518569946,10.560920251489534
20260717_203749_controller_right,exp2_design_attribution,start_stop_6dof,trial_001,event_002,exp1_system_characterization/start_stop_6dof,189,165,0.873015873015873,0.7366699576377869,10.56011934372349
20260717_203749_controller_right,exp2_design_attribution,start_stop_6dof,trial_001,event_002,exp1_system_characterization/start_stop_6dof,189,166,0.8783068783068783,0.7365476489067078,10.558926324156433
20260717_203749_controller_right,exp2_design_attribution,start_stop_6dof,trial_001,event_002,exp1_system_characterization/start_stop_6dof,189,167,0.8835978835978836,0.7270295023918152,10.56705297545162
20260717_203749_controller_right,exp2_design_attribution,start_stop_6dof,trial_001,event_002,exp1_system_characterization/start_stop_6dof,189,168,0.8888888888888888,0.7193156480789185,10.573328258074703
20260717_203749_controller_right,exp2_design_attribution,start_stop_6dof,trial_001,event_002,exp1_system_characterization/start_stop_6dof,189,169,0.8941798941798942,0.7081989645957947,10.577169684374697
20260717_203749_controller_right,exp2_design_attribution,start_stop_6dof,trial_001,event_002,exp1_system_characterization/start_stop_6dof,189,170,0.8994708994708994,0.7003317475318909,10.574597232801553
20260717_203749_controller_right,exp2_design_attribution,start_stop_6dof,trial_001,event_002,exp1_system_characterization/start_stop_6dof,189,171,0.9047619047619048,0.6995925307273865,10.580840552777849
20260717_203749_controller_right,exp2_design_attribution,start_stop_6dof,trial_001,event_002,exp1_system_characterization/start_stop_6dof,189,172,0.91005291005291,0.6980189681053162,10.581936429505884
20260717_203749_controller_right,exp2_design_attribution,start_stop_6dof,trial_001,event_002,exp1_system_characterization/start_stop_6dof,189,173,0.9153439153439153,0.6952270269393921,10.58738215076662
20260717_203749_controller_right,exp2_design_attribution,start_stop_6dof,trial_001,event_002,exp1_system_characterization/start_stop_6dof,189,174,0.9206349206349206,0.6927630305290222,10.594119094438822
20260717_203749_controller_right,exp2_design_attribution,start_stop_6dof,trial_001,event_002,exp1_system_characterization/start_stop_6dof,189,175,0.9259259259259259,0.682422399520874,10.58559581595562
20260717_203749_controller_right,exp2_design_attribution,start_stop_6dof,trial_001,event_002,exp1_system_characterization/start_stop_6dof,189,176,0.9312169312169312,0.6773238778114319,10.583546275409836
20260717_203749_controller_right,exp2_design_attribution,start_stop_6dof,trial_001,event_002,exp1_system_characterization/start_stop_6dof,189,177,0.9365079365079365,0.6698810458183289,10.562449280220783
20260717_203749_controller_right,exp2_design_attribution,start_stop_6dof,trial_001,event_002,exp1_system_characterization/start_stop_6dof,189,178,0.9417989417989417,0.6498878598213196,10.541910914842608
20260717_203749_controller_right,exp2_design_attribution,start_stop_6dof,trial_001,event_002,exp1_system_characterization/start_stop_6dof,189,179,0.9470899470899471,0.6449944972991943,10.50562240144404
20260717_203749_controller_right,exp2_design_attribution,start_stop_6dof,trial_001,event_002,exp1_system_characterization/start_stop_6dof,189,180,0.9523809523809523,0.6443383693695068,10.486861328087633
20260717_203749_controller_right,exp2_design_attribution,start_stop_6dof,trial_001,event_002,exp1_system_characterization/start_stop_6dof,189,181,0.9576719576719577,0.6355709433555603,10.467398033006566
20260717_203749_controller_right,exp2_design_attribution,start_stop_6dof,trial_001,event_002,exp1_system_characterization/start_stop_6dof,189,182,0.9629629629629629,0.63457190990448,10.43882946900635
20260717_203749_controller_right,exp2_design_attribution,start_stop_6dof,trial_001,event_002,exp1_system_characterization/start_stop_6dof,189,183,0.9682539682539683,0.631751537322998,10.425231377213873
20260717_203749_controller_right,exp2_design_attribution,start_stop_6dof,trial_001,event_002,exp1_system_characterization/start_stop_6dof,189,184,0.9735449735449735,0.6267185807228088,10.40674953145616
20260717_203749_controller_right,exp2_design_attribution,start_stop_6dof,trial_001,event_002,exp1_system_characterization/start_stop_6dof,189,185,0.9788359788359788,0.6210386753082275,10.389475298740646
20260717_203749_controller_right,exp2_design_attribution,start_stop_6dof,trial_001,event_002,exp1_system_characterization/start_stop_6dof,189,186,0.9841269841269841,0.6197546124458313,10.354581335850966
20260717_203749_controller_right,exp2_design_attribution,start_stop_6dof,trial_001,event_002,exp1_system_characterization/start_stop_6dof,189,187,0.9894179894179894,0.6092885732650757,10.33951746268222
20260717_203749_controller_right,exp2_design_attribution,start_stop_6dof,trial_001,event_002,exp1_system_characterization/start_stop_6dof,189,188,0.9947089947089947,0.5825827121734619,10.31004772560208
20260717_203749_controller_right,exp2_design_attribution,start_stop_6dof,trial_001,event_002,exp1_system_characterization/start_stop_6dof,189,189,1.0,0.5782943964004517,10.278715175033778
20260717_203749_controller_right,exp2_design_attribution,start_stop_6dof,trial_001,event_003,exp1_system_characterization/start_stop_6dof,139,1,0.007194244604316547,0.9631505012512207,5.1156080997774485
20260717_203749_controller_right,exp2_design_attribution,start_stop_6dof,trial_001,event_003,exp1_system_characterization/start_stop_6dof,139,2,0.014388489208633094,0.9624051451683044,4.437595725387693
20260717_203749_controller_right,exp2_design_attribution,start_stop_6dof,trial_001,event_003,exp1_system_characterization/start_stop_6dof,139,3,0.02158273381294964,0.9613425731658936,4.606643518118444
20260717_203749_controller_right,exp2_design_attribution,start_stop_6dof,trial_001,event_003,exp1_system_characterization/start_stop_6dof,139,4,0.02877697841726619,0.9612864255905151,4.998741689254341
20260717_203749_controller_right,exp2_design_attribution,start_stop_6dof,trial_001,event_003,exp1_system_characterization/start_stop_6dof,139,5,0.03597122302158273,0.9608649611473083,5.508988606286094
20260717_203749_controller_right,exp2_design_attribution,start_stop_6dof,trial_001,event_003,exp1_system_characterization/start_stop_6dof,139,6,0.04316546762589928,0.960704505443573,5.513675388474067
20260717_203749_controller_right,exp2_design_attribution,start_stop_6dof,trial_001,event_003,exp1_system_characterization/start_stop_6dof,139,7,0.050359712230215826,0.9603578448295593,5.477614941064501
20260717_203749_controller_right,exp2_design_attribution,start_stop_6dof,trial_001,event_003,exp1_system_characterization/start_stop_6dof,139,8,0.05755395683453238,0.9602217078208923,5.7651589606427684
20260717_203749_controller_right,exp2_design_attribution,start_stop_6dof,trial_001,event_003,exp1_system_characterization/start_stop_6dof,139,9,0.06474820143884892,0.9596951603889465,5.808613544981951
20260717_203749_controller_right,exp2_design_attribution,start_stop_6dof,trial_001,event_003,exp1_system_characterization/start_stop_6dof,139,10,0.07194244604316546,0.9595879316329956,5.845017710665874
20260717_203749_controller_right,exp2_design_attribution,start_stop_6dof,trial_001,event_003,exp1_system_characterization/start_stop_6dof,139,11,0.07913669064748201,0.9594565033912659,7.211062509213577
20260717_203749_controller_right,exp2_design_attribution,start_stop_6dof,trial_001,event_003,exp1_system_characterization/start_stop_6dof,139,12,0.08633093525179857,0.95936518907547,7.1964609240838335
20260717_203749_controller_right,exp2_design_attribution,start_stop_6dof,trial_001,event_003,exp1_system_characterization/start_stop_6dof,139,13,0.09352517985611511,0.9592668414115906,7.533751766919713
20260717_203749_controller_right,exp2_design_attribution,start_stop_6dof,trial_001,event_003,exp1_system_characterization/start_stop_6dof,139,14,0.10071942446043165,0.9591352939605713,7.394941925104024
20260717_203749_controller_right,exp2_design_attribution,start_stop_6dof,trial_001,event_003,exp1_system_characterization/start_stop_6dof,139,15,0.1079136690647482,0.9591315388679504,8.468334069439914
20260717_203749_controller_right,exp2_design_attribution,start_stop_6dof,trial_001,event_003,exp1_system_characterization/start_stop_6dof,139,16,0.11510791366906475,0.958897590637207,9.597390319939413
20260717_203749_controller_right,exp2_design_attribution,start_stop_6dof,trial_001,event_003,exp1_system_characterization/start_stop_6dof,139,17,0.1223021582733813,0.9587458968162537,9.333664903122811
20260717_203749_controller_right,exp2_design_attribution,start_stop_6dof,trial_001,event_003,exp1_system_characterization/start_stop_6dof,139,18,0.12949640287769784,0.9583144187927246,9.16052228496322
20260717_203749_controller_right,exp2_design_attribution,start_stop_6dof,trial_001,event_003,exp1_system_characterization/start_stop_6dof,139,19,0.1366906474820144,0.958289384841919,9.709966068431333
20260717_203749_controller_right,exp2_design_attribution,start_stop_6dof,trial_001,event_003,exp1_system_characterization/start_stop_6dof,139,20,0.14388489208633093,0.9580302834510803,9.495373443472982
20260717_203749_controller_right,exp2_design_attribution,start_stop_6dof,trial_001,event_003,exp1_system_characterization/start_stop_6dof,139,21,0.1510791366906475,0.9576878547668457,9.340325491345416
20260717_203749_controller_right,exp2_design_attribution,start_stop_6dof,trial_001,event_003,exp1_system_characterization/start_stop_6dof,139,22,0.15827338129496402,0.957563579082489,9.189091022214493
20260717_203749_controller_right,exp2_design_attribution,start_stop_6dof,trial_001,event_003,exp1_system_characterization/start_stop_6dof,139,23,0.16546762589928057,0.9574383497238159,8.993259941703979
20260717_203749_controller_right,exp2_design_attribution,start_stop_6dof,trial_001,event_003,exp1_system_characterization/start_stop_6dof,139,24,0.17266187050359713,0.9573222994804382,9.007691816552244
20260717_203749_controller_right,exp2_design_attribution,start_stop_6dof,trial_001,event_003,exp1_system_characterization/start_stop_6dof,139,25,0.17985611510791366,0.9572854042053223,8.836820800976948
20260717_203749_controller_right,exp2_design_attribution,start_stop_6dof,trial_001,event_003,exp1_system_characterization/start_stop_6dof,139,26,0.18705035971223022,0.9569826126098633,8.756069565774798
20260717_203749_controller_right,exp2_design_attribution,start_stop_6dof,trial_001,event_003,exp1_system_characterization/start_stop_6dof,139,27,0.19424460431654678,0.9569281339645386,8.61866004196385
20260717_203749_controller_right,exp2_design_attribution,start_stop_6dof,trial_001,event_003,exp1_system_characterization/start_stop_6dof,139,28,0.2014388489208633,0.9568554162979126,8.678435418860417
20260717_203749_controller_right,exp2_design_attribution,start_stop_6dof,trial_001,event_003,exp1_system_characterization/start_stop_6dof,139,29,0.20863309352517986,0.9568166136741638,8.576987629978216
20260717_203749_controller_right,exp2_design_attribution,start_stop_6dof,trial_001,event_003,exp1_system_characterization/start_stop_6dof,139,30,0.2158273381294964,0.9567715525627136,8.46086046798166
20260717_203749_controller_right,exp2_design_attribution,start_stop_6dof,trial_001,event_003,exp1_system_characterization/start_stop_6dof,139,31,0.22302158273381295,0.9561742544174194,8.36192514807366
20260717_203749_controller_right,exp2_design_attribution,start_stop_6dof,trial_001,event_003,exp1_system_characterization/start_stop_6dof,139,32,0.2302158273381295,0.9561294913291931,8.24280401776892
20260717_203749_controller_right,exp2_design_attribution,start_stop_6dof,trial_001,event_003,exp1_system_characterization/start_stop_6dof,139,33,0.23741007194244604,0.955947756767273,8.141174983988321
20260717_203749_controller_right,exp2_design_attribution,start_stop_6dof,trial_001,event_003,exp1_system_characterization/start_stop_6dof,139,34,0.2446043165467626,0.955793559551239,8.060512719039995
20260717_203749_controller_right,exp2_design_attribution,start_stop_6dof,trial_001,event_003,exp1_system_characterization/start_stop_6dof,139,35,0.2517985611510791,0.9557524919509888,7.970389507298088
20260717_203749_controller_right,exp2_design_attribution,start_stop_6dof,trial_001,event_003,exp1_system_characterization/start_stop_6dof,139,36,0.2589928057553957,0.9557127952575684,7.905371053662601
20260717_203749_controller_right,exp2_design_attribution,start_stop_6dof,trial_001,event_003,exp1_system_characterization/start_stop_6dof,139,37,0.26618705035971224,0.9556328654289246,7.835009454571798
20260717_203749_controller_right,exp2_design_attribution,start_stop_6dof,trial_001,event_003,exp1_system_characterization/start_stop_6dof,139,38,0.2733812949640288,0.9556229114532471,8.309260181974
20260717_203749_controller_right,exp2_design_attribution,start_stop_6dof,trial_001,event_003,exp1_system_characterization/start_stop_6dof,139,39,0.2805755395683453,0.9554190039634705,8.534152870191342
20260717_203749_controller_right,exp2_design_attribution,start_stop_6dof,trial_001,event_003,exp1_system_characterization/start_stop_6dof,139,40,0.28776978417266186,0.9553496837615967,8.480682773259767
20260717_203749_controller_right,exp2_design_attribution,start_stop_6dof,trial_001,event_003,exp1_system_characterization/start_stop_6dof,139,41,0.2949640287769784,0.9553444385528564,8.40248599302415
20260717_203749_controller_right,exp2_design_attribution,start_stop_6dof,trial_001,event_003,exp1_system_characterization/start_stop_6dof,139,42,0.302158273381295,0.9552323818206787,8.36205773970364
20260717_203749_controller_right,exp2_design_attribution,start_stop_6dof,trial_001,event_003,exp1_system_characterization/start_stop_6dof,139,43,0.30935251798561153,0.9552229642868042,8.264350038541565
20260717_203749_controller_right,exp2_design_attribution,start_stop_6dof,trial_001,event_003,exp1_system_characterization/start_stop_6dof,139,44,0.31654676258992803,0.9551490545272827,8.21622088550899
20260717_203749_controller_right,exp2_design_attribution,start_stop_6dof,trial_001,event_003,exp1_system_characterization/start_stop_6dof,139,45,0.3237410071942446,0.9551345705986023,8.265642100284207
20260717_203749_controller_right,exp2_design_attribution,start_stop_6dof,trial_001,event_003,exp1_system_characterization/start_stop_6dof,139,46,0.33093525179856115,0.9549371004104614,8.199723612902732
20260717_203749_controller_right,exp2_design_attribution,start_stop_6dof,trial_001,event_003,exp1_system_characterization/start_stop_6dof,139,47,0.3381294964028777,0.9549254179000854,8.128113838085735
20260717_203749_controller_right,exp2_design_attribution,start_stop_6dof,trial_001,event_003,exp1_system_characterization/start_stop_6dof,139,48,0.34532374100719426,0.9548858404159546,8.057384266782496
20260717_203749_controller_right,exp2_design_attribution,start_stop_6dof,trial_001,event_003,exp1_system_characterization/start_stop_6dof,139,49,0.35251798561151076,0.9548302888870239,7.985780207624339
20260717_203749_controller_right,exp2_design_attribution,start_stop_6dof,trial_001,event_003,exp1_system_characterization/start_stop_6dof,139,50,0.3597122302158273,0.9547656178474426,7.9628272630850025
20260717_203749_controller_right,exp2_design_attribution,start_stop_6dof,trial_001,event_003,exp1_system_characterization/start_stop_6dof,139,51,0.3669064748201439,0.9546182155609131,7.88037326714244
20260717_203749_controller_right,exp2_design_attribution,start_stop_6dof,trial_001,event_003,exp1_system_characterization/start_stop_6dof,139,52,0.37410071942446044,0.9545971155166626,7.838065785552413
20260717_203749_controller_right,exp2_design_attribution,start_stop_6dof,trial_001,event_003,exp1_system_characterization/start_stop_6dof,139,53,0.381294964028777,0.9545565247535706,7.764264698605461
20260717_203749_controller_right,exp2_design_attribution,start_stop_6dof,trial_001,event_003,exp1_system_characterization/start_stop_6dof,139,54,0.38848920863309355,0.9544287323951721,8.03154364675436
20260717_203749_controller_right,exp2_design_attribution,start_stop_6dof,trial_001,event_003,exp1_system_characterization/start_stop_6dof,139,55,0.39568345323741005,0.9543805718421936,8.32147349077542
20260717_203749_controller_right,exp2_design_attribution,start_stop_6dof,trial_001,event_003,exp1_system_characterization/start_stop_6dof,139,56,0.4028776978417266,0.9543684124946594,8.253150624127505
20260717_203749_controller_right,exp2_design_attribution,start_stop_6dof,trial_001,event_003,exp1_system_characterization/start_stop_6dof,139,57,0.41007194244604317,0.9543285369873047,8.203731339976379
20260717_203749_controller_right,exp2_design_attribution,start_stop_6dof,trial_001,event_003,exp1_system_characterization/start_stop_6dof,139,58,0.4172661870503597,0.9542523622512817,8.162476794242137
20260717_203749_controller_right,exp2_design_attribution,start_stop_6dof,trial_001,event_003,exp1_system_characterization/start_stop_6dof,139,59,0.4244604316546763,0.9540922045707703,8.112433610980169
20260717_203749_controller_right,exp2_design_attribution,start_stop_6dof,trial_001,event_003,exp1_system_characterization/start_stop_6dof,139,60,0.4316546762589928,0.9540836811065674,8.18073728759256
20260717_203749_controller_right,exp2_design_attribution,start_stop_6dof,trial_001,event_003,exp1_system_characterization/start_stop_6dof,139,61,0.43884892086330934,0.9539563059806824,8.302183409769103
20260717_203749_controller_right,exp2_design_attribution,start_stop_6dof,trial_001,event_003,exp1_system_characterization/start_stop_6dof,139,62,0.4460431654676259,0.9538974165916443,8.333062882346882
20260717_203749_controller_right,exp2_design_attribution,start_stop_6dof,trial_001,event_003,exp1_system_characterization/start_stop_6dof,139,63,0.45323741007194246,0.9538822770118713,8.306581283079984
20260717_203749_controller_right,exp2_design_attribution,start_stop_6dof,trial_001,event_003,exp1_system_characterization/start_stop_6dof,139,64,0.460431654676259,0.9538301825523376,8.450545941136433
20260717_203749_controller_right,exp2_design_attribution,start_stop_6dof,trial_001,event_003,exp1_system_characterization/start_stop_6dof,139,65,0.4676258992805755,0.9537270665168762,8.385118021480105
20260717_203749_controller_right,exp2_design_attribution,start_stop_6dof,trial_001,event_003,exp1_system_characterization/start_stop_6dof,139,66,0.4748201438848921,0.9536818265914917,8.327902865809529
20260717_203749_controller_right,exp2_design_attribution,start_stop_6dof,trial_001,event_003,exp1_system_characterization/start_stop_6dof,139,67,0.48201438848920863,0.9533592462539673,8.284134101965423
20260717_203749_controller_right,exp2_design_attribution,start_stop_6dof,trial_001,event_003,exp1_system_characterization/start_stop_6dof,139,68,0.4892086330935252,0.9532464742660522,8.247777005874111
20260717_203749_controller_right,exp2_design_attribution,start_stop_6dof,trial_001,event_003,exp1_system_characterization/start_stop_6dof,139,69,0.49640287769784175,0.9532014727592468,8.211565789203004
20260717_203749_controller_right,exp2_design_attribution,start_stop_6dof,trial_001,event_003,exp1_system_characterization/start_stop_6dof,139,70,0.5035971223021583,0.9531519412994385,8.174705182182956
20260717_203749_controller_right,exp2_design_attribution,start_stop_6dof,trial_001,event_003,exp1_system_characterization/start_stop_6dof,139,71,0.5107913669064749,0.953082799911499,8.133363533571783
20260717_203749_controller_right,exp2_design_attribution,start_stop_6dof,trial_001,event_003,exp1_system_characterization/start_stop_6dof,139,72,0.5179856115107914,0.9530318379402161,8.102768461131237
20260717_203749_controller_right,exp2_design_attribution,start_stop_6dof,trial_001,event_003,exp1_system_characterization/start_stop_6dof,139,73,0.5251798561151079,0.9530181884765625,8.3717624586517
20260717_203749_controller_right,exp2_design_attribution,start_stop_6dof,trial_001,event_003,exp1_system_characterization/start_stop_6dof,139,74,0.5323741007194245,0.9525209069252014,8.60209069373089
20260717_203749_controller_right,exp2_design_attribution,start_stop_6dof,trial_001,event_003,exp1_system_characterization/start_stop_6dof,139,75,0.539568345323741,0.9525103569030762,8.591591213215388
20260717_203749_controller_right,exp2_design_attribution,start_stop_6dof,trial_001,event_003,exp1_system_characterization/start_stop_6dof,139,76,0.5467625899280576,0.9523890018463135,8.532511337400573
20260717_203749_controller_right,exp2_design_attribution,start_stop_6dof,trial_001,event_003,exp1_system_characterization/start_stop_6dof,139,77,0.5539568345323741,0.9523641467094421,8.553188445638307
20260717_203749_controller_right,exp2_design_attribution,start_stop_6dof,trial_001,event_003,exp1_system_characterization/start_stop_6dof,139,78,0.5611510791366906,0.9522808194160461,8.50540033362538
20260717_203749_controller_right,exp2_design_attribution,start_stop_6dof,trial_001,event_003,exp1_system_characterization/start_stop_6dof,139,79,0.5683453237410072,0.9522660374641418,8.462706395851322
20260717_203749_controller_right,exp2_design_attribution,start_stop_6dof,trial_001,event_003,exp1_system_characterization/start_stop_6dof,139,80,0.5755395683453237,0.9521484971046448,8.41677294589961
20260717_203749_controller_right,exp2_design_attribution,start_stop_6dof,trial_001,event_003,exp1_system_characterization/start_stop_6dof,139,81,0.5827338129496403,0.9520124197006226,8.365452557353205
20260717_203749_controller_right,exp2_design_attribution,start_stop_6dof,trial_001,event_003,exp1_system_characterization/start_stop_6dof,139,82,0.5899280575539568,0.9516109824180603,8.34141842975431
20260717_203749_controller_right,exp2_design_attribution,start_stop_6dof,trial_001,event_003,exp1_system_characterization/start_stop_6dof,139,83,0.5971223021582733,0.9515867233276367,8.541407925846636
20260717_203749_controller_right,exp2_design_attribution,start_stop_6dof,trial_001,event_003,exp1_system_characterization/start_stop_6dof,139,84,0.60431654676259,0.9515243768692017,8.504807378907474
20260717_203749_controller_right,exp2_design_attribution,start_stop_6dof,trial_001,event_003,exp1_system_characterization/start_stop_6dof,139,85,0.6115107913669064,0.9514654278755188,8.49370510362605
20260717_203749_controller_right,exp2_design_attribution,start_stop_6dof,trial_001,event_003,exp1_system_characterization/start_stop_6dof,139,86,0.6187050359712231,0.9513791799545288,8.530944462169714
20260717_203749_controller_right,exp2_design_attribution,start_stop_6dof,trial_001,event_003,exp1_system_characterization/start_stop_6dof,139,87,0.6258992805755396,0.9510965943336487,8.496065559103688
20260717_203749_controller_right,exp2_design_attribution,start_stop_6dof,trial_001,event_003,exp1_system_characterization/start_stop_6dof,139,88,0.6330935251798561,0.9510500431060791,8.473980074388315
20260717_203749_controller_right,exp2_design_attribution,start_stop_6dof,trial_001,event_003,exp1_system_characterization/start_stop_6dof,139,89,0.6402877697841727,0.9510099291801453,8.46007472508728
20260717_203749_controller_right,exp2_design_attribution,start_stop_6dof,trial_001,event_003,exp1_system_characterization/start_stop_6dof,139,90,0.6474820143884892,0.9509181976318359,8.424327324282496
20260717_203749_controller_right,exp2_design_attribution,start_stop_6dof,trial_001,event_003,exp1_system_characterization/start_stop_6dof,139,91,0.6546762589928058,0.9507471323013306,8.382570112676213
20260717_203749_controller_right,exp2_design_attribution,start_stop_6dof,trial_001,event_003,exp1_system_characterization/start_stop_6dof,139,92,0.6618705035971223,0.9505253434181213,8.346917191149634
20260717_203749_controller_right,exp2_design_attribution,start_stop_6dof,trial_001,event_003,exp1_system_characterization/start_stop_6dof,139,93,0.6690647482014388,0.9503291845321655,8.321575224075461
20260717_203749_controller_right,exp2_design_attribution,start_stop_6dof,trial_001,event_003,exp1_system_characterization/start_stop_6dof,139,94,0.6762589928057554,0.9503250122070312,8.290994128646902
20260717_203749_controller_right,exp2_design_attribution,start_stop_6dof,trial_001,event_003,exp1_system_characterization/start_stop_6dof,139,95,0.6834532374100719,0.9501904249191284,8.24356628193705
20260717_203749_controller_right,exp2_design_attribution,start_stop_6dof,trial_001,event_003,exp1_system_characterization/start_stop_6dof,139,96,0.6906474820143885,0.9500537514686584,8.30688458401327
20260717_203749_controller_right,exp2_design_attribution,start_stop_6dof,trial_001,event_003,exp1_system_characterization/start_stop_6dof,139,97,0.697841726618705,0.9498305916786194,8.273799458934144
20260717_203749_controller_right,exp2_design_attribution,start_stop_6dof,trial_001,event_003,exp1_system_characterization/start_stop_6dof,139,98,0.7050359712230215,0.9497270584106445,8.30143946057466
20260717_203749_controller_right,exp2_design_attribution,start_stop_6dof,trial_001,event_003,exp1_system_characterization/start_stop_6dof,139,99,0.7122302158273381,0.9496931433677673,8.26437916809432
20260717_203749_controller_right,exp2_design_attribution,start_stop_6dof,trial_001,event_003,exp1_system_characterization/start_stop_6dof,139,100,0.7194244604316546,0.9496549367904663,8.238049456786204
20260717_203749_controller_right,exp2_design_attribution,start_stop_6dof,trial_001,event_003,exp1_system_characterization/start_stop_6dof,139,101,0.7266187050359713,0.9495651125907898,8.210381687324633
20260717_203749_controller_right,exp2_design_attribution,start_stop_6dof,trial_001,event_003,exp1_system_characterization/start_stop_6dof,139,102,0.7338129496402878,0.949557900428772,8.245532539799333
20260717_203749_controller_right,exp2_design_attribution,start_stop_6dof,trial_001,event_003,exp1_system_characterization/start_stop_6dof,139,103,0.7410071942446043,0.9493303298950195,8.216580143162584
20260717_203749_controller_right,exp2_design_attribution,start_stop_6dof,trial_001,event_003,exp1_system_characterization/start_stop_6dof,139,104,0.7482014388489209,0.9491428732872009,8.17957328102839
20260717_203749_controller_right,exp2_design_attribution,start_stop_6dof,trial_001,event_003,exp1_system_characterization/start_stop_6dof,139,105,0.7553956834532374,0.9491190910339355,8.14147886224027
20260717_203749_controller_right,exp2_design_attribution,start_stop_6dof,trial_001,event_003,exp1_system_characterization/start_stop_6dof,139,106,0.762589928057554,0.9487742185592651,8.289150391757968
20260717_203749_controller_right,exp2_design_attribution,start_stop_6dof,trial_001,event_003,exp1_system_characterization/start_stop_6dof,139,107,0.7697841726618705,0.9487200975418091,8.317033537630246
20260717_203749_controller_right,exp2_design_attribution,start_stop_6dof,trial_001,event_003,exp1_system_characterization/start_stop_6dof,139,108,0.7769784172661871,0.9485546946525574,8.342613580671188
20260717_203749_controller_right,exp2_design_attribution,start_stop_6dof,trial_001,event_003,exp1_system_characterization/start_stop_6dof,139,109,0.7841726618705036,0.9484641551971436,8.308544520070527
20260717_203749_controller_right,exp2_design_attribution,start_stop_6dof,trial_001,event_003,exp1_system_characterization/start_stop_6dof,139,110,0.7913669064748201,0.9484255909919739,8.430951112303383
20260717_203749_controller_right,exp2_design_attribution,start_stop_6dof,trial_001,event_003,exp1_system_characterization/start_stop_6dof,139,111,0.7985611510791367,0.9482962489128113,8.491155097264544
20260717_203749_controller_right,exp2_design_attribution,start_stop_6dof,trial_001,event_003,exp1_system_characterization/start_stop_6dof,139,112,0.8057553956834532,0.9479241371154785,8.465291381727846
20260717_203749_controller_right,exp2_design_attribution,start_stop_6dof,trial_001,event_003,exp1_system_characterization/start_stop_6dof,139,113,0.8129496402877698,0.9478088021278381,8.443708600327792
20260717_203749_controller_right,exp2_design_attribution,start_stop_6dof,trial_001,event_003,exp1_system_characterization/start_stop_6dof,139,114,0.8201438848920863,0.9477737545967102,8.419088877307564
20260717_203749_controller_right,exp2_design_attribution,start_stop_6dof,trial_001,event_003,exp1_system_characterization/start_stop_6dof,139,115,0.8273381294964028,0.9473593831062317,8.550461927291204
20260717_203749_controller_right,exp2_design_attribution,start_stop_6dof,trial_001,event_003,exp1_system_characterization/start_stop_6dof,139,116,0.8345323741007195,0.9472324252128601,8.566910953981232
20260717_203749_controller_right,exp2_design_attribution,start_stop_6dof,trial_001,event_003,exp1_system_characterization/start_stop_6dof,139,117,0.841726618705036,0.9471999406814575,8.53619650485008
20260717_203749_controller_right,exp2_design_attribution,start_stop_6dof,trial_001,event_003,exp1_system_characterization/start_stop_6dof,139,118,0.8489208633093526,0.9469522833824158,8.556275185300677
20260717_203749_controller_right,exp2_design_attribution,start_stop_6dof,trial_001,event_003,exp1_system_characterization/start_stop_6dof,139,119,0.8561151079136691,0.9468778967857361,8.532848826352863
20260717_203749_controller_right,exp2_design_attribution,start_stop_6dof,trial_001,event_003,exp1_system_characterization/start_stop_6dof,139,120,0.8633093525179856,0.9468684196472168,8.67874195448426
20260717_203749_controller_right,exp2_design_attribution,start_stop_6dof,trial_001,event_003,exp1_system_characterization/start_stop_6dof,139,121,0.8705035971223022,0.9465764164924622,8.648398736793654
20260717_203749_controller_right,exp2_design_attribution,start_stop_6dof,trial_001,event_003,exp1_system_characterization/start_stop_6dof,139,122,0.8776978417266187,0.9461095929145813,8.620788102687031
20260717_203749_controller_right,exp2_design_attribution,start_stop_6dof,trial_001,event_003,exp1_system_characterization/start_stop_6dof,139,123,0.8848920863309353,0.9453049302101135,8.583520574805142
20260717_203749_controller_right,exp2_design_attribution,start_stop_6dof,trial_001,event_003,exp1_system_characterization/start_stop_6dof,139,124,0.8920863309352518,0.9452792406082153,8.5679621602107
20260717_203749_controller_right,exp2_design_attribution,start_stop_6dof,trial_001,event_003,exp1_system_characterization/start_stop_6dof,139,125,0.8992805755395683,0.9449968338012695,8.59877323506421
20260717_203749_controller_right,exp2_design_attribution,start_stop_6dof,trial_001,event_003,exp1_system_characterization/start_stop_6dof,139,126,0.9064748201438849,0.944474995136261,8.57355332838361
20260717_203749_controller_right,exp2_design_attribution,start_stop_6dof,trial_001,event_003,exp1_system_characterization/start_stop_6dof,139,127,0.9136690647482014,0.9432421922683716,8.548147308751531
20260717_203749_controller_right,exp2_design_attribution,start_stop_6dof,trial_001,event_003,exp1_system_characterization/start_stop_6dof,139,128,0.920863309352518,0.9429877996444702,8.515644954214647
20260717_203749_controller_right,exp2_design_attribution,start_stop_6dof,trial_001,event_003,exp1_system_characterization/start_stop_6dof,139,129,0.9280575539568345,0.9426203966140747,8.490244641302123
20260717_203749_controller_right,exp2_design_attribution,start_stop_6dof,trial_001,event_003,exp1_system_characterization/start_stop_6dof,139,130,0.935251798561151,0.9423401951789856,8.478898910465242
20260717_203749_controller_right,exp2_design_attribution,start_stop_6dof,trial_001,event_003,exp1_system_characterization/start_stop_6dof,139,131,0.9424460431654677,0.9423345923423767,8.456183440500299
20260717_203749_controller_right,exp2_design_attribution,start_stop_6dof,trial_001,event_003,exp1_system_characterization/start_stop_6dof,139,132,0.9496402877697842,0.9421511888504028,8.431931701952404
20260717_203749_controller_right,exp2_design_attribution,start_stop_6dof,trial_001,event_003,exp1_system_characterization/start_stop_6dof,139,133,0.9568345323741008,0.9420455694198608,8.40743113106341
20260717_203749_controller_right,exp2_design_attribution,start_stop_6dof,trial_001,event_003,exp1_system_characterization/start_stop_6dof,139,134,0.9640287769784173,0.9409751892089844,8.381093118282836
20260717_203749_controller_right,exp2_design_attribution,start_stop_6dof,trial_001,event_003,exp1_system_characterization/start_stop_6dof,139,135,0.9712230215827338,0.9395214319229126,8.351180763749836
20260717_203749_controller_right,exp2_design_attribution,start_stop_6dof,trial_001,event_003,exp1_system_characterization/start_stop_6dof,139,136,0.9784172661870504,0.9382390379905701,8.325815139778419
20260717_203749_controller_right,exp2_design_attribution,start_stop_6dof,trial_001,event_003,exp1_system_characterization/start_stop_6dof,139,137,0.9856115107913669,0.9382103681564331,8.300217608563841
20260717_203749_controller_right,exp2_design_attribution,start_stop_6dof,trial_001,event_003,exp1_system_characterization/start_stop_6dof,139,138,0.9928057553956835,0.9370741844177246,8.270931486759293
20260717_203749_controller_right,exp2_design_attribution,start_stop_6dof,trial_001,event_003,exp1_system_characterization/start_stop_6dof,139,139,1.0,0.9243065714836121,8.240142631137987
20260717_203749_controller_right,exp2_design_attribution,start_stop_6dof,trial_001,event_004,exp1_system_characterization/start_stop_6dof,185,1,0.005405405405405406,0.961340069770813,11.223385617370425
20260717_203749_controller_right,exp2_design_attribution,start_stop_6dof,trial_001,event_004,exp1_system_characterization/start_stop_6dof,185,2,0.010810810810810811,0.9580624103546143,11.113593844939572
20260717_203749_controller_right,exp2_design_attribution,start_stop_6dof,trial_001,event_004,exp1_system_characterization/start_stop_6dof,185,3,0.016216216216216217,0.9573307037353516,11.1691189778436
20260717_203749_controller_right,exp2_design_attribution,start_stop_6dof,trial_001,event_004,exp1_system_characterization/start_stop_6dof,185,4,0.021621621621621623,0.9570000767707825,12.434419094547671
20260717_203749_controller_right,exp2_design_attribution,start_stop_6dof,trial_001,event_004,exp1_system_characterization/start_stop_6dof,185,5,0.02702702702702703,0.9567951560020447,12.34379851046738
20260717_203749_controller_right,exp2_design_attribution,start_stop_6dof,trial_001,event_004,exp1_system_characterization/start_stop_6dof,185,6,0.032432432432432434,0.9562668204307556,12.766607704916924
20260717_203749_controller_right,exp2_design_attribution,start_stop_6dof,trial_001,event_004,exp1_system_characterization/start_stop_6dof,185,7,0.03783783783783784,0.9562222361564636,13.838068111061807
20260717_203749_controller_right,exp2_design_attribution,start_stop_6dof,trial_001,event_004,exp1_system_characterization/start_stop_6dof,185,8,0.043243243243243246,0.9560626149177551,12.542968352526847
20260717_203749_controller_right,exp2_design_attribution,start_stop_6dof,trial_001,event_004,exp1_system_characterization/start_stop_6dof,185,9,0.04864864864864865,0.9557493925094604,12.047814998485334
20260717_203749_controller_right,exp2_design_attribution,start_stop_6dof,trial_001,event_004,exp1_system_characterization/start_stop_6dof,185,10,0.05405405405405406,0.9548119902610779,11.239274613587902
20260717_203749_controller_right,exp2_design_attribution,start_stop_6dof,trial_001,event_004,exp1_system_characterization/start_stop_6dof,185,11,0.05945945945945946,0.9538411498069763,11.573968051458696
20260717_203749_controller_right,exp2_design_attribution,start_stop_6dof,trial_001,event_004,exp1_system_characterization/start_stop_6dof,185,12,0.06486486486486487,0.9530829787254333,12.244904328339357
20260717_203749_controller_right,exp2_design_attribution,start_stop_6dof,trial_001,event_004,exp1_system_characterization/start_stop_6dof,185,13,0.07027027027027027,0.952951967716217,11.894294443499293
20260717_203749_controller_right,exp2_design_attribution,start_stop_6dof,trial_001,event_004,exp1_system_characterization/start_stop_6dof,185,14,0.07567567567567568,0.9528405666351318,11.84402350613072
20260717_203749_controller_right,exp2_design_attribution,start_stop_6dof,trial_001,event_004,exp1_system_characterization/start_stop_6dof,185,15,0.08108108108108109,0.9525177478790283,12.304959399506169
20260717_203749_controller_right,exp2_design_attribution,start_stop_6dof,trial_001,event_004,exp1_system_characterization/start_stop_6dof,185,16,0.08648648648648649,0.9525030851364136,12.725507052287497
20260717_203749_controller_right,exp2_design_attribution,start_stop_6dof,trial_001,event_004,exp1_system_characterization/start_stop_6dof,185,17,0.0918918918918919,0.951942503452301,12.600288124257853
20260717_203749_controller_right,exp2_design_attribution,start_stop_6dof,trial_001,event_004,exp1_system_characterization/start_stop_6dof,185,18,0.0972972972972973,0.9518740177154541,12.934852713009223
20260717_203749_controller_right,exp2_design_attribution,start_stop_6dof,trial_001,event_004,exp1_system_characterization/start_stop_6dof,185,19,0.10270270270270271,0.9512972235679626,13.162886453638325
20260717_203749_controller_right,exp2_design_attribution,start_stop_6dof,trial_001,event_004,exp1_system_characterization/start_stop_6dof,185,20,0.10810810810810811,0.9509384036064148,12.923602255483383
20260717_203749_controller_right,exp2_design_attribution,start_stop_6dof,trial_001,event_004,exp1_system_characterization/start_stop_6dof,185,21,0.11351351351351352,0.9508141279220581,13.25454778491708
20260717_203749_controller_right,exp2_design_attribution,start_stop_6dof,trial_001,event_004,exp1_system_characterization/start_stop_6dof,185,22,0.11891891891891893,0.9503543972969055,13.387630831954366
20260717_203749_controller_right,exp2_design_attribution,start_stop_6dof,trial_001,event_004,exp1_system_characterization/start_stop_6dof,185,23,0.12432432432432433,0.9502816200256348,13.318209803858847
20260717_203749_controller_right,exp2_design_attribution,start_stop_6dof,trial_001,event_004,exp1_system_characterization/start_stop_6dof,185,24,0.12972972972972974,0.9499631524085999,13.189485644123755
20260717_203749_controller_right,exp2_design_attribution,start_stop_6dof,trial_001,event_004,exp1_system_characterization/start_stop_6dof,185,25,0.13513513513513514,0.9493265748023987,12.91217301460706
20260717_203749_controller_right,exp2_design_attribution,start_stop_6dof,trial_001,event_004,exp1_system_characterization/start_stop_6dof,185,26,0.14054054054054055,0.9491975903511047,13.000358370177711
20260717_203749_controller_right,exp2_design_attribution,start_stop_6dof,trial_001,event_004,exp1_system_characterization/start_stop_6dof,185,27,0.14594594594594595,0.9491637945175171,12.718108680132005
20260717_203749_controller_right,exp2_design_attribution,start_stop_6dof,trial_001,event_004,exp1_system_characterization/start_stop_6dof,185,28,0.15135135135135136,0.9491632580757141,12.762781164024814
20260717_203749_controller_right,exp2_design_attribution,start_stop_6dof,trial_001,event_004,exp1_system_characterization/start_stop_6dof,185,29,0.15675675675675677,0.9489786624908447,12.960061929318822
20260717_203749_controller_right,exp2_design_attribution,start_stop_6dof,trial_001,event_004,exp1_system_characterization/start_stop_6dof,185,30,0.16216216216216217,0.9485878944396973,12.98743880466504
20260717_203749_controller_right,exp2_design_attribution,start_stop_6dof,trial_001,event_004,exp1_system_characterization/start_stop_6dof,185,31,0.16756756756756758,0.9483525156974792,12.716412150815122
20260717_203749_controller_right,exp2_design_attribution,start_stop_6dof,trial_001,event_004,exp1_system_characterization/start_stop_6dof,185,32,0.17297297297297298,0.9473645091056824,12.840082936277508
20260717_203749_controller_right,exp2_design_attribution,start_stop_6dof,trial_001,event_004,exp1_system_characterization/start_stop_6dof,185,33,0.1783783783783784,0.9472015500068665,12.988493713893718
20260717_203749_controller_right,exp2_design_attribution,start_stop_6dof,trial_001,event_004,exp1_system_characterization/start_stop_6dof,185,34,0.1837837837837838,0.9471626877784729,12.717220579064556
20260717_203749_controller_right,exp2_design_attribution,start_stop_6dof,trial_001,event_004,exp1_system_characterization/start_stop_6dof,185,35,0.1891891891891892,0.94629967212677,12.679273089563322
20260717_203749_controller_right,exp2_design_attribution,start_stop_6dof,trial_001,event_004,exp1_system_characterization/start_stop_6dof,185,36,0.1945945945945946,0.9462671279907227,12.543747537490411
20260717_203749_controller_right,exp2_design_attribution,start_stop_6dof,trial_001,event_004,exp1_system_characterization/start_stop_6dof,185,37,0.2,0.9458324313163757,12.517493289545273
20260717_203749_controller_right,exp2_design_attribution,start_stop_6dof,trial_001,event_004,exp1_system_characterization/start_stop_6dof,185,38,0.20540540540540542,0.9451920390129089,12.350494075225864
20260717_203749_controller_right,exp2_design_attribution,start_stop_6dof,trial_001,event_004,exp1_system_characterization/start_stop_6dof,185,39,0.21081081081081082,0.9451295733451843,12.47579601997474
20260717_203749_controller_right,exp2_design_attribution,start_stop_6dof,trial_001,event_004,exp1_system_characterization/start_stop_6dof,185,40,0.21621621621621623,0.9443853497505188,12.424126557499372
20260717_203749_controller_right,exp2_design_attribution,start_stop_6dof,trial_001,event_004,exp1_system_characterization/start_stop_6dof,185,41,0.22162162162162163,0.9441674947738647,12.438596724736847
20260717_203749_controller_right,exp2_design_attribution,start_stop_6dof,trial_001,event_004,exp1_system_characterization/start_stop_6dof,185,42,0.22702702702702704,0.9440801739692688,12.33339576064013
20260717_203749_controller_right,exp2_design_attribution,start_stop_6dof,trial_001,event_004,exp1_system_characterization/start_stop_6dof,185,43,0.23243243243243245,0.9438438415527344,12.332446978866269
20260717_203749_controller_right,exp2_design_attribution,start_stop_6dof,trial_001,event_004,exp1_system_characterization/start_stop_6dof,185,44,0.23783783783783785,0.9434065222740173,12.23496219653432
20260717_203749_controller_right,exp2_design_attribution,start_stop_6dof,trial_001,event_004,exp1_system_characterization/start_stop_6dof,185,45,0.24324324324324326,0.9433119893074036,12.190843722183546
20260717_203749_controller_right,exp2_design_attribution,start_stop_6dof,trial_001,event_004,exp1_system_characterization/start_stop_6dof,185,46,0.24864864864864866,0.9432121515274048,12.090181256778035
20260717_203749_controller_right,exp2_design_attribution,start_stop_6dof,trial_001,event_004,exp1_system_characterization/start_stop_6dof,185,47,0.25405405405405407,0.9431092739105225,12.038631717232247
20260717_203749_controller_right,exp2_design_attribution,start_stop_6dof,trial_001,event_004,exp1_system_characterization/start_stop_6dof,185,48,0.2594594594594595,0.9430920481681824,11.970004420243283
20260717_203749_controller_right,exp2_design_attribution,start_stop_6dof,trial_001,event_004,exp1_system_characterization/start_stop_6dof,185,49,0.2648648648648649,0.9421929717063904,11.930458968399634
20260717_203749_controller_right,exp2_design_attribution,start_stop_6dof,trial_001,event_004,exp1_system_characterization/start_stop_6dof,185,50,0.2702702702702703,0.941965639591217,11.893404827159582
20260717_203749_controller_right,exp2_design_attribution,start_stop_6dof,trial_001,event_004,exp1_system_characterization/start_stop_6dof,185,51,0.2756756756756757,0.9399598240852356,11.759046295953459
20260717_203749_controller_right,exp2_design_attribution,start_stop_6dof,trial_001,event_004,exp1_system_characterization/start_stop_6dof,185,52,0.2810810810810811,0.9389998912811279,11.72037027959541
20260717_203749_controller_right,exp2_design_attribution,start_stop_6dof,trial_001,event_004,exp1_system_characterization/start_stop_6dof,185,53,0.2864864864864865,0.9382498860359192,11.570079604416616
20260717_203749_controller_right,exp2_design_attribution,start_stop_6dof,trial_001,event_004,exp1_system_characterization/start_stop_6dof,185,54,0.2918918918918919,0.9380233287811279,11.690500878725379
20260717_203749_controller_right,exp2_design_attribution,start_stop_6dof,trial_001,event_004,exp1_system_characterization/start_stop_6dof,185,55,0.2972972972972973,0.937690794467926,11.673992522707941
20260717_203749_controller_right,exp2_design_attribution,start_stop_6dof,trial_001,event_004,exp1_system_characterization/start_stop_6dof,185,56,0.3027027027027027,0.9376862645149231,11.67219400080674
20260717_203749_controller_right,exp2_design_attribution,start_stop_6dof,trial_001,event_004,exp1_system_characterization/start_stop_6dof,185,57,0.3081081081081081,0.9376695156097412,11.638589762756
20260717_203749_controller_right,exp2_design_attribution,start_stop_6dof,trial_001,event_004,exp1_system_characterization/start_stop_6dof,185,58,0.31351351351351353,0.9372546672821045,11.62007936761796
20260717_203749_controller_right,exp2_design_attribution,start_stop_6dof,trial_001,event_004,exp1_system_characterization/start_stop_6dof,185,59,0.31891891891891894,0.9364561438560486,11.61458607446611
20260717_203749_controller_right,exp2_design_attribution,start_stop_6dof,trial_001,event_004,exp1_system_characterization/start_stop_6dof,185,60,0.32432432432432434,0.9348185658454895,11.641879874065454
20260717_203749_controller_right,exp2_design_attribution,start_stop_6dof,trial_001,event_004,exp1_system_characterization/start_stop_6dof,185,61,0.32972972972972975,0.9346810579299927,11.619475468178956
20260717_203749_controller_right,exp2_design_attribution,start_stop_6dof,trial_001,event_004,exp1_system_characterization/start_stop_6dof,185,62,0.33513513513513515,0.9339091777801514,11.611221559486093
20260717_203749_controller_right,exp2_design_attribution,start_stop_6dof,trial_001,event_004,exp1_system_characterization/start_stop_6dof,185,63,0.34054054054054056,0.9332925081253052,11.553989256476113
20260717_203749_controller_right,exp2_design_attribution,start_stop_6dof,trial_001,event_004,exp1_system_characterization/start_stop_6dof,185,64,0.34594594594594597,0.9330479502677917,11.519687620035178
20260717_203749_controller_right,exp2_design_attribution,start_stop_6dof,trial_001,event_004,exp1_system_characterization/start_stop_6dof,185,65,0.35135135135135137,0.9310535192489624,11.42986760739765
20260717_203749_controller_right,exp2_design_attribution,start_stop_6dof,trial_001,event_004,exp1_system_characterization/start_stop_6dof,185,66,0.3567567567567568,0.930889904499054,11.426977778257761
20260717_203749_controller_right,exp2_design_attribution,start_stop_6dof,trial_001,event_004,exp1_system_characterization/start_stop_6dof,185,67,0.3621621621621622,0.9305387735366821,11.44333010506123
20260717_203749_controller_right,exp2_design_attribution,start_stop_6dof,trial_001,event_004,exp1_system_characterization/start_stop_6dof,185,68,0.3675675675675676,0.9304326176643372,11.410975287643458
20260717_203749_controller_right,exp2_design_attribution,start_stop_6dof,trial_001,event_004,exp1_system_characterization/start_stop_6dof,185,69,0.372972972972973,0.9302244186401367,11.325155059492934
20260717_203749_controller_right,exp2_design_attribution,start_stop_6dof,trial_001,event_004,exp1_system_characterization/start_stop_6dof,185,70,0.3783783783783784,0.9292561411857605,11.297977360875151
20260717_203749_controller_right,exp2_design_attribution,start_stop_6dof,trial_001,event_004,exp1_system_characterization/start_stop_6dof,185,71,0.3837837837837838,0.9288957715034485,11.296660981656256
20260717_203749_controller_right,exp2_design_attribution,start_stop_6dof,trial_001,event_004,exp1_system_characterization/start_stop_6dof,185,72,0.3891891891891892,0.928673505783081,11.310555752616544
20260717_203749_controller_right,exp2_design_attribution,start_stop_6dof,trial_001,event_004,exp1_system_characterization/start_stop_6dof,185,73,0.3945945945945946,0.9286410808563232,11.289644326201627
20260717_203749_controller_right,exp2_design_attribution,start_stop_6dof,trial_001,event_004,exp1_system_characterization/start_stop_6dof,185,74,0.4,0.9286050796508789,11.256369068115658
20260717_203749_controller_right,exp2_design_attribution,start_stop_6dof,trial_001,event_004,exp1_system_characterization/start_stop_6dof,185,75,0.40540540540540543,0.9284108877182007,11.252280900376816
20260717_203749_controller_right,exp2_design_attribution,start_stop_6dof,trial_001,event_004,exp1_system_characterization/start_stop_6dof,185,76,0.41081081081081083,0.9282854795455933,11.222083556590041
20260717_203749_controller_right,exp2_design_attribution,start_stop_6dof,trial_001,event_004,exp1_system_characterization/start_stop_6dof,185,77,0.41621621621621624,0.9282352924346924,11.24344646775021
20260717_203749_controller_right,exp2_design_attribution,start_stop_6dof,trial_001,event_004,exp1_system_characterization/start_stop_6dof,185,78,0.42162162162162165,0.9275325536727905,11.229486173782005
20260717_203749_controller_right,exp2_design_attribution,start_stop_6dof,trial_001,event_004,exp1_system_characterization/start_stop_6dof,185,79,0.42702702702702705,0.9274345636367798,11.21099662776669
20260717_203749_controller_right,exp2_design_attribution,start_stop_6dof,trial_001,event_004,exp1_system_characterization/start_stop_6dof,185,80,0.43243243243243246,0.9273294806480408,11.184982255158312
20260717_203749_controller_right,exp2_design_attribution,start_stop_6dof,trial_001,event_004,exp1_system_characterization/start_stop_6dof,185,81,0.43783783783783786,0.9273098111152649,11.158903800873668
20260717_203749_controller_right,exp2_design_attribution,start_stop_6dof,trial_001,event_004,exp1_system_characterization/start_stop_6dof,185,82,0.44324324324324327,0.926681637763977,11.131055568028502
20260717_203749_controller_right,exp2_design_attribution,start_stop_6dof,trial_001,event_004,exp1_system_characterization/start_stop_6dof,185,83,0.4486486486486487,0.9252767562866211,11.142526892815948
20260717_203749_controller_right,exp2_design_attribution,start_stop_6dof,trial_001,event_004,exp1_system_characterization/start_stop_6dof,185,84,0.4540540540540541,0.9251765012741089,11.131220030772548
20260717_203749_controller_right,exp2_design_attribution,start_stop_6dof,trial_001,event_004,exp1_system_characterization/start_stop_6dof,185,85,0.4594594594594595,0.9248872995376587,11.123434822822677
20260717_203749_controller_right,exp2_design_attribution,start_stop_6dof,trial_001,event_004,exp1_system_characterization/start_stop_6dof,185,86,0.4648648648648649,0.9248541593551636,11.14424925659518
20260717_203749_controller_right,exp2_design_attribution,start_stop_6dof,trial_001,event_004,exp1_system_characterization/start_stop_6dof,185,87,0.4702702702702703,0.92479008436203,11.130535212707665
20260717_203749_controller_right,exp2_design_attribution,start_stop_6dof,trial_001,event_004,exp1_system_characterization/start_stop_6dof,185,88,0.4756756756756757,0.9246823787689209,11.138756500406783
20260717_203749_controller_right,exp2_design_attribution,start_stop_6dof,trial_001,event_004,exp1_system_characterization/start_stop_6dof,185,89,0.4810810810810811,0.9245070815086365,11.123800727128284
20260717_203749_controller_right,exp2_design_attribution,start_stop_6dof,trial_001,event_004,exp1_system_characterization/start_stop_6dof,185,90,0.4864864864864865,0.9239876866340637,11.101081134368215
20260717_203749_controller_right,exp2_design_attribution,start_stop_6dof,trial_001,event_004,exp1_system_characterization/start_stop_6dof,185,91,0.4918918918918919,0.9239806532859802,11.080172945042223
20260717_203749_controller_right,exp2_design_attribution,start_stop_6dof,trial_001,event_004,exp1_system_characterization/start_stop_6dof,185,92,0.4972972972972973,0.9239388108253479,11.061460289865302
20260717_203749_controller_right,exp2_design_attribution,start_stop_6dof,trial_001,event_004,exp1_system_characterization/start_stop_6dof,185,93,0.5027027027027027,0.9238005876541138,11.052558896682557
20260717_203749_controller_right,exp2_design_attribution,start_stop_6dof,trial_001,event_004,exp1_system_characterization/start_stop_6dof,185,94,0.5081081081081081,0.9237814545631409,11.04534149126246
20260717_203749_controller_right,exp2_design_attribution,start_stop_6dof,trial_001,event_004,exp1_system_characterization/start_stop_6dof,185,95,0.5135135135135135,0.923231840133667,11.048349056009831
20260717_203749_controller_right,exp2_design_attribution,start_stop_6dof,trial_001,event_004,exp1_system_characterization/start_stop_6dof,185,96,0.518918918918919,0.9226682186126709,11.053036182978275
20260717_203749_controller_right,exp2_design_attribution,start_stop_6dof,trial_001,event_004,exp1_system_characterization/start_stop_6dof,185,97,0.5243243243243243,0.9225854277610779,11.044656443793206
20260717_203749_controller_right,exp2_design_attribution,start_stop_6dof,trial_001,event_004,exp1_system_characterization/start_stop_6dof,185,98,0.5297297297297298,0.922537088394165,11.054545171443644
20260717_203749_controller_right,exp2_design_attribution,start_stop_6dof,trial_001,event_004,exp1_system_characterization/start_stop_6dof,185,99,0.5351351351351351,0.9224905967712402,11.0404425871209
20260717_203749_controller_right,exp2_design_attribution,start_stop_6dof,trial_001,event_004,exp1_system_characterization/start_stop_6dof,185,100,0.5405405405405406,0.922091543674469,11.050825314867675
20260717_203749_controller_right,exp2_design_attribution,start_stop_6dof,trial_001,event_004,exp1_system_characterization/start_stop_6dof,185,101,0.5459459459459459,0.9219605922698975,11.039533549372164
20260717_203749_controller_right,exp2_design_attribution,start_stop_6dof,trial_001,event_004,exp1_system_characterization/start_stop_6dof,185,102,0.5513513513513514,0.9217473268508911,11.03051168998914
20260717_203749_controller_right,exp2_design_attribution,start_stop_6dof,trial_001,event_004,exp1_system_characterization/start_stop_6dof,185,103,0.5567567567567567,0.9217249751091003,11.042804804910354
20260717_203749_controller_right,exp2_design_attribution,start_stop_6dof,trial_001,event_004,exp1_system_characterization/start_stop_6dof,185,104,0.5621621621621622,0.9214649200439453,11.05057597687684
20260717_203749_controller_right,exp2_design_attribution,start_stop_6dof,trial_001,event_004,exp1_system_characterization/start_stop_6dof,185,105,0.5675675675675675,0.9213444590568542,11.043323844194019
20260717_203749_controller_right,exp2_design_attribution,start_stop_6dof,trial_001,event_004,exp1_system_characterization/start_stop_6dof,185,106,0.572972972972973,0.9210370182991028,11.032472744430185
20260717_203749_controller_right,exp2_design_attribution,start_stop_6dof,trial_001,event_004,exp1_system_characterization/start_stop_6dof,185,107,0.5783783783783784,0.9209123253822327,11.028653722791262
20260717_203749_controller_right,exp2_design_attribution,start_stop_6dof,trial_001,event_004,exp1_system_characterization/start_stop_6dof,185,108,0.5837837837837838,0.9206955432891846,11.015604202945683
20260717_203749_controller_right,exp2_design_attribution,start_stop_6dof,trial_001,event_004,exp1_system_characterization/start_stop_6dof,185,109,0.5891891891891892,0.920354425907135,11.02483185614258
20260717_203749_controller_right,exp2_design_attribution,start_stop_6dof,trial_001,event_004,exp1_system_characterization/start_stop_6dof,185,110,0.5945945945945946,0.9198747873306274,11.007508968123693
20260717_203749_controller_right,exp2_design_attribution,start_stop_6dof,trial_001,event_004,exp1_system_characterization/start_stop_6dof,185,111,0.6,0.9195536971092224,10.984807136527845
20260717_203749_controller_right,exp2_design_attribution,start_stop_6dof,trial_001,event_004,exp1_system_characterization/start_stop_6dof,185,112,0.6054054054054054,0.9191709756851196,10.969002637710684
20260717_203749_controller_right,exp2_design_attribution,start_stop_6dof,trial_001,event_004,exp1_system_characterization/start_stop_6dof,185,113,0.6108108108108108,0.9186660647392273,10.932936730954356
20260717_203749_controller_right,exp2_design_attribution,start_stop_6dof,trial_001,event_004,exp1_system_characterization/start_stop_6dof,185,114,0.6162162162162163,0.9186050295829773,10.859602426397483
20260717_203749_controller_right,exp2_design_attribution,start_stop_6dof,trial_001,event_004,exp1_system_characterization/start_stop_6dof,185,115,0.6216216216216216,0.9175727367401123,10.833429156698742
20260717_203749_controller_right,exp2_design_attribution,start_stop_6dof,trial_001,event_004,exp1_system_characterization/start_stop_6dof,185,116,0.6270270270270271,0.9172483086585999,10.821526624234139
20260717_203749_controller_right,exp2_design_attribution,start_stop_6dof,trial_001,event_004,exp1_system_characterization/start_stop_6dof,185,117,0.6324324324324324,0.9171223640441895,10.838747350096085
20260717_203749_controller_right,exp2_design_attribution,start_stop_6dof,trial_001,event_004,exp1_system_characterization/start_stop_6dof,185,118,0.6378378378378379,0.9169594049453735,10.849304818650122
20260717_203749_controller_right,exp2_design_attribution,start_stop_6dof,trial_001,event_004,exp1_system_characterization/start_stop_6dof,185,119,0.6432432432432432,0.9167510867118835,10.83622190473987
20260717_203749_controller_right,exp2_design_attribution,start_stop_6dof,trial_001,event_004,exp1_system_characterization/start_stop_6dof,185,120,0.6486486486486487,0.9164853692054749,10.839804647560316
20260717_203749_controller_right,exp2_design_attribution,start_stop_6dof,trial_001,event_004,exp1_system_characterization/start_stop_6dof,185,121,0.654054054054054,0.916083574295044,10.825341626480391
20260717_203749_controller_right,exp2_design_attribution,start_stop_6dof,trial_001,event_004,exp1_system_characterization/start_stop_6dof,185,122,0.6594594594594595,0.9160478115081787,10.8133250100294
20260717_203749_controller_right,exp2_design_attribution,start_stop_6dof,trial_001,event_004,exp1_system_characterization/start_stop_6dof,185,123,0.6648648648648648,0.9157825112342834,10.811813685796738
20260717_203749_controller_right,exp2_design_attribution,start_stop_6dof,trial_001,event_004,exp1_system_characterization/start_stop_6dof,185,124,0.6702702702702703,0.9154636263847351,10.796940768693803
20260717_203749_controller_right,exp2_design_attribution,start_stop_6dof,trial_001,event_004,exp1_system_characterization/start_stop_6dof,185,125,0.6756756756756757,0.9152898788452148,10.783332362527428
20260717_203749_controller_right,exp2_design_attribution,start_stop_6dof,trial_001,event_004,exp1_system_characterization/start_stop_6dof,185,126,0.6810810810810811,0.9148623943328857,10.76836310491204
20260717_203749_controller_right,exp2_design_attribution,start_stop_6dof,trial_001,event_004,exp1_system_characterization/start_stop_6dof,185,127,0.6864864864864865,0.9141284823417664,10.764789943963784
20260717_203749_controller_right,exp2_design_attribution,start_stop_6dof,trial_001,event_004,exp1_system_characterization/start_stop_6dof,185,128,0.6918918918918919,0.913766622543335,10.762003141592167
20260717_203749_controller_right,exp2_design_attribution,start_stop_6dof,trial_001,event_004,exp1_system_characterization/start_stop_6dof,185,129,0.6972972972972973,0.9133054614067078,10.72050353780449
20260717_203749_controller_right,exp2_design_attribution,start_stop_6dof,trial_001,event_004,exp1_system_characterization/start_stop_6dof,185,130,0.7027027027027027,0.9127947092056274,10.710052929642949
20260717_203749_controller_right,exp2_design_attribution,start_stop_6dof,trial_001,event_004,exp1_system_characterization/start_stop_6dof,185,131,0.7081081081081081,0.9126580953598022,10.696537804095119
20260717_203749_controller_right,exp2_design_attribution,start_stop_6dof,trial_001,event_004,exp1_system_characterization/start_stop_6dof,185,132,0.7135135135135136,0.9118294715881348,10.686607243001996
20260717_203749_controller_right,exp2_design_attribution,start_stop_6dof,trial_001,event_004,exp1_system_characterization/start_stop_6dof,185,133,0.7189189189189189,0.910098671913147,10.685424657487255
20260717_203749_controller_right,exp2_design_attribution,start_stop_6dof,trial_001,event_004,exp1_system_characterization/start_stop_6dof,185,134,0.7243243243243244,0.9095776677131653,10.690342746504575
20260717_203749_controller_right,exp2_design_attribution,start_stop_6dof,trial_001,event_004,exp1_system_characterization/start_stop_6dof,185,135,0.7297297297297297,0.908936619758606,10.692192948518905
20260717_203749_controller_right,exp2_design_attribution,start_stop_6dof,trial_001,event_004,exp1_system_characterization/start_stop_6dof,185,136,0.7351351351351352,0.9081513285636902,10.654227370278518
20260717_203749_controller_right,exp2_design_attribution,start_stop_6dof,trial_001,event_004,exp1_system_characterization/start_stop_6dof,185,137,0.7405405405405405,0.9075836539268494,10.641571028264307
20260717_203749_controller_right,exp2_design_attribution,start_stop_6dof,trial_001,event_004,exp1_system_characterization/start_stop_6dof,185,138,0.745945945945946,0.9074291586875916,10.646019157669837
20260717_203749_controller_right,exp2_design_attribution,start_stop_6dof,trial_001,event_004,exp1_system_characterization/start_stop_6dof,185,139,0.7513513513513513,0.9068077802658081,10.610581053517064
20260717_203749_controller_right,exp2_design_attribution,start_stop_6dof,trial_001,event_004,exp1_system_characterization/start_stop_6dof,185,140,0.7567567567567568,0.9058197736740112,10.59922409797081
20260717_203749_controller_right,exp2_design_attribution,start_stop_6dof,trial_001,event_004,exp1_system_characterization/start_stop_6dof,185,141,0.7621621621621621,0.9057410359382629,10.594107545695325
20260717_203749_controller_right,exp2_design_attribution,start_stop_6dof,trial_001,event_004,exp1_system_characterization/start_stop_6dof,185,142,0.7675675675675676,0.9037162065505981,10.584571177931226
20260717_203749_controller_right,exp2_design_attribution,start_stop_6dof,trial_001,event_004,exp1_system_characterization/start_stop_6dof,185,143,0.772972972972973,0.9013324975967407,10.572163539692028
20260717_203749_controller_right,exp2_design_attribution,start_stop_6dof,trial_001,event_004,exp1_system_characterization/start_stop_6dof,185,144,0.7783783783783784,0.9002930521965027,10.576276863414595
20260717_203749_controller_right,exp2_design_attribution,start_stop_6dof,trial_001,event_004,exp1_system_characterization/start_stop_6dof,185,145,0.7837837837837838,0.900242030620575,10.574728372077145
20260717_203749_controller_right,exp2_design_attribution,start_stop_6dof,trial_001,event_004,exp1_system_characterization/start_stop_6dof,185,146,0.7891891891891892,0.9002211093902588,10.571721789014761
20260717_203749_controller_right,exp2_design_attribution,start_stop_6dof,trial_001,event_004,exp1_system_characterization/start_stop_6dof,185,147,0.7945945945945946,0.8987285494804382,10.565163943577163
20260717_203749_controller_right,exp2_design_attribution,start_stop_6dof,trial_001,event_004,exp1_system_characterization/start_stop_6dof,185,148,0.8,0.8974645733833313,10.547215506366415
20260717_203749_controller_right,exp2_design_attribution,start_stop_6dof,trial_001,event_004,exp1_system_characterization/start_stop_6dof,185,149,0.8054054054054054,0.8969787955284119,10.525187900137244
20260717_203749_controller_right,exp2_design_attribution,start_stop_6dof,trial_001,event_004,exp1_system_characterization/start_stop_6dof,185,150,0.8108108108108109,0.8950432538986206,10.528979116831293
20260717_203749_controller_right,exp2_design_attribution,start_stop_6dof,trial_001,event_004,exp1_system_characterization/start_stop_6dof,185,151,0.8162162162162162,0.8939087986946106,10.519948478483656
20260717_203749_controller_right,exp2_design_attribution,start_stop_6dof,trial_001,event_004,exp1_system_characterization/start_stop_6dof,185,152,0.8216216216216217,0.8898128271102905,10.50031134229647
20260717_203749_controller_right,exp2_design_attribution,start_stop_6dof,trial_001,event_004,exp1_system_characterization/start_stop_6dof,185,153,0.827027027027027,0.8885636329650879,10.487506195502414
20260717_203749_controller_right,exp2_design_attribution,start_stop_6dof,trial_001,event_004,exp1_system_characterization/start_stop_6dof,185,154,0.8324324324324325,0.887592077255249,10.470740479499252
20260717_203749_controller_right,exp2_design_attribution,start_stop_6dof,trial_001,event_004,exp1_system_characterization/start_stop_6dof,185,155,0.8378378378378378,0.885995626449585,10.428532516489634
20260717_203749_controller_right,exp2_design_attribution,start_stop_6dof,trial_001,event_004,exp1_system_characterization/start_stop_6dof,185,156,0.8432432432432433,0.8832653760910034,10.38436183498823
20260717_203749_controller_right,exp2_design_attribution,start_stop_6dof,trial_001,event_004,exp1_system_characterization/start_stop_6dof,185,157,0.8486486486486486,0.8821507096290588,10.341214485951241
20260717_203749_controller_right,exp2_design_attribution,start_stop_6dof,trial_001,event_004,exp1_system_characterization/start_stop_6dof,185,158,0.8540540540540541,0.8736938834190369,10.327277432399383
20260717_203749_controller_right,exp2_design_attribution,start_stop_6dof,trial_001,event_004,exp1_system_characterization/start_stop_6dof,185,159,0.8594594594594595,0.8724515438079834,10.32317016135927
20260717_203749_controller_right,exp2_design_attribution,start_stop_6dof,trial_001,event_004,exp1_system_characterization/start_stop_6dof,185,160,0.8648648648648649,0.8680617809295654,10.354772375809691
20260717_203749_controller_right,exp2_design_attribution,start_stop_6dof,trial_001,event_004,exp1_system_characterization/start_stop_6dof,185,161,0.8702702702702703,0.8667523860931396,10.322907500736235
20260717_203749_controller_right,exp2_design_attribution,start_stop_6dof,trial_001,event_004,exp1_system_characterization/start_stop_6dof,185,162,0.8756756756756757,0.863465428352356,10.3284326705055
20260717_203749_controller_right,exp2_design_attribution,start_stop_6dof,trial_001,event_004,exp1_system_characterization/start_stop_6dof,185,163,0.8810810810810811,0.8630512952804565,10.326091043426866
20260717_203749_controller_right,exp2_design_attribution,start_stop_6dof,trial_001,event_004,exp1_system_characterization/start_stop_6dof,185,164,0.8864864864864865,0.8540148138999939,10.322844338454942
20260717_203749_controller_right,exp2_design_attribution,start_stop_6dof,trial_001,event_004,exp1_system_characterization/start_stop_6dof,185,165,0.8918918918918919,0.8539846539497375,10.33516730009557
20260717_203749_controller_right,exp2_design_attribution,start_stop_6dof,trial_001,event_004,exp1_system_characterization/start_stop_6dof,185,166,0.8972972972972973,0.849861204624176,10.342528432982371
20260717_203749_controller_right,exp2_design_attribution,start_stop_6dof,trial_001,event_004,exp1_system_characterization/start_stop_6dof,185,167,0.9027027027027027,0.833754301071167,10.328254681759615
20260717_203749_controller_right,exp2_design_attribution,start_stop_6dof,trial_001,event_004,exp1_system_characterization/start_stop_6dof,185,168,0.9081081081081082,0.8333396911621094,10.328423863300605
20260717_203749_controller_right,exp2_design_attribution,start_stop_6dof,trial_001,event_004,exp1_system_characterization/start_stop_6dof,185,169,0.9135135135135135,0.833123505115509,10.300602595563033
20260717_203749_controller_right,exp2_design_attribution,start_stop_6dof,trial_001,event_004,exp1_system_characterization/start_stop_6dof,185,170,0.918918918918919,0.8283504843711853,10.287315743941473
20260717_203749_controller_right,exp2_design_attribution,start_stop_6dof,trial_001,event_004,exp1_system_characterization/start_stop_6dof,185,171,0.9243243243243243,0.8263037800788879,10.30460002387753
20260717_203749_controller_right,exp2_design_attribution,start_stop_6dof,trial_001,event_004,exp1_system_characterization/start_stop_6dof,185,172,0.9297297297297298,0.8097041845321655,10.279364992403517
20260717_203749_controller_right,exp2_design_attribution,start_stop_6dof,trial_001,event_004,exp1_system_characterization/start_stop_6dof,185,173,0.9351351351351351,0.8046788573265076,10.27597039924522
20260717_203749_controller_right,exp2_design_attribution,start_stop_6dof,trial_001,event_004,exp1_system_characterization/start_stop_6dof,185,174,0.9405405405405406,0.8018437027931213,10.264856395993089
20260717_203749_controller_right,exp2_design_attribution,start_stop_6dof,trial_001,event_004,exp1_system_characterization/start_stop_6dof,185,175,0.9459459459459459,0.783959150314331,10.245878453897367
20260717_203749_controller_right,exp2_design_attribution,start_stop_6dof,trial_001,event_004,exp1_system_characterization/start_stop_6dof,185,176,0.9513513513513514,0.783607006072998,10.226180164912483
20260717_203749_controller_right,exp2_design_attribution,start_stop_6dof,trial_001,event_004,exp1_system_characterization/start_stop_6dof,185,177,0.9567567567567568,0.7692006230354309,10.242293088215694
20260717_203749_controller_right,exp2_design_attribution,start_stop_6dof,trial_001,event_004,exp1_system_characterization/start_stop_6dof,185,178,0.9621621621621622,0.7660397887229919,10.28485753505732
20260717_203749_controller_right,exp2_design_attribution,start_stop_6dof,trial_001,event_004,exp1_system_characterization/start_stop_6dof,185,179,0.9675675675675676,0.7516506910324097,10.269492488797008
20260717_203749_controller_right,exp2_design_attribution,start_stop_6dof,trial_001,event_004,exp1_system_characterization/start_stop_6dof,185,180,0.972972972972973,0.7472325563430786,10.31852952102524
20260717_203749_controller_right,exp2_design_attribution,start_stop_6dof,trial_001,event_004,exp1_system_characterization/start_stop_6dof,185,181,0.9783783783783784,0.7227218747138977,10.369449095647859
20260717_203749_controller_right,exp2_design_attribution,start_stop_6dof,trial_001,event_004,exp1_system_characterization/start_stop_6dof,185,182,0.9837837837837838,0.7043412327766418,10.394997291535313
20260717_203749_controller_right,exp2_design_attribution,start_stop_6dof,trial_001,event_004,exp1_system_characterization/start_stop_6dof,185,183,0.9891891891891892,0.6971632838249207,10.430283713904254
20260717_203749_controller_right,exp2_design_attribution,start_stop_6dof,trial_001,event_004,exp1_system_characterization/start_stop_6dof,185,184,0.9945945945945946,0.6911538243293762,10.467029378172379
20260717_203749_controller_right,exp2_design_attribution,start_stop_6dof,trial_001,event_004,exp1_system_characterization/start_stop_6dof,185,185,1.0,0.6311603784561157,10.51587620459432
20260717_203749_controller_right,exp2_design_attribution,start_stop_6dof,trial_001,event_005,exp1_system_characterization/start_stop_6dof,131,1,0.007633587786259542,0.9540492296218872,5.34672380460157
20260717_203749_controller_right,exp2_design_attribution,start_stop_6dof,trial_001,event_005,exp1_system_characterization/start_stop_6dof,131,2,0.015267175572519083,0.9533692002296448,6.449523434507082
20260717_203749_controller_right,exp2_design_attribution,start_stop_6dof,trial_001,event_005,exp1_system_characterization/start_stop_6dof,131,3,0.022900763358778626,0.9527072906494141,7.302385459499721
20260717_203749_controller_right,exp2_design_attribution,start_stop_6dof,trial_001,event_005,exp1_system_characterization/start_stop_6dof,131,4,0.030534351145038167,0.944563090801239,7.1430898398109015
20260717_203749_controller_right,exp2_design_attribution,start_stop_6dof,trial_001,event_005,exp1_system_characterization/start_stop_6dof,131,5,0.03816793893129771,0.9400225281715393,7.058231662889225
20260717_203749_controller_right,exp2_design_attribution,start_stop_6dof,trial_001,event_005,exp1_system_characterization/start_stop_6dof,131,6,0.04580152671755725,0.9347261190414429,6.598941851405111
20260717_203749_controller_right,exp2_design_attribution,start_stop_6dof,trial_001,event_005,exp1_system_characterization/start_stop_6dof,131,7,0.05343511450381679,0.9332311153411865,7.472404987219675
20260717_203749_controller_right,exp2_design_attribution,start_stop_6dof,trial_001,event_005,exp1_system_characterization/start_stop_6dof,131,8,0.061068702290076333,0.9325079917907715,8.668989820293353
20260717_203749_controller_right,exp2_design_attribution,start_stop_6dof,trial_001,event_005,exp1_system_characterization/start_stop_6dof,131,9,0.06870229007633588,0.9324435591697693,8.323565667549818
20260717_203749_controller_right,exp2_design_attribution,start_stop_6dof,trial_001,event_005,exp1_system_characterization/start_stop_6dof,131,10,0.07633587786259542,0.9315323829650879,9.454740860212407
20260717_203749_controller_right,exp2_design_attribution,start_stop_6dof,trial_001,event_005,exp1_system_characterization/start_stop_6dof,131,11,0.08396946564885496,0.9310857653617859,10.176478732074287
20260717_203749_controller_right,exp2_design_attribution,start_stop_6dof,trial_001,event_005,exp1_system_characterization/start_stop_6dof,131,12,0.0916030534351145,0.9283732771873474,11.17054182331802
20260717_203749_controller_right,exp2_design_attribution,start_stop_6dof,trial_001,event_005,exp1_system_characterization/start_stop_6dof,131,13,0.09923664122137404,0.9276069402694702,10.7097903362668
20260717_203749_controller_right,exp2_design_attribution,start_stop_6dof,trial_001,event_005,exp1_system_characterization/start_stop_6dof,131,14,0.10687022900763359,0.9273038506507874,11.074291293121307
20260717_203749_controller_right,exp2_design_attribution,start_stop_6dof,trial_001,event_005,exp1_system_characterization/start_stop_6dof,131,15,0.11450381679389313,0.927221953868866,11.40380796855377
20260717_203749_controller_right,exp2_design_attribution,start_stop_6dof,trial_001,event_005,exp1_system_characterization/start_stop_6dof,131,16,0.12213740458015267,0.9265897870063782,11.077898037946321
20260717_203749_controller_right,exp2_design_attribution,start_stop_6dof,trial_001,event_005,exp1_system_characterization/start_stop_6dof,131,17,0.1297709923664122,0.9260676503181458,11.754058457480221
20260717_203749_controller_right,exp2_design_attribution,start_stop_6dof,trial_001,event_005,exp1_system_characterization/start_stop_6dof,131,18,0.13740458015267176,0.925774335861206,11.669837166700438
20260717_203749_controller_right,exp2_design_attribution,start_stop_6dof,trial_001,event_005,exp1_system_characterization/start_stop_6dof,131,19,0.1450381679389313,0.9254783987998962,12.292915169002642
20260717_203749_controller_right,exp2_design_attribution,start_stop_6dof,trial_001,event_005,exp1_system_characterization/start_stop_6dof,131,20,0.15267175572519084,0.9249703884124756,12.19975669923238
20260717_203749_controller_right,exp2_design_attribution,start_stop_6dof,trial_001,event_005,exp1_system_characterization/start_stop_6dof,131,21,0.16030534351145037,0.9247018098831177,11.848762153747785
20260717_203749_controller_right,exp2_design_attribution,start_stop_6dof,trial_001,event_005,exp1_system_characterization/start_stop_6dof,131,22,0.16793893129770993,0.924221396446228,11.556852639319244
20260717_203749_controller_right,exp2_design_attribution,start_stop_6dof,trial_001,event_005,exp1_system_characterization/start_stop_6dof,131,23,0.17557251908396945,0.9236714243888855,11.644148941782285
20260717_203749_controller_right,exp2_design_attribution,start_stop_6dof,trial_001,event_005,exp1_system_characterization/start_stop_6dof,131,24,0.183206106870229,0.9236581921577454,11.377178697533934
20260717_203749_controller_right,exp2_design_attribution,start_stop_6dof,trial_001,event_005,exp1_system_characterization/start_stop_6dof,131,25,0.19083969465648856,0.9232073426246643,11.086533112955498
20260717_203749_controller_right,exp2_design_attribution,start_stop_6dof,trial_001,event_005,exp1_system_characterization/start_stop_6dof,131,26,0.1984732824427481,0.9231619238853455,11.030390638179698
20260717_203749_controller_right,exp2_design_attribution,start_stop_6dof,trial_001,event_005,exp1_system_characterization/start_stop_6dof,131,27,0.20610687022900764,0.9224907159805298,11.434170664818987
20260717_203749_controller_right,exp2_design_attribution,start_stop_6dof,trial_001,event_005,exp1_system_characterization/start_stop_6dof,131,28,0.21374045801526717,0.9224206209182739,11.191753671564403
20260717_203749_controller_right,exp2_design_attribution,start_stop_6dof,trial_001,event_005,exp1_system_characterization/start_stop_6dof,131,29,0.22137404580152673,0.9216088652610779,11.545834062050929
20260717_203749_controller_right,exp2_design_attribution,start_stop_6dof,trial_001,event_005,exp1_system_characterization/start_stop_6dof,131,30,0.22900763358778625,0.9196036458015442,11.351105152305047
20260717_203749_controller_right,exp2_design_attribution,start_stop_6dof,trial_001,event_005,exp1_system_characterization/start_stop_6dof,131,31,0.2366412213740458,0.9193902611732483,11.798334964276188
20260717_203749_controller_right,exp2_design_attribution,start_stop_6dof,trial_001,event_005,exp1_system_characterization/start_stop_6dof,131,32,0.24427480916030533,0.9192318320274353,12.167435783579334
20260717_203749_controller_right,exp2_design_attribution,start_stop_6dof,trial_001,event_005,exp1_system_characterization/start_stop_6dof,131,33,0.25190839694656486,0.918118953704834,11.934410935156192
20260717_203749_controller_right,exp2_design_attribution,start_stop_6dof,trial_001,event_005,exp1_system_characterization/start_stop_6dof,131,34,0.2595419847328244,0.917650580406189,11.731699030179453
20260717_203749_controller_right,exp2_design_attribution,start_stop_6dof,trial_001,event_005,exp1_system_characterization/start_stop_6dof,131,35,0.26717557251908397,0.9161051511764526,11.539422260414968
20260717_203749_controller_right,exp2_design_attribution,start_stop_6dof,trial_001,event_005,exp1_system_characterization/start_stop_6dof,131,36,0.2748091603053435,0.9123271107673645,11.485650222028902
20260717_203749_controller_right,exp2_design_attribution,start_stop_6dof,trial_001,event_005,exp1_system_characterization/start_stop_6dof,131,37,0.2824427480916031,0.9116359353065491,11.49701369137533
20260717_203749_controller_right,exp2_design_attribution,start_stop_6dof,trial_001,event_005,exp1_system_characterization/start_stop_6dof,131,38,0.2900763358778626,0.9114183187484741,11.343451266105163
20260717_203749_controller_right,exp2_design_attribution,start_stop_6dof,trial_001,event_005,exp1_system_characterization/start_stop_6dof,131,39,0.29770992366412213,0.9104841351509094,11.46851115760733
20260717_203749_controller_right,exp2_design_attribution,start_stop_6dof,trial_001,event_005,exp1_system_characterization/start_stop_6dof,131,40,0.3053435114503817,0.9103558659553528,11.482241019685365
20260717_203749_controller_right,exp2_design_attribution,start_stop_6dof,trial_001,event_005,exp1_system_characterization/start_stop_6dof,131,41,0.31297709923664124,0.9101850986480713,11.30701407648507
20260717_203749_controller_right,exp2_design_attribution,start_stop_6dof,trial_001,event_005,exp1_system_characterization/start_stop_6dof,131,42,0.32061068702290074,0.909625232219696,11.616632973752496
20260717_203749_controller_right,exp2_design_attribution,start_stop_6dof,trial_001,event_005,exp1_system_characterization/start_stop_6dof,131,43,0.3282442748091603,0.9095881581306458,11.455476241091805
20260717_203749_controller_right,exp2_design_attribution,start_stop_6dof,trial_001,event_005,exp1_system_characterization/start_stop_6dof,131,44,0.33587786259541985,0.908211350440979,11.261239935785774
20260717_203749_controller_right,exp2_design_attribution,start_stop_6dof,trial_001,event_005,exp1_system_characterization/start_stop_6dof,131,45,0.3435114503816794,0.9072686433792114,11.11100723462992
20260717_203749_controller_right,exp2_design_attribution,start_stop_6dof,trial_001,event_005,exp1_system_characterization/start_stop_6dof,131,46,0.3511450381679389,0.9063254594802856,10.982726042428341
20260717_203749_controller_right,exp2_design_attribution,start_stop_6dof,trial_001,event_005,exp1_system_characterization/start_stop_6dof,131,47,0.35877862595419846,0.9055975079536438,11.23422712297121
20260717_203749_controller_right,exp2_design_attribution,start_stop_6dof,trial_001,event_005,exp1_system_characterization/start_stop_6dof,131,48,0.366412213740458,0.904948890209198,11.111059936518187
20260717_203749_controller_right,exp2_design_attribution,start_stop_6dof,trial_001,event_005,exp1_system_characterization/start_stop_6dof,131,49,0.37404580152671757,0.9043869972229004,10.987218863848135
20260717_203749_controller_right,exp2_design_attribution,start_stop_6dof,trial_001,event_005,exp1_system_characterization/start_stop_6dof,131,50,0.3816793893129771,0.9039168953895569,11.242448000264808
20260717_203749_controller_right,exp2_design_attribution,start_stop_6dof,trial_001,event_005,exp1_system_characterization/start_stop_6dof,131,51,0.3893129770992366,0.9035483598709106,11.122311857080692
20260717_203749_controller_right,exp2_design_attribution,start_stop_6dof,trial_001,event_005,exp1_system_characterization/start_stop_6dof,131,52,0.3969465648854962,0.9016547203063965,11.014540022464976
20260717_203749_controller_right,exp2_design_attribution,start_stop_6dof,trial_001,event_005,exp1_system_characterization/start_stop_6dof,131,53,0.40458015267175573,0.8991754651069641,10.916210275424511
20260717_203749_controller_right,exp2_design_attribution,start_stop_6dof,trial_001,event_005,exp1_system_characterization/start_stop_6dof,131,54,0.4122137404580153,0.8989025950431824,10.815532720659418
20260717_203749_controller_right,exp2_design_attribution,start_stop_6dof,trial_001,event_005,exp1_system_characterization/start_stop_6dof,131,55,0.4198473282442748,0.8981388211250305,10.690438496456247
20260717_203749_controller_right,exp2_design_attribution,start_stop_6dof,trial_001,event_005,exp1_system_characterization/start_stop_6dof,131,56,0.42748091603053434,0.8975048661231995,10.604836718377268
20260717_203749_controller_right,exp2_design_attribution,start_stop_6dof,trial_001,event_005,exp1_system_characterization/start_stop_6dof,131,57,0.4351145038167939,0.895891010761261,10.506836657713283
20260717_203749_controller_right,exp2_design_attribution,start_stop_6dof,trial_001,event_005,exp1_system_characterization/start_stop_6dof,131,58,0.44274809160305345,0.8958030343055725,10.419897623735405
20260717_203749_controller_right,exp2_design_attribution,start_stop_6dof,trial_001,event_005,exp1_system_characterization/start_stop_6dof,131,59,0.45038167938931295,0.8939908146858215,10.33274083266344
20260717_203749_controller_right,exp2_design_attribution,start_stop_6dof,trial_001,event_005,exp1_system_characterization/start_stop_6dof,131,60,0.4580152671755725,0.8938241004943848,10.232124749874881
20260717_203749_controller_right,exp2_design_attribution,start_stop_6dof,trial_001,event_005,exp1_system_characterization/start_stop_6dof,131,61,0.46564885496183206,0.8937313556671143,10.150497056103712
20260717_203749_controller_right,exp2_design_attribution,start_stop_6dof,trial_001,event_005,exp1_system_characterization/start_stop_6dof,131,62,0.4732824427480916,0.8933970332145691,10.047593500657209
20260717_203749_controller_right,exp2_design_attribution,start_stop_6dof,trial_001,event_005,exp1_system_characterization/start_stop_6dof,131,63,0.48091603053435117,0.8931939005851746,9.979783686689622
20260717_203749_controller_right,exp2_design_attribution,start_stop_6dof,trial_001,event_005,exp1_system_characterization/start_stop_6dof,131,64,0.48854961832061067,0.8922690749168396,9.909555802342425
20260717_203749_controller_right,exp2_design_attribution,start_stop_6dof,trial_001,event_005,exp1_system_characterization/start_stop_6dof,131,65,0.4961832061068702,0.8921104073524475,9.843875366033428
20260717_203749_controller_right,exp2_design_attribution,start_stop_6dof,trial_001,event_005,exp1_system_characterization/start_stop_6dof,131,66,0.5038167938931297,0.8917166590690613,9.775250931555975
20260717_203749_controller_right,exp2_design_attribution,start_stop_6dof,trial_001,event_005,exp1_system_characterization/start_stop_6dof,131,67,0.5114503816793893,0.8916742205619812,9.727389512444297
20260717_203749_controller_right,exp2_design_attribution,start_stop_6dof,trial_001,event_005,exp1_system_characterization/start_stop_6dof,131,68,0.5190839694656488,0.8913928270339966,9.670097981156403
20260717_203749_controller_right,exp2_design_attribution,start_stop_6dof,trial_001,event_005,exp1_system_characterization/start_stop_6dof,131,69,0.5267175572519084,0.8911814093589783,9.596649062826677
20260717_203749_controller_right,exp2_design_attribution,start_stop_6dof,trial_001,event_005,exp1_system_characterization/start_stop_6dof,131,70,0.5343511450381679,0.8899421095848083,9.547945250273898
20260717_203749_controller_right,exp2_design_attribution,start_stop_6dof,trial_001,event_005,exp1_system_characterization/start_stop_6dof,131,71,0.5419847328244275,0.8898068070411682,9.482139850620321
20260717_203749_controller_right,exp2_design_attribution,start_stop_6dof,trial_001,event_005,exp1_system_characterization/start_stop_6dof,131,72,0.549618320610687,0.8885892629623413,9.44488848765588
20260717_203749_controller_right,exp2_design_attribution,start_stop_6dof,trial_001,event_005,exp1_system_characterization/start_stop_6dof,131,73,0.5572519083969466,0.8875933289527893,9.387229009850103
20260717_203749_controller_right,exp2_design_attribution,start_stop_6dof,trial_001,event_005,exp1_system_characterization/start_stop_6dof,131,74,0.5648854961832062,0.8870677351951599,9.34294357825946
20260717_203749_controller_right,exp2_design_attribution,start_stop_6dof,trial_001,event_005,exp1_system_characterization/start_stop_6dof,131,75,0.5725190839694656,0.8865776062011719,9.29876470798531
20260717_203749_controller_right,exp2_design_attribution,start_stop_6dof,trial_001,event_005,exp1_system_characterization/start_stop_6dof,131,76,0.5801526717557252,0.8830084800720215,9.247754534896416
20260717_203749_controller_right,exp2_design_attribution,start_stop_6dof,trial_001,event_005,exp1_system_characterization/start_stop_6dof,131,77,0.5877862595419847,0.8820385932922363,9.213237858132112
20260717_203749_controller_right,exp2_design_attribution,start_stop_6dof,trial_001,event_005,exp1_system_characterization/start_stop_6dof,131,78,0.5954198473282443,0.8820242285728455,9.419166329422232
20260717_203749_controller_right,exp2_design_attribution,start_stop_6dof,trial_001,event_005,exp1_system_characterization/start_stop_6dof,131,79,0.6030534351145038,0.881837010383606,9.326289529570428
20260717_203749_controller_right,exp2_design_attribution,start_stop_6dof,trial_001,event_005,exp1_system_characterization/start_stop_6dof,131,80,0.6106870229007634,0.8814791440963745,9.539899673132096
20260717_203749_controller_right,exp2_design_attribution,start_stop_6dof,trial_001,event_005,exp1_system_characterization/start_stop_6dof,131,81,0.6183206106870229,0.8813207149505615,9.49304443011708
20260717_203749_controller_right,exp2_design_attribution,start_stop_6dof,trial_001,event_005,exp1_system_characterization/start_stop_6dof,131,82,0.6259541984732825,0.8800184726715088,9.44914504100869
20260717_203749_controller_right,exp2_design_attribution,start_stop_6dof,trial_001,event_005,exp1_system_characterization/start_stop_6dof,131,83,0.6335877862595419,0.8794874548912048,9.408669453476755
20260717_203749_controller_right,exp2_design_attribution,start_stop_6dof,trial_001,event_005,exp1_system_characterization/start_stop_6dof,131,84,0.6412213740458015,0.8792423605918884,9.359782262759058
20260717_203749_controller_right,exp2_design_attribution,start_stop_6dof,trial_001,event_005,exp1_system_characterization/start_stop_6dof,131,85,0.648854961832061,0.8780248761177063,9.30961982283827
20260717_203749_controller_right,exp2_design_attribution,start_stop_6dof,trial_001,event_005,exp1_system_characterization/start_stop_6dof,131,86,0.6564885496183206,0.8769893646240234,9.26492864009507
20260717_203749_controller_right,exp2_design_attribution,start_stop_6dof,trial_001,event_005,exp1_system_characterization/start_stop_6dof,131,87,0.6641221374045801,0.8769045472145081,9.23327369664702
20260717_203749_controller_right,exp2_design_attribution,start_stop_6dof,trial_001,event_005,exp1_system_characterization/start_stop_6dof,131,88,0.6717557251908397,0.8744803667068481,9.193133616113993
20260717_203749_controller_right,exp2_design_attribution,start_stop_6dof,trial_001,event_005,exp1_system_characterization/start_stop_6dof,131,89,0.6793893129770993,0.8737170100212097,9.149483269549926
20260717_203749_controller_right,exp2_design_attribution,start_stop_6dof,trial_001,event_005,exp1_system_characterization/start_stop_6dof,131,90,0.6870229007633588,0.8715723752975464,9.110000532344182
20260717_203749_controller_right,exp2_design_attribution,start_stop_6dof,trial_001,event_005,exp1_system_characterization/start_stop_6dof,131,91,0.6946564885496184,0.8703563213348389,9.080333582184357
20260717_203749_controller_right,exp2_design_attribution,start_stop_6dof,trial_001,event_005,exp1_system_characterization/start_stop_6dof,131,92,0.7022900763358778,0.8702719211578369,9.038297599258659
20260717_203749_controller_right,exp2_design_attribution,start_stop_6dof,trial_001,event_005,exp1_system_characterization/start_stop_6dof,131,93,0.7099236641221374,0.8654841184616089,8.996752341236855
20260717_203749_controller_right,exp2_design_attribution,start_stop_6dof,trial_001,event_005,exp1_system_characterization/start_stop_6dof,131,94,0.7175572519083969,0.8650733232498169,8.963304778126867
20260717_203749_controller_right,exp2_design_attribution,start_stop_6dof,trial_001,event_005,exp1_system_characterization/start_stop_6dof,131,95,0.7251908396946565,0.8634990453720093,8.933370204812636
20260717_203749_controller_right,exp2_design_attribution,start_stop_6dof,trial_001,event_005,exp1_system_characterization/start_stop_6dof,131,96,0.732824427480916,0.8624789118766785,8.913102517651298
20260717_203749_controller_right,exp2_design_attribution,start_stop_6dof,trial_001,event_005,exp1_system_characterization/start_stop_6dof,131,97,0.7404580152671756,0.8615885376930237,8.88798304002573
20260717_203749_controller_right,exp2_design_attribution,start_stop_6dof,trial_001,event_005,exp1_system_characterization/start_stop_6dof,131,98,0.7480916030534351,0.8525950908660889,8.840539513642717
20260717_203749_controller_right,exp2_design_attribution,start_stop_6dof,trial_001,event_005,exp1_system_characterization/start_stop_6dof,131,99,0.7557251908396947,0.8502857685089111,8.807301038219485
20260717_203749_controller_right,exp2_design_attribution,start_stop_6dof,trial_001,event_005,exp1_system_characterization/start_stop_6dof,131,100,0.7633587786259542,0.8481541275978088,8.764692519440011
20260717_203749_controller_right,exp2_design_attribution,start_stop_6dof,trial_001,event_005,exp1_system_characterization/start_stop_6dof,131,101,0.7709923664122137,0.8475801944732666,8.72602603572348
20260717_203749_controller_right,exp2_design_attribution,start_stop_6dof,trial_001,event_005,exp1_system_characterization/start_stop_6dof,131,102,0.7786259541984732,0.8428268432617188,8.700898035084865
20260717_203749_controller_right,exp2_design_attribution,start_stop_6dof,trial_001,event_005,exp1_system_characterization/start_stop_6dof,131,103,0.7862595419847328,0.8415074348449707,8.658234810899405
20260717_203749_controller_right,exp2_design_attribution,start_stop_6dof,trial_001,event_005,exp1_system_characterization/start_stop_6dof,131,104,0.7938931297709924,0.8312873840332031,8.617863309933396
20260717_203749_controller_right,exp2_design_attribution,start_stop_6dof,trial_001,event_005,exp1_system_characterization/start_stop_6dof,131,105,0.8015267175572519,0.8254225850105286,8.593330147836333
20260717_203749_controller_right,exp2_design_attribution,start_stop_6dof,trial_001,event_005,exp1_system_characterization/start_stop_6dof,131,106,0.8091603053435115,0.8254005312919617,8.558306304275193
20260717_203749_controller_right,exp2_design_attribution,start_stop_6dof,trial_001,event_005,exp1_system_characterization/start_stop_6dof,131,107,0.816793893129771,0.8198337554931641,8.532904844218319
20260717_203749_controller_right,exp2_design_attribution,start_stop_6dof,trial_001,event_005,exp1_system_characterization/start_stop_6dof,131,108,0.8244274809160306,0.8086768984794617,8.521994949320321
20260717_203749_controller_right,exp2_design_attribution,start_stop_6dof,trial_001,event_005,exp1_system_characterization/start_stop_6dof,131,109,0.8320610687022901,0.8086388111114502,8.498326295425398
20260717_203749_controller_right,exp2_design_attribution,start_stop_6dof,trial_001,event_005,exp1_system_characterization/start_stop_6dof,131,110,0.8396946564885496,0.8074461221694946,8.482611027127115
20260717_203749_controller_right,exp2_design_attribution,start_stop_6dof,trial_001,event_005,exp1_system_characterization/start_stop_6dof,131,111,0.8473282442748091,0.8064609169960022,8.468477819918949
20260717_203749_controller_right,exp2_design_attribution,start_stop_6dof,trial_001,event_005,exp1_system_characterization/start_stop_6dof,131,112,0.8549618320610687,0.8063458800315857,8.45534764794606
20260717_203749_controller_right,exp2_design_attribution,start_stop_6dof,trial_001,event_005,exp1_system_characterization/start_stop_6dof,131,113,0.8625954198473282,0.8044497966766357,8.450609529375336
20260717_203749_controller_right,exp2_design_attribution,start_stop_6dof,trial_001,event_005,exp1_system_characterization/start_stop_6dof,131,114,0.8702290076335878,0.804357647895813,8.440337635828476
20260717_203749_controller_right,exp2_design_attribution,start_stop_6dof,trial_001,event_005,exp1_system_characterization/start_stop_6dof,131,115,0.8778625954198473,0.8041264414787292,8.438856823090205
20260717_203749_controller_right,exp2_design_attribution,start_stop_6dof,trial_001,event_005,exp1_system_characterization/start_stop_6dof,131,116,0.8854961832061069,0.8015627264976501,8.427364952661344
20260717_203749_controller_right,exp2_design_attribution,start_stop_6dof,trial_001,event_005,exp1_system_characterization/start_stop_6dof,131,117,0.8931297709923665,0.8015401363372803,8.414476061653964
20260717_203749_controller_right,exp2_design_attribution,start_stop_6dof,trial_001,event_005,exp1_system_characterization/start_stop_6dof,131,118,0.9007633587786259,0.7990125417709351,8.415675453407337
20260717_203749_controller_right,exp2_design_attribution,start_stop_6dof,trial_001,event_005,exp1_system_characterization/start_stop_6dof,131,119,0.9083969465648855,0.7974250912666321,8.405715953843863
20260717_203749_controller_right,exp2_design_attribution,start_stop_6dof,trial_001,event_005,exp1_system_characterization/start_stop_6dof,131,120,0.916030534351145,0.7966477274894714,8.396825144465915
20260717_203749_controller_right,exp2_design_attribution,start_stop_6dof,trial_001,event_005,exp1_system_characterization/start_stop_6dof,131,121,0.9236641221374046,0.7965347170829773,8.390984676856636
20260717_203749_controller_right,exp2_design_attribution,start_stop_6dof,trial_001,event_005,exp1_system_characterization/start_stop_6dof,131,122,0.9312977099236641,0.7958865761756897,8.380322637462655
20260717_203749_controller_right,exp2_design_attribution,start_stop_6dof,trial_001,event_005,exp1_system_characterization/start_stop_6dof,131,123,0.9389312977099237,0.790094792842865,8.371854263197402
20260717_203749_controller_right,exp2_design_attribution,start_stop_6dof,trial_001,event_005,exp1_system_characterization/start_stop_6dof,131,124,0.9465648854961832,0.7856511473655701,8.365324276332858
20260717_203749_controller_right,exp2_design_attribution,start_stop_6dof,trial_001,event_005,exp1_system_characterization/start_stop_6dof,131,125,0.9541984732824428,0.7832286953926086,8.365175533950735
20260717_203749_controller_right,exp2_design_attribution,start_stop_6dof,trial_001,event_005,exp1_system_characterization/start_stop_6dof,131,126,0.9618320610687023,0.7791820168495178,8.360699476109957
20260717_203749_controller_right,exp2_design_attribution,start_stop_6dof,trial_001,event_005,exp1_system_characterization/start_stop_6dof,131,127,0.9694656488549618,0.7777839303016663,8.354409411571796
20260717_203749_controller_right,exp2_design_attribution,start_stop_6dof,trial_001,event_005,exp1_system_characterization/start_stop_6dof,131,128,0.9770992366412213,0.7727382779121399,8.346543764877897
20260717_203749_controller_right,exp2_design_attribution,start_stop_6dof,trial_001,event_005,exp1_system_characterization/start_stop_6dof,131,129,0.9847328244274809,0.7677460312843323,8.334900463709547
20260717_203749_controller_right,exp2_design_attribution,start_stop_6dof,trial_001,event_005,exp1_system_characterization/start_stop_6dof,131,130,0.9923664122137404,0.761503279209137,8.332113338482577
20260717_203749_controller_right,exp2_design_attribution,start_stop_6dof,trial_001,event_005,exp1_system_characterization/start_stop_6dof,131,131,1.0,0.7454084157943726,8.339747464470474
20260717_204156_controller_right,exp2_design_attribution,continuous_translation,trial_001,event_001,exp1_system_characterization/continuous_translation,23,1,0.043478260869565216,0.9047281742095947,18.562229200233332
20260717_204156_controller_right,exp2_design_attribution,continuous_translation,trial_001,event_001,exp1_system_characterization/continuous_translation,23,2,0.08695652173913043,0.8957775235176086,18.72147813277318
20260717_204156_controller_right,exp2_design_attribution,continuous_translation,trial_001,event_001,exp1_system_characterization/continuous_translation,23,3,0.13043478260869565,0.890201210975647,20.026496220798855
20260717_204156_controller_right,exp2_design_attribution,continuous_translation,trial_001,event_001,exp1_system_characterization/continuous_translation,23,4,0.17391304347826086,0.8850756883621216,19.019228035995003
20260717_204156_controller_right,exp2_design_attribution,continuous_translation,trial_001,event_001,exp1_system_characterization/continuous_translation,23,5,0.21739130434782608,0.8801546692848206,19.776131336350414
20260717_204156_controller_right,exp2_design_attribution,continuous_translation,trial_001,event_001,exp1_system_characterization/continuous_translation,23,6,0.2608695652173913,0.8795179128646851,20.10535150710909
20260717_204156_controller_right,exp2_design_attribution,continuous_translation,trial_001,event_001,exp1_system_characterization/continuous_translation,23,7,0.30434782608695654,0.8794348835945129,17.708276239506457
20260717_204156_controller_right,exp2_design_attribution,continuous_translation,trial_001,event_001,exp1_system_characterization/continuous_translation,23,8,0.34782608695652173,0.8791016936302185,18.126322760021118
20260717_204156_controller_right,exp2_design_attribution,continuous_translation,trial_001,event_001,exp1_system_characterization/continuous_translation,23,9,0.391304347826087,0.8754218220710754,18.23527140478138
20260717_204156_controller_right,exp2_design_attribution,continuous_translation,trial_001,event_001,exp1_system_characterization/continuous_translation,23,10,0.43478260869565216,0.8744479417800903,17.046769357474687
20260717_204156_controller_right,exp2_design_attribution,continuous_translation,trial_001,event_001,exp1_system_characterization/continuous_translation,23,11,0.4782608695652174,0.8735129237174988,17.083187931213022
20260717_204156_controller_right,exp2_design_attribution,continuous_translation,trial_001,event_001,exp1_system_characterization/continuous_translation,23,12,0.5217391304347826,0.8728245496749878,15.9559612745258
20260717_204156_controller_right,exp2_design_attribution,continuous_translation,trial_001,event_001,exp1_system_characterization/continuous_translation,23,13,0.5652173913043478,0.8726738095283508,14.997834479852127
20260717_204156_controller_right,exp2_design_attribution,continuous_translation,trial_001,event_001,exp1_system_characterization/continuous_translation,23,14,0.6086956521739131,0.8726643919944763,15.131366327739553
20260717_204156_controller_right,exp2_design_attribution,continuous_translation,trial_001,event_001,exp1_system_characterization/continuous_translation,23,15,0.6521739130434783,0.8721796274185181,14.374744869138867
20260717_204156_controller_right,exp2_design_attribution,continuous_translation,trial_001,event_001,exp1_system_characterization/continuous_translation,23,16,0.6956521739130435,0.8697823882102966,13.706453074419954
20260717_204156_controller_right,exp2_design_attribution,continuous_translation,trial_001,event_001,exp1_system_characterization/continuous_translation,23,17,0.7391304347826086,0.8694199323654175,13.669890977881161
20260717_204156_controller_right,exp2_design_attribution,continuous_translation,trial_001,event_001,exp1_system_characterization/continuous_translation,23,18,0.782608695652174,0.8650833964347839,13.118164621033372
20260717_204156_controller_right,exp2_design_attribution,continuous_translation,trial_001,event_001,exp1_system_characterization/continuous_translation,23,19,0.8260869565217391,0.8629943132400513,13.184999255459735
20260717_204156_controller_right,exp2_design_attribution,continuous_translation,trial_001,event_001,exp1_system_characterization/continuous_translation,23,20,0.8695652173913043,0.8608521223068237,13.452109991666694
20260717_204156_controller_right,exp2_design_attribution,continuous_translation,trial_001,event_001,exp1_system_characterization/continuous_translation,23,21,0.9130434782608695,0.8599616885185242,13.285057599396051
20260717_204156_controller_right,exp2_design_attribution,continuous_translation,trial_001,event_001,exp1_system_characterization/continuous_translation,23,22,0.9565217391304348,0.8578438758850098,13.479922205522774
20260717_204156_controller_right,exp2_design_attribution,continuous_translation,trial_001,event_001,exp1_system_characterization/continuous_translation,23,23,1.0,0.8524748086929321,13.574250814218436
20260717_204156_controller_right,exp2_design_attribution,continuous_translation,trial_001,event_002,exp1_system_characterization/continuous_translation,15,1,0.06666666666666667,0.9137000441551208,15.09182011179153
20260717_204156_controller_right,exp2_design_attribution,continuous_translation,trial_001,event_002,exp1_system_characterization/continuous_translation,15,2,0.13333333333333333,0.9090815782546997,16.118586183134845
20260717_204156_controller_right,exp2_design_attribution,continuous_translation,trial_001,event_002,exp1_system_characterization/continuous_translation,15,3,0.2,0.9089990258216858,15.436273056087622
20260717_204156_controller_right,exp2_design_attribution,continuous_translation,trial_001,event_002,exp1_system_characterization/continuous_translation,15,4,0.26666666666666666,0.9080243110656738,15.44330483298111
20260717_204156_controller_right,exp2_design_attribution,continuous_translation,trial_001,event_002,exp1_system_characterization/continuous_translation,15,5,0.3333333333333333,0.9080231189727783,15.145841007896033
20260717_204156_controller_right,exp2_design_attribution,continuous_translation,trial_001,event_002,exp1_system_characterization/continuous_translation,15,6,0.4,0.9066081047058105,15.081486830205085
20260717_204156_controller_right,exp2_design_attribution,continuous_translation,trial_001,event_002,exp1_system_characterization/continuous_translation,15,7,0.4666666666666667,0.9064225554466248,14.387660776175865
20260717_204156_controller_right,exp2_design_attribution,continuous_translation,trial_001,event_002,exp1_system_characterization/continuous_translation,15,8,0.5333333333333333,0.9062154293060303,13.911737620077425
20260717_204156_controller_right,exp2_design_attribution,continuous_translation,trial_001,event_002,exp1_system_characterization/continuous_translation,15,9,0.6,0.9043959975242615,13.981289548619221
20260717_204156_controller_right,exp2_design_attribution,continuous_translation,trial_001,event_002,exp1_system_characterization/continuous_translation,15,10,0.6666666666666666,0.9019209742546082,14.58638103586367
20260717_204156_controller_right,exp2_design_attribution,continuous_translation,trial_001,event_002,exp1_system_characterization/continuous_translation,15,11,0.7333333333333333,0.8985165357589722,14.730088488535461
20260717_204156_controller_right,exp2_design_attribution,continuous_translation,trial_001,event_002,exp1_system_characterization/continuous_translation,15,12,0.8,0.8980029225349426,14.395501012428854
20260717_204156_controller_right,exp2_design_attribution,continuous_translation,trial_001,event_002,exp1_system_characterization/continuous_translation,15,13,0.8666666666666667,0.8950653076171875,14.253210347437955
20260717_204156_controller_right,exp2_design_attribution,continuous_translation,trial_001,event_002,exp1_system_characterization/continuous_translation,15,14,0.9333333333333333,0.8930227756500244,14.333663741618087
20260717_204156_controller_right,exp2_design_attribution,continuous_translation,trial_001,event_002,exp1_system_characterization/continuous_translation,15,15,1.0,0.888218879699707,14.270914172928006
20260717_204156_controller_right,exp2_design_attribution,continuous_translation,trial_001,event_003,exp1_system_characterization/continuous_translation,21,1,0.047619047619047616,0.9093632698059082,8.264891437702968
20260717_204156_controller_right,exp2_design_attribution,continuous_translation,trial_001,event_003,exp1_system_characterization/continuous_translation,21,2,0.09523809523809523,0.9028652310371399,8.897395589622063
20260717_204156_controller_right,exp2_design_attribution,continuous_translation,trial_001,event_003,exp1_system_characterization/continuous_translation,21,3,0.14285714285714285,0.8991135358810425,14.804372035627281
20260717_204156_controller_right,exp2_design_attribution,continuous_translation,trial_001,event_003,exp1_system_characterization/continuous_translation,21,4,0.19047619047619047,0.8919736742973328,16.00088766199594
20260717_204156_controller_right,exp2_design_attribution,continuous_translation,trial_001,event_003,exp1_system_characterization/continuous_translation,21,5,0.23809523809523808,0.8915437459945679,16.836155460355243
20260717_204156_controller_right,exp2_design_attribution,continuous_translation,trial_001,event_003,exp1_system_characterization/continuous_translation,21,6,0.2857142857142857,0.8911938071250916,18.75084935264617
20260717_204156_controller_right,exp2_design_attribution,continuous_translation,trial_001,event_003,exp1_system_characterization/continuous_translation,21,7,0.3333333333333333,0.8899772763252258,19.439184268484553
20260717_204156_controller_right,exp2_design_attribution,continuous_translation,trial_001,event_003,exp1_system_characterization/continuous_translation,21,8,0.38095238095238093,0.8885766267776489,18.858214468231026
20260717_204156_controller_right,exp2_design_attribution,continuous_translation,trial_001,event_003,exp1_system_characterization/continuous_translation,21,9,0.42857142857142855,0.8818944096565247,19.876634839448243
20260717_204156_controller_right,exp2_design_attribution,continuous_translation,trial_001,event_003,exp1_system_characterization/continuous_translation,21,10,0.47619047619047616,0.881272554397583,19.7891722318869
20260717_204156_controller_right,exp2_design_attribution,continuous_translation,trial_001,event_003,exp1_system_characterization/continuous_translation,21,11,0.5238095238095238,0.8774276971817017,19.463824584221666
20260717_204156_controller_right,exp2_design_attribution,continuous_translation,trial_001,event_003,exp1_system_characterization/continuous_translation,21,12,0.5714285714285714,0.8764636516571045,19.947941916031038
20260717_204156_controller_right,exp2_design_attribution,continuous_translation,trial_001,event_003,exp1_system_characterization/continuous_translation,21,13,0.6190476190476191,0.8752500414848328,20.595564033474165
20260717_204156_controller_right,exp2_design_attribution,continuous_translation,trial_001,event_003,exp1_system_characterization/continuous_translation,21,14,0.6666666666666666,0.8751133680343628,19.9639463611753
20260717_204156_controller_right,exp2_design_attribution,continuous_translation,trial_001,event_003,exp1_system_characterization/continuous_translation,21,15,0.7142857142857143,0.8745623826980591,20.46287890969258
20260717_204156_controller_right,exp2_design_attribution,continuous_translation,trial_001,event_003,exp1_system_characterization/continuous_translation,21,16,0.7619047619047619,0.8638017177581787,20.78852404729286
20260717_204156_controller_right,exp2_design_attribution,continuous_translation,trial_001,event_003,exp1_system_characterization/continuous_translation,21,17,0.8095238095238095,0.8636917471885681,20.850960282033252
20260717_204156_controller_right,exp2_design_attribution,continuous_translation,trial_001,event_003,exp1_system_characterization/continuous_translation,21,18,0.8571428571428571,0.8593949675559998,21.190594832791703
20260717_204156_controller_right,exp2_design_attribution,continuous_translation,trial_001,event_003,exp1_system_characterization/continuous_translation,21,19,0.9047619047619048,0.8518962860107422,21.492341236361796
20260717_204156_controller_right,exp2_design_attribution,continuous_translation,trial_001,event_003,exp1_system_characterization/continuous_translation,21,20,0.9523809523809523,0.7992002367973328,21.763978586452602
20260717_204156_controller_right,exp2_design_attribution,continuous_translation,trial_001,event_003,exp1_system_characterization/continuous_translation,21,21,1.0,0.7670016288757324,22.064336361492618
20260717_204156_controller_right,exp2_design_attribution,continuous_translation,trial_001,event_004,exp1_system_characterization/continuous_translation,17,1,0.058823529411764705,0.9020858407020569,17.273989369823674
20260717_204156_controller_right,exp2_design_attribution,continuous_translation,trial_001,event_004,exp1_system_characterization/continuous_translation,17,2,0.11764705882352941,0.8983394503593445,20.34721573286175
20260717_204156_controller_right,exp2_design_attribution,continuous_translation,trial_001,event_004,exp1_system_characterization/continuous_translation,17,3,0.17647058823529413,0.8969645500183105,17.639709895668275
20260717_204156_controller_right,exp2_design_attribution,continuous_translation,trial_001,event_004,exp1_system_characterization/continuous_translation,17,4,0.23529411764705882,0.8953909277915955,17.051103321368085
20260717_204156_controller_right,exp2_design_attribution,continuous_translation,trial_001,event_004,exp1_system_characterization/continuous_translation,17,5,0.29411764705882354,0.8901593685150146,18.133711813966887
20260717_204156_controller_right,exp2_design_attribution,continuous_translation,trial_001,event_004,exp1_system_characterization/continuous_translation,17,6,0.35294117647058826,0.8891804814338684,19.743080138723474
20260717_204156_controller_right,exp2_design_attribution,continuous_translation,trial_001,event_004,exp1_system_characterization/continuous_translation,17,7,0.4117647058823529,0.8876609206199646,20.510901896929358
20260717_204156_controller_right,exp2_design_attribution,continuous_translation,trial_001,event_004,exp1_system_characterization/continuous_translation,17,8,0.47058823529411764,0.8874573707580566,20.1112664059638
20260717_204156_controller_right,exp2_design_attribution,continuous_translation,trial_001,event_004,exp1_system_characterization/continuous_translation,17,9,0.5294117647058824,0.8867136836051941,19.393539644352447
20260717_204156_controller_right,exp2_design_attribution,continuous_translation,trial_001,event_004,exp1_system_characterization/continuous_translation,17,10,0.5882352941176471,0.8771072030067444,18.547482964536577
20260717_204156_controller_right,exp2_design_attribution,continuous_translation,trial_001,event_004,exp1_system_characterization/continuous_translation,17,11,0.6470588235294118,0.8720003366470337,18.754951912145103
20260717_204156_controller_right,exp2_design_attribution,continuous_translation,trial_001,event_004,exp1_system_characterization/continuous_translation,17,12,0.7058823529411765,0.8670294880867004,18.890441681618015
20260717_204156_controller_right,exp2_design_attribution,continuous_translation,trial_001,event_004,exp1_system_characterization/continuous_translation,17,13,0.7647058823529411,0.863486647605896,18.709997237194592
20260717_204156_controller_right,exp2_design_attribution,continuous_translation,trial_001,event_004,exp1_system_characterization/continuous_translation,17,14,0.8235294117647058,0.8459818959236145,19.142738400266644
20260717_204156_controller_right,exp2_design_attribution,continuous_translation,trial_001,event_004,exp1_system_characterization/continuous_translation,17,15,0.8823529411764706,0.8391442894935608,19.607765007252087
20260717_204156_controller_right,exp2_design_attribution,continuous_translation,trial_001,event_004,exp1_system_characterization/continuous_translation,17,16,0.9411764705882353,0.8144429922103882,20.100043809153487
20260717_204156_controller_right,exp2_design_attribution,continuous_translation,trial_001,event_004,exp1_system_characterization/continuous_translation,17,17,1.0,0.8071708083152771,20.588106720139915
20260717_204156_controller_right,exp2_design_attribution,continuous_translation,trial_001,event_005,exp1_system_characterization/continuous_translation,22,1,0.045454545454545456,0.9074860215187073,30.286431419560493
20260717_204156_controller_right,exp2_design_attribution,continuous_translation,trial_001,event_005,exp1_system_characterization/continuous_translation,22,2,0.09090909090909091,0.9063543677330017,28.211853902486176
20260717_204156_controller_right,exp2_design_attribution,continuous_translation,trial_001,event_005,exp1_system_characterization/continuous_translation,22,3,0.13636363636363635,0.9043000936508179,28.543583403348652
20260717_204156_controller_right,exp2_design_attribution,continuous_translation,trial_001,event_005,exp1_system_characterization/continuous_translation,22,4,0.18181818181818182,0.9034953117370605,28.493182680145225
20260717_204156_controller_right,exp2_design_attribution,continuous_translation,trial_001,event_005,exp1_system_characterization/continuous_translation,22,5,0.22727272727272727,0.9033923149108887,24.25537779534333
20260717_204156_controller_right,exp2_design_attribution,continuous_translation,trial_001,event_005,exp1_system_characterization/continuous_translation,22,6,0.2727272727272727,0.9030653834342957,22.507452297999837
20260717_204156_controller_right,exp2_design_attribution,continuous_translation,trial_001,event_005,exp1_system_characterization/continuous_translation,22,7,0.3181818181818182,0.9024997353553772,22.58118233570409
20260717_204156_controller_right,exp2_design_attribution,continuous_translation,trial_001,event_005,exp1_system_characterization/continuous_translation,22,8,0.36363636363636365,0.8972881436347961,22.20070372315346
20260717_204156_controller_right,exp2_design_attribution,continuous_translation,trial_001,event_005,exp1_system_characterization/continuous_translation,22,9,0.4090909090909091,0.8958262801170349,20.04570192063731
20260717_204156_controller_right,exp2_design_attribution,continuous_translation,trial_001,event_005,exp1_system_characterization/continuous_translation,22,10,0.45454545454545453,0.8945749998092651,19.82291632376629
20260717_204156_controller_right,exp2_design_attribution,continuous_translation,trial_001,event_005,exp1_system_characterization/continuous_translation,22,11,0.5,0.8938930034637451,19.971349128965606
20260717_204156_controller_right,exp2_design_attribution,continuous_translation,trial_001,event_005,exp1_system_characterization/continuous_translation,22,12,0.5454545454545454,0.8935562372207642,19.4666831407289
20260717_204156_controller_right,exp2_design_attribution,continuous_translation,trial_001,event_005,exp1_system_characterization/continuous_translation,22,13,0.5909090909090909,0.8918203711509705,19.004822147198873
20260717_204156_controller_right,exp2_design_attribution,continuous_translation,trial_001,event_005,exp1_system_characterization/continuous_translation,22,14,0.6363636363636364,0.890619695186615,19.50308577752326
20260717_204156_controller_right,exp2_design_attribution,continuous_translation,trial_001,event_005,exp1_system_characterization/continuous_translation,22,15,0.6818181818181818,0.8876600861549377,19.884961670307163
20260717_204156_controller_right,exp2_design_attribution,continuous_translation,trial_001,event_005,exp1_system_characterization/continuous_translation,22,16,0.7272727272727273,0.8865965008735657,19.31488541908039
20260717_204156_controller_right,exp2_design_attribution,continuous_translation,trial_001,event_005,exp1_system_characterization/continuous_translation,22,17,0.7727272727272727,0.8855921626091003,20.217676399833618
20260717_204156_controller_right,exp2_design_attribution,continuous_translation,trial_001,event_005,exp1_system_characterization/continuous_translation,22,18,0.8181818181818182,0.8852629065513611,20.44853337017214
20260717_204156_controller_right,exp2_design_attribution,continuous_translation,trial_001,event_005,exp1_system_characterization/continuous_translation,22,19,0.8636363636363636,0.8822234272956848,20.71275916270531
20260717_204156_controller_right,exp2_design_attribution,continuous_translation,trial_001,event_005,exp1_system_characterization/continuous_translation,22,20,0.9090909090909091,0.8818078637123108,20.201241940188886
20260717_204156_controller_right,exp2_design_attribution,continuous_translation,trial_001,event_005,exp1_system_characterization/continuous_translation,22,21,0.9545454545454546,0.8801558613777161,19.68599658245947
20260717_204156_controller_right,exp2_design_attribution,continuous_translation,trial_001,event_005,exp1_system_characterization/continuous_translation,22,22,1.0,0.8738239407539368,19.77562023092316
20260717_204156_controller_right,exp2_design_attribution,continuous_translation,trial_001,event_006,exp1_system_characterization/continuous_translation,20,1,0.05,0.8999401926994324,26.36407303919234
20260717_204156_controller_right,exp2_design_attribution,continuous_translation,trial_001,event_006,exp1_system_characterization/continuous_translation,20,2,0.1,0.8961255550384521,28.56340714557726
20260717_204156_controller_right,exp2_design_attribution,continuous_translation,trial_001,event_006,exp1_system_characterization/continuous_translation,20,3,0.15,0.8950607180595398,26.15092355294624
20260717_204156_controller_right,exp2_design_attribution,continuous_translation,trial_001,event_006,exp1_system_characterization/continuous_translation,20,4,0.2,0.8853731751441956,25.494449072687708
20260717_204156_controller_right,exp2_design_attribution,continuous_translation,trial_001,event_006,exp1_system_characterization/continuous_translation,20,5,0.25,0.8839709162712097,25.54165075288389
20260717_204156_controller_right,exp2_design_attribution,continuous_translation,trial_001,event_006,exp1_system_characterization/continuous_translation,20,6,0.3,0.8838955163955688,26.428326703528004
20260717_204156_controller_right,exp2_design_attribution,continuous_translation,trial_001,event_006,exp1_system_characterization/continuous_translation,20,7,0.35,0.8826369047164917,24.11940902619579
20260717_204156_controller_right,exp2_design_attribution,continuous_translation,trial_001,event_006,exp1_system_characterization/continuous_translation,20,8,0.4,0.8824886679649353,24.54573175581713
20260717_204156_controller_right,exp2_design_attribution,continuous_translation,trial_001,event_006,exp1_system_characterization/continuous_translation,20,9,0.45,0.8819265961647034,25.12083620102071
20260717_204156_controller_right,exp2_design_attribution,continuous_translation,trial_001,event_006,exp1_system_characterization/continuous_translation,20,10,0.5,0.8797823786735535,24.361090556794878
20260717_204156_controller_right,exp2_design_attribution,continuous_translation,trial_001,event_006,exp1_system_characterization/continuous_translation,20,11,0.55,0.8754518032073975,24.7113376866982
20260717_204156_controller_right,exp2_design_attribution,continuous_translation,trial_001,event_006,exp1_system_characterization/continuous_translation,20,12,0.6,0.8736250400543213,24.190371587526215
20260717_204156_controller_right,exp2_design_attribution,continuous_translation,trial_001,event_006,exp1_system_characterization/continuous_translation,20,13,0.65,0.8716956377029419,23.72233575076314
20260717_204156_controller_right,exp2_design_attribution,continuous_translation,trial_001,event_006,exp1_system_characterization/continuous_translation,20,14,0.7,0.866587221622467,23.40886825243064
20260717_204156_controller_right,exp2_design_attribution,continuous_translation,trial_001,event_006,exp1_system_characterization/continuous_translation,20,15,0.75,0.8657716512680054,22.053073326469363
20260717_204156_controller_right,exp2_design_attribution,continuous_translation,trial_001,event_006,exp1_system_characterization/continuous_translation,20,16,0.8,0.8633612394332886,21.103497025269206
20260717_204156_controller_right,exp2_design_attribution,continuous_translation,trial_001,event_006,exp1_system_characterization/continuous_translation,20,17,0.85,0.8584233522415161,21.620425952883103
20260717_204156_controller_right,exp2_design_attribution,continuous_translation,trial_001,event_006,exp1_system_characterization/continuous_translation,20,18,0.9,0.8523260354995728,21.883191200169005
20260717_204156_controller_right,exp2_design_attribution,continuous_translation,trial_001,event_006,exp1_system_characterization/continuous_translation,20,19,0.95,0.8396393656730652,22.264283668880214
20260717_204156_controller_right,exp2_design_attribution,continuous_translation,trial_001,event_006,exp1_system_characterization/continuous_translation,20,20,1.0,0.8062540888786316,22.4565568847883
20260717_204156_controller_right,exp2_design_attribution,continuous_translation,trial_001,event_007,exp1_system_characterization/continuous_translation,22,1,0.045454545454545456,0.9212023615837097,30.9778839319237
20260717_204156_controller_right,exp2_design_attribution,continuous_translation,trial_001,event_007,exp1_system_characterization/continuous_translation,22,2,0.09090909090909091,0.9185553193092346,20.842248881694978
20260717_204156_controller_right,exp2_design_attribution,continuous_translation,trial_001,event_007,exp1_system_characterization/continuous_translation,22,3,0.13636363636363635,0.9169376492500305,20.208282501172018
20260717_204156_controller_right,exp2_design_attribution,continuous_translation,trial_001,event_007,exp1_system_characterization/continuous_translation,22,4,0.18181818181818182,0.9127305746078491,17.06164602044109
20260717_204156_controller_right,exp2_design_attribution,continuous_translation,trial_001,event_007,exp1_system_characterization/continuous_translation,22,5,0.22727272727272727,0.9127163887023926,19.43524142627971
20260717_204156_controller_right,exp2_design_attribution,continuous_translation,trial_001,event_007,exp1_system_characterization/continuous_translation,22,6,0.2727272727272727,0.9125903248786926,21.33150230530963
20260717_204156_controller_right,exp2_design_attribution,continuous_translation,trial_001,event_007,exp1_system_characterization/continuous_translation,22,7,0.3181818181818182,0.9119551777839661,22.75979383791782
20260717_204156_controller_right,exp2_design_attribution,continuous_translation,trial_001,event_007,exp1_system_characterization/continuous_translation,22,8,0.36363636363636365,0.9089146256446838,21.841810010241794
20260717_204156_controller_right,exp2_design_attribution,continuous_translation,trial_001,event_007,exp1_system_characterization/continuous_translation,22,9,0.4090909090909091,0.9041187167167664,22.793838929015074
20260717_204156_controller_right,exp2_design_attribution,continuous_translation,trial_001,event_007,exp1_system_characterization/continuous_translation,22,10,0.45454545454545453,0.9040560126304626,23.54210106538709
20260717_204156_controller_right,exp2_design_attribution,continuous_translation,trial_001,event_007,exp1_system_characterization/continuous_translation,22,11,0.5,0.899871826171875,24.224685967258587
20260717_204156_controller_right,exp2_design_attribution,continuous_translation,trial_001,event_007,exp1_system_characterization/continuous_translation,22,12,0.5454545454545454,0.8997914791107178,24.478143169437207
20260717_204156_controller_right,exp2_design_attribution,continuous_translation,trial_001,event_007,exp1_system_characterization/continuous_translation,22,13,0.5909090909090909,0.8996793031692505,24.97757578561175
20260717_204156_controller_right,exp2_design_attribution,continuous_translation,trial_001,event_007,exp1_system_characterization/continuous_translation,22,14,0.6363636363636364,0.8951008319854736,24.733675519452134
20260717_204156_controller_right,exp2_design_attribution,continuous_translation,trial_001,event_007,exp1_system_characterization/continuous_translation,22,15,0.6818181818181818,0.8899325132369995,23.94661596013685
20260717_204156_controller_right,exp2_design_attribution,continuous_translation,trial_001,event_007,exp1_system_characterization/continuous_translation,22,16,0.7272727272727273,0.889677107334137,23.94279135463679
20260717_204156_controller_right,exp2_design_attribution,continuous_translation,trial_001,event_007,exp1_system_characterization/continuous_translation,22,17,0.7727272727272727,0.8873322606086731,23.461224892110014
20260717_204156_controller_right,exp2_design_attribution,continuous_translation,trial_001,event_007,exp1_system_characterization/continuous_translation,22,18,0.8181818181818182,0.8864260315895081,23.798039668699467
20260717_204156_controller_right,exp2_design_attribution,continuous_translation,trial_001,event_007,exp1_system_characterization/continuous_translation,22,19,0.8636363636363636,0.8836075663566589,24.00671238445318
20260717_204156_controller_right,exp2_design_attribution,continuous_translation,trial_001,event_007,exp1_system_characterization/continuous_translation,22,20,0.9090909090909091,0.8718745112419128,23.92269447866149
20260717_204156_controller_right,exp2_design_attribution,continuous_translation,trial_001,event_007,exp1_system_characterization/continuous_translation,22,21,0.9545454545454546,0.8677195310592651,23.385986587405533
20260717_204156_controller_right,exp2_design_attribution,continuous_translation,trial_001,event_007,exp1_system_characterization/continuous_translation,22,22,1.0,0.7104479074478149,23.219400440307954
20260717_204156_controller_right,exp2_design_attribution,continuous_translation,trial_001,event_008,exp1_system_characterization/continuous_translation,18,1,0.05555555555555555,0.9203936457633972,21.067761407297965
20260717_204156_controller_right,exp2_design_attribution,continuous_translation,trial_001,event_008,exp1_system_characterization/continuous_translation,18,2,0.1111111111111111,0.920380711555481,21.454653098344444
20260717_204156_controller_right,exp2_design_attribution,continuous_translation,trial_001,event_008,exp1_system_characterization/continuous_translation,18,3,0.16666666666666666,0.913886308670044,20.135942683445837
20260717_204156_controller_right,exp2_design_attribution,continuous_translation,trial_001,event_008,exp1_system_characterization/continuous_translation,18,4,0.2222222222222222,0.9097527861595154,18.36017734736959
20260717_204156_controller_right,exp2_design_attribution,continuous_translation,trial_001,event_008,exp1_system_characterization/continuous_translation,18,5,0.2777777777777778,0.9082353711128235,19.389585391045735
20260717_204156_controller_right,exp2_design_attribution,continuous_translation,trial_001,event_008,exp1_system_characterization/continuous_translation,18,6,0.3333333333333333,0.9081614017486572,20.36133521489491
20260717_204156_controller_right,exp2_design_attribution,continuous_translation,trial_001,event_008,exp1_system_characterization/continuous_translation,18,7,0.3888888888888889,0.9064966440200806,21.269280705737952
20260717_204156_controller_right,exp2_design_attribution,continuous_translation,trial_001,event_008,exp1_system_characterization/continuous_translation,18,8,0.4444444444444444,0.9042623043060303,19.120957019726692
20260717_204156_controller_right,exp2_design_attribution,continuous_translation,trial_001,event_008,exp1_system_characterization/continuous_translation,18,9,0.5,0.9027762413024902,17.70020803736152
20260717_204156_controller_right,exp2_design_attribution,continuous_translation,trial_001,event_008,exp1_system_characterization/continuous_translation,18,10,0.5555555555555556,0.902377724647522,18.80041672056796
20260717_204156_controller_right,exp2_design_attribution,continuous_translation,trial_001,event_008,exp1_system_characterization/continuous_translation,18,11,0.6111111111111112,0.9017425775527954,17.536579411093125
20260717_204156_controller_right,exp2_design_attribution,continuous_translation,trial_001,event_008,exp1_system_characterization/continuous_translation,18,12,0.6666666666666666,0.8975293636322021,18.45353020868595
20260717_204156_controller_right,exp2_design_attribution,continuous_translation,trial_001,event_008,exp1_system_characterization/continuous_translation,18,13,0.7222222222222222,0.8960884809494019,18.84452583421718
20260717_204156_controller_right,exp2_design_attribution,continuous_translation,trial_001,event_008,exp1_system_characterization/continuous_translation,18,14,0.7777777777777778,0.8938567638397217,19.142746102268855
20260717_204156_controller_right,exp2_design_attribution,continuous_translation,trial_001,event_008,exp1_system_characterization/continuous_translation,18,15,0.8333333333333334,0.8931635022163391,18.986842111053452
20260717_204156_controller_right,exp2_design_attribution,continuous_translation,trial_001,event_008,exp1_system_characterization/continuous_translation,18,16,0.8888888888888888,0.8914244771003723,19.401388107156023
20260717_204156_controller_right,exp2_design_attribution,continuous_translation,trial_001,event_008,exp1_system_characterization/continuous_translation,18,17,0.9444444444444444,0.8893020153045654,19.396952003081058
20260717_204156_controller_right,exp2_design_attribution,continuous_translation,trial_001,event_008,exp1_system_characterization/continuous_translation,18,18,1.0,0.8890212774276733,19.931334936282
20260717_204156_controller_right,exp2_design_attribution,continuous_translation,trial_001,event_009,exp1_system_characterization/continuous_translation,15,1,0.06666666666666667,0.9019198417663574,20.281729353150272
20260717_204156_controller_right,exp2_design_attribution,continuous_translation,trial_001,event_009,exp1_system_characterization/continuous_translation,15,2,0.13333333333333333,0.9016532301902771,15.411623973808451
20260717_204156_controller_right,exp2_design_attribution,continuous_translation,trial_001,event_009,exp1_system_characterization/continuous_translation,15,3,0.2,0.9006953239440918,16.358968320063187
20260717_204156_controller_right,exp2_design_attribution,continuous_translation,trial_001,event_009,exp1_system_characterization/continuous_translation,15,4,0.26666666666666666,0.9000203609466553,16.253641554956822
20260717_204156_controller_right,exp2_design_attribution,continuous_translation,trial_001,event_009,exp1_system_characterization/continuous_translation,15,5,0.3333333333333333,0.8968127369880676,17.827758400676192
20260717_204156_controller_right,exp2_design_attribution,continuous_translation,trial_001,event_009,exp1_system_characterization/continuous_translation,15,6,0.4,0.8958390355110168,18.43436162448627
20260717_204156_controller_right,exp2_design_attribution,continuous_translation,trial_001,event_009,exp1_system_characterization/continuous_translation,15,7,0.4666666666666667,0.8915887475013733,18.31130361693415
20260717_204156_controller_right,exp2_design_attribution,continuous_translation,trial_001,event_009,exp1_system_characterization/continuous_translation,15,8,0.5333333333333333,0.8902353644371033,18.736131105311088
20260717_204156_controller_right,exp2_design_attribution,continuous_translation,trial_001,event_009,exp1_system_characterization/continuous_translation,15,9,0.6,0.8810281753540039,18.672834870608533
20260717_204156_controller_right,exp2_design_attribution,continuous_translation,trial_001,event_009,exp1_system_characterization/continuous_translation,15,10,0.6666666666666666,0.8771178722381592,17.975860743525452
20260717_204156_controller_right,exp2_design_attribution,continuous_translation,trial_001,event_009,exp1_system_characterization/continuous_translation,15,11,0.7333333333333333,0.8768900036811829,18.0267563071101
20260717_204156_controller_right,exp2_design_attribution,continuous_translation,trial_001,event_009,exp1_system_characterization/continuous_translation,15,12,0.8,0.8620200157165527,17.414376348181964
20260717_204156_controller_right,exp2_design_attribution,continuous_translation,trial_001,event_009,exp1_system_characterization/continuous_translation,15,13,0.8666666666666667,0.8611267805099487,16.175020918253892
20260717_204156_controller_right,exp2_design_attribution,continuous_translation,trial_001,event_009,exp1_system_characterization/continuous_translation,15,14,0.9333333333333333,0.8530367612838745,15.48752004336705
20260717_204156_controller_right,exp2_design_attribution,continuous_translation,trial_001,event_009,exp1_system_characterization/continuous_translation,15,15,1.0,0.4961954653263092,15.75106933092498
20260717_204156_controller_right,exp2_design_attribution,continuous_translation,trial_001,event_010,exp1_system_characterization/continuous_translation,20,1,0.05,0.8806933164596558,26.918420160417817
20260717_204156_controller_right,exp2_design_attribution,continuous_translation,trial_001,event_010,exp1_system_characterization/continuous_translation,20,2,0.1,0.8775613903999329,19.727282690420502
20260717_204156_controller_right,exp2_design_attribution,continuous_translation,trial_001,event_010,exp1_system_characterization/continuous_translation,20,3,0.15,0.8750698566436768,15.49990137705114
20260717_204156_controller_right,exp2_design_attribution,continuous_translation,trial_001,event_010,exp1_system_characterization/continuous_translation,20,4,0.2,0.8605515360832214,17.67352903616377
20260717_204156_controller_right,exp2_design_attribution,continuous_translation,trial_001,event_010,exp1_system_characterization/continuous_translation,20,5,0.25,0.860187292098999,19.66356040433417
20260717_204156_controller_right,exp2_design_attribution,continuous_translation,trial_001,event_010,exp1_system_characterization/continuous_translation,20,6,0.3,0.8591959476470947,19.164560461275524
20260717_204156_controller_right,exp2_design_attribution,continuous_translation,trial_001,event_010,exp1_system_characterization/continuous_translation,20,7,0.35,0.8568824529647827,17.01138147151003
20260717_204156_controller_right,exp2_design_attribution,continuous_translation,trial_001,event_010,exp1_system_characterization/continuous_translation,20,8,0.4,0.855384886264801,18.109309011486534
20260717_204156_controller_right,exp2_design_attribution,continuous_translation,trial_001,event_010,exp1_system_characterization/continuous_translation,20,9,0.45,0.8528620004653931,18.511465718179394
20260717_204156_controller_right,exp2_design_attribution,continuous_translation,trial_001,event_010,exp1_system_characterization/continuous_translation,20,10,0.5,0.840832531452179,19.519150339625803
20260717_204156_controller_right,exp2_design_attribution,continuous_translation,trial_001,event_010,exp1_system_characterization/continuous_translation,20,11,0.55,0.8329181671142578,19.71603294627197
20260717_204156_controller_right,exp2_design_attribution,continuous_translation,trial_001,event_010,exp1_system_characterization/continuous_translation,20,12,0.6,0.8199123740196228,20.487249835432447
20260717_204156_controller_right,exp2_design_attribution,continuous_translation,trial_001,event_010,exp1_system_characterization/continuous_translation,20,13,0.65,0.8077934980392456,21.202634385296623
20260717_204156_controller_right,exp2_design_attribution,continuous_translation,trial_001,event_010,exp1_system_characterization/continuous_translation,20,14,0.7,0.8038077354431152,22.043198939480284
20260717_204156_controller_right,exp2_design_attribution,continuous_translation,trial_001,event_010,exp1_system_characterization/continuous_translation,20,15,0.75,0.8005256056785583,21.259752599133886
20260717_204156_controller_right,exp2_design_attribution,continuous_translation,trial_001,event_010,exp1_system_characterization/continuous_translation,20,16,0.8,0.7797797322273254,20.628537110067953
20260717_204156_controller_right,exp2_design_attribution,continuous_translation,trial_001,event_010,exp1_system_characterization/continuous_translation,20,17,0.85,0.7751652598381042,20.757393688047785
20260717_204156_controller_right,exp2_design_attribution,continuous_translation,trial_001,event_010,exp1_system_characterization/continuous_translation,20,18,0.9,0.7703942656517029,20.542274550064864
20260717_204156_controller_right,exp2_design_attribution,continuous_translation,trial_001,event_010,exp1_system_characterization/continuous_translation,20,19,0.95,0.7638584971427917,20.055621466544693
20260717_204156_controller_right,exp2_design_attribution,continuous_translation,trial_001,event_010,exp1_system_characterization/continuous_translation,20,20,1.0,0.7235867381095886,19.86886077156922
20260717_204156_controller_right,exp2_design_attribution,continuous_translation,trial_001,event_011,exp1_system_characterization/continuous_translation,13,1,0.07692307692307693,0.9193169474601746,23.023086181415792
20260717_204156_controller_right,exp2_design_attribution,continuous_translation,trial_001,event_011,exp1_system_characterization/continuous_translation,13,2,0.15384615384615385,0.9138498902320862,21.63735870843011
20260717_204156_controller_right,exp2_design_attribution,continuous_translation,trial_001,event_011,exp1_system_characterization/continuous_translation,13,3,0.23076923076923078,0.9117504358291626,21.820084959793576
20260717_204156_controller_right,exp2_design_attribution,continuous_translation,trial_001,event_011,exp1_system_characterization/continuous_translation,13,4,0.3076923076923077,0.9106358885765076,22.234760616386488
20260717_204156_controller_right,exp2_design_attribution,continuous_translation,trial_001,event_011,exp1_system_characterization/continuous_translation,13,5,0.38461538461538464,0.9079079627990723,23.47585018294506
20260717_204156_controller_right,exp2_design_attribution,continuous_translation,trial_001,event_011,exp1_system_characterization/continuous_translation,13,6,0.46153846153846156,0.9000696539878845,24.140464622968235
20260717_204156_controller_right,exp2_design_attribution,continuous_translation,trial_001,event_011,exp1_system_characterization/continuous_translation,13,7,0.5384615384615384,0.8989330530166626,25.555490854603875
20260717_204156_controller_right,exp2_design_attribution,continuous_translation,trial_001,event_011,exp1_system_characterization/continuous_translation,13,8,0.6153846153846154,0.8988566398620605,25.84887767134848
20260717_204156_controller_right,exp2_design_attribution,continuous_translation,trial_001,event_011,exp1_system_characterization/continuous_translation,13,9,0.6923076923076923,0.8943113684654236,25.03504428392671
20260717_204156_controller_right,exp2_design_attribution,continuous_translation,trial_001,event_011,exp1_system_characterization/continuous_translation,13,10,0.7692307692307693,0.8820081949234009,25.941312288643683
20260717_204156_controller_right,exp2_design_attribution,continuous_translation,trial_001,event_011,exp1_system_characterization/continuous_translation,13,11,0.8461538461538461,0.8326468467712402,25.830170089701657
20260717_204156_controller_right,exp2_design_attribution,continuous_translation,trial_001,event_011,exp1_system_characterization/continuous_translation,13,12,0.9230769230769231,0.7912301421165466,25.892252373712637
20260717_204156_controller_right,exp2_design_attribution,continuous_translation,trial_001,event_011,exp1_system_characterization/continuous_translation,13,13,1.0,0.7796365022659302,26.192413031928513
20260717_204156_controller_right,exp2_design_attribution,continuous_translation,trial_001,event_012,exp1_system_characterization/continuous_translation,16,1,0.0625,0.9222713112831116,31.77220343425608
20260717_204156_controller_right,exp2_design_attribution,continuous_translation,trial_001,event_012,exp1_system_characterization/continuous_translation,16,2,0.125,0.9210465550422668,31.993422134930455
20260717_204156_controller_right,exp2_design_attribution,continuous_translation,trial_001,event_012,exp1_system_characterization/continuous_translation,16,3,0.1875,0.9210031032562256,30.93214838787726
20260717_204156_controller_right,exp2_design_attribution,continuous_translation,trial_001,event_012,exp1_system_characterization/continuous_translation,16,4,0.25,0.9202641248703003,31.3755645925351
20260717_204156_controller_right,exp2_design_attribution,continuous_translation,trial_001,event_012,exp1_system_characterization/continuous_translation,16,5,0.3125,0.9181627631187439,29.586802285536482
20260717_204156_controller_right,exp2_design_attribution,continuous_translation,trial_001,event_012,exp1_system_characterization/continuous_translation,16,6,0.375,0.9176859259605408,28.082633636479997
20260717_204156_controller_right,exp2_design_attribution,continuous_translation,trial_001,event_012,exp1_system_characterization/continuous_translation,16,7,0.4375,0.9149068593978882,28.167985911526436
20260717_204156_controller_right,exp2_design_attribution,continuous_translation,trial_001,event_012,exp1_system_characterization/continuous_translation,16,8,0.5,0.9109495282173157,26.689037557891005
20260717_204156_controller_right,exp2_design_attribution,continuous_translation,trial_001,event_012,exp1_system_characterization/continuous_translation,16,9,0.5625,0.9102123975753784,27.47714388075468
20260717_204156_controller_right,exp2_design_attribution,continuous_translation,trial_001,event_012,exp1_system_characterization/continuous_translation,16,10,0.625,0.9092152714729309,27.479908680439667
20260717_204156_controller_right,exp2_design_attribution,continuous_translation,trial_001,event_012,exp1_system_characterization/continuous_translation,16,11,0.6875,0.9068424701690674,26.343999330135464
20260717_204156_controller_right,exp2_design_attribution,continuous_translation,trial_001,event_012,exp1_system_characterization/continuous_translation,16,12,0.75,0.9063385128974915,25.379545619468303
20260717_204156_controller_right,exp2_design_attribution,continuous_translation,trial_001,event_012,exp1_system_characterization/continuous_translation,16,13,0.8125,0.9002125263214111,25.678334760504143
20260717_204156_controller_right,exp2_design_attribution,continuous_translation,trial_001,event_012,exp1_system_characterization/continuous_translation,16,14,0.875,0.8990707993507385,25.038923286627888
20260717_204156_controller_right,exp2_design_attribution,continuous_translation,trial_001,event_012,exp1_system_characterization/continuous_translation,16,15,0.9375,0.8951202630996704,24.381145478869875
20260717_204156_controller_right,exp2_design_attribution,continuous_translation,trial_001,event_012,exp1_system_characterization/continuous_translation,16,16,1.0,0.8926371335983276,23.858489218067017
20260717_204156_controller_right,exp2_design_attribution,continuous_translation,trial_001,event_013,exp1_system_characterization/continuous_translation,17,1,0.058823529411764705,0.9008049964904785,26.370800428181745
20260717_204156_controller_right,exp2_design_attribution,continuous_translation,trial_001,event_013,exp1_system_characterization/continuous_translation,17,2,0.11764705882352941,0.8971768617630005,16.825220782015528
20260717_204156_controller_right,exp2_design_attribution,continuous_translation,trial_001,event_013,exp1_system_characterization/continuous_translation,17,3,0.17647058823529413,0.8935742974281311,17.29641366910492
20260717_204156_controller_right,exp2_design_attribution,continuous_translation,trial_001,event_013,exp1_system_characterization/continuous_translation,17,4,0.23529411764705882,0.8896821141242981,21.36285088598794
20260717_204156_controller_right,exp2_design_attribution,continuous_translation,trial_001,event_013,exp1_system_characterization/continuous_translation,17,5,0.29411764705882354,0.8896690011024475,19.522224284801425
20260717_204156_controller_right,exp2_design_attribution,continuous_translation,trial_001,event_013,exp1_system_characterization/continuous_translation,17,6,0.35294117647058826,0.8884106874465942,20.921970911422743
20260717_204156_controller_right,exp2_design_attribution,continuous_translation,trial_001,event_013,exp1_system_characterization/continuous_translation,17,7,0.4117647058823529,0.8883146047592163,19.43115752045819
20260717_204156_controller_right,exp2_design_attribution,continuous_translation,trial_001,event_013,exp1_system_characterization/continuous_translation,17,8,0.47058823529411764,0.8880057334899902,19.041382324465268
20260717_204156_controller_right,exp2_design_attribution,continuous_translation,trial_001,event_013,exp1_system_characterization/continuous_translation,17,9,0.5294117647058824,0.8873223662376404,18.858251009990788
20260717_204156_controller_right,exp2_design_attribution,continuous_translation,trial_001,event_013,exp1_system_characterization/continuous_translation,17,10,0.5882352941176471,0.8854340314865112,19.63997555322395
20260717_204156_controller_right,exp2_design_attribution,continuous_translation,trial_001,event_013,exp1_system_characterization/continuous_translation,17,11,0.6470588235294118,0.8837159276008606,19.87072000253825
20260717_204156_controller_right,exp2_design_attribution,continuous_translation,trial_001,event_013,exp1_system_characterization/continuous_translation,17,12,0.7058823529411765,0.8777042031288147,20.267460089050317
20260717_204156_controller_right,exp2_design_attribution,continuous_translation,trial_001,event_013,exp1_system_characterization/continuous_translation,17,13,0.7647058823529411,0.8771851658821106,20.021659982659962
20260717_204156_controller_right,exp2_design_attribution,continuous_translation,trial_001,event_013,exp1_system_characterization/continuous_translation,17,14,0.8235294117647058,0.8634045124053955,19.401449967017452
20260717_204156_controller_right,exp2_design_attribution,continuous_translation,trial_001,event_013,exp1_system_characterization/continuous_translation,17,15,0.8823529411764706,0.8576102256774902,18.662854964617306
20260717_204156_controller_right,exp2_design_attribution,continuous_translation,trial_001,event_013,exp1_system_characterization/continuous_translation,17,16,0.9411764705882353,0.846534252166748,17.809704183347268
20260717_204156_controller_right,exp2_design_attribution,continuous_translation,trial_001,event_013,exp1_system_characterization/continuous_translation,17,17,1.0,0.8461399078369141,17.769846636174428
20260717_204156_controller_right,exp2_design_attribution,continuous_translation,trial_001,event_014,exp1_system_characterization/continuous_translation,19,1,0.05263157894736842,0.9145792722702026,33.99003274465048
20260717_204156_controller_right,exp2_design_attribution,continuous_translation,trial_001,event_014,exp1_system_characterization/continuous_translation,19,2,0.10526315789473684,0.9093067646026611,32.47019935147939
20260717_204156_controller_right,exp2_design_attribution,continuous_translation,trial_001,event_014,exp1_system_characterization/continuous_translation,19,3,0.15789473684210525,0.9053434133529663,28.967110846251106
20260717_204156_controller_right,exp2_design_attribution,continuous_translation,trial_001,event_014,exp1_system_characterization/continuous_translation,19,4,0.21052631578947367,0.9025807976722717,28.966269136067183
20260717_204156_controller_right,exp2_design_attribution,continuous_translation,trial_001,event_014,exp1_system_characterization/continuous_translation,19,5,0.2631578947368421,0.8991156816482544,28.068336010583653
20260717_204156_controller_right,exp2_design_attribution,continuous_translation,trial_001,event_014,exp1_system_characterization/continuous_translation,19,6,0.3157894736842105,0.8963982462882996,27.814133580368786
20260717_204156_controller_right,exp2_design_attribution,continuous_translation,trial_001,event_014,exp1_system_characterization/continuous_translation,19,7,0.3684210526315789,0.8939183354377747,26.52089349434869
20260717_204156_controller_right,exp2_design_attribution,continuous_translation,trial_001,event_014,exp1_system_characterization/continuous_translation,19,8,0.42105263157894735,0.8937860727310181,28.052505495948402
20260717_204156_controller_right,exp2_design_attribution,continuous_translation,trial_001,event_014,exp1_system_characterization/continuous_translation,19,9,0.47368421052631576,0.8903965950012207,28.75473515426488
20260717_204156_controller_right,exp2_design_attribution,continuous_translation,trial_001,event_014,exp1_system_characterization/continuous_translation,19,10,0.5263157894736842,0.887410044670105,29.171033065110485
20260717_204156_controller_right,exp2_design_attribution,continuous_translation,trial_001,event_014,exp1_system_characterization/continuous_translation,19,11,0.5789473684210527,0.8856377601623535,29.52040357047656
20260717_204156_controller_right,exp2_design_attribution,continuous_translation,trial_001,event_014,exp1_system_characterization/continuous_translation,19,12,0.631578947368421,0.8736955523490906,29.887290165679474
20260717_204156_controller_right,exp2_design_attribution,continuous_translation,trial_001,event_014,exp1_system_characterization/continuous_translation,19,13,0.6842105263157895,0.855453372001648,27.925169178821285
20260717_204156_controller_right,exp2_design_attribution,continuous_translation,trial_001,event_014,exp1_system_characterization/continuous_translation,19,14,0.7368421052631579,0.8502553701400757,27.78698598770658
20260717_204156_controller_right,exp2_design_attribution,continuous_translation,trial_001,event_014,exp1_system_characterization/continuous_translation,19,15,0.7894736842105263,0.8463315367698669,28.23749532440389
20260717_204156_controller_right,exp2_design_attribution,continuous_translation,trial_001,event_014,exp1_system_characterization/continuous_translation,19,16,0.8421052631578947,0.8450530767440796,27.392288641840125
20260717_204156_controller_right,exp2_design_attribution,continuous_translation,trial_001,event_014,exp1_system_characterization/continuous_translation,19,17,0.8947368421052632,0.842721164226532,26.379629101928682
20260717_204156_controller_right,exp2_design_attribution,continuous_translation,trial_001,event_014,exp1_system_characterization/continuous_translation,19,18,0.9473684210526315,0.8372368812561035,25.590975306114803
20260717_204156_controller_right,exp2_design_attribution,continuous_translation,trial_001,event_014,exp1_system_characterization/continuous_translation,19,19,1.0,0.790768027305603,25.70806342865867
20260717_204156_controller_right,exp2_design_attribution,continuous_translation,trial_001,event_015,exp1_system_characterization/continuous_translation,20,1,0.05,0.9212849736213684,27.229557874873333
20260717_204156_controller_right,exp2_design_attribution,continuous_translation,trial_001,event_015,exp1_system_characterization/continuous_translation,20,2,0.1,0.9150166511535645,27.20844332560651
20260717_204156_controller_right,exp2_design_attribution,continuous_translation,trial_001,event_015,exp1_system_characterization/continuous_translation,20,3,0.15,0.910535454750061,25.268096570865385
20260717_204156_controller_right,exp2_design_attribution,continuous_translation,trial_001,event_015,exp1_system_characterization/continuous_translation,20,4,0.2,0.9097796082496643,26.115468416637814
20260717_204156_controller_right,exp2_design_attribution,continuous_translation,trial_001,event_015,exp1_system_characterization/continuous_translation,20,5,0.25,0.9083974957466125,27.026939417525142
20260717_204156_controller_right,exp2_design_attribution,continuous_translation,trial_001,event_015,exp1_system_characterization/continuous_translation,20,6,0.3,0.9052426218986511,26.587554150521797
20260717_204156_controller_right,exp2_design_attribution,continuous_translation,trial_001,event_015,exp1_system_characterization/continuous_translation,20,7,0.35,0.9035205245018005,26.985206710224446
20260717_204156_controller_right,exp2_design_attribution,continuous_translation,trial_001,event_015,exp1_system_characterization/continuous_translation,20,8,0.4,0.9021164178848267,24.89256151473353
20260717_204156_controller_right,exp2_design_attribution,continuous_translation,trial_001,event_015,exp1_system_characterization/continuous_translation,20,9,0.45,0.9012540578842163,25.251230796398957
20260717_204156_controller_right,exp2_design_attribution,continuous_translation,trial_001,event_015,exp1_system_characterization/continuous_translation,20,10,0.5,0.899496853351593,23.205843061333354
20260717_204156_controller_right,exp2_design_attribution,continuous_translation,trial_001,event_015,exp1_system_characterization/continuous_translation,20,11,0.55,0.8955731391906738,22.433419878220864
20260717_204156_controller_right,exp2_design_attribution,continuous_translation,trial_001,event_015,exp1_system_characterization/continuous_translation,20,12,0.6,0.8928185701370239,21.506052479723778
20260717_204156_controller_right,exp2_design_attribution,continuous_translation,trial_001,event_015,exp1_system_characterization/continuous_translation,20,13,0.65,0.8923295140266418,21.278807984156913
20260717_204156_controller_right,exp2_design_attribution,continuous_translation,trial_001,event_015,exp1_system_characterization/continuous_translation,20,14,0.7,0.8913667798042297,21.221030346466723
20260717_204156_controller_right,exp2_design_attribution,continuous_translation,trial_001,event_015,exp1_system_characterization/continuous_translation,20,15,0.75,0.8896001577377319,20.29248471677266
20260717_204156_controller_right,exp2_design_attribution,continuous_translation,trial_001,event_015,exp1_system_characterization/continuous_translation,20,16,0.8,0.8879848718643188,20.466203464214658
20260717_204156_controller_right,exp2_design_attribution,continuous_translation,trial_001,event_015,exp1_system_characterization/continuous_translation,20,17,0.85,0.8837880492210388,20.257787293607755
20260717_204156_controller_right,exp2_design_attribution,continuous_translation,trial_001,event_015,exp1_system_characterization/continuous_translation,20,18,0.9,0.8815909028053284,20.425721201417407
20260717_204156_controller_right,exp2_design_attribution,continuous_translation,trial_001,event_015,exp1_system_characterization/continuous_translation,20,19,0.95,0.8803286552429199,19.8186898922339
20260717_204156_controller_right,exp2_design_attribution,continuous_translation,trial_001,event_015,exp1_system_characterization/continuous_translation,20,20,1.0,0.8778958916664124,20.216775615326604
20260717_204156_controller_right,exp2_design_attribution,continuous_translation,trial_001,event_016,exp1_system_characterization/continuous_translation,20,1,0.05,0.8978569507598877,35.58529533620657
20260717_204156_controller_right,exp2_design_attribution,continuous_translation,trial_001,event_016,exp1_system_characterization/continuous_translation,20,2,0.1,0.8949438333511353,32.96714222907871
20260717_204156_controller_right,exp2_design_attribution,continuous_translation,trial_001,event_016,exp1_system_characterization/continuous_translation,20,3,0.15,0.893272876739502,33.29334439554311
20260717_204156_controller_right,exp2_design_attribution,continuous_translation,trial_001,event_016,exp1_system_characterization/continuous_translation,20,4,0.2,0.8850063681602478,32.75099770608519
20260717_204156_controller_right,exp2_design_attribution,continuous_translation,trial_001,event_016,exp1_system_characterization/continuous_translation,20,5,0.25,0.8838081359863281,32.884607165950946
20260717_204156_controller_right,exp2_design_attribution,continuous_translation,trial_001,event_016,exp1_system_characterization/continuous_translation,20,6,0.3,0.8833728432655334,30.965881329821112
20260717_204156_controller_right,exp2_design_attribution,continuous_translation,trial_001,event_016,exp1_system_characterization/continuous_translation,20,7,0.35,0.877203643321991,28.616811248679266
20260717_204156_controller_right,exp2_design_attribution,continuous_translation,trial_001,event_016,exp1_system_characterization/continuous_translation,20,8,0.4,0.8762208223342896,28.173521212454283
20260717_204156_controller_right,exp2_design_attribution,continuous_translation,trial_001,event_016,exp1_system_characterization/continuous_translation,20,9,0.45,0.8747065663337708,26.687783787018418
20260717_204156_controller_right,exp2_design_attribution,continuous_translation,trial_001,event_016,exp1_system_characterization/continuous_translation,20,10,0.5,0.8718996644020081,26.961237884621603
20260717_204156_controller_right,exp2_design_attribution,continuous_translation,trial_001,event_016,exp1_system_characterization/continuous_translation,20,11,0.55,0.8701476454734802,25.621896558758895
20260717_204156_controller_right,exp2_design_attribution,continuous_translation,trial_001,event_016,exp1_system_characterization/continuous_translation,20,12,0.6,0.867821216583252,25.95919866081562
20260717_204156_controller_right,exp2_design_attribution,continuous_translation,trial_001,event_016,exp1_system_characterization/continuous_translation,20,13,0.65,0.8639448881149292,24.554944854143205
20260717_204156_controller_right,exp2_design_attribution,continuous_translation,trial_001,event_016,exp1_system_characterization/continuous_translation,20,14,0.7,0.8635064363479614,24.973728855026486
20260717_204156_controller_right,exp2_design_attribution,continuous_translation,trial_001,event_016,exp1_system_characterization/continuous_translation,20,15,0.75,0.8609763979911804,24.47237026394362
20260717_204156_controller_right,exp2_design_attribution,continuous_translation,trial_001,event_016,exp1_system_characterization/continuous_translation,20,16,0.8,0.860926628112793,25.0391408988814
20260717_204156_controller_right,exp2_design_attribution,continuous_translation,trial_001,event_016,exp1_system_characterization/continuous_translation,20,17,0.85,0.8456855416297913,23.977287288568156
20260717_204156_controller_right,exp2_design_attribution,continuous_translation,trial_001,event_016,exp1_system_characterization/continuous_translation,20,18,0.9,0.8256670832633972,23.194247257013377
20260717_204156_controller_right,exp2_design_attribution,continuous_translation,trial_001,event_016,exp1_system_characterization/continuous_translation,20,19,0.95,0.7909774780273438,22.627265889385942
20260717_204156_controller_right,exp2_design_attribution,continuous_translation,trial_001,event_016,exp1_system_characterization/continuous_translation,20,20,1.0,0.7796738743782043,22.381452584494255
20260717_204156_controller_right,exp2_design_attribution,continuous_translation,trial_001,event_017,exp1_system_characterization/continuous_translation,20,1,0.05,0.9168756008148193,18.993296117369976
20260717_204156_controller_right,exp2_design_attribution,continuous_translation,trial_001,event_017,exp1_system_characterization/continuous_translation,20,2,0.1,0.9100019931793213,17.55159242719214
20260717_204156_controller_right,exp2_design_attribution,continuous_translation,trial_001,event_017,exp1_system_characterization/continuous_translation,20,3,0.15,0.8999465703964233,16.972937551795507
20260717_204156_controller_right,exp2_design_attribution,continuous_translation,trial_001,event_017,exp1_system_characterization/continuous_translation,20,4,0.2,0.8970054984092712,17.3083257662404
20260717_204156_controller_right,exp2_design_attribution,continuous_translation,trial_001,event_017,exp1_system_characterization/continuous_translation,20,5,0.25,0.8915770053863525,16.524338981490853
20260717_204156_controller_right,exp2_design_attribution,continuous_translation,trial_001,event_017,exp1_system_characterization/continuous_translation,20,6,0.3,0.8847649693489075,17.1363151200156
20260717_204156_controller_right,exp2_design_attribution,continuous_translation,trial_001,event_017,exp1_system_characterization/continuous_translation,20,7,0.35,0.8825088143348694,17.68154814845355
20260717_204156_controller_right,exp2_design_attribution,continuous_translation,trial_001,event_017,exp1_system_characterization/continuous_translation,20,8,0.4,0.8802629709243774,18.100054209642543
20260717_204156_controller_right,exp2_design_attribution,continuous_translation,trial_001,event_017,exp1_system_characterization/continuous_translation,20,9,0.45,0.878126859664917,17.188383010065337
20260717_204156_controller_right,exp2_design_attribution,continuous_translation,trial_001,event_017,exp1_system_characterization/continuous_translation,20,10,0.5,0.8667490482330322,17.937274858644646
20260717_204156_controller_right,exp2_design_attribution,continuous_translation,trial_001,event_017,exp1_system_characterization/continuous_translation,20,11,0.55,0.8588504791259766,18.464731038047578
20260717_204156_controller_right,exp2_design_attribution,continuous_translation,trial_001,event_017,exp1_system_characterization/continuous_translation,20,12,0.6,0.8237138390541077,17.356439180790698
20260717_204156_controller_right,exp2_design_attribution,continuous_translation,trial_001,event_017,exp1_system_characterization/continuous_translation,20,13,0.65,0.8083670735359192,17.886518945143532
20260717_204156_controller_right,exp2_design_attribution,continuous_translation,trial_001,event_017,exp1_system_characterization/continuous_translation,20,14,0.7,0.8048902750015259,17.64358316578959
20260717_204156_controller_right,exp2_design_attribution,continuous_translation,trial_001,event_017,exp1_system_characterization/continuous_translation,20,15,0.75,0.7545886635780334,18.02758222463342
20260717_204156_controller_right,exp2_design_attribution,continuous_translation,trial_001,event_017,exp1_system_characterization/continuous_translation,20,16,0.8,0.7022395730018616,17.359787293257163
20260717_204156_controller_right,exp2_design_attribution,continuous_translation,trial_001,event_017,exp1_system_characterization/continuous_translation,20,17,0.85,0.6822081208229065,16.89372873435388
20260717_204156_controller_right,exp2_design_attribution,continuous_translation,trial_001,event_017,exp1_system_characterization/continuous_translation,20,18,0.9,0.6218275427818298,17.197441174455715
20260717_204156_controller_right,exp2_design_attribution,continuous_translation,trial_001,event_017,exp1_system_characterization/continuous_translation,20,19,0.95,0.607925295829773,16.94273152998926
20260717_204156_controller_right,exp2_design_attribution,continuous_translation,trial_001,event_017,exp1_system_characterization/continuous_translation,20,20,1.0,0.6074524521827698,17.182227853938763
20260717_204156_controller_right,exp2_design_attribution,continuous_translation,trial_001,event_018,exp1_system_characterization/continuous_translation,70,1,0.014285714285714285,0.9205249547958374,33.17938076387652
20260717_204156_controller_right,exp2_design_attribution,continuous_translation,trial_001,event_018,exp1_system_characterization/continuous_translation,70,2,0.02857142857142857,0.9164003729820251,20.32944725008849
20260717_204156_controller_right,exp2_design_attribution,continuous_translation,trial_001,event_018,exp1_system_characterization/continuous_translation,70,3,0.04285714285714286,0.9157007336616516,22.453727437243987
20260717_204156_controller_right,exp2_design_attribution,continuous_translation,trial_001,event_018,exp1_system_characterization/continuous_translation,70,4,0.05714285714285714,0.915332555770874,26.32212165841601
20260717_204156_controller_right,exp2_design_attribution,continuous_translation,trial_001,event_018,exp1_system_characterization/continuous_translation,70,5,0.07142857142857142,0.9137365818023682,28.433082427785877
20260717_204156_controller_right,exp2_design_attribution,continuous_translation,trial_001,event_018,exp1_system_characterization/continuous_translation,70,6,0.08571428571428572,0.9132987856864929,29.134580867502038
20260717_204156_controller_right,exp2_design_attribution,continuous_translation,trial_001,event_018,exp1_system_characterization/continuous_translation,70,7,0.1,0.9129583239555359,26.14816975167721
20260717_204156_controller_right,exp2_design_attribution,continuous_translation,trial_001,event_018,exp1_system_characterization/continuous_translation,70,8,0.11428571428571428,0.9108098745346069,24.379418908119046
20260717_204156_controller_right,exp2_design_attribution,continuous_translation,trial_001,event_018,exp1_system_characterization/continuous_translation,70,9,0.12857142857142856,0.9103504419326782,23.049770221406874
20260717_204156_controller_right,exp2_design_attribution,continuous_translation,trial_001,event_018,exp1_system_characterization/continuous_translation,70,10,0.14285714285714285,0.9094600677490234,24.281971731775588
20260717_204156_controller_right,exp2_design_attribution,continuous_translation,trial_001,event_018,exp1_system_characterization/continuous_translation,70,11,0.15714285714285714,0.9081966876983643,23.939614342794286
20260717_204156_controller_right,exp2_design_attribution,continuous_translation,trial_001,event_018,exp1_system_characterization/continuous_translation,70,12,0.17142857142857143,0.9057448506355286,25.141440278736074
20260717_204156_controller_right,exp2_design_attribution,continuous_translation,trial_001,event_018,exp1_system_characterization/continuous_translation,70,13,0.18571428571428572,0.9018238186836243,26.003563664852287
20260717_204156_controller_right,exp2_design_attribution,continuous_translation,trial_001,event_018,exp1_system_characterization/continuous_translation,70,14,0.2,0.8905377388000488,24.773925925203635
20260717_204156_controller_right,exp2_design_attribution,continuous_translation,trial_001,event_018,exp1_system_characterization/continuous_translation,70,15,0.21428571428571427,0.8891863226890564,25.21044358127447
20260717_204156_controller_right,exp2_design_attribution,continuous_translation,trial_001,event_018,exp1_system_characterization/continuous_translation,70,16,0.22857142857142856,0.8891182541847229,24.114032832029952
20260717_204156_controller_right,exp2_design_attribution,continuous_translation,trial_001,event_018,exp1_system_characterization/continuous_translation,70,17,0.24285714285714285,0.8852981925010681,24.545409398040356
20260717_204156_controller_right,exp2_design_attribution,continuous_translation,trial_001,event_018,exp1_system_characterization/continuous_translation,70,18,0.2571428571428571,0.884686291217804,23.614912550366327
20260717_204156_controller_right,exp2_design_attribution,continuous_translation,trial_001,event_018,exp1_system_characterization/continuous_translation,70,19,0.2714285714285714,0.8802279233932495,22.841876428266342
20260717_204156_controller_right,exp2_design_attribution,continuous_translation,trial_001,event_018,exp1_system_characterization/continuous_translation,70,20,0.2857142857142857,0.8778871297836304,22.144271321596058
20260717_204156_controller_right,exp2_design_attribution,continuous_translation,trial_001,event_018,exp1_system_characterization/continuous_translation,70,21,0.3,0.8759446740150452,21.45530443546729
20260717_204156_controller_right,exp2_design_attribution,continuous_translation,trial_001,event_018,exp1_system_characterization/continuous_translation,70,22,0.3142857142857143,0.8752753734588623,20.837977544724506
20260717_204156_controller_right,exp2_design_attribution,continuous_translation,trial_001,event_018,exp1_system_characterization/continuous_translation,70,23,0.32857142857142857,0.8751903176307678,20.2831553203882
20260717_204156_controller_right,exp2_design_attribution,continuous_translation,trial_001,event_018,exp1_system_characterization/continuous_translation,70,24,0.34285714285714286,0.8751043677330017,19.794625801908275
20260717_204156_controller_right,exp2_design_attribution,continuous_translation,trial_001,event_018,exp1_system_characterization/continuous_translation,70,25,0.35714285714285715,0.8726468682289124,19.262173654429933
20260717_204156_controller_right,exp2_design_attribution,continuous_translation,trial_001,event_018,exp1_system_characterization/continuous_translation,70,26,0.37142857142857144,0.8723199367523193,18.806753042436238
20260717_204156_controller_right,exp2_design_attribution,continuous_translation,trial_001,event_018,exp1_system_characterization/continuous_translation,70,27,0.38571428571428573,0.8717246055603027,18.910127197008507
20260717_204156_controller_right,exp2_design_attribution,continuous_translation,trial_001,event_018,exp1_system_characterization/continuous_translation,70,28,0.4,0.8716485500335693,18.520441896184856
20260717_204156_controller_right,exp2_design_attribution,continuous_translation,trial_001,event_018,exp1_system_characterization/continuous_translation,70,29,0.4142857142857143,0.870152473449707,18.19243946046213
20260717_204156_controller_right,exp2_design_attribution,continuous_translation,trial_001,event_018,exp1_system_characterization/continuous_translation,70,30,0.42857142857142855,0.8697052001953125,17.87291019768008
20260717_204156_controller_right,exp2_design_attribution,continuous_translation,trial_001,event_018,exp1_system_characterization/continuous_translation,70,31,0.44285714285714284,0.8688896894454956,17.581872842236272
20260717_204156_controller_right,exp2_design_attribution,continuous_translation,trial_001,event_018,exp1_system_characterization/continuous_translation,70,32,0.45714285714285713,0.8684108257293701,17.24493518202448
20260717_204156_controller_right,exp2_design_attribution,continuous_translation,trial_001,event_018,exp1_system_characterization/continuous_translation,70,33,0.4714285714285714,0.8680544495582581,16.963052507734336
20260717_204156_controller_right,exp2_design_attribution,continuous_translation,trial_001,event_018,exp1_system_characterization/continuous_translation,70,34,0.4857142857142857,0.8676190972328186,17.001489501206386
20260717_204156_controller_right,exp2_design_attribution,continuous_translation,trial_001,event_018,exp1_system_characterization/continuous_translation,70,35,0.5,0.867154598236084,16.764556689436237
20260717_204156_controller_right,exp2_design_attribution,continuous_translation,trial_001,event_018,exp1_system_characterization/continuous_translation,70,36,0.5142857142857142,0.8658897280693054,16.5069360389904
20260717_204156_controller_right,exp2_design_attribution,continuous_translation,trial_001,event_018,exp1_system_characterization/continuous_translation,70,37,0.5285714285714286,0.8623720407485962,16.259297541585486
20260717_204156_controller_right,exp2_design_attribution,continuous_translation,trial_001,event_018,exp1_system_characterization/continuous_translation,70,38,0.5428571428571428,0.8623204231262207,15.991460977847318
20260717_204156_controller_right,exp2_design_attribution,continuous_translation,trial_001,event_018,exp1_system_characterization/continuous_translation,70,39,0.5571428571428572,0.8616254329681396,15.734861875507896
20260717_204156_controller_right,exp2_design_attribution,continuous_translation,trial_001,event_018,exp1_system_characterization/continuous_translation,70,40,0.5714285714285714,0.860032856464386,15.44817133057459
20260717_204156_controller_right,exp2_design_attribution,continuous_translation,trial_001,event_018,exp1_system_characterization/continuous_translation,70,41,0.5857142857142857,0.858832061290741,15.254993915896732
20260717_204156_controller_right,exp2_design_attribution,continuous_translation,trial_001,event_018,exp1_system_characterization/continuous_translation,70,42,0.6,0.8564667701721191,14.958724673396551
20260717_204156_controller_right,exp2_design_attribution,continuous_translation,trial_001,event_018,exp1_system_characterization/continuous_translation,70,43,0.6142857142857143,0.8481098413467407,14.775077720103312
20260717_204156_controller_right,exp2_design_attribution,continuous_translation,trial_001,event_018,exp1_system_characterization/continuous_translation,70,44,0.6285714285714286,0.8452183604240417,14.590171422726462
20260717_204156_controller_right,exp2_design_attribution,continuous_translation,trial_001,event_018,exp1_system_characterization/continuous_translation,70,45,0.6428571428571429,0.8445226550102234,14.52117131127097
20260717_204156_controller_right,exp2_design_attribution,continuous_translation,trial_001,event_018,exp1_system_characterization/continuous_translation,70,46,0.6571428571428571,0.844307005405426,14.353225218915792
20260717_204156_controller_right,exp2_design_attribution,continuous_translation,trial_001,event_018,exp1_system_characterization/continuous_translation,70,47,0.6714285714285714,0.8390634059906006,14.181503602340268
20260717_204156_controller_right,exp2_design_attribution,continuous_translation,trial_001,event_018,exp1_system_characterization/continuous_translation,70,48,0.6857142857142857,0.8081735968589783,14.013470116934101
20260717_204156_controller_right,exp2_design_attribution,continuous_translation,trial_001,event_018,exp1_system_characterization/continuous_translation,70,49,0.7,0.8015753030776978,13.87131336237037
20260717_204156_controller_right,exp2_design_attribution,continuous_translation,trial_001,event_018,exp1_system_characterization/continuous_translation,70,50,0.7142857142857143,0.7797021269798279,13.723654976752657
20260717_204156_controller_right,exp2_design_attribution,continuous_translation,trial_001,event_018,exp1_system_characterization/continuous_translation,70,51,0.7285714285714285,0.7467723488807678,13.594525627922248
20260717_204156_controller_right,exp2_design_attribution,continuous_translation,trial_001,event_018,exp1_system_characterization/continuous_translation,70,52,0.7428571428571429,0.6957491040229797,13.457699083036958
20260717_204156_controller_right,exp2_design_attribution,continuous_translation,trial_001,event_018,exp1_system_characterization/continuous_translation,70,53,0.7571428571428571,0.6847606897354126,13.320739010812435
20260717_204156_controller_right,exp2_design_attribution,continuous_translation,trial_001,event_018,exp1_system_characterization/continuous_translation,70,54,0.7714285714285715,0.6600852012634277,13.16300809425834
20260717_204156_controller_right,exp2_design_attribution,continuous_translation,trial_001,event_018,exp1_system_characterization/continuous_translation,70,55,0.7857142857142857,0.651603102684021,13.035350474227002
20260717_204156_controller_right,exp2_design_attribution,continuous_translation,trial_001,event_018,exp1_system_characterization/continuous_translation,70,56,0.8,0.6437817215919495,12.899872519699056
20260717_204156_controller_right,exp2_design_attribution,continuous_translation,trial_001,event_018,exp1_system_characterization/continuous_translation,70,57,0.8142857142857143,0.6396981477737427,12.832837964738333
20260717_204156_controller_right,exp2_design_attribution,continuous_translation,trial_001,event_018,exp1_system_characterization/continuous_translation,70,58,0.8285714285714286,0.6388552784919739,12.705537955465626
20260717_204156_controller_right,exp2_design_attribution,continuous_translation,trial_001,event_018,exp1_system_characterization/continuous_translation,70,59,0.8428571428571429,0.6373913884162903,12.582689743296587
20260717_204156_controller_right,exp2_design_attribution,continuous_translation,trial_001,event_018,exp1_system_characterization/continuous_translation,70,60,0.8571428571428571,0.5835158824920654,12.488232034109602
20260717_204156_controller_right,exp2_design_attribution,continuous_translation,trial_001,event_018,exp1_system_characterization/continuous_translation,70,61,0.8714285714285714,0.5769949555397034,12.398365464215354
20260717_204156_controller_right,exp2_design_attribution,continuous_translation,trial_001,event_018,exp1_system_characterization/continuous_translation,70,62,0.8857142857142857,0.5510983467102051,12.310767201214675
20260717_204156_controller_right,exp2_design_attribution,continuous_translation,trial_001,event_018,exp1_system_characterization/continuous_translation,70,63,0.9,0.5504997968673706,12.20588770769728
20260717_204156_controller_right,exp2_design_attribution,continuous_translation,trial_001,event_018,exp1_system_characterization/continuous_translation,70,64,0.9142857142857143,0.5389555096626282,12.124803936429545
20260717_204156_controller_right,exp2_design_attribution,continuous_translation,trial_001,event_018,exp1_system_characterization/continuous_translation,70,65,0.9285714285714286,0.5367130041122437,12.043493290627968
20260717_204156_controller_right,exp2_design_attribution,continuous_translation,trial_001,event_018,exp1_system_characterization/continuous_translation,70,66,0.9428571428571428,0.5350361466407776,11.966993950395958
20260717_204156_controller_right,exp2_design_attribution,continuous_translation,trial_001,event_018,exp1_system_characterization/continuous_translation,70,67,0.9571428571428572,0.5340054631233215,11.879968656424829
20260717_204156_controller_right,exp2_design_attribution,continuous_translation,trial_001,event_018,exp1_system_characterization/continuous_translation,70,68,0.9714285714285714,0.5305335521697998,11.805304373629976
20260717_204156_controller_right,exp2_design_attribution,continuous_translation,trial_001,event_018,exp1_system_characterization/continuous_translation,70,69,0.9857142857142858,0.5301280617713928,11.730661189503985
20260717_204156_controller_right,exp2_design_attribution,continuous_translation,trial_001,event_018,exp1_system_characterization/continuous_translation,70,70,1.0,0.5257381200790405,11.640268117359774
20260717_204943_controller_right,exp2_design_attribution,continuous_rotation,trial_001,event_001,exp1_system_characterization/continuous_rotation,216,1,0.004629629629629629,0.9718541502952576,3.8695438284247445
20260717_204943_controller_right,exp2_design_attribution,continuous_rotation,trial_001,event_001,exp1_system_characterization/continuous_rotation,216,2,0.009259259259259259,0.9693758487701416,3.9609690110072595
20260717_204943_controller_right,exp2_design_attribution,continuous_rotation,trial_001,event_001,exp1_system_characterization/continuous_rotation,216,3,0.013888888888888888,0.9680383205413818,3.768193932635944
20260717_204943_controller_right,exp2_design_attribution,continuous_rotation,trial_001,event_001,exp1_system_characterization/continuous_rotation,216,4,0.018518518518518517,0.9676149487495422,4.25014436919484
20260717_204943_controller_right,exp2_design_attribution,continuous_rotation,trial_001,event_001,exp1_system_characterization/continuous_rotation,216,5,0.023148148148148147,0.967020571231842,4.060582693456221
20260717_204943_controller_right,exp2_design_attribution,continuous_rotation,trial_001,event_001,exp1_system_characterization/continuous_rotation,216,6,0.027777777777777776,0.966699481010437,3.946945389312326
20260717_204943_controller_right,exp2_design_attribution,continuous_rotation,trial_001,event_001,exp1_system_characterization/continuous_rotation,216,7,0.032407407407407406,0.9661352634429932,3.8628644019589613
20260717_204943_controller_right,exp2_design_attribution,continuous_rotation,trial_001,event_001,exp1_system_characterization/continuous_rotation,216,8,0.037037037037037035,0.9647852778434753,3.827701075463706
20260717_204943_controller_right,exp2_design_attribution,continuous_rotation,trial_001,event_001,exp1_system_characterization/continuous_rotation,216,9,0.041666666666666664,0.9643581509590149,3.7754650925297275
20260717_204943_controller_right,exp2_design_attribution,continuous_rotation,trial_001,event_001,exp1_system_characterization/continuous_rotation,216,10,0.046296296296296294,0.9639975428581238,3.7465259466764977
20260717_204943_controller_right,exp2_design_attribution,continuous_rotation,trial_001,event_001,exp1_system_characterization/continuous_rotation,216,11,0.05092592592592592,0.9622072577476501,3.8450794434576867
20260717_204943_controller_right,exp2_design_attribution,continuous_rotation,trial_001,event_001,exp1_system_characterization/continuous_rotation,216,12,0.05555555555555555,0.9621677994728088,3.7829913094097605
20260717_204943_controller_right,exp2_design_attribution,continuous_rotation,trial_001,event_001,exp1_system_characterization/continuous_rotation,216,13,0.06018518518518518,0.9615823030471802,3.7632816466068317
20260717_204943_controller_right,exp2_design_attribution,continuous_rotation,trial_001,event_001,exp1_system_characterization/continuous_rotation,216,14,0.06481481481481481,0.9609472155570984,3.784164892622074
20260717_204943_controller_right,exp2_design_attribution,continuous_rotation,trial_001,event_001,exp1_system_characterization/continuous_rotation,216,15,0.06944444444444445,0.9604372978210449,3.8124858365853993
20260717_204943_controller_right,exp2_design_attribution,continuous_rotation,trial_001,event_001,exp1_system_characterization/continuous_rotation,216,16,0.07407407407407407,0.9601583480834961,3.7337353485612437
20260717_204943_controller_right,exp2_design_attribution,continuous_rotation,trial_001,event_001,exp1_system_characterization/continuous_rotation,216,17,0.0787037037037037,0.9594236612319946,3.741367124255127
20260717_204943_controller_right,exp2_design_attribution,continuous_rotation,trial_001,event_001,exp1_system_characterization/continuous_rotation,216,18,0.08333333333333333,0.9593808650970459,3.765955761757021
20260717_204943_controller_right,exp2_design_attribution,continuous_rotation,trial_001,event_001,exp1_system_characterization/continuous_rotation,216,19,0.08796296296296297,0.9592130184173584,3.7905100084133934
20260717_204943_controller_right,exp2_design_attribution,continuous_rotation,trial_001,event_001,exp1_system_characterization/continuous_rotation,216,20,0.09259259259259259,0.9591615200042725,3.7967944304052113
20260717_204943_controller_right,exp2_design_attribution,continuous_rotation,trial_001,event_001,exp1_system_characterization/continuous_rotation,216,21,0.09722222222222222,0.9590277671813965,3.8418839407177847
20260717_204943_controller_right,exp2_design_attribution,continuous_rotation,trial_001,event_001,exp1_system_characterization/continuous_rotation,216,22,0.10185185185185185,0.9587165117263794,3.938509680459042
20260717_204943_controller_right,exp2_design_attribution,continuous_rotation,trial_001,event_001,exp1_system_characterization/continuous_rotation,216,23,0.10648148148148148,0.9581133127212524,4.012903833343574
20260717_204943_controller_right,exp2_design_attribution,continuous_rotation,trial_001,event_001,exp1_system_characterization/continuous_rotation,216,24,0.1111111111111111,0.9578371047973633,3.9851172118586082
20260717_204943_controller_right,exp2_design_attribution,continuous_rotation,trial_001,event_001,exp1_system_characterization/continuous_rotation,216,25,0.11574074074074074,0.9572988152503967,3.969818970566543
20260717_204943_controller_right,exp2_design_attribution,continuous_rotation,trial_001,event_001,exp1_system_characterization/continuous_rotation,216,26,0.12037037037037036,0.9570382237434387,3.952049084892031
20260717_204943_controller_right,exp2_design_attribution,continuous_rotation,trial_001,event_001,exp1_system_characterization/continuous_rotation,216,27,0.125,0.9566364884376526,3.941931090927422
20260717_204943_controller_right,exp2_design_attribution,continuous_rotation,trial_001,event_001,exp1_system_characterization/continuous_rotation,216,28,0.12962962962962962,0.9565538763999939,3.923921540071808
20260717_204943_controller_right,exp2_design_attribution,continuous_rotation,trial_001,event_001,exp1_system_characterization/continuous_rotation,216,29,0.13425925925925927,0.9561247229576111,4.1254842833866725
20260717_204943_controller_right,exp2_design_attribution,continuous_rotation,trial_001,event_001,exp1_system_characterization/continuous_rotation,216,30,0.1388888888888889,0.9557183384895325,4.1106672463629215
20260717_204943_controller_right,exp2_design_attribution,continuous_rotation,trial_001,event_001,exp1_system_characterization/continuous_rotation,216,31,0.14351851851851852,0.954818606376648,4.1681331219192765
20260717_204943_controller_right,exp2_design_attribution,continuous_rotation,trial_001,event_001,exp1_system_characterization/continuous_rotation,216,32,0.14814814814814814,0.9546838998794556,4.154710328547329
20260717_204943_controller_right,exp2_design_attribution,continuous_rotation,trial_001,event_001,exp1_system_characterization/continuous_rotation,216,33,0.1527777777777778,0.9543552398681641,4.133911805125504
20260717_204943_controller_right,exp2_design_attribution,continuous_rotation,trial_001,event_001,exp1_system_characterization/continuous_rotation,216,34,0.1574074074074074,0.9543042778968811,4.111355053982309
20260717_204943_controller_right,exp2_design_attribution,continuous_rotation,trial_001,event_001,exp1_system_characterization/continuous_rotation,216,35,0.16203703703703703,0.9542169570922852,4.122463670678121
20260717_204943_controller_right,exp2_design_attribution,continuous_rotation,trial_001,event_001,exp1_system_characterization/continuous_rotation,216,36,0.16666666666666666,0.9539033770561218,4.156534283612008
20260717_204943_controller_right,exp2_design_attribution,continuous_rotation,trial_001,event_001,exp1_system_characterization/continuous_rotation,216,37,0.1712962962962963,0.9535466432571411,4.098894779800497
20260717_204943_controller_right,exp2_design_attribution,continuous_rotation,trial_001,event_001,exp1_system_characterization/continuous_rotation,216,38,0.17592592592592593,0.9533066153526306,4.114226478066864
20260717_204943_controller_right,exp2_design_attribution,continuous_rotation,trial_001,event_001,exp1_system_characterization/continuous_rotation,216,39,0.18055555555555555,0.9528017640113831,4.087815908734313
20260717_204943_controller_right,exp2_design_attribution,continuous_rotation,trial_001,event_001,exp1_system_characterization/continuous_rotation,216,40,0.18518518518518517,0.9524125456809998,4.130339871915075
20260717_204943_controller_right,exp2_design_attribution,continuous_rotation,trial_001,event_001,exp1_system_characterization/continuous_rotation,216,41,0.18981481481481483,0.9523837566375732,4.207950265827427
20260717_204943_controller_right,exp2_design_attribution,continuous_rotation,trial_001,event_001,exp1_system_characterization/continuous_rotation,216,42,0.19444444444444445,0.9520961046218872,4.174556567271893
20260717_204943_controller_right,exp2_design_attribution,continuous_rotation,trial_001,event_001,exp1_system_characterization/continuous_rotation,216,43,0.19907407407407407,0.951892614364624,4.197961055145577
20260717_204943_controller_right,exp2_design_attribution,continuous_rotation,trial_001,event_001,exp1_system_characterization/continuous_rotation,216,44,0.2037037037037037,0.9513930082321167,4.171717735742464
20260717_204943_controller_right,exp2_design_attribution,continuous_rotation,trial_001,event_001,exp1_system_characterization/continuous_rotation,216,45,0.20833333333333334,0.9511288404464722,4.177989795131359
20260717_204943_controller_right,exp2_design_attribution,continuous_rotation,trial_001,event_001,exp1_system_characterization/continuous_rotation,216,46,0.21296296296296297,0.9505508542060852,4.192331898898978
20260717_204943_controller_right,exp2_design_attribution,continuous_rotation,trial_001,event_001,exp1_system_characterization/continuous_rotation,216,47,0.2175925925925926,0.9502382874488831,4.164157970848863
20260717_204943_controller_right,exp2_design_attribution,continuous_rotation,trial_001,event_001,exp1_system_characterization/continuous_rotation,216,48,0.2222222222222222,0.9491869211196899,4.162239524685134
20260717_204943_controller_right,exp2_design_attribution,continuous_rotation,trial_001,event_001,exp1_system_characterization/continuous_rotation,216,49,0.22685185185185186,0.9489108920097351,4.1750809422197
20260717_204943_controller_right,exp2_design_attribution,continuous_rotation,trial_001,event_001,exp1_system_characterization/continuous_rotation,216,50,0.23148148148148148,0.9488863348960876,4.165668920659833
20260717_204943_controller_right,exp2_design_attribution,continuous_rotation,trial_001,event_001,exp1_system_characterization/continuous_rotation,216,51,0.2361111111111111,0.9488280415534973,4.14595033609183
20260717_204943_controller_right,exp2_design_attribution,continuous_rotation,trial_001,event_001,exp1_system_characterization/continuous_rotation,216,52,0.24074074074074073,0.9488207697868347,4.13966845649441
20260717_204943_controller_right,exp2_design_attribution,continuous_rotation,trial_001,event_001,exp1_system_characterization/continuous_rotation,216,53,0.24537037037037038,0.9484913349151611,4.121594105901685
20260717_204943_controller_right,exp2_design_attribution,continuous_rotation,trial_001,event_001,exp1_system_characterization/continuous_rotation,216,54,0.25,0.9483566284179688,4.23984053321071
20260717_204943_controller_right,exp2_design_attribution,continuous_rotation,trial_001,event_001,exp1_system_characterization/continuous_rotation,216,55,0.25462962962962965,0.9475767612457275,4.244108140678543
20260717_204943_controller_right,exp2_design_attribution,continuous_rotation,trial_001,event_001,exp1_system_characterization/continuous_rotation,216,56,0.25925925925925924,0.9473386406898499,4.239281087490668
20260717_204943_controller_right,exp2_design_attribution,continuous_rotation,trial_001,event_001,exp1_system_characterization/continuous_rotation,216,57,0.2638888888888889,0.9469785094261169,4.296307320167233
20260717_204943_controller_right,exp2_design_attribution,continuous_rotation,trial_001,event_001,exp1_system_characterization/continuous_rotation,216,58,0.26851851851851855,0.9469664096832275,4.34414732542726
20260717_204943_controller_right,exp2_design_attribution,continuous_rotation,trial_001,event_001,exp1_system_characterization/continuous_rotation,216,59,0.27314814814814814,0.946682870388031,4.3383126348772985
20260717_204943_controller_right,exp2_design_attribution,continuous_rotation,trial_001,event_001,exp1_system_characterization/continuous_rotation,216,60,0.2777777777777778,0.9461798667907715,4.398082869245099
20260717_204943_controller_right,exp2_design_attribution,continuous_rotation,trial_001,event_001,exp1_system_characterization/continuous_rotation,216,61,0.2824074074074074,0.9461740851402283,4.389447191873641
20260717_204943_controller_right,exp2_design_attribution,continuous_rotation,trial_001,event_001,exp1_system_characterization/continuous_rotation,216,62,0.28703703703703703,0.9455857276916504,4.485365521033963
20260717_204943_controller_right,exp2_design_attribution,continuous_rotation,trial_001,event_001,exp1_system_characterization/continuous_rotation,216,63,0.2916666666666667,0.94533371925354,4.508164724637081
20260717_204943_controller_right,exp2_design_attribution,continuous_rotation,trial_001,event_001,exp1_system_characterization/continuous_rotation,216,64,0.2962962962962963,0.9449018836021423,4.606593377130245
20260717_204943_controller_right,exp2_design_attribution,continuous_rotation,trial_001,event_001,exp1_system_characterization/continuous_rotation,216,65,0.30092592592592593,0.9442286491394043,4.5872896588475545
20260717_204943_controller_right,exp2_design_attribution,continuous_rotation,trial_001,event_001,exp1_system_characterization/continuous_rotation,216,66,0.3055555555555556,0.9441280364990234,4.573269388929181
20260717_204943_controller_right,exp2_design_attribution,continuous_rotation,trial_001,event_001,exp1_system_characterization/continuous_rotation,216,67,0.3101851851851852,0.9438850283622742,4.62183148947057
20260717_204943_controller_right,exp2_design_attribution,continuous_rotation,trial_001,event_001,exp1_system_characterization/continuous_rotation,216,68,0.3148148148148148,0.9436418414115906,4.627566117308312
20260717_204943_controller_right,exp2_design_attribution,continuous_rotation,trial_001,event_001,exp1_system_characterization/continuous_rotation,216,69,0.3194444444444444,0.9424644112586975,4.612867089081782
20260717_204943_controller_right,exp2_design_attribution,continuous_rotation,trial_001,event_001,exp1_system_characterization/continuous_rotation,216,70,0.32407407407407407,0.9422576427459717,4.626588120371472
20260717_204943_controller_right,exp2_design_attribution,continuous_rotation,trial_001,event_001,exp1_system_characterization/continuous_rotation,216,71,0.3287037037037037,0.9416959285736084,4.617650889832445
20260717_204943_controller_right,exp2_design_attribution,continuous_rotation,trial_001,event_001,exp1_system_characterization/continuous_rotation,216,72,0.3333333333333333,0.9416912794113159,4.659542474434873
20260717_204943_controller_right,exp2_design_attribution,continuous_rotation,trial_001,event_001,exp1_system_characterization/continuous_rotation,216,73,0.33796296296296297,0.9416007399559021,4.699603172818525
20260717_204943_controller_right,exp2_design_attribution,continuous_rotation,trial_001,event_001,exp1_system_characterization/continuous_rotation,216,74,0.3425925925925926,0.941129207611084,4.703702126310022
20260717_204943_controller_right,exp2_design_attribution,continuous_rotation,trial_001,event_001,exp1_system_characterization/continuous_rotation,216,75,0.3472222222222222,0.9410384893417358,4.683797124598189
20260717_204943_controller_right,exp2_design_attribution,continuous_rotation,trial_001,event_001,exp1_system_characterization/continuous_rotation,216,76,0.35185185185185186,0.9408755898475647,4.6670545494570925
20260717_204943_controller_right,exp2_design_attribution,continuous_rotation,trial_001,event_001,exp1_system_characterization/continuous_rotation,216,77,0.35648148148148145,0.9403448104858398,4.643829152834075
20260717_204943_controller_right,exp2_design_attribution,continuous_rotation,trial_001,event_001,exp1_system_characterization/continuous_rotation,216,78,0.3611111111111111,0.9391613602638245,4.632279423665646
20260717_204943_controller_right,exp2_design_attribution,continuous_rotation,trial_001,event_001,exp1_system_characterization/continuous_rotation,216,79,0.36574074074074076,0.9388387203216553,4.6774915978522715
20260717_204943_controller_right,exp2_design_attribution,continuous_rotation,trial_001,event_001,exp1_system_characterization/continuous_rotation,216,80,0.37037037037037035,0.9365565776824951,4.725935536287501
20260717_204943_controller_right,exp2_design_attribution,continuous_rotation,trial_001,event_001,exp1_system_characterization/continuous_rotation,216,81,0.375,0.9365311861038208,4.6868820463656675
20260717_204943_controller_right,exp2_design_attribution,continuous_rotation,trial_001,event_001,exp1_system_characterization/continuous_rotation,216,82,0.37962962962962965,0.9363161325454712,4.684439624057948
20260717_204943_controller_right,exp2_design_attribution,continuous_rotation,trial_001,event_001,exp1_system_characterization/continuous_rotation,216,83,0.38425925925925924,0.9361478090286255,4.6741247550661225
20260717_204943_controller_right,exp2_design_attribution,continuous_rotation,trial_001,event_001,exp1_system_characterization/continuous_rotation,216,84,0.3888888888888889,0.9360904097557068,4.633670022000542
20260717_204943_controller_right,exp2_design_attribution,continuous_rotation,trial_001,event_001,exp1_system_characterization/continuous_rotation,216,85,0.39351851851851855,0.9354074597358704,4.6973545293139365
20260717_204943_controller_right,exp2_design_attribution,continuous_rotation,trial_001,event_001,exp1_system_characterization/continuous_rotation,216,86,0.39814814814814814,0.9353746771812439,4.738356123408971
20260717_204943_controller_right,exp2_design_attribution,continuous_rotation,trial_001,event_001,exp1_system_characterization/continuous_rotation,216,87,0.4027777777777778,0.9349755644798279,4.715105140661334
20260717_204943_controller_right,exp2_design_attribution,continuous_rotation,trial_001,event_001,exp1_system_characterization/continuous_rotation,216,88,0.4074074074074074,0.9349454641342163,4.739977010877872
20260717_204943_controller_right,exp2_design_attribution,continuous_rotation,trial_001,event_001,exp1_system_characterization/continuous_rotation,216,89,0.41203703703703703,0.9342350959777832,4.8057183467046585
20260717_204943_controller_right,exp2_design_attribution,continuous_rotation,trial_001,event_001,exp1_system_characterization/continuous_rotation,216,90,0.4166666666666667,0.9335362911224365,4.8518546525644926
20260717_204943_controller_right,exp2_design_attribution,continuous_rotation,trial_001,event_001,exp1_system_characterization/continuous_rotation,216,91,0.4212962962962963,0.9331393241882324,4.908197031094791
20260717_204943_controller_right,exp2_design_attribution,continuous_rotation,trial_001,event_001,exp1_system_characterization/continuous_rotation,216,92,0.42592592592592593,0.9329233169555664,4.935487939874994
20260717_204943_controller_right,exp2_design_attribution,continuous_rotation,trial_001,event_001,exp1_system_characterization/continuous_rotation,216,93,0.4305555555555556,0.9321588277816772,4.991521986456672
20260717_204943_controller_right,exp2_design_attribution,continuous_rotation,trial_001,event_001,exp1_system_characterization/continuous_rotation,216,94,0.4351851851851852,0.9319139719009399,4.964895882457752
20260717_204943_controller_right,exp2_design_attribution,continuous_rotation,trial_001,event_001,exp1_system_characterization/continuous_rotation,216,95,0.4398148148148148,0.9312282800674438,5.012862425302016
20260717_204943_controller_right,exp2_design_attribution,continuous_rotation,trial_001,event_001,exp1_system_characterization/continuous_rotation,216,96,0.4444444444444444,0.9302631616592407,5.034252389529883
20260717_204943_controller_right,exp2_design_attribution,continuous_rotation,trial_001,event_001,exp1_system_characterization/continuous_rotation,216,97,0.44907407407407407,0.9296380281448364,5.012217870668447
20260717_204943_controller_right,exp2_design_attribution,continuous_rotation,trial_001,event_001,exp1_system_characterization/continuous_rotation,216,98,0.4537037037037037,0.9295443892478943,5.01371229576339
20260717_204943_controller_right,exp2_design_attribution,continuous_rotation,trial_001,event_001,exp1_system_characterization/continuous_rotation,216,99,0.4583333333333333,0.928547203540802,5.0104034196882425
20260717_204943_controller_right,exp2_design_attribution,continuous_rotation,trial_001,event_001,exp1_system_characterization/continuous_rotation,216,100,0.46296296296296297,0.928337037563324,5.064693479492382
20260717_204943_controller_right,exp2_design_attribution,continuous_rotation,trial_001,event_001,exp1_system_characterization/continuous_rotation,216,101,0.4675925925925926,0.928266167640686,5.052101412812082
20260717_204943_controller_right,exp2_design_attribution,continuous_rotation,trial_001,event_001,exp1_system_characterization/continuous_rotation,216,102,0.4722222222222222,0.9280514121055603,5.036882900788496
20260717_204943_controller_right,exp2_design_attribution,continuous_rotation,trial_001,event_001,exp1_system_characterization/continuous_rotation,216,103,0.47685185185185186,0.9256780743598938,5.022360447679971
20260717_204943_controller_right,exp2_design_attribution,continuous_rotation,trial_001,event_001,exp1_system_characterization/continuous_rotation,216,104,0.48148148148148145,0.9256588816642761,5.031289140007844
20260717_204943_controller_right,exp2_design_attribution,continuous_rotation,trial_001,event_001,exp1_system_characterization/continuous_rotation,216,105,0.4861111111111111,0.9255356192588806,5.041400917766684
20260717_204943_controller_right,exp2_design_attribution,continuous_rotation,trial_001,event_001,exp1_system_characterization/continuous_rotation,216,106,0.49074074074074076,0.9255086183547974,5.029298494239644
20260717_204943_controller_right,exp2_design_attribution,continuous_rotation,trial_001,event_001,exp1_system_characterization/continuous_rotation,216,107,0.49537037037037035,0.9252176284790039,5.015179525945626
20260717_204943_controller_right,exp2_design_attribution,continuous_rotation,trial_001,event_001,exp1_system_characterization/continuous_rotation,216,108,0.5,0.9249340891838074,4.993031003004585
20260717_204943_controller_right,exp2_design_attribution,continuous_rotation,trial_001,event_001,exp1_system_characterization/continuous_rotation,216,109,0.5046296296296297,0.9247016906738281,4.966396087941902
20260717_204943_controller_right,exp2_design_attribution,continuous_rotation,trial_001,event_001,exp1_system_characterization/continuous_rotation,216,110,0.5092592592592593,0.9246732592582703,4.955420219701561
20260717_204943_controller_right,exp2_design_attribution,continuous_rotation,trial_001,event_001,exp1_system_characterization/continuous_rotation,216,111,0.5138888888888888,0.9244309663772583,4.941484611660591
20260717_204943_controller_right,exp2_design_attribution,continuous_rotation,trial_001,event_001,exp1_system_characterization/continuous_rotation,216,112,0.5185185185185185,0.9243099689483643,4.935927992103075
20260717_204943_controller_right,exp2_design_attribution,continuous_rotation,trial_001,event_001,exp1_system_characterization/continuous_rotation,216,113,0.5231481481481481,0.923679530620575,4.971130620545585
20260717_204943_controller_right,exp2_design_attribution,continuous_rotation,trial_001,event_001,exp1_system_characterization/continuous_rotation,216,114,0.5277777777777778,0.9229710102081299,5.017687935859738
20260717_204943_controller_right,exp2_design_attribution,continuous_rotation,trial_001,event_001,exp1_system_characterization/continuous_rotation,216,115,0.5324074074074074,0.9228943586349487,5.0565800901225515
20260717_204943_controller_right,exp2_design_attribution,continuous_rotation,trial_001,event_001,exp1_system_characterization/continuous_rotation,216,116,0.5370370370370371,0.9219115376472473,5.057125848269492
20260717_204943_controller_right,exp2_design_attribution,continuous_rotation,trial_001,event_001,exp1_system_characterization/continuous_rotation,216,117,0.5416666666666666,0.9215928316116333,5.113342510201196
20260717_204943_controller_right,exp2_design_attribution,continuous_rotation,trial_001,event_001,exp1_system_characterization/continuous_rotation,216,118,0.5462962962962963,0.921393871307373,5.155668207724337
20260717_204943_controller_right,exp2_design_attribution,continuous_rotation,trial_001,event_001,exp1_system_characterization/continuous_rotation,216,119,0.5509259259259259,0.9198470115661621,5.176344607666644
20260717_204943_controller_right,exp2_design_attribution,continuous_rotation,trial_001,event_001,exp1_system_characterization/continuous_rotation,216,120,0.5555555555555556,0.9184765219688416,5.177399316536002
20260717_204943_controller_right,exp2_design_attribution,continuous_rotation,trial_001,event_001,exp1_system_characterization/continuous_rotation,216,121,0.5601851851851852,0.918337881565094,5.151768090434204
20260717_204943_controller_right,exp2_design_attribution,continuous_rotation,trial_001,event_001,exp1_system_characterization/continuous_rotation,216,122,0.5648148148148148,0.9183264970779419,5.212707018997107
20260717_204943_controller_right,exp2_design_attribution,continuous_rotation,trial_001,event_001,exp1_system_characterization/continuous_rotation,216,123,0.5694444444444444,0.9177557826042175,5.2526500185030995
20260717_204943_controller_right,exp2_design_attribution,continuous_rotation,trial_001,event_001,exp1_system_characterization/continuous_rotation,216,124,0.5740740740740741,0.9164870381355286,5.301977312345502
20260717_204943_controller_right,exp2_design_attribution,continuous_rotation,trial_001,event_001,exp1_system_characterization/continuous_rotation,216,125,0.5787037037037037,0.9158759117126465,5.3110821689068475
20260717_204943_controller_right,exp2_design_attribution,continuous_rotation,trial_001,event_001,exp1_system_characterization/continuous_rotation,216,126,0.5833333333333334,0.9156045317649841,5.290446231346482
20260717_204943_controller_right,exp2_design_attribution,continuous_rotation,trial_001,event_001,exp1_system_characterization/continuous_rotation,216,127,0.5879629629629629,0.9155217409133911,5.283705932629043
20260717_204943_controller_right,exp2_design_attribution,continuous_rotation,trial_001,event_001,exp1_system_characterization/continuous_rotation,216,128,0.5925925925925926,0.9152938723564148,5.323555237357066
20260717_204943_controller_right,exp2_design_attribution,continuous_rotation,trial_001,event_001,exp1_system_characterization/continuous_rotation,216,129,0.5972222222222222,0.914903461933136,5.300807767533689
20260717_204943_controller_right,exp2_design_attribution,continuous_rotation,trial_001,event_001,exp1_system_characterization/continuous_rotation,216,130,0.6018518518518519,0.9148699641227722,5.344292605226332
20260717_204943_controller_right,exp2_design_attribution,continuous_rotation,trial_001,event_001,exp1_system_characterization/continuous_rotation,216,131,0.6064814814814815,0.9148409962654114,5.32251717215262
20260717_204943_controller_right,exp2_design_attribution,continuous_rotation,trial_001,event_001,exp1_system_characterization/continuous_rotation,216,132,0.6111111111111112,0.9129254817962646,5.332632665664254
20260717_204943_controller_right,exp2_design_attribution,continuous_rotation,trial_001,event_001,exp1_system_characterization/continuous_rotation,216,133,0.6157407407407407,0.9121965765953064,5.327017885641652
20260717_204943_controller_right,exp2_design_attribution,continuous_rotation,trial_001,event_001,exp1_system_characterization/continuous_rotation,216,134,0.6203703703703703,0.9116318821907043,5.314298794467301
20260717_204943_controller_right,exp2_design_attribution,continuous_rotation,trial_001,event_001,exp1_system_characterization/continuous_rotation,216,135,0.625,0.9099041819572449,5.315137441647027
20260717_204943_controller_right,exp2_design_attribution,continuous_rotation,trial_001,event_001,exp1_system_characterization/continuous_rotation,216,136,0.6296296296296297,0.9096952676773071,5.313664118043251
20260717_204943_controller_right,exp2_design_attribution,continuous_rotation,trial_001,event_001,exp1_system_characterization/continuous_rotation,216,137,0.6342592592592593,0.9092144966125488,5.309281738450413
20260717_204943_controller_right,exp2_design_attribution,continuous_rotation,trial_001,event_001,exp1_system_characterization/continuous_rotation,216,138,0.6388888888888888,0.9068618416786194,5.346499551874691
20260717_204943_controller_right,exp2_design_attribution,continuous_rotation,trial_001,event_001,exp1_system_characterization/continuous_rotation,216,139,0.6435185185185185,0.9060152769088745,5.390757634311388
20260717_204943_controller_right,exp2_design_attribution,continuous_rotation,trial_001,event_001,exp1_system_characterization/continuous_rotation,216,140,0.6481481481481481,0.9057348966598511,5.431193921974905
20260717_204943_controller_right,exp2_design_attribution,continuous_rotation,trial_001,event_001,exp1_system_characterization/continuous_rotation,216,141,0.6527777777777778,0.9048969149589539,5.416696356927804
20260717_204943_controller_right,exp2_design_attribution,continuous_rotation,trial_001,event_001,exp1_system_characterization/continuous_rotation,216,142,0.6574074074074074,0.9027197957038879,5.419451466257665
20260717_204943_controller_right,exp2_design_attribution,continuous_rotation,trial_001,event_001,exp1_system_characterization/continuous_rotation,216,143,0.6620370370370371,0.9012302160263062,5.415940793144071
20260717_204943_controller_right,exp2_design_attribution,continuous_rotation,trial_001,event_001,exp1_system_characterization/continuous_rotation,216,144,0.6666666666666666,0.9005489349365234,5.4463954991377
20260717_204943_controller_right,exp2_design_attribution,continuous_rotation,trial_001,event_001,exp1_system_characterization/continuous_rotation,216,145,0.6712962962962963,0.8990291953086853,5.461233939035132
20260717_204943_controller_right,exp2_design_attribution,continuous_rotation,trial_001,event_001,exp1_system_characterization/continuous_rotation,216,146,0.6759259259259259,0.8980633616447449,5.4574085221907955
20260717_204943_controller_right,exp2_design_attribution,continuous_rotation,trial_001,event_001,exp1_system_characterization/continuous_rotation,216,147,0.6805555555555556,0.8967761397361755,5.433790284347687
20260717_204943_controller_right,exp2_design_attribution,continuous_rotation,trial_001,event_001,exp1_system_characterization/continuous_rotation,216,148,0.6851851851851852,0.8961180448532104,5.452438714472632
20260717_204943_controller_right,exp2_design_attribution,continuous_rotation,trial_001,event_001,exp1_system_characterization/continuous_rotation,216,149,0.6898148148148148,0.8959808349609375,5.481938455992494
20260717_204943_controller_right,exp2_design_attribution,continuous_rotation,trial_001,event_001,exp1_system_characterization/continuous_rotation,216,150,0.6944444444444444,0.8951178789138794,5.467187664060177
20260717_204943_controller_right,exp2_design_attribution,continuous_rotation,trial_001,event_001,exp1_system_characterization/continuous_rotation,216,151,0.6990740740740741,0.8948826789855957,5.4591298145322025
20260717_204943_controller_right,exp2_design_attribution,continuous_rotation,trial_001,event_001,exp1_system_characterization/continuous_rotation,216,152,0.7037037037037037,0.892517626285553,5.464047668749563
20260717_204943_controller_right,exp2_design_attribution,continuous_rotation,trial_001,event_001,exp1_system_characterization/continuous_rotation,216,153,0.7083333333333334,0.8918572068214417,5.443285156175485
20260717_204943_controller_right,exp2_design_attribution,continuous_rotation,trial_001,event_001,exp1_system_characterization/continuous_rotation,216,154,0.7129629629629629,0.8913217186927795,5.435667163621484
20260717_204943_controller_right,exp2_design_attribution,continuous_rotation,trial_001,event_001,exp1_system_characterization/continuous_rotation,216,155,0.7175925925925926,0.8907421827316284,5.434852722593833
20260717_204943_controller_right,exp2_design_attribution,continuous_rotation,trial_001,event_001,exp1_system_characterization/continuous_rotation,216,156,0.7222222222222222,0.8897519111633301,5.433341021744381
20260717_204943_controller_right,exp2_design_attribution,continuous_rotation,trial_001,event_001,exp1_system_characterization/continuous_rotation,216,157,0.7268518518518519,0.8870063424110413,5.444308580262718
20260717_204943_controller_right,exp2_design_attribution,continuous_rotation,trial_001,event_001,exp1_system_characterization/continuous_rotation,216,158,0.7314814814814815,0.886978030204773,5.444064049023842
20260717_204943_controller_right,exp2_design_attribution,continuous_rotation,trial_001,event_001,exp1_system_characterization/continuous_rotation,216,159,0.7361111111111112,0.886939525604248,5.435196225844984
20260717_204943_controller_right,exp2_design_attribution,continuous_rotation,trial_001,event_001,exp1_system_characterization/continuous_rotation,216,160,0.7407407407407407,0.8869226574897766,5.431835068256898
20260717_204943_controller_right,exp2_design_attribution,continuous_rotation,trial_001,event_001,exp1_system_characterization/continuous_rotation,216,161,0.7453703703703703,0.8861567378044128,5.412594111385363
20260717_204943_controller_right,exp2_design_attribution,continuous_rotation,trial_001,event_001,exp1_system_characterization/continuous_rotation,216,162,0.75,0.8849776983261108,5.4201497889537205
20260717_204943_controller_right,exp2_design_attribution,continuous_rotation,trial_001,event_001,exp1_system_characterization/continuous_rotation,216,163,0.7546296296296297,0.8823137879371643,5.4391854981892855
20260717_204943_controller_right,exp2_design_attribution,continuous_rotation,trial_001,event_001,exp1_system_characterization/continuous_rotation,216,164,0.7592592592592593,0.8814162015914917,5.446688147646065
20260717_204943_controller_right,exp2_design_attribution,continuous_rotation,trial_001,event_001,exp1_system_characterization/continuous_rotation,216,165,0.7638888888888888,0.880422830581665,5.4358492365085045
20260717_204943_controller_right,exp2_design_attribution,continuous_rotation,trial_001,event_001,exp1_system_characterization/continuous_rotation,216,166,0.7685185185185185,0.8771124482154846,5.438898076790284
20260717_204943_controller_right,exp2_design_attribution,continuous_rotation,trial_001,event_001,exp1_system_characterization/continuous_rotation,216,167,0.7731481481481481,0.8765554428100586,5.448213202186302
20260717_204943_controller_right,exp2_design_attribution,continuous_rotation,trial_001,event_001,exp1_system_characterization/continuous_rotation,216,168,0.7777777777777778,0.874624490737915,5.4584706364706195
20260717_204943_controller_right,exp2_design_attribution,continuous_rotation,trial_001,event_001,exp1_system_characterization/continuous_rotation,216,169,0.7824074074074074,0.8745571970939636,5.452283045233701
20260717_204943_controller_right,exp2_design_attribution,continuous_rotation,trial_001,event_001,exp1_system_characterization/continuous_rotation,216,170,0.7870370370370371,0.8563358187675476,5.446051182213652
20260717_204943_controller_right,exp2_design_attribution,continuous_rotation,trial_001,event_001,exp1_system_characterization/continuous_rotation,216,171,0.7916666666666666,0.8549652099609375,5.449450080733785
20260717_204943_controller_right,exp2_design_attribution,continuous_rotation,trial_001,event_001,exp1_system_characterization/continuous_rotation,216,172,0.7962962962962963,0.8546847105026245,5.454005567123354
20260717_204943_controller_right,exp2_design_attribution,continuous_rotation,trial_001,event_001,exp1_system_characterization/continuous_rotation,216,173,0.8009259259259259,0.8537223935127258,5.445854381313854
20260717_204943_controller_right,exp2_design_attribution,continuous_rotation,trial_001,event_001,exp1_system_characterization/continuous_rotation,216,174,0.8055555555555556,0.8484386801719666,5.452789797416034
20260717_204943_controller_right,exp2_design_attribution,continuous_rotation,trial_001,event_001,exp1_system_characterization/continuous_rotation,216,175,0.8101851851851852,0.8474123477935791,5.462830250073509
20260717_204943_controller_right,exp2_design_attribution,continuous_rotation,trial_001,event_001,exp1_system_characterization/continuous_rotation,216,176,0.8148148148148148,0.8449217081069946,5.481727391337366
20260717_204943_controller_right,exp2_design_attribution,continuous_rotation,trial_001,event_001,exp1_system_characterization/continuous_rotation,216,177,0.8194444444444444,0.8435598015785217,5.4739101242531465
20260717_204943_controller_right,exp2_design_attribution,continuous_rotation,trial_001,event_001,exp1_system_characterization/continuous_rotation,216,178,0.8240740740740741,0.8414713740348816,5.47527204773709
20260717_204943_controller_right,exp2_design_attribution,continuous_rotation,trial_001,event_001,exp1_system_characterization/continuous_rotation,216,179,0.8287037037037037,0.837852954864502,5.479646303971662
20260717_204943_controller_right,exp2_design_attribution,continuous_rotation,trial_001,event_001,exp1_system_characterization/continuous_rotation,216,180,0.8333333333333334,0.8364156484603882,5.471662233664787
20260717_204943_controller_right,exp2_design_attribution,continuous_rotation,trial_001,event_001,exp1_system_characterization/continuous_rotation,216,181,0.8379629629629629,0.8323966860771179,5.462415902815567
20260717_204943_controller_right,exp2_design_attribution,continuous_rotation,trial_001,event_001,exp1_system_characterization/continuous_rotation,216,182,0.8425925925925926,0.831695556640625,5.475805712357202
20260717_204943_controller_right,exp2_design_attribution,continuous_rotation,trial_001,event_001,exp1_system_characterization/continuous_rotation,216,183,0.8472222222222222,0.8315075039863586,5.489121521906948
20260717_204943_controller_right,exp2_design_attribution,continuous_rotation,trial_001,event_001,exp1_system_characterization/continuous_rotation,216,184,0.8518518518518519,0.8311910033226013,5.5008542130666065
20260717_204943_controller_right,exp2_design_attribution,continuous_rotation,trial_001,event_001,exp1_system_characterization/continuous_rotation,216,185,0.8564814814814815,0.829795241355896,5.490238584816097
20260717_204943_controller_right,exp2_design_attribution,continuous_rotation,trial_001,event_001,exp1_system_characterization/continuous_rotation,216,186,0.8611111111111112,0.8292902112007141,5.507850863590645
20260717_204943_controller_right,exp2_design_attribution,continuous_rotation,trial_001,event_001,exp1_system_characterization/continuous_rotation,216,187,0.8657407407407407,0.8238308429718018,5.518969234575176
20260717_204943_controller_right,exp2_design_attribution,continuous_rotation,trial_001,event_001,exp1_system_characterization/continuous_rotation,216,188,0.8703703703703703,0.8211844563484192,5.529524695922645
20260717_204943_controller_right,exp2_design_attribution,continuous_rotation,trial_001,event_001,exp1_system_characterization/continuous_rotation,216,189,0.875,0.819421112537384,5.521289616147521
20260717_204943_controller_right,exp2_design_attribution,continuous_rotation,trial_001,event_001,exp1_system_characterization/continuous_rotation,216,190,0.8796296296296297,0.8184370994567871,5.529593273843416
20260717_204943_controller_right,exp2_design_attribution,continuous_rotation,trial_001,event_001,exp1_system_characterization/continuous_rotation,216,191,0.8842592592592593,0.8166629672050476,5.523301878741432
20260717_204943_controller_right,exp2_design_attribution,continuous_rotation,trial_001,event_001,exp1_system_characterization/continuous_rotation,216,192,0.8888888888888888,0.8106915354728699,5.534428389559657
20260717_204943_controller_right,exp2_design_attribution,continuous_rotation,trial_001,event_001,exp1_system_characterization/continuous_rotation,216,193,0.8935185185185185,0.8017076849937439,5.550339937339479
20260717_204943_controller_right,exp2_design_attribution,continuous_rotation,trial_001,event_001,exp1_system_characterization/continuous_rotation,216,194,0.8981481481481481,0.7978729605674744,5.567652740315257
20260717_204943_controller_right,exp2_design_attribution,continuous_rotation,trial_001,event_001,exp1_system_characterization/continuous_rotation,216,195,0.9027777777777778,0.7949029803276062,5.563866017887419
20260717_204943_controller_right,exp2_design_attribution,continuous_rotation,trial_001,event_001,exp1_system_characterization/continuous_rotation,216,196,0.9074074074074074,0.7945558428764343,5.559614348672812
20260717_204943_controller_right,exp2_design_attribution,continuous_rotation,trial_001,event_001,exp1_system_characterization/continuous_rotation,216,197,0.9120370370370371,0.790879487991333,5.571836632129572
20260717_204943_controller_right,exp2_design_attribution,continuous_rotation,trial_001,event_001,exp1_system_characterization/continuous_rotation,216,198,0.9166666666666666,0.7902706265449524,5.586676131893855
20260717_204943_controller_right,exp2_design_attribution,continuous_rotation,trial_001,event_001,exp1_system_characterization/continuous_rotation,216,199,0.9212962962962963,0.774749755859375,5.591247774272644
20260717_204943_controller_right,exp2_design_attribution,continuous_rotation,trial_001,event_001,exp1_system_characterization/continuous_rotation,216,200,0.9259259259259259,0.767027735710144,5.608570938577024
20260717_204943_controller_right,exp2_design_attribution,continuous_rotation,trial_001,event_001,exp1_system_characterization/continuous_rotation,216,201,0.9305555555555556,0.7667334079742432,5.604443699290117
20260717_204943_controller_right,exp2_design_attribution,continuous_rotation,trial_001,event_001,exp1_system_characterization/continuous_rotation,216,202,0.9351851851851852,0.7618788480758667,5.602321974899706
20260717_204943_controller_right,exp2_design_attribution,continuous_rotation,trial_001,event_001,exp1_system_characterization/continuous_rotation,216,203,0.9398148148148148,0.7579706311225891,5.618460511416042
20260717_204943_controller_right,exp2_design_attribution,continuous_rotation,trial_001,event_001,exp1_system_characterization/continuous_rotation,216,204,0.9444444444444444,0.7510882616043091,5.601263854209733
20260717_204943_controller_right,exp2_design_attribution,continuous_rotation,trial_001,event_001,exp1_system_characterization/continuous_rotation,216,205,0.9490740740740741,0.7502391338348389,5.60069031384319
20260717_204943_controller_right,exp2_design_attribution,continuous_rotation,trial_001,event_001,exp1_system_characterization/continuous_rotation,216,206,0.9537037037037037,0.7495604753494263,5.615987863961694
20260717_204943_controller_right,exp2_design_attribution,continuous_rotation,trial_001,event_001,exp1_system_characterization/continuous_rotation,216,207,0.9583333333333334,0.7371780872344971,5.625703267974878
20260717_204943_controller_right,exp2_design_attribution,continuous_rotation,trial_001,event_001,exp1_system_characterization/continuous_rotation,216,208,0.9629629629629629,0.7357151508331299,5.636913993056604
20260717_204943_controller_right,exp2_design_attribution,continuous_rotation,trial_001,event_001,exp1_system_characterization/continuous_rotation,216,209,0.9675925925925926,0.7299219369888306,5.643990028212819
20260717_204943_controller_right,exp2_design_attribution,continuous_rotation,trial_001,event_001,exp1_system_characterization/continuous_rotation,216,210,0.9722222222222222,0.7296377420425415,5.65203268540309
20260717_204943_controller_right,exp2_design_attribution,continuous_rotation,trial_001,event_001,exp1_system_characterization/continuous_rotation,216,211,0.9768518518518519,0.7249196171760559,5.675771233376534
20260717_204943_controller_right,exp2_design_attribution,continuous_rotation,trial_001,event_001,exp1_system_characterization/continuous_rotation,216,212,0.9814814814814815,0.7195123434066772,5.677295619672088
20260717_204943_controller_right,exp2_design_attribution,continuous_rotation,trial_001,event_001,exp1_system_characterization/continuous_rotation,216,213,0.9861111111111112,0.6953742504119873,5.690036061367092
20260717_204943_controller_right,exp2_design_attribution,continuous_rotation,trial_001,event_001,exp1_system_characterization/continuous_rotation,216,214,0.9907407407407407,0.6945182681083679,5.687332734632423
20260717_204943_controller_right,exp2_design_attribution,continuous_rotation,trial_001,event_001,exp1_system_characterization/continuous_rotation,216,215,0.9953703703703703,0.6560457348823547,5.7039251945407115
20260717_204943_controller_right,exp2_design_attribution,continuous_rotation,trial_001,event_001,exp1_system_characterization/continuous_rotation,216,216,1.0,0.6166177988052368,5.712955101978753
20260717_204943_controller_right,exp2_design_attribution,continuous_rotation,trial_001,event_002,exp1_system_characterization/continuous_rotation,185,1,0.005405405405405406,0.9680767059326172,4.178679044138873
20260717_204943_controller_right,exp2_design_attribution,continuous_rotation,trial_001,event_002,exp1_system_characterization/continuous_rotation,185,2,0.010810810810810811,0.9669344425201416,4.488949189274625
20260717_204943_controller_right,exp2_design_attribution,continuous_rotation,trial_001,event_002,exp1_system_characterization/continuous_rotation,185,3,0.016216216216216217,0.9664438366889954,3.9720671230547513
20260717_204943_controller_right,exp2_design_attribution,continuous_rotation,trial_001,event_002,exp1_system_characterization/continuous_rotation,185,4,0.021621621621621623,0.9647057056427002,3.691296244588103
20260717_204943_controller_right,exp2_design_attribution,continuous_rotation,trial_001,event_002,exp1_system_characterization/continuous_rotation,185,5,0.02702702702702703,0.964633584022522,3.59380387802806
20260717_204943_controller_right,exp2_design_attribution,continuous_rotation,trial_001,event_002,exp1_system_characterization/continuous_rotation,185,6,0.032432432432432434,0.9627985954284668,3.5867617849223286
20260717_204943_controller_right,exp2_design_attribution,continuous_rotation,trial_001,event_002,exp1_system_characterization/continuous_rotation,185,7,0.03783783783783784,0.9619154930114746,3.4492294807123334
20260717_204943_controller_right,exp2_design_attribution,continuous_rotation,trial_001,event_002,exp1_system_characterization/continuous_rotation,185,8,0.043243243243243246,0.9611135125160217,3.37730162772397
20260717_204943_controller_right,exp2_design_attribution,continuous_rotation,trial_001,event_002,exp1_system_characterization/continuous_rotation,185,9,0.04864864864864865,0.9609468579292297,3.38238549187911
20260717_204943_controller_right,exp2_design_attribution,continuous_rotation,trial_001,event_002,exp1_system_characterization/continuous_rotation,185,10,0.05405405405405406,0.9608917832374573,3.560226852241148
20260717_204943_controller_right,exp2_design_attribution,continuous_rotation,trial_001,event_002,exp1_system_characterization/continuous_rotation,185,11,0.05945945945945946,0.9601547122001648,3.639057808528344
20260717_204943_controller_right,exp2_design_attribution,continuous_rotation,trial_001,event_002,exp1_system_characterization/continuous_rotation,185,12,0.06486486486486487,0.9597440958023071,3.6663034792577105
20260717_204943_controller_right,exp2_design_attribution,continuous_rotation,trial_001,event_002,exp1_system_characterization/continuous_rotation,185,13,0.07027027027027027,0.9597147107124329,3.6738619078645667
20260717_204943_controller_right,exp2_design_attribution,continuous_rotation,trial_001,event_002,exp1_system_characterization/continuous_rotation,185,14,0.07567567567567568,0.9582504630088806,3.6890269685279535
20260717_204943_controller_right,exp2_design_attribution,continuous_rotation,trial_001,event_002,exp1_system_characterization/continuous_rotation,185,15,0.08108108108108109,0.9580472707748413,3.7151312378081722
20260717_204943_controller_right,exp2_design_attribution,continuous_rotation,trial_001,event_002,exp1_system_characterization/continuous_rotation,185,16,0.08648648648648649,0.9549978375434875,3.8581144190490946
20260717_204943_controller_right,exp2_design_attribution,continuous_rotation,trial_001,event_002,exp1_system_characterization/continuous_rotation,185,17,0.0918918918918919,0.954148530960083,3.8146373716465654
20260717_204943_controller_right,exp2_design_attribution,continuous_rotation,trial_001,event_002,exp1_system_characterization/continuous_rotation,185,18,0.0972972972972973,0.953933835029602,3.746032018139352
20260717_204943_controller_right,exp2_design_attribution,continuous_rotation,trial_001,event_002,exp1_system_characterization/continuous_rotation,185,19,0.10270270270270271,0.953292727470398,3.82681369320947
20260717_204943_controller_right,exp2_design_attribution,continuous_rotation,trial_001,event_002,exp1_system_characterization/continuous_rotation,185,20,0.10810810810810811,0.952481210231781,3.714595323668303
20260717_204943_controller_right,exp2_design_attribution,continuous_rotation,trial_001,event_002,exp1_system_characterization/continuous_rotation,185,21,0.11351351351351352,0.9505683779716492,3.802694071150865
20260717_204943_controller_right,exp2_design_attribution,continuous_rotation,trial_001,event_002,exp1_system_characterization/continuous_rotation,185,22,0.11891891891891893,0.9501538276672363,3.8388706720577677
20260717_204943_controller_right,exp2_design_attribution,continuous_rotation,trial_001,event_002,exp1_system_characterization/continuous_rotation,185,23,0.12432432432432433,0.9500948786735535,3.9188496825015444
20260717_204943_controller_right,exp2_design_attribution,continuous_rotation,trial_001,event_002,exp1_system_characterization/continuous_rotation,185,24,0.12972972972972974,0.9499824643135071,4.010391628054106
20260717_204943_controller_right,exp2_design_attribution,continuous_rotation,trial_001,event_002,exp1_system_characterization/continuous_rotation,185,25,0.13513513513513514,0.9495166540145874,4.033780802109273
20260717_204943_controller_right,exp2_design_attribution,continuous_rotation,trial_001,event_002,exp1_system_characterization/continuous_rotation,185,26,0.14054054054054055,0.9494004845619202,3.99962870332134
20260717_204943_controller_right,exp2_design_attribution,continuous_rotation,trial_001,event_002,exp1_system_characterization/continuous_rotation,185,27,0.14594594594594595,0.9492247700691223,4.063693397596965
20260717_204943_controller_right,exp2_design_attribution,continuous_rotation,trial_001,event_002,exp1_system_characterization/continuous_rotation,185,28,0.15135135135135136,0.948231041431427,4.037368336949386
20260717_204943_controller_right,exp2_design_attribution,continuous_rotation,trial_001,event_002,exp1_system_characterization/continuous_rotation,185,29,0.15675675675675677,0.9477687478065491,4.051677418438675
20260717_204943_controller_right,exp2_design_attribution,continuous_rotation,trial_001,event_002,exp1_system_characterization/continuous_rotation,185,30,0.16216216216216217,0.946932852268219,4.094578850532078
20260717_204943_controller_right,exp2_design_attribution,continuous_rotation,trial_001,event_002,exp1_system_characterization/continuous_rotation,185,31,0.16756756756756758,0.945982813835144,4.147116779164605
20260717_204943_controller_right,exp2_design_attribution,continuous_rotation,trial_001,event_002,exp1_system_characterization/continuous_rotation,185,32,0.17297297297297298,0.9448061585426331,4.167464624305834
20260717_204943_controller_right,exp2_design_attribution,continuous_rotation,trial_001,event_002,exp1_system_characterization/continuous_rotation,185,33,0.1783783783783784,0.9447315335273743,4.155441604914046
20260717_204943_controller_right,exp2_design_attribution,continuous_rotation,trial_001,event_002,exp1_system_characterization/continuous_rotation,185,34,0.1837837837837838,0.9442731738090515,4.120795327741555
20260717_204943_controller_right,exp2_design_attribution,continuous_rotation,trial_001,event_002,exp1_system_characterization/continuous_rotation,185,35,0.1891891891891892,0.9441052079200745,4.059902883593661
20260717_204943_controller_right,exp2_design_attribution,continuous_rotation,trial_001,event_002,exp1_system_characterization/continuous_rotation,185,36,0.1945945945945946,0.9437167644500732,4.075538455169134
20260717_204943_controller_right,exp2_design_attribution,continuous_rotation,trial_001,event_002,exp1_system_characterization/continuous_rotation,185,37,0.2,0.9437158703804016,4.1185933278222295
20260717_204943_controller_right,exp2_design_attribution,continuous_rotation,trial_001,event_002,exp1_system_characterization/continuous_rotation,185,38,0.20540540540540542,0.9435416460037231,4.139633014426002
20260717_204943_controller_right,exp2_design_attribution,continuous_rotation,trial_001,event_002,exp1_system_characterization/continuous_rotation,185,39,0.21081081081081082,0.9433050751686096,4.152270626256172
20260717_204943_controller_right,exp2_design_attribution,continuous_rotation,trial_001,event_002,exp1_system_characterization/continuous_rotation,185,40,0.21621621621621623,0.9424959421157837,4.192553251386298
20260717_204943_controller_right,exp2_design_attribution,continuous_rotation,trial_001,event_002,exp1_system_characterization/continuous_rotation,185,41,0.22162162162162163,0.9423590302467346,4.200823150661671
20260717_204943_controller_right,exp2_design_attribution,continuous_rotation,trial_001,event_002,exp1_system_characterization/continuous_rotation,185,42,0.22702702702702704,0.9416228532791138,4.217131267291499
20260717_204943_controller_right,exp2_design_attribution,continuous_rotation,trial_001,event_002,exp1_system_characterization/continuous_rotation,185,43,0.23243243243243245,0.9411178827285767,4.253650467546878
20260717_204943_controller_right,exp2_design_attribution,continuous_rotation,trial_001,event_002,exp1_system_characterization/continuous_rotation,185,44,0.23783783783783785,0.9411128759384155,4.265707531633471
20260717_204943_controller_right,exp2_design_attribution,continuous_rotation,trial_001,event_002,exp1_system_characterization/continuous_rotation,185,45,0.24324324324324326,0.9409462213516235,4.313823933351075
20260717_204943_controller_right,exp2_design_attribution,continuous_rotation,trial_001,event_002,exp1_system_characterization/continuous_rotation,185,46,0.24864864864864866,0.9409081935882568,4.3669819570457795
20260717_204943_controller_right,exp2_design_attribution,continuous_rotation,trial_001,event_002,exp1_system_characterization/continuous_rotation,185,47,0.25405405405405407,0.9406182765960693,4.368645186705982
20260717_204943_controller_right,exp2_design_attribution,continuous_rotation,trial_001,event_002,exp1_system_characterization/continuous_rotation,185,48,0.2594594594594595,0.9393348097801208,4.383880692803095
20260717_204943_controller_right,exp2_design_attribution,continuous_rotation,trial_001,event_002,exp1_system_characterization/continuous_rotation,185,49,0.2648648648648649,0.9393032193183899,4.419077552634199
20260717_204943_controller_right,exp2_design_attribution,continuous_rotation,trial_001,event_002,exp1_system_characterization/continuous_rotation,185,50,0.2702702702702703,0.9391545057296753,4.393901981865701
20260717_204943_controller_right,exp2_design_attribution,continuous_rotation,trial_001,event_002,exp1_system_characterization/continuous_rotation,185,51,0.2756756756756757,0.9390521049499512,4.4100253589741065
20260717_204943_controller_right,exp2_design_attribution,continuous_rotation,trial_001,event_002,exp1_system_characterization/continuous_rotation,185,52,0.2810810810810811,0.9387296438217163,4.382117637568902
20260717_204943_controller_right,exp2_design_attribution,continuous_rotation,trial_001,event_002,exp1_system_characterization/continuous_rotation,185,53,0.2864864864864865,0.9387222528457642,4.397343330052258
20260717_204943_controller_right,exp2_design_attribution,continuous_rotation,trial_001,event_002,exp1_system_characterization/continuous_rotation,185,54,0.2918918918918919,0.938703715801239,4.443676774636559
20260717_204943_controller_right,exp2_design_attribution,continuous_rotation,trial_001,event_002,exp1_system_characterization/continuous_rotation,185,55,0.2972972972972973,0.9383580088615417,4.475665212825004
20260717_204943_controller_right,exp2_design_attribution,continuous_rotation,trial_001,event_002,exp1_system_characterization/continuous_rotation,185,56,0.3027027027027027,0.9381910562515259,4.490432778705487
20260717_204943_controller_right,exp2_design_attribution,continuous_rotation,trial_001,event_002,exp1_system_characterization/continuous_rotation,185,57,0.3081081081081081,0.9380936622619629,4.512662829631134
20260717_204943_controller_right,exp2_design_attribution,continuous_rotation,trial_001,event_002,exp1_system_characterization/continuous_rotation,185,58,0.31351351351351353,0.9380102157592773,4.5314927193840955
20260717_204943_controller_right,exp2_design_attribution,continuous_rotation,trial_001,event_002,exp1_system_characterization/continuous_rotation,185,59,0.31891891891891894,0.9368675351142883,4.550604276868071
20260717_204943_controller_right,exp2_design_attribution,continuous_rotation,trial_001,event_002,exp1_system_characterization/continuous_rotation,185,60,0.32432432432432434,0.936450719833374,4.5465816831443115
20260717_204943_controller_right,exp2_design_attribution,continuous_rotation,trial_001,event_002,exp1_system_characterization/continuous_rotation,185,61,0.32972972972972975,0.9364045262336731,4.554649721986614
20260717_204943_controller_right,exp2_design_attribution,continuous_rotation,trial_001,event_002,exp1_system_characterization/continuous_rotation,185,62,0.33513513513513515,0.9357038140296936,4.566895009492823
20260717_204943_controller_right,exp2_design_attribution,continuous_rotation,trial_001,event_002,exp1_system_characterization/continuous_rotation,185,63,0.34054054054054056,0.9353712797164917,4.55131075347731
20260717_204943_controller_right,exp2_design_attribution,continuous_rotation,trial_001,event_002,exp1_system_characterization/continuous_rotation,185,64,0.34594594594594597,0.9345666766166687,4.589378756990241
20260717_204943_controller_right,exp2_design_attribution,continuous_rotation,trial_001,event_002,exp1_system_characterization/continuous_rotation,185,65,0.35135135135135137,0.9345150589942932,4.589893387784201
20260717_204943_controller_right,exp2_design_attribution,continuous_rotation,trial_001,event_002,exp1_system_characterization/continuous_rotation,185,66,0.3567567567567568,0.9342048764228821,4.5968370552035855
20260717_204943_controller_right,exp2_design_attribution,continuous_rotation,trial_001,event_002,exp1_system_characterization/continuous_rotation,185,67,0.3621621621621622,0.9334316849708557,4.624545931910684
20260717_204943_controller_right,exp2_design_attribution,continuous_rotation,trial_001,event_002,exp1_system_characterization/continuous_rotation,185,68,0.3675675675675676,0.9332628846168518,4.623182053820347
20260717_204943_controller_right,exp2_design_attribution,continuous_rotation,trial_001,event_002,exp1_system_characterization/continuous_rotation,185,69,0.372972972972973,0.9325712323188782,4.6331938062217235
20260717_204943_controller_right,exp2_design_attribution,continuous_rotation,trial_001,event_002,exp1_system_characterization/continuous_rotation,185,70,0.3783783783783784,0.9325152039527893,4.6580413017175895
20260717_204943_controller_right,exp2_design_attribution,continuous_rotation,trial_001,event_002,exp1_system_characterization/continuous_rotation,185,71,0.3837837837837838,0.9316784739494324,4.642437623784863
20260717_204943_controller_right,exp2_design_attribution,continuous_rotation,trial_001,event_002,exp1_system_characterization/continuous_rotation,185,72,0.3891891891891892,0.9308750033378601,4.667374722649971
20260717_204943_controller_right,exp2_design_attribution,continuous_rotation,trial_001,event_002,exp1_system_characterization/continuous_rotation,185,73,0.3945945945945946,0.9307194352149963,4.66924583353569
20260717_204943_controller_right,exp2_design_attribution,continuous_rotation,trial_001,event_002,exp1_system_characterization/continuous_rotation,185,74,0.4,0.9302820563316345,4.666352736508929
20260717_204943_controller_right,exp2_design_attribution,continuous_rotation,trial_001,event_002,exp1_system_characterization/continuous_rotation,185,75,0.40540540540540543,0.9288425445556641,4.658794574386894
20260717_204943_controller_right,exp2_design_attribution,continuous_rotation,trial_001,event_002,exp1_system_characterization/continuous_rotation,185,76,0.41081081081081083,0.9286670684814453,4.654282143856929
20260717_204943_controller_right,exp2_design_attribution,continuous_rotation,trial_001,event_002,exp1_system_characterization/continuous_rotation,185,77,0.41621621621621624,0.9283970594406128,4.651249292447484
20260717_204943_controller_right,exp2_design_attribution,continuous_rotation,trial_001,event_002,exp1_system_characterization/continuous_rotation,185,78,0.42162162162162165,0.9271385073661804,4.670372351643358
20260717_204943_controller_right,exp2_design_attribution,continuous_rotation,trial_001,event_002,exp1_system_characterization/continuous_rotation,185,79,0.42702702702702705,0.9265587329864502,4.678858770257479
20260717_204943_controller_right,exp2_design_attribution,continuous_rotation,trial_001,event_002,exp1_system_characterization/continuous_rotation,185,80,0.43243243243243246,0.9260641932487488,4.658432366492516
20260717_204943_controller_right,exp2_design_attribution,continuous_rotation,trial_001,event_002,exp1_system_characterization/continuous_rotation,185,81,0.43783783783783786,0.9250771999359131,4.644535231281903
20260717_204943_controller_right,exp2_design_attribution,continuous_rotation,trial_001,event_002,exp1_system_characterization/continuous_rotation,185,82,0.44324324324324327,0.9250003099441528,4.626614156436361
20260717_204943_controller_right,exp2_design_attribution,continuous_rotation,trial_001,event_002,exp1_system_characterization/continuous_rotation,185,83,0.4486486486486487,0.924618124961853,4.643951926488958
20260717_204943_controller_right,exp2_design_attribution,continuous_rotation,trial_001,event_002,exp1_system_characterization/continuous_rotation,185,84,0.4540540540540541,0.9235764145851135,4.6492275790353155
20260717_204943_controller_right,exp2_design_attribution,continuous_rotation,trial_001,event_002,exp1_system_characterization/continuous_rotation,185,85,0.4594594594594595,0.9213809967041016,4.655815236162887
20260717_204943_controller_right,exp2_design_attribution,continuous_rotation,trial_001,event_002,exp1_system_characterization/continuous_rotation,185,86,0.4648648648648649,0.9194833636283875,4.670522905179623
20260717_204943_controller_right,exp2_design_attribution,continuous_rotation,trial_001,event_002,exp1_system_characterization/continuous_rotation,185,87,0.4702702702702703,0.917897641658783,4.689100186560316
20260717_204943_controller_right,exp2_design_attribution,continuous_rotation,trial_001,event_002,exp1_system_characterization/continuous_rotation,185,88,0.4756756756756757,0.9178146123886108,4.680993238432924
20260717_204943_controller_right,exp2_design_attribution,continuous_rotation,trial_001,event_002,exp1_system_characterization/continuous_rotation,185,89,0.4810810810810811,0.9136871695518494,4.693791034223904
20260717_204943_controller_right,exp2_design_attribution,continuous_rotation,trial_001,event_002,exp1_system_characterization/continuous_rotation,185,90,0.4864864864864865,0.9108206629753113,4.699319933985221
20260717_204943_controller_right,exp2_design_attribution,continuous_rotation,trial_001,event_002,exp1_system_characterization/continuous_rotation,185,91,0.4918918918918919,0.9103150367736816,4.7123242360488815
20260717_204943_controller_right,exp2_design_attribution,continuous_rotation,trial_001,event_002,exp1_system_characterization/continuous_rotation,185,92,0.4972972972972973,0.9097877144813538,4.713271994892342
20260717_204943_controller_right,exp2_design_attribution,continuous_rotation,trial_001,event_002,exp1_system_characterization/continuous_rotation,185,93,0.5027027027027027,0.9096181988716125,4.711136586537482
20260717_204943_controller_right,exp2_design_attribution,continuous_rotation,trial_001,event_002,exp1_system_characterization/continuous_rotation,185,94,0.5081081081081081,0.9081732034683228,4.694851029237102
20260717_204943_controller_right,exp2_design_attribution,continuous_rotation,trial_001,event_002,exp1_system_characterization/continuous_rotation,185,95,0.5135135135135135,0.9073958992958069,4.686351278531567
20260717_204943_controller_right,exp2_design_attribution,continuous_rotation,trial_001,event_002,exp1_system_characterization/continuous_rotation,185,96,0.518918918918919,0.9012877345085144,4.705447389175806
20260717_204943_controller_right,exp2_design_attribution,continuous_rotation,trial_001,event_002,exp1_system_characterization/continuous_rotation,185,97,0.5243243243243243,0.8990503549575806,4.709855419247216
20260717_204943_controller_right,exp2_design_attribution,continuous_rotation,trial_001,event_002,exp1_system_characterization/continuous_rotation,185,98,0.5297297297297298,0.8961946368217468,4.703981722894959
20260717_204943_controller_right,exp2_design_attribution,continuous_rotation,trial_001,event_002,exp1_system_characterization/continuous_rotation,185,99,0.5351351351351351,0.8931778073310852,4.71733736215948
20260717_204943_controller_right,exp2_design_attribution,continuous_rotation,trial_001,event_002,exp1_system_characterization/continuous_rotation,185,100,0.5405405405405406,0.8926275372505188,4.713537119667043
20260717_204943_controller_right,exp2_design_attribution,continuous_rotation,trial_001,event_002,exp1_system_characterization/continuous_rotation,185,101,0.5459459459459459,0.8837035298347473,4.726179889385756
20260717_204943_controller_right,exp2_design_attribution,continuous_rotation,trial_001,event_002,exp1_system_characterization/continuous_rotation,185,102,0.5513513513513514,0.8831494450569153,4.724553212240599
20260717_204943_controller_right,exp2_design_attribution,continuous_rotation,trial_001,event_002,exp1_system_characterization/continuous_rotation,185,103,0.5567567567567567,0.8826931715011597,4.718369115464658
20260717_204943_controller_right,exp2_design_attribution,continuous_rotation,trial_001,event_002,exp1_system_characterization/continuous_rotation,185,104,0.5621621621621622,0.8825264573097229,4.741915514750885
20260717_204943_controller_right,exp2_design_attribution,continuous_rotation,trial_001,event_002,exp1_system_characterization/continuous_rotation,185,105,0.5675675675675675,0.8823806047439575,4.7488979717048405
20260717_204943_controller_right,exp2_design_attribution,continuous_rotation,trial_001,event_002,exp1_system_characterization/continuous_rotation,185,106,0.572972972972973,0.8816038370132446,4.764532754935217
20260717_204943_controller_right,exp2_design_attribution,continuous_rotation,trial_001,event_002,exp1_system_characterization/continuous_rotation,185,107,0.5783783783783784,0.8794664740562439,4.764425220494245
20260717_204943_controller_right,exp2_design_attribution,continuous_rotation,trial_001,event_002,exp1_system_characterization/continuous_rotation,185,108,0.5837837837837838,0.8786965608596802,4.76370453612055
20260717_204943_controller_right,exp2_design_attribution,continuous_rotation,trial_001,event_002,exp1_system_characterization/continuous_rotation,185,109,0.5891891891891892,0.877362847328186,4.769265167090952
20260717_204943_controller_right,exp2_design_attribution,continuous_rotation,trial_001,event_002,exp1_system_characterization/continuous_rotation,185,110,0.5945945945945946,0.8741235136985779,4.767759923016525
20260717_204943_controller_right,exp2_design_attribution,continuous_rotation,trial_001,event_002,exp1_system_characterization/continuous_rotation,185,111,0.6,0.8738137483596802,4.785253582698839
20260717_204943_controller_right,exp2_design_attribution,continuous_rotation,trial_001,event_002,exp1_system_characterization/continuous_rotation,185,112,0.6054054054054054,0.8682523369789124,4.7797311073155635
20260717_204943_controller_right,exp2_design_attribution,continuous_rotation,trial_001,event_002,exp1_system_characterization/continuous_rotation,185,113,0.6108108108108108,0.8674559593200684,4.816155873551284
20260717_204943_controller_right,exp2_design_attribution,continuous_rotation,trial_001,event_002,exp1_system_characterization/continuous_rotation,185,114,0.6162162162162163,0.8659248948097229,4.820068466968038
20260717_204943_controller_right,exp2_design_attribution,continuous_rotation,trial_001,event_002,exp1_system_characterization/continuous_rotation,185,115,0.6216216216216216,0.8656399250030518,4.847064028953129
20260717_204943_controller_right,exp2_design_attribution,continuous_rotation,trial_001,event_002,exp1_system_characterization/continuous_rotation,185,116,0.6270270270270271,0.8601564764976501,4.8502051222515306
20260717_204943_controller_right,exp2_design_attribution,continuous_rotation,trial_001,event_002,exp1_system_characterization/continuous_rotation,185,117,0.6324324324324324,0.8570948243141174,4.845174599936885
20260717_204943_controller_right,exp2_design_attribution,continuous_rotation,trial_001,event_002,exp1_system_characterization/continuous_rotation,185,118,0.6378378378378379,0.8568044304847717,4.871221858913502
20260717_204943_controller_right,exp2_design_attribution,continuous_rotation,trial_001,event_002,exp1_system_characterization/continuous_rotation,185,119,0.6432432432432432,0.856299102306366,4.864259571497916
20260717_204943_controller_right,exp2_design_attribution,continuous_rotation,trial_001,event_002,exp1_system_characterization/continuous_rotation,185,120,0.6486486486486487,0.8536159992218018,4.875594455207733
20260717_204943_controller_right,exp2_design_attribution,continuous_rotation,trial_001,event_002,exp1_system_characterization/continuous_rotation,185,121,0.654054054054054,0.8534238934516907,4.893207745619684
20260717_204943_controller_right,exp2_design_attribution,continuous_rotation,trial_001,event_002,exp1_system_characterization/continuous_rotation,185,122,0.6594594594594595,0.8494749069213867,4.879471727586085
20260717_204943_controller_right,exp2_design_attribution,continuous_rotation,trial_001,event_002,exp1_system_characterization/continuous_rotation,185,123,0.6648648648648648,0.8488140106201172,4.869047222723842
20260717_204943_controller_right,exp2_design_attribution,continuous_rotation,trial_001,event_002,exp1_system_characterization/continuous_rotation,185,124,0.6702702702702703,0.848202109336853,4.910399387817715
20260717_204943_controller_right,exp2_design_attribution,continuous_rotation,trial_001,event_002,exp1_system_characterization/continuous_rotation,185,125,0.6756756756756757,0.84675532579422,4.9197278651815015
20260717_204943_controller_right,exp2_design_attribution,continuous_rotation,trial_001,event_002,exp1_system_characterization/continuous_rotation,185,126,0.6810810810810811,0.8464880585670471,4.943101804294494
20260717_204943_controller_right,exp2_design_attribution,continuous_rotation,trial_001,event_002,exp1_system_characterization/continuous_rotation,185,127,0.6864864864864865,0.846465528011322,4.930357539793287
20260717_204943_controller_right,exp2_design_attribution,continuous_rotation,trial_001,event_002,exp1_system_characterization/continuous_rotation,185,128,0.6918918918918919,0.8447908163070679,4.95264750389916
20260717_204943_controller_right,exp2_design_attribution,continuous_rotation,trial_001,event_002,exp1_system_characterization/continuous_rotation,185,129,0.6972972972972973,0.8413365483283997,4.995842605828079
20260717_204943_controller_right,exp2_design_attribution,continuous_rotation,trial_001,event_002,exp1_system_characterization/continuous_rotation,185,130,0.7027027027027027,0.8408785462379456,4.993547964403698
20260717_204943_controller_right,exp2_design_attribution,continuous_rotation,trial_001,event_002,exp1_system_characterization/continuous_rotation,185,131,0.7081081081081081,0.8397982716560364,5.003863847295137
20260717_204943_controller_right,exp2_design_attribution,continuous_rotation,trial_001,event_002,exp1_system_characterization/continuous_rotation,185,132,0.7135135135135136,0.8377463817596436,5.0194526393328704
20260717_204943_controller_right,exp2_design_attribution,continuous_rotation,trial_001,event_002,exp1_system_characterization/continuous_rotation,185,133,0.7189189189189189,0.8350316882133484,5.009065375864366
20260717_204943_controller_right,exp2_design_attribution,continuous_rotation,trial_001,event_002,exp1_system_characterization/continuous_rotation,185,134,0.7243243243243244,0.8327993154525757,5.016160405935634
20260717_204943_controller_right,exp2_design_attribution,continuous_rotation,trial_001,event_002,exp1_system_characterization/continuous_rotation,185,135,0.7297297297297297,0.8323209285736084,5.024233110640652
20260717_204943_controller_right,exp2_design_attribution,continuous_rotation,trial_001,event_002,exp1_system_characterization/continuous_rotation,185,136,0.7351351351351352,0.8320619463920593,5.026210178733582
20260717_204943_controller_right,exp2_design_attribution,continuous_rotation,trial_001,event_002,exp1_system_characterization/continuous_rotation,185,137,0.7405405405405405,0.8304137587547302,5.053503663151067
20260717_204943_controller_right,exp2_design_attribution,continuous_rotation,trial_001,event_002,exp1_system_characterization/continuous_rotation,185,138,0.745945945945946,0.8301816582679749,5.0468861459099745
20260717_204943_controller_right,exp2_design_attribution,continuous_rotation,trial_001,event_002,exp1_system_characterization/continuous_rotation,185,139,0.7513513513513513,0.8301258683204651,5.0818884211507385
20260717_204943_controller_right,exp2_design_attribution,continuous_rotation,trial_001,event_002,exp1_system_characterization/continuous_rotation,185,140,0.7567567567567568,0.8297877907752991,5.079308348476377
20260717_204943_controller_right,exp2_design_attribution,continuous_rotation,trial_001,event_002,exp1_system_characterization/continuous_rotation,185,141,0.7621621621621621,0.8297065496444702,5.08709183556301
20260717_204943_controller_right,exp2_design_attribution,continuous_rotation,trial_001,event_002,exp1_system_characterization/continuous_rotation,185,142,0.7675675675675676,0.8287577033042908,5.094962384027286
20260717_204943_controller_right,exp2_design_attribution,continuous_rotation,trial_001,event_002,exp1_system_characterization/continuous_rotation,185,143,0.772972972972973,0.8269280195236206,5.086689513451733
20260717_204943_controller_right,exp2_design_attribution,continuous_rotation,trial_001,event_002,exp1_system_characterization/continuous_rotation,185,144,0.7783783783783784,0.8269079923629761,5.10938399549387
20260717_204943_controller_right,exp2_design_attribution,continuous_rotation,trial_001,event_002,exp1_system_characterization/continuous_rotation,185,145,0.7837837837837838,0.8264480233192444,5.156410155101355
20260717_204943_controller_right,exp2_design_attribution,continuous_rotation,trial_001,event_002,exp1_system_characterization/continuous_rotation,185,146,0.7891891891891892,0.8259180188179016,5.161216165149685
20260717_204943_controller_right,exp2_design_attribution,continuous_rotation,trial_001,event_002,exp1_system_characterization/continuous_rotation,185,147,0.7945945945945946,0.8236904144287109,5.171605252843615
20260717_204943_controller_right,exp2_design_attribution,continuous_rotation,trial_001,event_002,exp1_system_characterization/continuous_rotation,185,148,0.8,0.8209059238433838,5.178588701525034
20260717_204943_controller_right,exp2_design_attribution,continuous_rotation,trial_001,event_002,exp1_system_characterization/continuous_rotation,185,149,0.8054054054054054,0.8201953172683716,5.198084111257074
20260717_204943_controller_right,exp2_design_attribution,continuous_rotation,trial_001,event_002,exp1_system_characterization/continuous_rotation,185,150,0.8108108108108109,0.8180096745491028,5.209487857447653
20260717_204943_controller_right,exp2_design_attribution,continuous_rotation,trial_001,event_002,exp1_system_characterization/continuous_rotation,185,151,0.8162162162162162,0.8160892724990845,5.219515996850823
20260717_204943_controller_right,exp2_design_attribution,continuous_rotation,trial_001,event_002,exp1_system_characterization/continuous_rotation,185,152,0.8216216216216217,0.8151867985725403,5.222818237173216
20260717_204943_controller_right,exp2_design_attribution,continuous_rotation,trial_001,event_002,exp1_system_characterization/continuous_rotation,185,153,0.827027027027027,0.8150601387023926,5.243997388004157
20260717_204943_controller_right,exp2_design_attribution,continuous_rotation,trial_001,event_002,exp1_system_characterization/continuous_rotation,185,154,0.8324324324324325,0.8149002194404602,5.2669328336286725
20260717_204943_controller_right,exp2_design_attribution,continuous_rotation,trial_001,event_002,exp1_system_characterization/continuous_rotation,185,155,0.8378378378378378,0.8063210844993591,5.276256503209745
20260717_204943_controller_right,exp2_design_attribution,continuous_rotation,trial_001,event_002,exp1_system_characterization/continuous_rotation,185,156,0.8432432432432433,0.8035240769386292,5.280024101023384
20260717_204943_controller_right,exp2_design_attribution,continuous_rotation,trial_001,event_002,exp1_system_characterization/continuous_rotation,185,157,0.8486486486486486,0.8020708560943604,5.286893942301614
20260717_204943_controller_right,exp2_design_attribution,continuous_rotation,trial_001,event_002,exp1_system_characterization/continuous_rotation,185,158,0.8540540540540541,0.7989445924758911,5.290533684278722
20260717_204943_controller_right,exp2_design_attribution,continuous_rotation,trial_001,event_002,exp1_system_characterization/continuous_rotation,185,159,0.8594594594594595,0.7969954013824463,5.298192065898932
20260717_204943_controller_right,exp2_design_attribution,continuous_rotation,trial_001,event_002,exp1_system_characterization/continuous_rotation,185,160,0.8648648648648649,0.7929826378822327,5.295542597560987
20260717_204943_controller_right,exp2_design_attribution,continuous_rotation,trial_001,event_002,exp1_system_characterization/continuous_rotation,185,161,0.8702702702702703,0.7870789766311646,5.299796972519617
20260717_204943_controller_right,exp2_design_attribution,continuous_rotation,trial_001,event_002,exp1_system_characterization/continuous_rotation,185,162,0.8756756756756757,0.7868247628211975,5.300437925603619
20260717_204943_controller_right,exp2_design_attribution,continuous_rotation,trial_001,event_002,exp1_system_characterization/continuous_rotation,185,163,0.8810810810810811,0.785015881061554,5.298249652647556
20260717_204943_controller_right,exp2_design_attribution,continuous_rotation,trial_001,event_002,exp1_system_characterization/continuous_rotation,185,164,0.8864864864864865,0.784895658493042,5.291169881060546
20260717_204943_controller_right,exp2_design_attribution,continuous_rotation,trial_001,event_002,exp1_system_characterization/continuous_rotation,185,165,0.8918918918918919,0.7811434268951416,5.300657229767746
20260717_204943_controller_right,exp2_design_attribution,continuous_rotation,trial_001,event_002,exp1_system_characterization/continuous_rotation,185,166,0.8972972972972973,0.7806113958358765,5.302590866625507
20260717_204943_controller_right,exp2_design_attribution,continuous_rotation,trial_001,event_002,exp1_system_characterization/continuous_rotation,185,167,0.9027027027027027,0.7748371958732605,5.303146640500215
20260717_204943_controller_right,exp2_design_attribution,continuous_rotation,trial_001,event_002,exp1_system_characterization/continuous_rotation,185,168,0.9081081081081082,0.7726081609725952,5.304267258142862
20260717_204943_controller_right,exp2_design_attribution,continuous_rotation,trial_001,event_002,exp1_system_characterization/continuous_rotation,185,169,0.9135135135135135,0.7646425366401672,5.299047665180571
20260717_204943_controller_right,exp2_design_attribution,continuous_rotation,trial_001,event_002,exp1_system_characterization/continuous_rotation,185,170,0.918918918918919,0.7629947662353516,5.301081935445267
20260717_204943_controller_right,exp2_design_attribution,continuous_rotation,trial_001,event_002,exp1_system_characterization/continuous_rotation,185,171,0.9243243243243243,0.7589294910430908,5.30772876754023
20260717_204943_controller_right,exp2_design_attribution,continuous_rotation,trial_001,event_002,exp1_system_characterization/continuous_rotation,185,172,0.9297297297297298,0.7569223046302795,5.3535065696635975
20260717_204943_controller_right,exp2_design_attribution,continuous_rotation,trial_001,event_002,exp1_system_characterization/continuous_rotation,185,173,0.9351351351351351,0.7527353763580322,5.374408050345321
20260717_204943_controller_right,exp2_design_attribution,continuous_rotation,trial_001,event_002,exp1_system_characterization/continuous_rotation,185,174,0.9405405405405406,0.7515888810157776,5.383461990927828
20260717_204943_controller_right,exp2_design_attribution,continuous_rotation,trial_001,event_002,exp1_system_characterization/continuous_rotation,185,175,0.9459459459459459,0.7468904852867126,5.4003904858033165
20260717_204943_controller_right,exp2_design_attribution,continuous_rotation,trial_001,event_002,exp1_system_characterization/continuous_rotation,185,176,0.9513513513513514,0.7438119649887085,5.416975657974571
20260717_204943_controller_right,exp2_design_attribution,continuous_rotation,trial_001,event_002,exp1_system_characterization/continuous_rotation,185,177,0.9567567567567568,0.7436464428901672,5.4378511682444595
20260717_204943_controller_right,exp2_design_attribution,continuous_rotation,trial_001,event_002,exp1_system_characterization/continuous_rotation,185,178,0.9621621621621622,0.7416240572929382,5.450599174847984
20260717_204943_controller_right,exp2_design_attribution,continuous_rotation,trial_001,event_002,exp1_system_characterization/continuous_rotation,185,179,0.9675675675675676,0.7387690544128418,5.462876282942317
20260717_204943_controller_right,exp2_design_attribution,continuous_rotation,trial_001,event_002,exp1_system_characterization/continuous_rotation,185,180,0.972972972972973,0.7360514998435974,5.487045340210713
20260717_204943_controller_right,exp2_design_attribution,continuous_rotation,trial_001,event_002,exp1_system_characterization/continuous_rotation,185,181,0.9783783783783784,0.734933614730835,5.493080820169781
20260717_204943_controller_right,exp2_design_attribution,continuous_rotation,trial_001,event_002,exp1_system_characterization/continuous_rotation,185,182,0.9837837837837838,0.7333090901374817,5.515017431304576
20260717_204943_controller_right,exp2_design_attribution,continuous_rotation,trial_001,event_002,exp1_system_characterization/continuous_rotation,185,183,0.9891891891891892,0.7266036868095398,5.548995989636433
20260717_204943_controller_right,exp2_design_attribution,continuous_rotation,trial_001,event_002,exp1_system_characterization/continuous_rotation,185,184,0.9945945945945946,0.7113087773323059,5.557240979082306
20260717_204943_controller_right,exp2_design_attribution,continuous_rotation,trial_001,event_002,exp1_system_characterization/continuous_rotation,185,185,1.0,0.6945639252662659,5.5838590807834825
20260717_204943_controller_right,exp2_design_attribution,continuous_rotation,trial_001,event_003,exp1_system_characterization/continuous_rotation,227,1,0.004405286343612335,0.9568304419517517,4.258087215878116
20260717_204943_controller_right,exp2_design_attribution,continuous_rotation,trial_001,event_003,exp1_system_characterization/continuous_rotation,227,2,0.00881057268722467,0.9519245624542236,4.697789719339292
20260717_204943_controller_right,exp2_design_attribution,continuous_rotation,trial_001,event_003,exp1_system_characterization/continuous_rotation,227,3,0.013215859030837005,0.9516542553901672,4.33977359321772
20260717_204943_controller_right,exp2_design_attribution,continuous_rotation,trial_001,event_003,exp1_system_characterization/continuous_rotation,227,4,0.01762114537444934,0.9497649073600769,4.622017579970759
20260717_204943_controller_right,exp2_design_attribution,continuous_rotation,trial_001,event_003,exp1_system_characterization/continuous_rotation,227,5,0.022026431718061675,0.9477462768554688,4.676423666665795
20260717_204943_controller_right,exp2_design_attribution,continuous_rotation,trial_001,event_003,exp1_system_characterization/continuous_rotation,227,6,0.02643171806167401,0.9466427564620972,4.73017194951145
20260717_204943_controller_right,exp2_design_attribution,continuous_rotation,trial_001,event_003,exp1_system_characterization/continuous_rotation,227,7,0.030837004405286344,0.9466312527656555,4.712665043969596
20260717_204943_controller_right,exp2_design_attribution,continuous_rotation,trial_001,event_003,exp1_system_characterization/continuous_rotation,227,8,0.03524229074889868,0.9453350305557251,4.880702614914813
20260717_204943_controller_right,exp2_design_attribution,continuous_rotation,trial_001,event_003,exp1_system_characterization/continuous_rotation,227,9,0.039647577092511016,0.9447243809700012,4.946893178970578
20260717_204943_controller_right,exp2_design_attribution,continuous_rotation,trial_001,event_003,exp1_system_characterization/continuous_rotation,227,10,0.04405286343612335,0.9445077180862427,4.919695271667574
20260717_204943_controller_right,exp2_design_attribution,continuous_rotation,trial_001,event_003,exp1_system_characterization/continuous_rotation,227,11,0.048458149779735685,0.9380693435668945,4.906386611500501
20260717_204943_controller_right,exp2_design_attribution,continuous_rotation,trial_001,event_003,exp1_system_characterization/continuous_rotation,227,12,0.05286343612334802,0.9366423487663269,4.864120707478379
20260717_204943_controller_right,exp2_design_attribution,continuous_rotation,trial_001,event_003,exp1_system_characterization/continuous_rotation,227,13,0.05726872246696035,0.935401439666748,4.80085692782561
20260717_204943_controller_right,exp2_design_attribution,continuous_rotation,trial_001,event_003,exp1_system_characterization/continuous_rotation,227,14,0.06167400881057269,0.9344365000724792,4.801377336364282
20260717_204943_controller_right,exp2_design_attribution,continuous_rotation,trial_001,event_003,exp1_system_characterization/continuous_rotation,227,15,0.06607929515418502,0.9342553019523621,4.801311183476611
20260717_204943_controller_right,exp2_design_attribution,continuous_rotation,trial_001,event_003,exp1_system_characterization/continuous_rotation,227,16,0.07048458149779736,0.9340770840644836,4.78890035923196
20260717_204943_controller_right,exp2_design_attribution,continuous_rotation,trial_001,event_003,exp1_system_characterization/continuous_rotation,227,17,0.07488986784140969,0.9338369369506836,4.79167950291136
20260717_204943_controller_right,exp2_design_attribution,continuous_rotation,trial_001,event_003,exp1_system_characterization/continuous_rotation,227,18,0.07929515418502203,0.9316935539245605,4.810030102153783
20260717_204943_controller_right,exp2_design_attribution,continuous_rotation,trial_001,event_003,exp1_system_characterization/continuous_rotation,227,19,0.08370044052863436,0.9314318895339966,4.816500161611501
20260717_204943_controller_right,exp2_design_attribution,continuous_rotation,trial_001,event_003,exp1_system_characterization/continuous_rotation,227,20,0.0881057268722467,0.9313541650772095,4.81984121752904
20260717_204943_controller_right,exp2_design_attribution,continuous_rotation,trial_001,event_003,exp1_system_characterization/continuous_rotation,227,21,0.09251101321585903,0.930866003036499,4.772343265424125
20260717_204943_controller_right,exp2_design_attribution,continuous_rotation,trial_001,event_003,exp1_system_characterization/continuous_rotation,227,22,0.09691629955947137,0.9305372834205627,4.768751344924376
20260717_204943_controller_right,exp2_design_attribution,continuous_rotation,trial_001,event_003,exp1_system_characterization/continuous_rotation,227,23,0.1013215859030837,0.9304576516151428,4.852281723598353
20260717_204943_controller_right,exp2_design_attribution,continuous_rotation,trial_001,event_003,exp1_system_characterization/continuous_rotation,227,24,0.10572687224669604,0.9304564595222473,4.861345857424656
20260717_204943_controller_right,exp2_design_attribution,continuous_rotation,trial_001,event_003,exp1_system_characterization/continuous_rotation,227,25,0.11013215859030837,0.9298328161239624,4.857421010758564
20260717_204943_controller_right,exp2_design_attribution,continuous_rotation,trial_001,event_003,exp1_system_characterization/continuous_rotation,227,26,0.1145374449339207,0.929642379283905,4.855634806871032
20260717_204943_controller_right,exp2_design_attribution,continuous_rotation,trial_001,event_003,exp1_system_characterization/continuous_rotation,227,27,0.11894273127753303,0.9295682907104492,4.8484495364008255
20260717_204943_controller_right,exp2_design_attribution,continuous_rotation,trial_001,event_003,exp1_system_characterization/continuous_rotation,227,28,0.12334801762114538,0.9292460083961487,4.872637834978124
20260717_204943_controller_right,exp2_design_attribution,continuous_rotation,trial_001,event_003,exp1_system_characterization/continuous_rotation,227,29,0.1277533039647577,0.9287485480308533,4.878293828532596
20260717_204943_controller_right,exp2_design_attribution,continuous_rotation,trial_001,event_003,exp1_system_characterization/continuous_rotation,227,30,0.13215859030837004,0.9284902811050415,4.875422377868195
20260717_204943_controller_right,exp2_design_attribution,continuous_rotation,trial_001,event_003,exp1_system_characterization/continuous_rotation,227,31,0.13656387665198239,0.9281218647956848,4.880434751548979
20260717_204943_controller_right,exp2_design_attribution,continuous_rotation,trial_001,event_003,exp1_system_characterization/continuous_rotation,227,32,0.14096916299559473,0.9276881814002991,4.877161164198239
20260717_204943_controller_right,exp2_design_attribution,continuous_rotation,trial_001,event_003,exp1_system_characterization/continuous_rotation,227,33,0.14537444933920704,0.9265587329864502,4.867928376776086
20260717_204943_controller_right,exp2_design_attribution,continuous_rotation,trial_001,event_003,exp1_system_characterization/continuous_rotation,227,34,0.14977973568281938,0.9260591864585876,4.872326789517232
20260717_204943_controller_right,exp2_design_attribution,continuous_rotation,trial_001,event_003,exp1_system_characterization/continuous_rotation,227,35,0.15418502202643172,0.9258487224578857,4.9410775939351375
20260717_204943_controller_right,exp2_design_attribution,continuous_rotation,trial_001,event_003,exp1_system_characterization/continuous_rotation,227,36,0.15859030837004406,0.9252761006355286,4.927005901368787
20260717_204943_controller_right,exp2_design_attribution,continuous_rotation,trial_001,event_003,exp1_system_characterization/continuous_rotation,227,37,0.16299559471365638,0.9243366122245789,4.949245477355404
20260717_204943_controller_right,exp2_design_attribution,continuous_rotation,trial_001,event_003,exp1_system_characterization/continuous_rotation,227,38,0.16740088105726872,0.922495424747467,4.979015678314663
20260717_204943_controller_right,exp2_design_attribution,continuous_rotation,trial_001,event_003,exp1_system_characterization/continuous_rotation,227,39,0.17180616740088106,0.9213440418243408,4.972260049020371
20260717_204943_controller_right,exp2_design_attribution,continuous_rotation,trial_001,event_003,exp1_system_characterization/continuous_rotation,227,40,0.1762114537444934,0.9207990765571594,4.968229362513459
20260717_204943_controller_right,exp2_design_attribution,continuous_rotation,trial_001,event_003,exp1_system_characterization/continuous_rotation,227,41,0.18061674008810572,0.920773983001709,5.090935749722643
20260717_204943_controller_right,exp2_design_attribution,continuous_rotation,trial_001,event_003,exp1_system_characterization/continuous_rotation,227,42,0.18502202643171806,0.9206699132919312,5.174368459678101
20260717_204943_controller_right,exp2_design_attribution,continuous_rotation,trial_001,event_003,exp1_system_characterization/continuous_rotation,227,43,0.1894273127753304,0.9193670749664307,5.16708082441117
20260717_204943_controller_right,exp2_design_attribution,continuous_rotation,trial_001,event_003,exp1_system_characterization/continuous_rotation,227,44,0.19383259911894274,0.9189491271972656,5.245906330932397
20260717_204943_controller_right,exp2_design_attribution,continuous_rotation,trial_001,event_003,exp1_system_characterization/continuous_rotation,227,45,0.19823788546255505,0.9188528060913086,5.370360578223876
20260717_204943_controller_right,exp2_design_attribution,continuous_rotation,trial_001,event_003,exp1_system_characterization/continuous_rotation,227,46,0.2026431718061674,0.9186388254165649,5.461071794452221
20260717_204943_controller_right,exp2_design_attribution,continuous_rotation,trial_001,event_003,exp1_system_characterization/continuous_rotation,227,47,0.20704845814977973,0.9184480309486389,5.557899650133346
20260717_204943_controller_right,exp2_design_attribution,continuous_rotation,trial_001,event_003,exp1_system_characterization/continuous_rotation,227,48,0.21145374449339208,0.918111264705658,5.634903508203796
20260717_204943_controller_right,exp2_design_attribution,continuous_rotation,trial_001,event_003,exp1_system_characterization/continuous_rotation,227,49,0.21585903083700442,0.917513370513916,5.781773208970752
20260717_204943_controller_right,exp2_design_attribution,continuous_rotation,trial_001,event_003,exp1_system_characterization/continuous_rotation,227,50,0.22026431718061673,0.9171354174613953,5.807262567069671
20260717_204943_controller_right,exp2_design_attribution,continuous_rotation,trial_001,event_003,exp1_system_characterization/continuous_rotation,227,51,0.22466960352422907,0.9168583750724792,5.819756938956953
20260717_204943_controller_right,exp2_design_attribution,continuous_rotation,trial_001,event_003,exp1_system_characterization/continuous_rotation,227,52,0.2290748898678414,0.9166153073310852,5.7901077030607375
20260717_204943_controller_right,exp2_design_attribution,continuous_rotation,trial_001,event_003,exp1_system_characterization/continuous_rotation,227,53,0.23348017621145375,0.9162344932556152,5.863149032524306
20260717_204943_controller_right,exp2_design_attribution,continuous_rotation,trial_001,event_003,exp1_system_characterization/continuous_rotation,227,54,0.23788546255506607,0.9149501919746399,5.916894582137648
20260717_204943_controller_right,exp2_design_attribution,continuous_rotation,trial_001,event_003,exp1_system_characterization/continuous_rotation,227,55,0.2422907488986784,0.9149209856987,5.892940185268464
20260717_204943_controller_right,exp2_design_attribution,continuous_rotation,trial_001,event_003,exp1_system_characterization/continuous_rotation,227,56,0.24669603524229075,0.9142635464668274,5.963914213901606
20260717_204943_controller_right,exp2_design_attribution,continuous_rotation,trial_001,event_003,exp1_system_characterization/continuous_rotation,227,57,0.2511013215859031,0.9139446020126343,6.037676350624284
20260717_204943_controller_right,exp2_design_attribution,continuous_rotation,trial_001,event_003,exp1_system_characterization/continuous_rotation,227,58,0.2555066079295154,0.9139080047607422,6.056896836208004
20260717_204943_controller_right,exp2_design_attribution,continuous_rotation,trial_001,event_003,exp1_system_characterization/continuous_rotation,227,59,0.2599118942731278,0.9128378033638,6.148529469498416
20260717_204943_controller_right,exp2_design_attribution,continuous_rotation,trial_001,event_003,exp1_system_characterization/continuous_rotation,227,60,0.2643171806167401,0.9124873876571655,6.11289565273538
20260717_204943_controller_right,exp2_design_attribution,continuous_rotation,trial_001,event_003,exp1_system_characterization/continuous_rotation,227,61,0.2687224669603524,0.9113389849662781,6.0870200321423376
20260717_204943_controller_right,exp2_design_attribution,continuous_rotation,trial_001,event_003,exp1_system_characterization/continuous_rotation,227,62,0.27312775330396477,0.911224365234375,6.1201337084917995
20260717_204943_controller_right,exp2_design_attribution,continuous_rotation,trial_001,event_003,exp1_system_characterization/continuous_rotation,227,63,0.2775330396475771,0.9110812544822693,6.115483587779772
20260717_204943_controller_right,exp2_design_attribution,continuous_rotation,trial_001,event_003,exp1_system_characterization/continuous_rotation,227,64,0.28193832599118945,0.9103999137878418,6.084742609309103
20260717_204943_controller_right,exp2_design_attribution,continuous_rotation,trial_001,event_003,exp1_system_characterization/continuous_rotation,227,65,0.28634361233480177,0.9053848385810852,6.055520964165263
20260717_204943_controller_right,exp2_design_attribution,continuous_rotation,trial_001,event_003,exp1_system_characterization/continuous_rotation,227,66,0.2907488986784141,0.9050722122192383,6.026622180546217
20260717_204943_controller_right,exp2_design_attribution,continuous_rotation,trial_001,event_003,exp1_system_characterization/continuous_rotation,227,67,0.29515418502202645,0.9048421382904053,6.0130359348544085
20260717_204943_controller_right,exp2_design_attribution,continuous_rotation,trial_001,event_003,exp1_system_characterization/continuous_rotation,227,68,0.29955947136563876,0.9041069149971008,6.018160674116498
20260717_204943_controller_right,exp2_design_attribution,continuous_rotation,trial_001,event_003,exp1_system_characterization/continuous_rotation,227,69,0.3039647577092511,0.9040829539299011,6.05812845221398
20260717_204943_controller_right,exp2_design_attribution,continuous_rotation,trial_001,event_003,exp1_system_characterization/continuous_rotation,227,70,0.30837004405286345,0.9037922620773315,6.151307145694843
20260717_204943_controller_right,exp2_design_attribution,continuous_rotation,trial_001,event_003,exp1_system_characterization/continuous_rotation,227,71,0.31277533039647576,0.9024425745010376,6.1688951406419585
20260717_204943_controller_right,exp2_design_attribution,continuous_rotation,trial_001,event_003,exp1_system_characterization/continuous_rotation,227,72,0.31718061674008813,0.9016166925430298,6.13442440254851
20260717_204943_controller_right,exp2_design_attribution,continuous_rotation,trial_001,event_003,exp1_system_characterization/continuous_rotation,227,73,0.32158590308370044,0.9005479216575623,6.126760924997395
20260717_204943_controller_right,exp2_design_attribution,continuous_rotation,trial_001,event_003,exp1_system_characterization/continuous_rotation,227,74,0.32599118942731276,0.8968230485916138,6.148736312756875
20260717_204943_controller_right,exp2_design_attribution,continuous_rotation,trial_001,event_003,exp1_system_characterization/continuous_rotation,227,75,0.3303964757709251,0.8966985940933228,6.148948535009647
20260717_204943_controller_right,exp2_design_attribution,continuous_rotation,trial_001,event_003,exp1_system_characterization/continuous_rotation,227,76,0.33480176211453744,0.8966397643089294,6.1389191140168125
20260717_204943_controller_right,exp2_design_attribution,continuous_rotation,trial_001,event_003,exp1_system_characterization/continuous_rotation,227,77,0.3392070484581498,0.8966054916381836,6.159393388335013
20260717_204943_controller_right,exp2_design_attribution,continuous_rotation,trial_001,event_003,exp1_system_characterization/continuous_rotation,227,78,0.3436123348017621,0.8957870006561279,6.21109000405036
20260717_204943_controller_right,exp2_design_attribution,continuous_rotation,trial_001,event_003,exp1_system_characterization/continuous_rotation,227,79,0.34801762114537443,0.8955053687095642,6.271748047639884
20260717_204943_controller_right,exp2_design_attribution,continuous_rotation,trial_001,event_003,exp1_system_characterization/continuous_rotation,227,80,0.3524229074889868,0.8945703506469727,6.374046131680875
20260717_204943_controller_right,exp2_design_attribution,continuous_rotation,trial_001,event_003,exp1_system_characterization/continuous_rotation,227,81,0.3568281938325991,0.8942111134529114,6.328688580182123
20260717_204943_controller_right,exp2_design_attribution,continuous_rotation,trial_001,event_003,exp1_system_characterization/continuous_rotation,227,82,0.36123348017621143,0.8926041126251221,6.310613961011506
20260717_204943_controller_right,exp2_design_attribution,continuous_rotation,trial_001,event_003,exp1_system_characterization/continuous_rotation,227,83,0.3656387665198238,0.8914837837219238,6.3613740638359655
20260717_204943_controller_right,exp2_design_attribution,continuous_rotation,trial_001,event_003,exp1_system_characterization/continuous_rotation,227,84,0.3700440528634361,0.8914786577224731,6.4350098412068375
20260717_204943_controller_right,exp2_design_attribution,continuous_rotation,trial_001,event_003,exp1_system_characterization/continuous_rotation,227,85,0.3744493392070485,0.890358567237854,6.461506973449785
20260717_204943_controller_right,exp2_design_attribution,continuous_rotation,trial_001,event_003,exp1_system_characterization/continuous_rotation,227,86,0.3788546255506608,0.888848602771759,6.426585062927968
20260717_204943_controller_right,exp2_design_attribution,continuous_rotation,trial_001,event_003,exp1_system_characterization/continuous_rotation,227,87,0.3832599118942731,0.8887171149253845,6.462179877715227
20260717_204943_controller_right,exp2_design_attribution,continuous_rotation,trial_001,event_003,exp1_system_characterization/continuous_rotation,227,88,0.3876651982378855,0.8874371647834778,6.442878578562133
20260717_204943_controller_right,exp2_design_attribution,continuous_rotation,trial_001,event_003,exp1_system_characterization/continuous_rotation,227,89,0.3920704845814978,0.8857865333557129,6.456083980963506
20260717_204943_controller_right,exp2_design_attribution,continuous_rotation,trial_001,event_003,exp1_system_characterization/continuous_rotation,227,90,0.3964757709251101,0.8831817507743835,6.442519118716201
20260717_204943_controller_right,exp2_design_attribution,continuous_rotation,trial_001,event_003,exp1_system_characterization/continuous_rotation,227,91,0.4008810572687225,0.8827749490737915,6.490866945129897
20260717_204943_controller_right,exp2_design_attribution,continuous_rotation,trial_001,event_003,exp1_system_characterization/continuous_rotation,227,92,0.4052863436123348,0.8815695643424988,6.553125738781647
20260717_204943_controller_right,exp2_design_attribution,continuous_rotation,trial_001,event_003,exp1_system_characterization/continuous_rotation,227,93,0.40969162995594716,0.8803099393844604,6.520515431096299
20260717_204943_controller_right,exp2_design_attribution,continuous_rotation,trial_001,event_003,exp1_system_characterization/continuous_rotation,227,94,0.41409691629955947,0.8800238370895386,6.511751672619917
20260717_204943_controller_right,exp2_design_attribution,continuous_rotation,trial_001,event_003,exp1_system_characterization/continuous_rotation,227,95,0.4185022026431718,0.8799495697021484,6.509762234643149
20260717_204943_controller_right,exp2_design_attribution,continuous_rotation,trial_001,event_003,exp1_system_characterization/continuous_rotation,227,96,0.42290748898678415,0.8798829317092896,6.504202946898172
20260717_204943_controller_right,exp2_design_attribution,continuous_rotation,trial_001,event_003,exp1_system_characterization/continuous_rotation,227,97,0.42731277533039647,0.8790223598480225,6.503599125489174
20260717_204943_controller_right,exp2_design_attribution,continuous_rotation,trial_001,event_003,exp1_system_characterization/continuous_rotation,227,98,0.43171806167400884,0.878847599029541,6.5028671021130435
20260717_204943_controller_right,exp2_design_attribution,continuous_rotation,trial_001,event_003,exp1_system_characterization/continuous_rotation,227,99,0.43612334801762115,0.8760407567024231,6.513148736568452
20260717_204943_controller_right,exp2_design_attribution,continuous_rotation,trial_001,event_003,exp1_system_characterization/continuous_rotation,227,100,0.44052863436123346,0.8760029673576355,6.577689721825449
20260717_204943_controller_right,exp2_design_attribution,continuous_rotation,trial_001,event_003,exp1_system_characterization/continuous_rotation,227,101,0.44493392070484583,0.8758741617202759,6.536956586482747
20260717_204943_controller_right,exp2_design_attribution,continuous_rotation,trial_001,event_003,exp1_system_characterization/continuous_rotation,227,102,0.44933920704845814,0.8755907416343689,6.520672286208913
20260717_204943_controller_right,exp2_design_attribution,continuous_rotation,trial_001,event_003,exp1_system_characterization/continuous_rotation,227,103,0.45374449339207046,0.875359058380127,6.509281583319037
20260717_204943_controller_right,exp2_design_attribution,continuous_rotation,trial_001,event_003,exp1_system_characterization/continuous_rotation,227,104,0.4581497797356828,0.875211775302887,6.498234287729729
20260717_204943_controller_right,exp2_design_attribution,continuous_rotation,trial_001,event_003,exp1_system_characterization/continuous_rotation,227,105,0.46255506607929514,0.8731520771980286,6.482917670212596
20260717_204943_controller_right,exp2_design_attribution,continuous_rotation,trial_001,event_003,exp1_system_characterization/continuous_rotation,227,106,0.4669603524229075,0.8715647459030151,6.469285660721685
20260717_204943_controller_right,exp2_design_attribution,continuous_rotation,trial_001,event_003,exp1_system_characterization/continuous_rotation,227,107,0.4713656387665198,0.8712188005447388,6.515374624887077
20260717_204943_controller_right,exp2_design_attribution,continuous_rotation,trial_001,event_003,exp1_system_characterization/continuous_rotation,227,108,0.47577092511013214,0.8710982799530029,6.553093489284833
20260717_204943_controller_right,exp2_design_attribution,continuous_rotation,trial_001,event_003,exp1_system_characterization/continuous_rotation,227,109,0.4801762114537445,0.8691089153289795,6.547599894188766
20260717_204943_controller_right,exp2_design_attribution,continuous_rotation,trial_001,event_003,exp1_system_characterization/continuous_rotation,227,110,0.4845814977973568,0.868184506893158,6.520148162254861
20260717_204943_controller_right,exp2_design_attribution,continuous_rotation,trial_001,event_003,exp1_system_characterization/continuous_rotation,227,111,0.4889867841409692,0.8657117486000061,6.5372624269056585
20260717_204943_controller_right,exp2_design_attribution,continuous_rotation,trial_001,event_003,exp1_system_characterization/continuous_rotation,227,112,0.4933920704845815,0.8647085428237915,6.593638791602364
20260717_204943_controller_right,exp2_design_attribution,continuous_rotation,trial_001,event_003,exp1_system_characterization/continuous_rotation,227,113,0.4977973568281938,0.8633974194526672,6.573389284360823
20260717_204943_controller_right,exp2_design_attribution,continuous_rotation,trial_001,event_003,exp1_system_characterization/continuous_rotation,227,114,0.5022026431718062,0.8611425161361694,6.594559400672075
20260717_204943_controller_right,exp2_design_attribution,continuous_rotation,trial_001,event_003,exp1_system_characterization/continuous_rotation,227,115,0.5066079295154186,0.8608735799789429,6.5858800105622395
20260717_204943_controller_right,exp2_design_attribution,continuous_rotation,trial_001,event_003,exp1_system_characterization/continuous_rotation,227,116,0.5110132158590308,0.8607814311981201,6.563885564826698
20260717_204943_controller_right,exp2_design_attribution,continuous_rotation,trial_001,event_003,exp1_system_characterization/continuous_rotation,227,117,0.5154185022026432,0.8606792688369751,6.566802984353407
20260717_204943_controller_right,exp2_design_attribution,continuous_rotation,trial_001,event_003,exp1_system_characterization/continuous_rotation,227,118,0.5198237885462555,0.8603197336196899,6.593723108323198
20260717_204943_controller_right,exp2_design_attribution,continuous_rotation,trial_001,event_003,exp1_system_characterization/continuous_rotation,227,119,0.5242290748898678,0.8592969179153442,6.581252537343935
20260717_204943_controller_right,exp2_design_attribution,continuous_rotation,trial_001,event_003,exp1_system_characterization/continuous_rotation,227,120,0.5286343612334802,0.8541648983955383,6.583929087482643
20260717_204943_controller_right,exp2_design_attribution,continuous_rotation,trial_001,event_003,exp1_system_characterization/continuous_rotation,227,121,0.5330396475770925,0.8537930250167847,6.58440010634823
20260717_204943_controller_right,exp2_design_attribution,continuous_rotation,trial_001,event_003,exp1_system_characterization/continuous_rotation,227,122,0.5374449339207048,0.8518484234809875,6.582951202419597
20260717_204943_controller_right,exp2_design_attribution,continuous_rotation,trial_001,event_003,exp1_system_characterization/continuous_rotation,227,123,0.5418502202643172,0.8504791259765625,6.573007161923539
20260717_204943_controller_right,exp2_design_attribution,continuous_rotation,trial_001,event_003,exp1_system_characterization/continuous_rotation,227,124,0.5462555066079295,0.8497506976127625,6.569306020110417
20260717_204943_controller_right,exp2_design_attribution,continuous_rotation,trial_001,event_003,exp1_system_characterization/continuous_rotation,227,125,0.5506607929515418,0.8489856123924255,6.589754087244558
20260717_204943_controller_right,exp2_design_attribution,continuous_rotation,trial_001,event_003,exp1_system_characterization/continuous_rotation,227,126,0.5550660792951542,0.8488065600395203,6.596277998681658
20260717_204943_controller_right,exp2_design_attribution,continuous_rotation,trial_001,event_003,exp1_system_characterization/continuous_rotation,227,127,0.5594713656387665,0.8486647009849548,6.586307200068344
20260717_204943_controller_right,exp2_design_attribution,continuous_rotation,trial_001,event_003,exp1_system_characterization/continuous_rotation,227,128,0.5638766519823789,0.8485215306282043,6.578513515127942
20260717_204943_controller_right,exp2_design_attribution,continuous_rotation,trial_001,event_003,exp1_system_characterization/continuous_rotation,227,129,0.5682819383259912,0.8481649160385132,6.587878674384398
20260717_204943_controller_right,exp2_design_attribution,continuous_rotation,trial_001,event_003,exp1_system_characterization/continuous_rotation,227,130,0.5726872246696035,0.84710294008255,6.575201277166303
20260717_204943_controller_right,exp2_design_attribution,continuous_rotation,trial_001,event_003,exp1_system_characterization/continuous_rotation,227,131,0.5770925110132159,0.8446872234344482,6.565907780442138
20260717_204943_controller_right,exp2_design_attribution,continuous_rotation,trial_001,event_003,exp1_system_characterization/continuous_rotation,227,132,0.5814977973568282,0.8445995450019836,6.56133690261197
20260717_204943_controller_right,exp2_design_attribution,continuous_rotation,trial_001,event_003,exp1_system_characterization/continuous_rotation,227,133,0.5859030837004405,0.8411702513694763,6.5765364290074855
20260717_204943_controller_right,exp2_design_attribution,continuous_rotation,trial_001,event_003,exp1_system_characterization/continuous_rotation,227,134,0.5903083700440529,0.8406020402908325,6.573143795165134
20260717_204943_controller_right,exp2_design_attribution,continuous_rotation,trial_001,event_003,exp1_system_characterization/continuous_rotation,227,135,0.5947136563876652,0.840376615524292,6.569432102795724
20260717_204943_controller_right,exp2_design_attribution,continuous_rotation,trial_001,event_003,exp1_system_characterization/continuous_rotation,227,136,0.5991189427312775,0.8402382135391235,6.596411688326364
20260717_204943_controller_right,exp2_design_attribution,continuous_rotation,trial_001,event_003,exp1_system_characterization/continuous_rotation,227,137,0.6035242290748899,0.8400483727455139,6.647406190552759
20260717_204943_controller_right,exp2_design_attribution,continuous_rotation,trial_001,event_003,exp1_system_characterization/continuous_rotation,227,138,0.6079295154185022,0.8399900794029236,6.699370183892467
20260717_204943_controller_right,exp2_design_attribution,continuous_rotation,trial_001,event_003,exp1_system_characterization/continuous_rotation,227,139,0.6123348017621145,0.8385879397392273,6.695076236386605
20260717_204943_controller_right,exp2_design_attribution,continuous_rotation,trial_001,event_003,exp1_system_characterization/continuous_rotation,227,140,0.6167400881057269,0.8385744690895081,6.754592036238972
20260717_204943_controller_right,exp2_design_attribution,continuous_rotation,trial_001,event_003,exp1_system_characterization/continuous_rotation,227,141,0.6211453744493393,0.8382089138031006,6.774563075885256
20260717_204943_controller_right,exp2_design_attribution,continuous_rotation,trial_001,event_003,exp1_system_characterization/continuous_rotation,227,142,0.6255506607929515,0.8374505043029785,6.765793263067872
20260717_204943_controller_right,exp2_design_attribution,continuous_rotation,trial_001,event_003,exp1_system_characterization/continuous_rotation,227,143,0.6299559471365639,0.837011992931366,6.800955177522082
20260717_204943_controller_right,exp2_design_attribution,continuous_rotation,trial_001,event_003,exp1_system_characterization/continuous_rotation,227,144,0.6343612334801763,0.8351149559020996,6.801425944661943
20260717_204943_controller_right,exp2_design_attribution,continuous_rotation,trial_001,event_003,exp1_system_characterization/continuous_rotation,227,145,0.6387665198237885,0.8349858522415161,6.803222512479037
20260717_204943_controller_right,exp2_design_attribution,continuous_rotation,trial_001,event_003,exp1_system_characterization/continuous_rotation,227,146,0.6431718061674009,0.8341149091720581,6.803680470239654
20260717_204943_controller_right,exp2_design_attribution,continuous_rotation,trial_001,event_003,exp1_system_characterization/continuous_rotation,227,147,0.6475770925110133,0.8338130116462708,6.843892919692041
20260717_204943_controller_right,exp2_design_attribution,continuous_rotation,trial_001,event_003,exp1_system_characterization/continuous_rotation,227,148,0.6519823788546255,0.8288316130638123,6.848503052103734
20260717_204943_controller_right,exp2_design_attribution,continuous_rotation,trial_001,event_003,exp1_system_characterization/continuous_rotation,227,149,0.6563876651982379,0.8274197578430176,6.850883981241647
20260717_204943_controller_right,exp2_design_attribution,continuous_rotation,trial_001,event_003,exp1_system_characterization/continuous_rotation,227,150,0.6607929515418502,0.8273258209228516,6.875806671579997
20260717_204943_controller_right,exp2_design_attribution,continuous_rotation,trial_001,event_003,exp1_system_characterization/continuous_rotation,227,151,0.6651982378854625,0.823917806148529,6.906145942025731
20260717_204943_controller_right,exp2_design_attribution,continuous_rotation,trial_001,event_003,exp1_system_characterization/continuous_rotation,227,152,0.6696035242290749,0.8192616701126099,6.922044421358943
20260717_204943_controller_right,exp2_design_attribution,continuous_rotation,trial_001,event_003,exp1_system_characterization/continuous_rotation,227,153,0.6740088105726872,0.8137935400009155,6.915114415628896
20260717_204943_controller_right,exp2_design_attribution,continuous_rotation,trial_001,event_003,exp1_system_characterization/continuous_rotation,227,154,0.6784140969162996,0.813555896282196,6.936114430893132
20260717_204943_controller_right,exp2_design_attribution,continuous_rotation,trial_001,event_003,exp1_system_characterization/continuous_rotation,227,155,0.6828193832599119,0.811820387840271,6.952510079305347
20260717_204943_controller_right,exp2_design_attribution,continuous_rotation,trial_001,event_003,exp1_system_characterization/continuous_rotation,227,156,0.6872246696035242,0.8117384910583496,6.951955627735034
20260717_204943_controller_right,exp2_design_attribution,continuous_rotation,trial_001,event_003,exp1_system_characterization/continuous_rotation,227,157,0.6916299559471366,0.8050712943077087,6.9767640717088515
20260717_204943_controller_right,exp2_design_attribution,continuous_rotation,trial_001,event_003,exp1_system_characterization/continuous_rotation,227,158,0.6960352422907489,0.8040488958358765,6.97448820717361
20260717_204943_controller_right,exp2_design_attribution,continuous_rotation,trial_001,event_003,exp1_system_characterization/continuous_rotation,227,159,0.7004405286343612,0.7960479259490967,6.973946780880291
20260717_204943_controller_right,exp2_design_attribution,continuous_rotation,trial_001,event_003,exp1_system_characterization/continuous_rotation,227,160,0.7048458149779736,0.7892786860466003,6.9740936386460906
20260717_204943_controller_right,exp2_design_attribution,continuous_rotation,trial_001,event_003,exp1_system_characterization/continuous_rotation,227,161,0.7092511013215859,0.7767899632453918,6.957977326008023
20260717_204943_controller_right,exp2_design_attribution,continuous_rotation,trial_001,event_003,exp1_system_characterization/continuous_rotation,227,162,0.7136563876651982,0.767926812171936,6.953291303628355
20260717_204943_controller_right,exp2_design_attribution,continuous_rotation,trial_001,event_003,exp1_system_characterization/continuous_rotation,227,163,0.7180616740088106,0.7673148512840271,6.951266946430045
20260717_204943_controller_right,exp2_design_attribution,continuous_rotation,trial_001,event_003,exp1_system_characterization/continuous_rotation,227,164,0.7224669603524229,0.76340651512146,6.957466290396786
20260717_204943_controller_right,exp2_design_attribution,continuous_rotation,trial_001,event_003,exp1_system_characterization/continuous_rotation,227,165,0.7268722466960352,0.7561251521110535,6.955237417847319
20260717_204943_controller_right,exp2_design_attribution,continuous_rotation,trial_001,event_003,exp1_system_characterization/continuous_rotation,227,166,0.7312775330396476,0.7441721558570862,6.947527851005758
20260717_204943_controller_right,exp2_design_attribution,continuous_rotation,trial_001,event_003,exp1_system_characterization/continuous_rotation,227,167,0.73568281938326,0.7438337802886963,6.942067049469571
20260717_204943_controller_right,exp2_design_attribution,continuous_rotation,trial_001,event_003,exp1_system_characterization/continuous_rotation,227,168,0.7400881057268722,0.7286995053291321,6.941223687715914
20260717_204943_controller_right,exp2_design_attribution,continuous_rotation,trial_001,event_003,exp1_system_characterization/continuous_rotation,227,169,0.7444933920704846,0.7253754734992981,6.941226510821112
20260717_204943_controller_right,exp2_design_attribution,continuous_rotation,trial_001,event_003,exp1_system_characterization/continuous_rotation,227,170,0.748898678414097,0.7215486764907837,6.940248886160237
20260717_204943_controller_right,exp2_design_attribution,continuous_rotation,trial_001,event_003,exp1_system_characterization/continuous_rotation,227,171,0.7533039647577092,0.7179476618766785,6.939631665710463
20260717_204943_controller_right,exp2_design_attribution,continuous_rotation,trial_001,event_003,exp1_system_characterization/continuous_rotation,227,172,0.7577092511013216,0.7157884836196899,6.935792016435183
20260717_204943_controller_right,exp2_design_attribution,continuous_rotation,trial_001,event_003,exp1_system_characterization/continuous_rotation,227,173,0.762114537444934,0.710111677646637,6.930909101900931
20260717_204943_controller_right,exp2_design_attribution,continuous_rotation,trial_001,event_003,exp1_system_characterization/continuous_rotation,227,174,0.7665198237885462,0.7055679559707642,6.91570274633493
20260717_204943_controller_right,exp2_design_attribution,continuous_rotation,trial_001,event_003,exp1_system_characterization/continuous_rotation,227,175,0.7709251101321586,0.695970892906189,6.912516500640434
20260717_204943_controller_right,exp2_design_attribution,continuous_rotation,trial_001,event_003,exp1_system_characterization/continuous_rotation,227,176,0.775330396475771,0.6851530075073242,6.989717918009549
20260717_204943_controller_right,exp2_design_attribution,continuous_rotation,trial_001,event_003,exp1_system_characterization/continuous_rotation,227,177,0.7797356828193832,0.6826655268669128,6.990482879710511
20260717_204943_controller_right,exp2_design_attribution,continuous_rotation,trial_001,event_003,exp1_system_characterization/continuous_rotation,227,178,0.7841409691629956,0.6809626221656799,7.139749614137214
20260717_204943_controller_right,exp2_design_attribution,continuous_rotation,trial_001,event_003,exp1_system_characterization/continuous_rotation,227,179,0.788546255506608,0.6805169582366943,7.130562703055156
20260717_204943_controller_right,exp2_design_attribution,continuous_rotation,trial_001,event_003,exp1_system_characterization/continuous_rotation,227,180,0.7929515418502202,0.6802029013633728,7.1989546530921595
20260717_204943_controller_right,exp2_design_attribution,continuous_rotation,trial_001,event_003,exp1_system_characterization/continuous_rotation,227,181,0.7973568281938326,0.6800192594528198,7.334054347849657
20260717_204943_controller_right,exp2_design_attribution,continuous_rotation,trial_001,event_003,exp1_system_characterization/continuous_rotation,227,182,0.801762114537445,0.6794725060462952,7.446372572737192
20260717_204943_controller_right,exp2_design_attribution,continuous_rotation,trial_001,event_003,exp1_system_characterization/continuous_rotation,227,183,0.8061674008810573,0.6790415644645691,7.43019972945609
20260717_204943_controller_right,exp2_design_attribution,continuous_rotation,trial_001,event_003,exp1_system_characterization/continuous_rotation,227,184,0.8105726872246696,0.6748145222663879,7.530435598005246
20260717_204943_controller_right,exp2_design_attribution,continuous_rotation,trial_001,event_003,exp1_system_characterization/continuous_rotation,227,185,0.8149779735682819,0.6726810932159424,7.51080998601304
20260717_204943_controller_right,exp2_design_attribution,continuous_rotation,trial_001,event_003,exp1_system_characterization/continuous_rotation,227,186,0.8193832599118943,0.6719166040420532,7.564733981152202
20260717_204943_controller_right,exp2_design_attribution,continuous_rotation,trial_001,event_003,exp1_system_characterization/continuous_rotation,227,187,0.8237885462555066,0.6705741882324219,7.682691717198409
20260717_204943_controller_right,exp2_design_attribution,continuous_rotation,trial_001,event_003,exp1_system_characterization/continuous_rotation,227,188,0.8281938325991189,0.6696572303771973,7.780010353743149
20260717_204943_controller_right,exp2_design_attribution,continuous_rotation,trial_001,event_003,exp1_system_characterization/continuous_rotation,227,189,0.8325991189427313,0.6692173480987549,7.885941736317655
20260717_204943_controller_right,exp2_design_attribution,continuous_rotation,trial_001,event_003,exp1_system_characterization/continuous_rotation,227,190,0.8370044052863436,0.6691760420799255,7.9691533510640795
20260717_204943_controller_right,exp2_design_attribution,continuous_rotation,trial_001,event_003,exp1_system_characterization/continuous_rotation,227,191,0.8414096916299559,0.6681221127510071,7.948974796826037
20260717_204943_controller_right,exp2_design_attribution,continuous_rotation,trial_001,event_003,exp1_system_characterization/continuous_rotation,227,192,0.8458149779735683,0.665296733379364,7.938910960600879
20260717_204943_controller_right,exp2_design_attribution,continuous_rotation,trial_001,event_003,exp1_system_characterization/continuous_rotation,227,193,0.8502202643171806,0.6647586822509766,7.924778154533529
20260717_204943_controller_right,exp2_design_attribution,continuous_rotation,trial_001,event_003,exp1_system_characterization/continuous_rotation,227,194,0.8546255506607929,0.6636300683021545,7.915363702393568
20260717_204943_controller_right,exp2_design_attribution,continuous_rotation,trial_001,event_003,exp1_system_characterization/continuous_rotation,227,195,0.8590308370044053,0.6634703874588013,8.016084709665659
20260717_204943_controller_right,exp2_design_attribution,continuous_rotation,trial_001,event_003,exp1_system_characterization/continuous_rotation,227,196,0.8634361233480177,0.6629830598831177,8.002846383965624
20260717_204943_controller_right,exp2_design_attribution,continuous_rotation,trial_001,event_003,exp1_system_characterization/continuous_rotation,227,197,0.8678414096916299,0.6603790521621704,7.987195577885262
20260717_204943_controller_right,exp2_design_attribution,continuous_rotation,trial_001,event_003,exp1_system_characterization/continuous_rotation,227,198,0.8722466960352423,0.6588930487632751,7.9965613283295305
20260717_204943_controller_right,exp2_design_attribution,continuous_rotation,trial_001,event_003,exp1_system_characterization/continuous_rotation,227,199,0.8766519823788547,0.6582488417625427,7.989600751133947
20260717_204943_controller_right,exp2_design_attribution,continuous_rotation,trial_001,event_003,exp1_system_characterization/continuous_rotation,227,200,0.8810572687224669,0.6568602919578552,7.969571372875157
20260717_204943_controller_right,exp2_design_attribution,continuous_rotation,trial_001,event_003,exp1_system_characterization/continuous_rotation,227,201,0.8854625550660793,0.6565917134284973,7.951748240094217
20260717_204943_controller_right,exp2_design_attribution,continuous_rotation,trial_001,event_003,exp1_system_characterization/continuous_rotation,227,202,0.8898678414096917,0.6512629389762878,7.931804813793494
20260717_204943_controller_right,exp2_design_attribution,continuous_rotation,trial_001,event_003,exp1_system_characterization/continuous_rotation,227,203,0.8942731277533039,0.6498665809631348,7.932374006885444
20260717_204943_controller_right,exp2_design_attribution,continuous_rotation,trial_001,event_003,exp1_system_characterization/continuous_rotation,227,204,0.8986784140969163,0.6469267010688782,7.914023721942751
20260717_204943_controller_right,exp2_design_attribution,continuous_rotation,trial_001,event_003,exp1_system_characterization/continuous_rotation,227,205,0.9030837004405287,0.6465912461280823,7.897360828888622
20260717_204943_controller_right,exp2_design_attribution,continuous_rotation,trial_001,event_003,exp1_system_characterization/continuous_rotation,227,206,0.9074889867841409,0.6465193629264832,7.88676238991251
20260717_204943_controller_right,exp2_design_attribution,continuous_rotation,trial_001,event_003,exp1_system_characterization/continuous_rotation,227,207,0.9118942731277533,0.6441550850868225,7.8718106602632405
20260717_204943_controller_right,exp2_design_attribution,continuous_rotation,trial_001,event_003,exp1_system_characterization/continuous_rotation,227,208,0.9162995594713657,0.6432502865791321,7.86246449513132
20260717_204943_controller_right,exp2_design_attribution,continuous_rotation,trial_001,event_003,exp1_system_characterization/continuous_rotation,227,209,0.920704845814978,0.6412739157676697,7.837617853217593
20260717_204943_controller_right,exp2_design_attribution,continuous_rotation,trial_001,event_003,exp1_system_characterization/continuous_rotation,227,210,0.9251101321585903,0.6388319730758667,7.83108912761458
20260717_204943_controller_right,exp2_design_attribution,continuous_rotation,trial_001,event_003,exp1_system_characterization/continuous_rotation,227,211,0.9295154185022027,0.6378636956214905,7.8312675800755445
20260717_204943_controller_right,exp2_design_attribution,continuous_rotation,trial_001,event_003,exp1_system_characterization/continuous_rotation,227,212,0.933920704845815,0.637653648853302,7.8138114424187695
20260717_204943_controller_right,exp2_design_attribution,continuous_rotation,trial_001,event_003,exp1_system_characterization/continuous_rotation,227,213,0.9383259911894273,0.6295981407165527,7.848032596732604
20260717_204943_controller_right,exp2_design_attribution,continuous_rotation,trial_001,event_003,exp1_system_characterization/continuous_rotation,227,214,0.9427312775330396,0.6295894384384155,7.8348796026437215
20260717_204943_controller_right,exp2_design_attribution,continuous_rotation,trial_001,event_003,exp1_system_characterization/continuous_rotation,227,215,0.947136563876652,0.6281097531318665,7.83329355605593
20260717_204943_controller_right,exp2_design_attribution,continuous_rotation,trial_001,event_003,exp1_system_characterization/continuous_rotation,227,216,0.9515418502202643,0.6258788704872131,7.816956094382261
20260717_204943_controller_right,exp2_design_attribution,continuous_rotation,trial_001,event_003,exp1_system_characterization/continuous_rotation,227,217,0.9559471365638766,0.6235636472702026,7.805483971047712
20260717_204943_controller_right,exp2_design_attribution,continuous_rotation,trial_001,event_003,exp1_system_characterization/continuous_rotation,227,218,0.960352422907489,0.6201401352882385,7.794523175331103
20260717_204943_controller_right,exp2_design_attribution,continuous_rotation,trial_001,event_003,exp1_system_characterization/continuous_rotation,227,219,0.9647577092511013,0.6195781230926514,7.78278674197608
20260717_204943_controller_right,exp2_design_attribution,continuous_rotation,trial_001,event_003,exp1_system_characterization/continuous_rotation,227,220,0.9691629955947136,0.6168546676635742,7.773201369934255
20260717_204943_controller_right,exp2_design_attribution,continuous_rotation,trial_001,event_003,exp1_system_characterization/continuous_rotation,227,221,0.973568281938326,0.6053423881530762,7.77206354407638
20260717_204943_controller_right,exp2_design_attribution,continuous_rotation,trial_001,event_003,exp1_system_characterization/continuous_rotation,227,222,0.9779735682819384,0.5973086953163147,7.767800679862048
20260717_204943_controller_right,exp2_design_attribution,continuous_rotation,trial_001,event_003,exp1_system_characterization/continuous_rotation,227,223,0.9823788546255506,0.5852684378623962,7.76934783909126
20260717_204943_controller_right,exp2_design_attribution,continuous_rotation,trial_001,event_003,exp1_system_characterization/continuous_rotation,227,224,0.986784140969163,0.581249475479126,7.773036909606317
20260717_204943_controller_right,exp2_design_attribution,continuous_rotation,trial_001,event_003,exp1_system_characterization/continuous_rotation,227,225,0.9911894273127754,0.5681679844856262,7.774601858608612
20260717_204943_controller_right,exp2_design_attribution,continuous_rotation,trial_001,event_003,exp1_system_characterization/continuous_rotation,227,226,0.9955947136563876,0.5578384399414062,7.778577858935741
20260717_204943_controller_right,exp2_design_attribution,continuous_rotation,trial_001,event_003,exp1_system_characterization/continuous_rotation,227,227,1.0,0.5342757701873779,7.777933926847221
20260717_205539_controller_right,exp2_design_attribution,occlusion_recovery,trial_001,event_001,exp1_system_characterization/occlusion_recovery,13,4,0.3076923076923077,1.0,2.401605049303632
20260717_205539_controller_right,exp2_design_attribution,occlusion_recovery,trial_001,event_001,exp1_system_characterization/occlusion_recovery,13,5,0.38461538461538464,0.9418228268623352,2.327996540972201
20260717_205539_controller_right,exp2_design_attribution,occlusion_recovery,trial_001,event_001,exp1_system_characterization/occlusion_recovery,13,6,0.46153846153846156,0.9403010606765747,2.259594664654361
20260717_205539_controller_right,exp2_design_attribution,occlusion_recovery,trial_001,event_001,exp1_system_characterization/occlusion_recovery,13,7,0.5384615384615384,0.919889509677887,2.2408177990011517
20260717_205539_controller_right,exp2_design_attribution,occlusion_recovery,trial_001,event_001,exp1_system_characterization/occlusion_recovery,13,8,0.6153846153846154,0.9172187447547913,2.2801466569491327
20260717_205539_controller_right,exp2_design_attribution,occlusion_recovery,trial_001,event_001,exp1_system_characterization/occlusion_recovery,13,9,0.6923076923076923,0.9070494174957275,2.2719466071743977
20260717_205539_controller_right,exp2_design_attribution,occlusion_recovery,trial_001,event_001,exp1_system_characterization/occlusion_recovery,13,10,0.7692307692307693,0.9045925140380859,2.3028205632500187
20260717_205539_controller_right,exp2_design_attribution,occlusion_recovery,trial_001,event_001,exp1_system_characterization/occlusion_recovery,13,11,0.8461538461538461,0.8780134320259094,2.204048993997406
20260717_205539_controller_right,exp2_design_attribution,occlusion_recovery,trial_001,event_001,exp1_system_characterization/occlusion_recovery,13,12,0.9230769230769231,0.49576663970947266,2.4027343966363977
20260717_205539_controller_right,exp2_design_attribution,occlusion_recovery,trial_001,event_001,exp1_system_characterization/occlusion_recovery,13,13,1.0,0.006835067179054022,5.998303521172313
20260717_205539_controller_right,exp2_design_attribution,occlusion_recovery,trial_001,event_002,exp1_system_characterization/occlusion_recovery,30,1,0.03333333333333333,0.9491908550262451,2.1782658198005604
20260717_205539_controller_right,exp2_design_attribution,occlusion_recovery,trial_001,event_002,exp1_system_characterization/occlusion_recovery,30,2,0.06666666666666667,0.9471731781959534,2.2702924134402895
20260717_205539_controller_right,exp2_design_attribution,occlusion_recovery,trial_001,event_002,exp1_system_characterization/occlusion_recovery,30,3,0.1,0.9441253542900085,2.1759199285767865
20260717_205539_controller_right,exp2_design_attribution,occlusion_recovery,trial_001,event_002,exp1_system_characterization/occlusion_recovery,30,4,0.13333333333333333,0.9380186200141907,2.1571198877293973
20260717_205539_controller_right,exp2_design_attribution,occlusion_recovery,trial_001,event_002,exp1_system_characterization/occlusion_recovery,30,5,0.16666666666666666,0.9353972673416138,2.248914396927761
20260717_205539_controller_right,exp2_design_attribution,occlusion_recovery,trial_001,event_002,exp1_system_characterization/occlusion_recovery,30,6,0.2,0.9346821904182434,2.2131212603144736
20260717_205539_controller_right,exp2_design_attribution,occlusion_recovery,trial_001,event_002,exp1_system_characterization/occlusion_recovery,30,7,0.23333333333333334,0.9335877299308777,2.1683782970030308
20260717_205539_controller_right,exp2_design_attribution,occlusion_recovery,trial_001,event_002,exp1_system_characterization/occlusion_recovery,30,8,0.26666666666666666,0.9325199723243713,2.140285199170216
20260717_205539_controller_right,exp2_design_attribution,occlusion_recovery,trial_001,event_002,exp1_system_characterization/occlusion_recovery,30,9,0.3,0.9324343204498291,2.169743752825644
20260717_205539_controller_right,exp2_design_attribution,occlusion_recovery,trial_001,event_002,exp1_system_characterization/occlusion_recovery,30,10,0.3333333333333333,0.9321639537811279,2.2065475215000427
20260717_205539_controller_right,exp2_design_attribution,occlusion_recovery,trial_001,event_002,exp1_system_characterization/occlusion_recovery,30,11,0.36666666666666664,0.9319227337837219,2.2247618472693524
20260717_205539_controller_right,exp2_design_attribution,occlusion_recovery,trial_001,event_002,exp1_system_characterization/occlusion_recovery,30,12,0.4,0.9306713938713074,2.280032745823907
20260717_205539_controller_right,exp2_design_attribution,occlusion_recovery,trial_001,event_002,exp1_system_characterization/occlusion_recovery,30,13,0.43333333333333335,0.9300612211227417,2.2869698252404365
20260717_205539_controller_right,exp2_design_attribution,occlusion_recovery,trial_001,event_002,exp1_system_characterization/occlusion_recovery,30,14,0.4666666666666667,0.9298669695854187,2.2760905351225786
20260717_205539_controller_right,exp2_design_attribution,occlusion_recovery,trial_001,event_002,exp1_system_characterization/occlusion_recovery,30,15,0.5,0.9272582530975342,2.298680173962691
20260717_205539_controller_right,exp2_design_attribution,occlusion_recovery,trial_001,event_002,exp1_system_characterization/occlusion_recovery,30,16,0.5333333333333333,0.9241133332252502,2.318097950420154
20260717_205539_controller_right,exp2_design_attribution,occlusion_recovery,trial_001,event_002,exp1_system_characterization/occlusion_recovery,30,17,0.5666666666666667,0.9219415783882141,2.3666836888313467
20260717_205539_controller_right,exp2_design_attribution,occlusion_recovery,trial_001,event_002,exp1_system_characterization/occlusion_recovery,30,18,0.6,0.9218056797981262,2.406385363473637
20260717_205539_controller_right,exp2_design_attribution,occlusion_recovery,trial_001,event_002,exp1_system_characterization/occlusion_recovery,30,19,0.6333333333333333,0.9217380285263062,2.4027067117743077
20260717_205539_controller_right,exp2_design_attribution,occlusion_recovery,trial_001,event_002,exp1_system_characterization/occlusion_recovery,30,20,0.6666666666666666,0.9214842915534973,2.389750645095157
20260717_205539_controller_right,exp2_design_attribution,occlusion_recovery,trial_001,event_002,exp1_system_characterization/occlusion_recovery,30,21,0.7,0.9211503267288208,2.3731607652538793
20260717_205539_controller_right,exp2_design_attribution,occlusion_recovery,trial_001,event_002,exp1_system_characterization/occlusion_recovery,30,22,0.7333333333333333,0.9200118184089661,2.3649586640055724
20260717_205539_controller_right,exp2_design_attribution,occlusion_recovery,trial_001,event_002,exp1_system_characterization/occlusion_recovery,30,23,0.7666666666666667,0.9171587824821472,2.369295743130969
20260717_205539_controller_right,exp2_design_attribution,occlusion_recovery,trial_001,event_002,exp1_system_characterization/occlusion_recovery,30,24,0.8,0.9120492339134216,2.3902814521015494
20260717_205539_controller_right,exp2_design_attribution,occlusion_recovery,trial_001,event_002,exp1_system_characterization/occlusion_recovery,30,25,0.8333333333333334,0.9068062901496887,2.4019778278232105
20260717_205539_controller_right,exp2_design_attribution,occlusion_recovery,trial_001,event_002,exp1_system_characterization/occlusion_recovery,30,26,0.8666666666666667,0.8953817486763,2.442084504982971
20260717_205539_controller_right,exp2_design_attribution,occlusion_recovery,trial_001,event_002,exp1_system_characterization/occlusion_recovery,30,27,0.9,0.8940638899803162,2.461160069832632
20260717_205539_controller_right,exp2_design_attribution,occlusion_recovery,trial_001,event_002,exp1_system_characterization/occlusion_recovery,30,28,0.9333333333333333,0.8892597556114197,2.4791402130231597
20260717_205539_controller_right,exp2_design_attribution,occlusion_recovery,trial_001,event_002,exp1_system_characterization/occlusion_recovery,30,29,0.9666666666666667,0.8749608397483826,2.4999828485856814
20260717_205539_controller_right,exp2_design_attribution,occlusion_recovery,trial_001,event_002,exp1_system_characterization/occlusion_recovery,30,30,1.0,0.8648667335510254,2.5387405097387443
20260717_205539_controller_right,exp2_design_attribution,occlusion_recovery,trial_001,event_003,exp1_system_characterization/occlusion_recovery,13,4,0.3076923076923077,1.0,1.7232344248283193
20260717_205539_controller_right,exp2_design_attribution,occlusion_recovery,trial_001,event_003,exp1_system_characterization/occlusion_recovery,13,5,0.38461538461538464,0.9518961906433105,1.6842355081492042
20260717_205539_controller_right,exp2_design_attribution,occlusion_recovery,trial_001,event_003,exp1_system_characterization/occlusion_recovery,13,6,0.46153846153846156,0.9265244603157043,1.7290335985406744
20260717_205539_controller_right,exp2_design_attribution,occlusion_recovery,trial_001,event_003,exp1_system_characterization/occlusion_recovery,13,7,0.5384615384615384,0.9180885553359985,1.7881182891488812
20260717_205539_controller_right,exp2_design_attribution,occlusion_recovery,trial_001,event_003,exp1_system_characterization/occlusion_recovery,13,8,0.6153846153846154,0.914223313331604,1.8696738018798784
20260717_205539_controller_right,exp2_design_attribution,occlusion_recovery,trial_001,event_003,exp1_system_characterization/occlusion_recovery,13,9,0.6923076923076923,0.8891857862472534,1.987226932108598
20260717_205539_controller_right,exp2_design_attribution,occlusion_recovery,trial_001,event_003,exp1_system_characterization/occlusion_recovery,13,10,0.7692307692307693,0.8747565746307373,2.0743631611959206
20260717_205539_controller_right,exp2_design_attribution,occlusion_recovery,trial_001,event_003,exp1_system_characterization/occlusion_recovery,13,11,0.8461538461538461,0.8673487901687622,2.1436488548443555
20260717_205539_controller_right,exp2_design_attribution,occlusion_recovery,trial_001,event_003,exp1_system_characterization/occlusion_recovery,13,12,0.9230769230769231,0.5236380696296692,2.1484587782789304
20260717_205539_controller_right,exp2_design_attribution,occlusion_recovery,trial_001,event_003,exp1_system_characterization/occlusion_recovery,13,13,1.0,0.10650888085365295,3.59682332285225
20260717_205539_controller_right,exp2_design_attribution,occlusion_recovery,trial_001,event_004,exp1_system_characterization/occlusion_recovery,36,1,0.027777777777777776,0.9572157859802246,1.187728496121604
20260717_205539_controller_right,exp2_design_attribution,occlusion_recovery,trial_001,event_004,exp1_system_characterization/occlusion_recovery,36,2,0.05555555555555555,0.9468806385993958,1.174026121534725
20260717_205539_controller_right,exp2_design_attribution,occlusion_recovery,trial_001,event_004,exp1_system_characterization/occlusion_recovery,36,3,0.08333333333333333,0.9424987435340881,1.3977227878077354
20260717_205539_controller_right,exp2_design_attribution,occlusion_recovery,trial_001,event_004,exp1_system_characterization/occlusion_recovery,36,4,0.1111111111111111,0.9378741979598999,1.4081567487673918
20260717_205539_controller_right,exp2_design_attribution,occlusion_recovery,trial_001,event_004,exp1_system_characterization/occlusion_recovery,36,5,0.1388888888888889,0.9378392100334167,1.444736000020017
20260717_205539_controller_right,exp2_design_attribution,occlusion_recovery,trial_001,event_004,exp1_system_characterization/occlusion_recovery,36,6,0.16666666666666666,0.9374411702156067,1.4800171304854082
20260717_205539_controller_right,exp2_design_attribution,occlusion_recovery,trial_001,event_004,exp1_system_characterization/occlusion_recovery,36,7,0.19444444444444445,0.9368715286254883,1.5046199764945558
20260717_205539_controller_right,exp2_design_attribution,occlusion_recovery,trial_001,event_004,exp1_system_characterization/occlusion_recovery,36,8,0.2222222222222222,0.9359834790229797,1.555294344237116
20260717_205539_controller_right,exp2_design_attribution,occlusion_recovery,trial_001,event_004,exp1_system_characterization/occlusion_recovery,36,9,0.25,0.935767412185669,1.602180520849712
20260717_205539_controller_right,exp2_design_attribution,occlusion_recovery,trial_001,event_004,exp1_system_characterization/occlusion_recovery,36,10,0.2777777777777778,0.9355939030647278,1.6195483702811664
20260717_205539_controller_right,exp2_design_attribution,occlusion_recovery,trial_001,event_004,exp1_system_characterization/occlusion_recovery,36,11,0.3055555555555556,0.9344544410705566,1.6223501611753377
20260717_205539_controller_right,exp2_design_attribution,occlusion_recovery,trial_001,event_004,exp1_system_characterization/occlusion_recovery,36,12,0.3333333333333333,0.9329461455345154,1.601123200769895
20260717_205539_controller_right,exp2_design_attribution,occlusion_recovery,trial_001,event_004,exp1_system_characterization/occlusion_recovery,36,13,0.3611111111111111,0.9327356815338135,1.591684277999356
20260717_205539_controller_right,exp2_design_attribution,occlusion_recovery,trial_001,event_004,exp1_system_characterization/occlusion_recovery,36,14,0.3888888888888889,0.9325046539306641,1.6253763453485432
20260717_205539_controller_right,exp2_design_attribution,occlusion_recovery,trial_001,event_004,exp1_system_characterization/occlusion_recovery,36,15,0.4166666666666667,0.9324150681495667,1.6239996917309227
20260717_205539_controller_right,exp2_design_attribution,occlusion_recovery,trial_001,event_004,exp1_system_characterization/occlusion_recovery,36,16,0.4444444444444444,0.9319483041763306,1.602667393121045
20260717_205539_controller_right,exp2_design_attribution,occlusion_recovery,trial_001,event_004,exp1_system_characterization/occlusion_recovery,36,17,0.4722222222222222,0.9305030107498169,1.6131572300899684
20260717_205539_controller_right,exp2_design_attribution,occlusion_recovery,trial_001,event_004,exp1_system_characterization/occlusion_recovery,36,18,0.5,0.9299449920654297,1.6383909723522947
20260717_205539_controller_right,exp2_design_attribution,occlusion_recovery,trial_001,event_004,exp1_system_characterization/occlusion_recovery,36,19,0.5277777777777778,0.9281356930732727,1.6757756317392616
20260717_205539_controller_right,exp2_design_attribution,occlusion_recovery,trial_001,event_004,exp1_system_characterization/occlusion_recovery,36,20,0.5555555555555556,0.928130030632019,1.6647176358307874
20260717_205539_controller_right,exp2_design_attribution,occlusion_recovery,trial_001,event_004,exp1_system_characterization/occlusion_recovery,36,21,0.5833333333333334,0.9266971349716187,1.688727260160012
20260717_205539_controller_right,exp2_design_attribution,occlusion_recovery,trial_001,event_004,exp1_system_characterization/occlusion_recovery,36,22,0.6111111111111112,0.9266759157180786,1.665012690593648
20260717_205539_controller_right,exp2_design_attribution,occlusion_recovery,trial_001,event_004,exp1_system_characterization/occlusion_recovery,36,23,0.6388888888888888,0.9261770844459534,1.6754000224060426
20260717_205539_controller_right,exp2_design_attribution,occlusion_recovery,trial_001,event_004,exp1_system_characterization/occlusion_recovery,36,24,0.6666666666666666,0.9239634871482849,1.7030070251844638
20260717_205539_controller_right,exp2_design_attribution,occlusion_recovery,trial_001,event_004,exp1_system_characterization/occlusion_recovery,36,25,0.6944444444444444,0.9237889647483826,1.6954029660494951
20260717_205539_controller_right,exp2_design_attribution,occlusion_recovery,trial_001,event_004,exp1_system_characterization/occlusion_recovery,36,26,0.7222222222222222,0.9222084283828735,1.6947778159938625
20260717_205539_controller_right,exp2_design_attribution,occlusion_recovery,trial_001,event_004,exp1_system_characterization/occlusion_recovery,36,27,0.75,0.9221174716949463,1.688967530726513
20260717_205539_controller_right,exp2_design_attribution,occlusion_recovery,trial_001,event_004,exp1_system_characterization/occlusion_recovery,36,28,0.7777777777777778,0.9183863997459412,1.7048655954706031
20260717_205539_controller_right,exp2_design_attribution,occlusion_recovery,trial_001,event_004,exp1_system_characterization/occlusion_recovery,36,29,0.8055555555555556,0.9163900017738342,1.722699129732736
20260717_205539_controller_right,exp2_design_attribution,occlusion_recovery,trial_001,event_004,exp1_system_characterization/occlusion_recovery,36,30,0.8333333333333334,0.9159055352210999,1.721020283350765
20260717_205539_controller_right,exp2_design_attribution,occlusion_recovery,trial_001,event_004,exp1_system_characterization/occlusion_recovery,36,31,0.8611111111111112,0.9151463508605957,1.735512595087474
20260717_205539_controller_right,exp2_design_attribution,occlusion_recovery,trial_001,event_004,exp1_system_characterization/occlusion_recovery,36,32,0.8888888888888888,0.9126904606819153,1.7250260250442846
20260717_205539_controller_right,exp2_design_attribution,occlusion_recovery,trial_001,event_004,exp1_system_characterization/occlusion_recovery,36,33,0.9166666666666666,0.909842312335968,1.7138468351468428
20260717_205539_controller_right,exp2_design_attribution,occlusion_recovery,trial_001,event_004,exp1_system_characterization/occlusion_recovery,36,34,0.9444444444444444,0.9045289754867554,1.7103387065688445
20260717_205539_controller_right,exp2_design_attribution,occlusion_recovery,trial_001,event_004,exp1_system_characterization/occlusion_recovery,36,35,0.9722222222222222,0.9003939032554626,1.7304961332334072
20260717_205539_controller_right,exp2_design_attribution,occlusion_recovery,trial_001,event_004,exp1_system_characterization/occlusion_recovery,36,36,1.0,0.8933249711990356,1.7273794233676216
20260717_205539_controller_right,exp2_design_attribution,occlusion_recovery,trial_001,event_005,exp1_system_characterization/occlusion_recovery,14,4,0.2857142857142857,1.0,1.9256144942419011
20260717_205539_controller_right,exp2_design_attribution,occlusion_recovery,trial_001,event_005,exp1_system_characterization/occlusion_recovery,14,5,0.35714285714285715,0.9515838027000427,1.7507946537733754
20260717_205539_controller_right,exp2_design_attribution,occlusion_recovery,trial_001,event_005,exp1_system_characterization/occlusion_recovery,14,6,0.42857142857142855,0.9390489459037781,1.6387571885957242
20260717_205539_controller_right,exp2_design_attribution,occlusion_recovery,trial_001,event_005,exp1_system_characterization/occlusion_recovery,14,7,0.5,0.9389054775238037,1.6747553805498125
20260717_205539_controller_right,exp2_design_attribution,occlusion_recovery,trial_001,event_005,exp1_system_characterization/occlusion_recovery,14,8,0.5714285714285714,0.9305695295333862,1.7123726359521205
20260717_205539_controller_right,exp2_design_attribution,occlusion_recovery,trial_001,event_005,exp1_system_characterization/occlusion_recovery,14,9,0.6428571428571429,0.9178345799446106,1.7206923423912956
20260717_205539_controller_right,exp2_design_attribution,occlusion_recovery,trial_001,event_005,exp1_system_characterization/occlusion_recovery,14,10,0.7142857142857143,0.9163757562637329,1.7099823618588306
20260717_205539_controller_right,exp2_design_attribution,occlusion_recovery,trial_001,event_005,exp1_system_characterization/occlusion_recovery,14,11,0.7857142857142857,0.9143438935279846,1.7120253532703058
20260717_205539_controller_right,exp2_design_attribution,occlusion_recovery,trial_001,event_005,exp1_system_characterization/occlusion_recovery,14,12,0.8571428571428571,0.85779869556427,1.6238140994499604
20260717_205539_controller_right,exp2_design_attribution,occlusion_recovery,trial_001,event_005,exp1_system_characterization/occlusion_recovery,14,13,0.9285714285714286,0.028899172320961952,2.427444598897742
20260717_205539_controller_right,exp2_design_attribution,occlusion_recovery,trial_001,event_005,exp1_system_characterization/occlusion_recovery,14,14,1.0,0.0021444300655275583,5.933453140006304
20260717_205539_controller_right,exp2_design_attribution,occlusion_recovery,trial_001,event_006,exp1_system_characterization/occlusion_recovery,23,1,0.043478260869565216,0.9526828527450562,1.318379991220862
20260717_205539_controller_right,exp2_design_attribution,occlusion_recovery,trial_001,event_006,exp1_system_characterization/occlusion_recovery,23,2,0.08695652173913043,0.9496816992759705,1.2250064982008952
20260717_205539_controller_right,exp2_design_attribution,occlusion_recovery,trial_001,event_006,exp1_system_characterization/occlusion_recovery,23,3,0.13043478260869565,0.9467216730117798,1.3122352565753035
20260717_205539_controller_right,exp2_design_attribution,occlusion_recovery,trial_001,event_006,exp1_system_characterization/occlusion_recovery,23,4,0.17391304347826086,0.9434580206871033,1.2238139589340236
20260717_205539_controller_right,exp2_design_attribution,occlusion_recovery,trial_001,event_006,exp1_system_characterization/occlusion_recovery,23,5,0.21739130434782608,0.9432933330535889,1.24896978187908
20260717_205539_controller_right,exp2_design_attribution,occlusion_recovery,trial_001,event_006,exp1_system_characterization/occlusion_recovery,23,6,0.2608695652173913,0.9417606592178345,1.1944036597527516
20260717_205539_controller_right,exp2_design_attribution,occlusion_recovery,trial_001,event_006,exp1_system_characterization/occlusion_recovery,23,7,0.30434782608695654,0.941535472869873,1.177688969949603
20260717_205539_controller_right,exp2_design_attribution,occlusion_recovery,trial_001,event_006,exp1_system_characterization/occlusion_recovery,23,8,0.34782608695652173,0.9392566680908203,1.1911246267127842
20260717_205539_controller_right,exp2_design_attribution,occlusion_recovery,trial_001,event_006,exp1_system_characterization/occlusion_recovery,23,9,0.391304347826087,0.9358542561531067,1.2436827906337231
20260717_205539_controller_right,exp2_design_attribution,occlusion_recovery,trial_001,event_006,exp1_system_characterization/occlusion_recovery,23,10,0.43478260869565216,0.9334895014762878,1.2730680788980906
20260717_205539_controller_right,exp2_design_attribution,occlusion_recovery,trial_001,event_006,exp1_system_characterization/occlusion_recovery,23,11,0.4782608695652174,0.9269009232521057,1.3102497969416826
20260717_205539_controller_right,exp2_design_attribution,occlusion_recovery,trial_001,event_006,exp1_system_characterization/occlusion_recovery,23,12,0.5217391304347826,0.9254853129386902,1.3265727800713525
20260717_205539_controller_right,exp2_design_attribution,occlusion_recovery,trial_001,event_006,exp1_system_characterization/occlusion_recovery,23,13,0.5652173913043478,0.9231796860694885,1.3035112992779372
20260717_205539_controller_right,exp2_design_attribution,occlusion_recovery,trial_001,event_006,exp1_system_characterization/occlusion_recovery,23,14,0.6086956521739131,0.9213218688964844,1.289318249284747
20260717_205539_controller_right,exp2_design_attribution,occlusion_recovery,trial_001,event_006,exp1_system_characterization/occlusion_recovery,23,15,0.6521739130434783,0.921292245388031,1.2998816149995749
20260717_205539_controller_right,exp2_design_attribution,occlusion_recovery,trial_001,event_006,exp1_system_characterization/occlusion_recovery,23,16,0.6956521739130435,0.9208588004112244,1.3122116288444947
20260717_205539_controller_right,exp2_design_attribution,occlusion_recovery,trial_001,event_006,exp1_system_characterization/occlusion_recovery,23,17,0.7391304347826086,0.9195748567581177,1.313005209138247
20260717_205539_controller_right,exp2_design_attribution,occlusion_recovery,trial_001,event_006,exp1_system_characterization/occlusion_recovery,23,18,0.782608695652174,0.918400764465332,1.3375619934692524
20260717_205539_controller_right,exp2_design_attribution,occlusion_recovery,trial_001,event_006,exp1_system_characterization/occlusion_recovery,23,19,0.8260869565217391,0.9150473475456238,1.344156080389108
20260717_205539_controller_right,exp2_design_attribution,occlusion_recovery,trial_001,event_006,exp1_system_characterization/occlusion_recovery,23,20,0.8695652173913043,0.9084270596504211,1.3636405599103507
20260717_205539_controller_right,exp2_design_attribution,occlusion_recovery,trial_001,event_006,exp1_system_characterization/occlusion_recovery,23,21,0.9130434782608695,0.8959277868270874,1.3778805259423146
20260717_205539_controller_right,exp2_design_attribution,occlusion_recovery,trial_001,event_006,exp1_system_characterization/occlusion_recovery,23,22,0.9565217391304348,0.8932318687438965,1.3897771621446915
20260717_205539_controller_right,exp2_design_attribution,occlusion_recovery,trial_001,event_006,exp1_system_characterization/occlusion_recovery,23,23,1.0,0.8684030175209045,1.398518532952797
20260717_205539_controller_right,exp2_design_attribution,occlusion_recovery,trial_001,event_007,exp1_system_characterization/occlusion_recovery,12,4,0.3333333333333333,1.0,1.3710974775453753
20260717_205539_controller_right,exp2_design_attribution,occlusion_recovery,trial_001,event_007,exp1_system_characterization/occlusion_recovery,12,5,0.4166666666666667,0.9529864192008972,1.4170942713893724
20260717_205539_controller_right,exp2_design_attribution,occlusion_recovery,trial_001,event_007,exp1_system_characterization/occlusion_recovery,12,6,0.5,0.949056088924408,1.4000842963826734
20260717_205539_controller_right,exp2_design_attribution,occlusion_recovery,trial_001,event_007,exp1_system_characterization/occlusion_recovery,12,7,0.5833333333333334,0.9481712579727173,1.3743367867578684
20260717_205539_controller_right,exp2_design_attribution,occlusion_recovery,trial_001,event_007,exp1_system_characterization/occlusion_recovery,12,8,0.6666666666666666,0.9423002004623413,1.3966975903270131
20260717_205539_controller_right,exp2_design_attribution,occlusion_recovery,trial_001,event_007,exp1_system_characterization/occlusion_recovery,12,9,0.75,0.9420358538627625,1.4762272535887033
20260717_205539_controller_right,exp2_design_attribution,occlusion_recovery,trial_001,event_007,exp1_system_characterization/occlusion_recovery,12,10,0.8333333333333334,0.940820574760437,1.4777237263154104
20260717_205539_controller_right,exp2_design_attribution,occlusion_recovery,trial_001,event_007,exp1_system_characterization/occlusion_recovery,12,11,0.9166666666666666,0.7012406587600708,1.5525712963318619
20260717_205539_controller_right,exp2_design_attribution,occlusion_recovery,trial_001,event_007,exp1_system_characterization/occlusion_recovery,12,12,1.0,0.23258107900619507,2.4374161900120788
20260717_205539_controller_right,exp2_design_attribution,occlusion_recovery,trial_001,event_008,exp1_system_characterization/occlusion_recovery,26,1,0.038461538461538464,0.9572698473930359,1.0792339295604056
20260717_205539_controller_right,exp2_design_attribution,occlusion_recovery,trial_001,event_008,exp1_system_characterization/occlusion_recovery,26,2,0.07692307692307693,0.9492737054824829,1.0403149800870857
20260717_205539_controller_right,exp2_design_attribution,occlusion_recovery,trial_001,event_008,exp1_system_characterization/occlusion_recovery,26,3,0.11538461538461539,0.948662281036377,0.9968822979136706
20260717_205539_controller_right,exp2_design_attribution,occlusion_recovery,trial_001,event_008,exp1_system_characterization/occlusion_recovery,26,4,0.15384615384615385,0.9481930732727051,1.039625027910574
20260717_205539_controller_right,exp2_design_attribution,occlusion_recovery,trial_001,event_008,exp1_system_characterization/occlusion_recovery,26,5,0.19230769230769232,0.948186457157135,1.0536825318150507
20260717_205539_controller_right,exp2_design_attribution,occlusion_recovery,trial_001,event_008,exp1_system_characterization/occlusion_recovery,26,6,0.23076923076923078,0.9470954537391663,1.0719178478551787
20260717_205539_controller_right,exp2_design_attribution,occlusion_recovery,trial_001,event_008,exp1_system_characterization/occlusion_recovery,26,7,0.2692307692307692,0.9467644095420837,1.1064122750539316
20260717_205539_controller_right,exp2_design_attribution,occlusion_recovery,trial_001,event_008,exp1_system_characterization/occlusion_recovery,26,8,0.3076923076923077,0.9466065168380737,1.0875349065715132
20260717_205539_controller_right,exp2_design_attribution,occlusion_recovery,trial_001,event_008,exp1_system_characterization/occlusion_recovery,26,9,0.34615384615384615,0.9458481669425964,1.1038136965573793
20260717_205539_controller_right,exp2_design_attribution,occlusion_recovery,trial_001,event_008,exp1_system_characterization/occlusion_recovery,26,10,0.38461538461538464,0.9450457692146301,1.1211573955237188
20260717_205539_controller_right,exp2_design_attribution,occlusion_recovery,trial_001,event_008,exp1_system_characterization/occlusion_recovery,26,11,0.4230769230769231,0.9429794549942017,1.1283267864500812
20260717_205539_controller_right,exp2_design_attribution,occlusion_recovery,trial_001,event_008,exp1_system_characterization/occlusion_recovery,26,12,0.46153846153846156,0.9389690160751343,1.1527692077042984
20260717_205539_controller_right,exp2_design_attribution,occlusion_recovery,trial_001,event_008,exp1_system_characterization/occlusion_recovery,26,13,0.5,0.9381272792816162,1.1586815649681528
20260717_205539_controller_right,exp2_design_attribution,occlusion_recovery,trial_001,event_008,exp1_system_characterization/occlusion_recovery,26,14,0.5384615384615384,0.9380158185958862,1.164550992132106
20260717_205539_controller_right,exp2_design_attribution,occlusion_recovery,trial_001,event_008,exp1_system_characterization/occlusion_recovery,26,15,0.5769230769230769,0.9374186992645264,1.1654619917880447
20260717_205539_controller_right,exp2_design_attribution,occlusion_recovery,trial_001,event_008,exp1_system_characterization/occlusion_recovery,26,16,0.6153846153846154,0.9344325661659241,1.174335601368274
20260717_205539_controller_right,exp2_design_attribution,occlusion_recovery,trial_001,event_008,exp1_system_characterization/occlusion_recovery,26,17,0.6538461538461539,0.9330060482025146,1.1866171393396376
20260717_205539_controller_right,exp2_design_attribution,occlusion_recovery,trial_001,event_008,exp1_system_characterization/occlusion_recovery,26,18,0.6923076923076923,0.9326029419898987,1.2113148467809463
20260717_205539_controller_right,exp2_design_attribution,occlusion_recovery,trial_001,event_008,exp1_system_characterization/occlusion_recovery,26,19,0.7307692307692307,0.9289101362228394,1.217302808616815
20260717_205539_controller_right,exp2_design_attribution,occlusion_recovery,trial_001,event_008,exp1_system_characterization/occlusion_recovery,26,20,0.7692307692307693,0.9265093207359314,1.2390022442386839
20260717_205539_controller_right,exp2_design_attribution,occlusion_recovery,trial_001,event_008,exp1_system_characterization/occlusion_recovery,26,21,0.8076923076923077,0.9170709848403931,1.2654611461101373
20260717_205539_controller_right,exp2_design_attribution,occlusion_recovery,trial_001,event_008,exp1_system_characterization/occlusion_recovery,26,22,0.8461538461538461,0.9110965132713318,1.3011408106942906
20260717_205539_controller_right,exp2_design_attribution,occlusion_recovery,trial_001,event_008,exp1_system_characterization/occlusion_recovery,26,23,0.8846153846153846,0.899132490158081,1.326801344618546
20260717_205539_controller_right,exp2_design_attribution,occlusion_recovery,trial_001,event_008,exp1_system_characterization/occlusion_recovery,26,24,0.9230769230769231,0.8958947062492371,1.3542968675385139
20260717_205539_controller_right,exp2_design_attribution,occlusion_recovery,trial_001,event_008,exp1_system_characterization/occlusion_recovery,26,25,0.9615384615384616,0.860934853553772,1.3767476398742255
20260717_205539_controller_right,exp2_design_attribution,occlusion_recovery,trial_001,event_008,exp1_system_characterization/occlusion_recovery,26,26,1.0,0.8583688139915466,1.4152529351521173
20260717_205539_controller_right,exp2_design_attribution,occlusion_recovery,trial_001,event_009,exp1_system_characterization/occlusion_recovery,16,4,0.25,1.0,2.3313778886091336
20260717_205539_controller_right,exp2_design_attribution,occlusion_recovery,trial_001,event_009,exp1_system_characterization/occlusion_recovery,16,5,0.3125,0.95106041431427,2.1249667902280764
20260717_205539_controller_right,exp2_design_attribution,occlusion_recovery,trial_001,event_009,exp1_system_characterization/occlusion_recovery,16,6,0.375,0.9506627321243286,2.011673835732178
20260717_205539_controller_right,exp2_design_attribution,occlusion_recovery,trial_001,event_009,exp1_system_characterization/occlusion_recovery,16,7,0.4375,0.9331115484237671,1.9222641915729952
20260717_205539_controller_right,exp2_design_attribution,occlusion_recovery,trial_001,event_009,exp1_system_characterization/occlusion_recovery,16,8,0.5,0.9319590926170349,1.9219719208875676
20260717_205539_controller_right,exp2_design_attribution,occlusion_recovery,trial_001,event_009,exp1_system_characterization/occlusion_recovery,16,9,0.5625,0.9302526116371155,1.874880429965155
20260717_205539_controller_right,exp2_design_attribution,occlusion_recovery,trial_001,event_009,exp1_system_characterization/occlusion_recovery,16,10,0.625,0.9280164241790771,1.8424773574395765
20260717_205539_controller_right,exp2_design_attribution,occlusion_recovery,trial_001,event_009,exp1_system_characterization/occlusion_recovery,16,11,0.6875,0.9228131771087646,1.7799696994149128
20260717_205539_controller_right,exp2_design_attribution,occlusion_recovery,trial_001,event_009,exp1_system_characterization/occlusion_recovery,16,12,0.75,0.9210172295570374,1.8107223075739574
20260717_205539_controller_right,exp2_design_attribution,occlusion_recovery,trial_001,event_009,exp1_system_characterization/occlusion_recovery,16,13,0.8125,0.9029654860496521,1.8400337651757956
20260717_205539_controller_right,exp2_design_attribution,occlusion_recovery,trial_001,event_009,exp1_system_characterization/occlusion_recovery,16,14,0.875,0.9027352929115295,1.82200379837581
20260717_205539_controller_right,exp2_design_attribution,occlusion_recovery,trial_001,event_009,exp1_system_characterization/occlusion_recovery,16,15,0.9375,0.644811749458313,1.7650364805951415
20260717_205539_controller_right,exp2_design_attribution,occlusion_recovery,trial_001,event_009,exp1_system_characterization/occlusion_recovery,16,16,1.0,0.14436577260494232,2.5100617660080045
20260717_205539_controller_right,exp2_design_attribution,occlusion_recovery,trial_001,event_010,exp1_system_characterization/occlusion_recovery,44,1,0.022727272727272728,0.9581893682479858,1.2063189435523447
20260717_205539_controller_right,exp2_design_attribution,occlusion_recovery,trial_001,event_010,exp1_system_characterization/occlusion_recovery,44,2,0.045454545454545456,0.955729067325592,1.251185980795846
20260717_205539_controller_right,exp2_design_attribution,occlusion_recovery,trial_001,event_010,exp1_system_characterization/occlusion_recovery,44,3,0.06818181818181818,0.9540286660194397,1.2005126500450292
20260717_205539_controller_right,exp2_design_attribution,occlusion_recovery,trial_001,event_010,exp1_system_characterization/occlusion_recovery,44,4,0.09090909090909091,0.954026460647583,1.1718472045879356
20260717_205539_controller_right,exp2_design_attribution,occlusion_recovery,trial_001,event_010,exp1_system_characterization/occlusion_recovery,44,5,0.11363636363636363,0.9518978595733643,1.2043703742354481
20260717_205539_controller_right,exp2_design_attribution,occlusion_recovery,trial_001,event_010,exp1_system_characterization/occlusion_recovery,44,6,0.13636363636363635,0.9501064419746399,1.2123408211021804
20260717_205539_controller_right,exp2_design_attribution,occlusion_recovery,trial_001,event_010,exp1_system_characterization/occlusion_recovery,44,7,0.1590909090909091,0.9492277503013611,1.2036136833856241
20260717_205539_controller_right,exp2_design_attribution,occlusion_recovery,trial_001,event_010,exp1_system_characterization/occlusion_recovery,44,8,0.18181818181818182,0.9463585615158081,1.2009523045160406
20260717_205539_controller_right,exp2_design_attribution,occlusion_recovery,trial_001,event_010,exp1_system_characterization/occlusion_recovery,44,9,0.20454545454545456,0.945344865322113,1.1799992002869262
20260717_205539_controller_right,exp2_design_attribution,occlusion_recovery,trial_001,event_010,exp1_system_characterization/occlusion_recovery,44,10,0.22727272727272727,0.9436780214309692,1.1816577337822292
20260717_205539_controller_right,exp2_design_attribution,occlusion_recovery,trial_001,event_010,exp1_system_characterization/occlusion_recovery,44,11,0.25,0.9407129287719727,1.1574518162429368
20260717_205539_controller_right,exp2_design_attribution,occlusion_recovery,trial_001,event_010,exp1_system_characterization/occlusion_recovery,44,12,0.2727272727272727,0.9403196573257446,1.1910314646115336
20260717_205539_controller_right,exp2_design_attribution,occlusion_recovery,trial_001,event_010,exp1_system_characterization/occlusion_recovery,44,13,0.29545454545454547,0.9382179975509644,1.1907789427448272
20260717_205539_controller_right,exp2_design_attribution,occlusion_recovery,trial_001,event_010,exp1_system_characterization/occlusion_recovery,44,14,0.3181818181818182,0.9379593133926392,1.1988213388659905
20260717_205539_controller_right,exp2_design_attribution,occlusion_recovery,trial_001,event_010,exp1_system_characterization/occlusion_recovery,44,15,0.3409090909090909,0.9379070997238159,1.1940684981163476
20260717_205539_controller_right,exp2_design_attribution,occlusion_recovery,trial_001,event_010,exp1_system_characterization/occlusion_recovery,44,16,0.36363636363636365,0.9369558095932007,1.221597217056579
20260717_205539_controller_right,exp2_design_attribution,occlusion_recovery,trial_001,event_010,exp1_system_characterization/occlusion_recovery,44,17,0.38636363636363635,0.9368957281112671,1.2217382872692681
20260717_205539_controller_right,exp2_design_attribution,occlusion_recovery,trial_001,event_010,exp1_system_characterization/occlusion_recovery,44,18,0.4090909090909091,0.9365336298942566,1.225278914233234
20260717_205539_controller_right,exp2_design_attribution,occlusion_recovery,trial_001,event_010,exp1_system_characterization/occlusion_recovery,44,19,0.4318181818181818,0.9363001585006714,1.208931486637416
20260717_205539_controller_right,exp2_design_attribution,occlusion_recovery,trial_001,event_010,exp1_system_characterization/occlusion_recovery,44,20,0.45454545454545453,0.9359166026115417,1.211010077435139
20260717_205539_controller_right,exp2_design_attribution,occlusion_recovery,trial_001,event_010,exp1_system_characterization/occlusion_recovery,44,21,0.4772727272727273,0.9358862042427063,1.2356122543105423
20260717_205539_controller_right,exp2_design_attribution,occlusion_recovery,trial_001,event_010,exp1_system_characterization/occlusion_recovery,44,22,0.5,0.9357979893684387,1.2394089007477544
20260717_205539_controller_right,exp2_design_attribution,occlusion_recovery,trial_001,event_010,exp1_system_characterization/occlusion_recovery,44,23,0.5227272727272727,0.9341961741447449,1.243279202496358
20260717_205539_controller_right,exp2_design_attribution,occlusion_recovery,trial_001,event_010,exp1_system_characterization/occlusion_recovery,44,24,0.5454545454545454,0.934160053730011,1.2262216563491661
20260717_205539_controller_right,exp2_design_attribution,occlusion_recovery,trial_001,event_010,exp1_system_characterization/occlusion_recovery,44,25,0.5681818181818182,0.9332947731018066,1.2317799384432633
20260717_205539_controller_right,exp2_design_attribution,occlusion_recovery,trial_001,event_010,exp1_system_characterization/occlusion_recovery,44,26,0.5909090909090909,0.9302119612693787,1.2379952446884763
20260717_205539_controller_right,exp2_design_attribution,occlusion_recovery,trial_001,event_010,exp1_system_characterization/occlusion_recovery,44,27,0.6136363636363636,0.9280532598495483,1.2434464484192886
20260717_205539_controller_right,exp2_design_attribution,occlusion_recovery,trial_001,event_010,exp1_system_characterization/occlusion_recovery,44,28,0.6363636363636364,0.9278348684310913,1.255360146108933
20260717_205539_controller_right,exp2_design_attribution,occlusion_recovery,trial_001,event_010,exp1_system_characterization/occlusion_recovery,44,29,0.6590909090909091,0.9267387986183167,1.2833459886250624
20260717_205539_controller_right,exp2_design_attribution,occlusion_recovery,trial_001,event_010,exp1_system_characterization/occlusion_recovery,44,30,0.6818181818181818,0.9251405000686646,1.2958256514107107
20260717_205539_controller_right,exp2_design_attribution,occlusion_recovery,trial_001,event_010,exp1_system_characterization/occlusion_recovery,44,31,0.7045454545454546,0.9250854849815369,1.2905089508822938
20260717_205539_controller_right,exp2_design_attribution,occlusion_recovery,trial_001,event_010,exp1_system_characterization/occlusion_recovery,44,32,0.7272727272727273,0.924807071685791,1.3028788667180988
20260717_205539_controller_right,exp2_design_attribution,occlusion_recovery,trial_001,event_010,exp1_system_characterization/occlusion_recovery,44,33,0.75,0.924272894859314,1.3110634242233727
20260717_205539_controller_right,exp2_design_attribution,occlusion_recovery,trial_001,event_010,exp1_system_characterization/occlusion_recovery,44,34,0.7727272727272727,0.9223847389221191,1.3167144694556305
20260717_205539_controller_right,exp2_design_attribution,occlusion_recovery,trial_001,event_010,exp1_system_characterization/occlusion_recovery,44,35,0.7954545454545454,0.9190832376480103,1.3292255586276764
20260717_205539_controller_right,exp2_design_attribution,occlusion_recovery,trial_001,event_010,exp1_system_characterization/occlusion_recovery,44,36,0.8181818181818182,0.91880202293396,1.3488331735431052
20260717_205539_controller_right,exp2_design_attribution,occlusion_recovery,trial_001,event_010,exp1_system_characterization/occlusion_recovery,44,37,0.8409090909090909,0.9175626635551453,1.3670269064294298
20260717_205539_controller_right,exp2_design_attribution,occlusion_recovery,trial_001,event_010,exp1_system_characterization/occlusion_recovery,44,38,0.8636363636363636,0.91755610704422,1.380792800459288
20260717_205539_controller_right,exp2_design_attribution,occlusion_recovery,trial_001,event_010,exp1_system_characterization/occlusion_recovery,44,39,0.8863636363636364,0.9158272743225098,1.3960488517188745
20260717_205539_controller_right,exp2_design_attribution,occlusion_recovery,trial_001,event_010,exp1_system_characterization/occlusion_recovery,44,40,0.9090909090909091,0.913928210735321,1.411463739610862
20260717_205539_controller_right,exp2_design_attribution,occlusion_recovery,trial_001,event_010,exp1_system_characterization/occlusion_recovery,44,41,0.9318181818181818,0.9135830402374268,1.4319669054132784
20260717_205539_controller_right,exp2_design_attribution,occlusion_recovery,trial_001,event_010,exp1_system_characterization/occlusion_recovery,44,42,0.9545454545454546,0.9014840722084045,1.4432397321187498
20260717_205539_controller_right,exp2_design_attribution,occlusion_recovery,trial_001,event_010,exp1_system_characterization/occlusion_recovery,44,43,0.9772727272727273,0.8852353692054749,1.4531987528435508
20260717_205539_controller_right,exp2_design_attribution,occlusion_recovery,trial_001,event_010,exp1_system_characterization/occlusion_recovery,44,44,1.0,0.840944766998291,1.498094547816592
20260717_205539_controller_right,exp2_design_attribution,occlusion_recovery,trial_001,event_011,exp1_system_characterization/occlusion_recovery,14,4,0.2857142857142857,1.0,1.2613186664761038
20260717_205539_controller_right,exp2_design_attribution,occlusion_recovery,trial_001,event_011,exp1_system_characterization/occlusion_recovery,14,5,0.35714285714285715,0.9535648226737976,1.208618182103477
20260717_205539_controller_right,exp2_design_attribution,occlusion_recovery,trial_001,event_011,exp1_system_characterization/occlusion_recovery,14,6,0.42857142857142855,0.9500064253807068,1.1202165278867233
20260717_205539_controller_right,exp2_design_attribution,occlusion_recovery,trial_001,event_011,exp1_system_characterization/occlusion_recovery,14,7,0.5,0.9468984603881836,1.1136556003174423
20260717_205539_controller_right,exp2_design_attribution,occlusion_recovery,trial_001,event_011,exp1_system_characterization/occlusion_recovery,14,8,0.5714285714285714,0.9446815252304077,1.0556691627136583
20260717_205539_controller_right,exp2_design_attribution,occlusion_recovery,trial_001,event_011,exp1_system_characterization/occlusion_recovery,14,9,0.6428571428571429,0.9442529082298279,1.0338163009520365
20260717_205539_controller_right,exp2_design_attribution,occlusion_recovery,trial_001,event_011,exp1_system_characterization/occlusion_recovery,14,10,0.7142857142857143,0.9424786567687988,1.019129145333717
20260717_205539_controller_right,exp2_design_attribution,occlusion_recovery,trial_001,event_011,exp1_system_characterization/occlusion_recovery,14,11,0.7857142857142857,0.9423726797103882,1.0158815665684704
20260717_205539_controller_right,exp2_design_attribution,occlusion_recovery,trial_001,event_011,exp1_system_characterization/occlusion_recovery,14,12,0.8571428571428571,0.9408910870552063,1.046015212886184
20260717_205539_controller_right,exp2_design_attribution,occlusion_recovery,trial_001,event_011,exp1_system_characterization/occlusion_recovery,14,13,0.9285714285714286,0.28647494316101074,1.5709075495900702
20260717_205539_controller_right,exp2_design_attribution,occlusion_recovery,trial_001,event_011,exp1_system_characterization/occlusion_recovery,14,14,1.0,0.04929400980472565,4.174528927553285
20260717_205539_controller_right,exp2_design_attribution,occlusion_recovery,trial_001,event_012,exp1_system_characterization/occlusion_recovery,24,1,0.041666666666666664,0.9521912932395935,1.0625351096581028
20260717_205539_controller_right,exp2_design_attribution,occlusion_recovery,trial_001,event_012,exp1_system_characterization/occlusion_recovery,24,2,0.08333333333333333,0.9495160579681396,1.0967833865632377
20260717_205539_controller_right,exp2_design_attribution,occlusion_recovery,trial_001,event_012,exp1_system_characterization/occlusion_recovery,24,3,0.125,0.9468825459480286,1.0580573042038592
20260717_205539_controller_right,exp2_design_attribution,occlusion_recovery,trial_001,event_012,exp1_system_characterization/occlusion_recovery,24,4,0.16666666666666666,0.9454142451286316,1.0577337793693196
20260717_205539_controller_right,exp2_design_attribution,occlusion_recovery,trial_001,event_012,exp1_system_characterization/occlusion_recovery,24,5,0.20833333333333334,0.9437453150749207,1.006434209767174
20260717_205539_controller_right,exp2_design_attribution,occlusion_recovery,trial_001,event_012,exp1_system_characterization/occlusion_recovery,24,6,0.25,0.9410274624824524,1.0135740602424521
20260717_205539_controller_right,exp2_design_attribution,occlusion_recovery,trial_001,event_012,exp1_system_characterization/occlusion_recovery,24,7,0.2916666666666667,0.9401476979255676,1.01478531455472
20260717_205539_controller_right,exp2_design_attribution,occlusion_recovery,trial_001,event_012,exp1_system_characterization/occlusion_recovery,24,8,0.3333333333333333,0.9383934736251831,1.0103673928698589
20260717_205539_controller_right,exp2_design_attribution,occlusion_recovery,trial_001,event_012,exp1_system_characterization/occlusion_recovery,24,9,0.375,0.9382504820823669,1.0015327677394246
20260717_205539_controller_right,exp2_design_attribution,occlusion_recovery,trial_001,event_012,exp1_system_characterization/occlusion_recovery,24,10,0.4166666666666667,0.9381973147392273,1.0313852239665011
20260717_205539_controller_right,exp2_design_attribution,occlusion_recovery,trial_001,event_012,exp1_system_characterization/occlusion_recovery,24,11,0.4583333333333333,0.9373070001602173,1.039962823232142
20260717_205539_controller_right,exp2_design_attribution,occlusion_recovery,trial_001,event_012,exp1_system_characterization/occlusion_recovery,24,12,0.5,0.9354274868965149,1.0419910954158438
20260717_205539_controller_right,exp2_design_attribution,occlusion_recovery,trial_001,event_012,exp1_system_characterization/occlusion_recovery,24,13,0.5416666666666666,0.9345458149909973,1.0687736660303255
20260717_205539_controller_right,exp2_design_attribution,occlusion_recovery,trial_001,event_012,exp1_system_characterization/occlusion_recovery,24,14,0.5833333333333334,0.9333985447883606,1.0760942033813528
20260717_205539_controller_right,exp2_design_attribution,occlusion_recovery,trial_001,event_012,exp1_system_characterization/occlusion_recovery,24,15,0.625,0.9321590065956116,1.0774890072584133
20260717_205539_controller_right,exp2_design_attribution,occlusion_recovery,trial_001,event_012,exp1_system_characterization/occlusion_recovery,24,16,0.6666666666666666,0.929399847984314,1.082630842985256
20260717_205539_controller_right,exp2_design_attribution,occlusion_recovery,trial_001,event_012,exp1_system_characterization/occlusion_recovery,24,17,0.7083333333333334,0.9271305799484253,1.115232296738458
20260717_205539_controller_right,exp2_design_attribution,occlusion_recovery,trial_001,event_012,exp1_system_characterization/occlusion_recovery,24,18,0.75,0.9263920187950134,1.1138935743761946
20260717_205539_controller_right,exp2_design_attribution,occlusion_recovery,trial_001,event_012,exp1_system_characterization/occlusion_recovery,24,19,0.7916666666666666,0.9238525032997131,1.103771810005877
20260717_205539_controller_right,exp2_design_attribution,occlusion_recovery,trial_001,event_012,exp1_system_characterization/occlusion_recovery,24,20,0.8333333333333334,0.9182777404785156,1.1185689974713757
20260717_205539_controller_right,exp2_design_attribution,occlusion_recovery,trial_001,event_012,exp1_system_characterization/occlusion_recovery,24,21,0.875,0.9167343974113464,1.122791916077385
20260717_205539_controller_right,exp2_design_attribution,occlusion_recovery,trial_001,event_012,exp1_system_characterization/occlusion_recovery,24,22,0.9166666666666666,0.9141741394996643,1.1388089179976353
20260717_205539_controller_right,exp2_design_attribution,occlusion_recovery,trial_001,event_012,exp1_system_characterization/occlusion_recovery,24,23,0.9583333333333334,0.9114905595779419,1.163059066543539
20260717_205539_controller_right,exp2_design_attribution,occlusion_recovery,trial_001,event_012,exp1_system_characterization/occlusion_recovery,24,24,1.0,0.9108120799064636,1.1747315705105221
20260717_205539_controller_right,exp2_design_attribution,occlusion_recovery,trial_001,event_013,exp1_system_characterization/occlusion_recovery,10,1,0.1,1.0,1.4540492278496564
20260717_205539_controller_right,exp2_design_attribution,occlusion_recovery,trial_001,event_013,exp1_system_characterization/occlusion_recovery,10,2,0.2,0.9466863870620728,1.3001280378184124
20260717_205539_controller_right,exp2_design_attribution,occlusion_recovery,trial_001,event_013,exp1_system_characterization/occlusion_recovery,10,3,0.3,0.9372056722640991,1.2992572948414869
20260717_205539_controller_right,exp2_design_attribution,occlusion_recovery,trial_001,event_013,exp1_system_characterization/occlusion_recovery,10,4,0.4,0.9367802739143372,1.1453403400053142
20260717_205539_controller_right,exp2_design_attribution,occlusion_recovery,trial_001,event_013,exp1_system_characterization/occlusion_recovery,10,5,0.5,0.9291020631790161,1.1871401025788824
20260717_205539_controller_right,exp2_design_attribution,occlusion_recovery,trial_001,event_013,exp1_system_characterization/occlusion_recovery,10,6,0.6,0.926217257976532,1.2142181578947235
20260717_205539_controller_right,exp2_design_attribution,occlusion_recovery,trial_001,event_013,exp1_system_characterization/occlusion_recovery,10,7,0.7,0.9190338253974915,1.2218671564141954
20260717_205539_controller_right,exp2_design_attribution,occlusion_recovery,trial_001,event_013,exp1_system_characterization/occlusion_recovery,10,8,0.8,0.834589958190918,1.215965813686831
20260717_205539_controller_right,exp2_design_attribution,occlusion_recovery,trial_001,event_013,exp1_system_characterization/occlusion_recovery,10,9,0.9,0.23291175067424774,1.8008188903065043
20260717_205539_controller_right,exp2_design_attribution,occlusion_recovery,trial_001,event_013,exp1_system_characterization/occlusion_recovery,10,10,1.0,0.046808283776044846,5.030283442644367
20260717_205539_controller_right,exp2_design_attribution,occlusion_recovery,trial_001,event_014,exp1_system_characterization/occlusion_recovery,78,4,0.05128205128205128,1.0,1.1458619181663865
20260717_205539_controller_right,exp2_design_attribution,occlusion_recovery,trial_001,event_014,exp1_system_characterization/occlusion_recovery,78,5,0.0641025641025641,0.9564672708511353,1.0856699944208463
20260717_205539_controller_right,exp2_design_attribution,occlusion_recovery,trial_001,event_014,exp1_system_characterization/occlusion_recovery,78,6,0.07692307692307693,0.953562319278717,1.0408423793056205
20260717_205539_controller_right,exp2_design_attribution,occlusion_recovery,trial_001,event_014,exp1_system_characterization/occlusion_recovery,78,7,0.08974358974358974,0.9515995383262634,1.0126590313436357
20260717_205539_controller_right,exp2_design_attribution,occlusion_recovery,trial_001,event_014,exp1_system_characterization/occlusion_recovery,78,8,0.10256410256410256,0.9501625895500183,0.9928455695312337
20260717_205539_controller_right,exp2_design_attribution,occlusion_recovery,trial_001,event_014,exp1_system_characterization/occlusion_recovery,78,9,0.11538461538461539,0.948121964931488,0.9975530525340264
20260717_205539_controller_right,exp2_design_attribution,occlusion_recovery,trial_001,event_014,exp1_system_characterization/occlusion_recovery,78,10,0.1282051282051282,0.947202205657959,0.9750161814882073
20260717_205539_controller_right,exp2_design_attribution,occlusion_recovery,trial_001,event_014,exp1_system_characterization/occlusion_recovery,78,11,0.14102564102564102,0.9439440369606018,0.975424730876198
20260717_205539_controller_right,exp2_design_attribution,occlusion_recovery,trial_001,event_014,exp1_system_characterization/occlusion_recovery,78,12,0.15384615384615385,0.9434921145439148,0.9739866362653906
20260717_205539_controller_right,exp2_design_attribution,occlusion_recovery,trial_001,event_014,exp1_system_characterization/occlusion_recovery,78,13,0.16666666666666666,0.9434814453125,0.9894201237114484
20260717_205539_controller_right,exp2_design_attribution,occlusion_recovery,trial_001,event_014,exp1_system_characterization/occlusion_recovery,78,14,0.1794871794871795,0.9423825144767761,0.9842543276226715
20260717_205539_controller_right,exp2_design_attribution,occlusion_recovery,trial_001,event_014,exp1_system_characterization/occlusion_recovery,78,15,0.19230769230769232,0.9406270980834961,0.9904533789662477
20260717_205539_controller_right,exp2_design_attribution,occlusion_recovery,trial_001,event_014,exp1_system_characterization/occlusion_recovery,78,16,0.20512820512820512,0.9400375485420227,0.9891125344301122
20260717_205539_controller_right,exp2_design_attribution,occlusion_recovery,trial_001,event_014,exp1_system_characterization/occlusion_recovery,78,17,0.21794871794871795,0.93927001953125,0.9841293716176653
20260717_205539_controller_right,exp2_design_attribution,occlusion_recovery,trial_001,event_014,exp1_system_characterization/occlusion_recovery,78,18,0.23076923076923078,0.9372989535331726,0.9861618274813329
20260717_205539_controller_right,exp2_design_attribution,occlusion_recovery,trial_001,event_014,exp1_system_characterization/occlusion_recovery,78,19,0.24358974358974358,0.9370670914649963,1.0072430724904344
20260717_205539_controller_right,exp2_design_attribution,occlusion_recovery,trial_001,event_014,exp1_system_characterization/occlusion_recovery,78,20,0.2564102564102564,0.9365872144699097,1.341189286552312
20260717_205539_controller_right,exp2_design_attribution,occlusion_recovery,trial_001,event_014,exp1_system_characterization/occlusion_recovery,78,21,0.2692307692307692,0.9351546764373779,1.3256425796446958
20260717_205539_controller_right,exp2_design_attribution,occlusion_recovery,trial_001,event_014,exp1_system_characterization/occlusion_recovery,78,22,0.28205128205128205,0.934751033782959,1.3250463680676934
20260717_205539_controller_right,exp2_design_attribution,occlusion_recovery,trial_001,event_014,exp1_system_characterization/occlusion_recovery,78,23,0.2948717948717949,0.9342772960662842,1.3151402494405462
20260717_205539_controller_right,exp2_design_attribution,occlusion_recovery,trial_001,event_014,exp1_system_characterization/occlusion_recovery,78,24,0.3076923076923077,0.9340085983276367,3.8130975074194047
20260717_205539_controller_right,exp2_design_attribution,occlusion_recovery,trial_001,event_014,exp1_system_characterization/occlusion_recovery,78,25,0.32051282051282054,0.9321461319923401,3.6928264068930683
20260717_205539_controller_right,exp2_design_attribution,occlusion_recovery,trial_001,event_014,exp1_system_characterization/occlusion_recovery,78,26,0.3333333333333333,0.931968092918396,3.5871723828056967
20260717_205539_controller_right,exp2_design_attribution,occlusion_recovery,trial_001,event_014,exp1_system_characterization/occlusion_recovery,78,27,0.34615384615384615,0.9299311637878418,3.5014981649578147
20260717_205539_controller_right,exp2_design_attribution,occlusion_recovery,trial_001,event_014,exp1_system_characterization/occlusion_recovery,78,28,0.358974358974359,0.9294766187667847,3.690209845083785
20260717_205539_controller_right,exp2_design_attribution,occlusion_recovery,trial_001,event_014,exp1_system_characterization/occlusion_recovery,78,29,0.3717948717948718,0.9258366823196411,3.592077384160746
20260717_205539_controller_right,exp2_design_attribution,occlusion_recovery,trial_001,event_014,exp1_system_characterization/occlusion_recovery,78,30,0.38461538461538464,0.9258238077163696,3.6013854978121236
20260717_205539_controller_right,exp2_design_attribution,occlusion_recovery,trial_001,event_014,exp1_system_characterization/occlusion_recovery,78,31,0.3974358974358974,0.9251976013183594,5.029767921676223
20260717_205539_controller_right,exp2_design_attribution,occlusion_recovery,trial_001,event_014,exp1_system_characterization/occlusion_recovery,78,32,0.41025641025641024,0.9249010682106018,4.8955846552341145
20260717_205539_controller_right,exp2_design_attribution,occlusion_recovery,trial_001,event_014,exp1_system_characterization/occlusion_recovery,78,33,0.4230769230769231,0.9248448014259338,6.368059926618856
20260717_205539_controller_right,exp2_design_attribution,occlusion_recovery,trial_001,event_014,exp1_system_characterization/occlusion_recovery,78,34,0.4358974358974359,0.9236310124397278,6.19695190936474
20260717_205539_controller_right,exp2_design_attribution,occlusion_recovery,trial_001,event_014,exp1_system_characterization/occlusion_recovery,78,35,0.44871794871794873,0.9227976202964783,7.433099127361702
20260717_205539_controller_right,exp2_design_attribution,occlusion_recovery,trial_001,event_014,exp1_system_characterization/occlusion_recovery,78,36,0.46153846153846156,0.9212603569030762,7.465399137639752
20260717_205539_controller_right,exp2_design_attribution,occlusion_recovery,trial_001,event_014,exp1_system_characterization/occlusion_recovery,78,37,0.47435897435897434,0.9191281795501709,9.141567091084239
20260717_205539_controller_right,exp2_design_attribution,occlusion_recovery,trial_001,event_014,exp1_system_characterization/occlusion_recovery,78,38,0.48717948717948717,0.8998985290527344,9.258268619747133
20260717_205539_controller_right,exp2_design_attribution,occlusion_recovery,trial_001,event_014,exp1_system_characterization/occlusion_recovery,78,39,0.5,0.8971981406211853,9.063469668083762
20260717_205539_controller_right,exp2_design_attribution,occlusion_recovery,trial_001,event_014,exp1_system_characterization/occlusion_recovery,78,40,0.5128205128205128,0.8745412230491638,9.131957120216677
20260717_205539_controller_right,exp2_design_attribution,occlusion_recovery,trial_001,event_014,exp1_system_characterization/occlusion_recovery,78,41,0.5256410256410257,0.8681737184524536,10.856279408687188
20260717_205539_controller_right,exp2_design_attribution,occlusion_recovery,trial_001,event_014,exp1_system_characterization/occlusion_recovery,78,42,0.5384615384615384,0.8674823641777039,11.762267191119035
20260717_205539_controller_right,exp2_design_attribution,occlusion_recovery,trial_001,event_014,exp1_system_characterization/occlusion_recovery,78,43,0.5512820512820513,0.8504451513290405,11.522733082504216
20260717_205539_controller_right,exp2_design_attribution,occlusion_recovery,trial_001,event_014,exp1_system_characterization/occlusion_recovery,78,44,0.5641025641025641,0.8500841856002808,12.246395282096252
20260717_205539_controller_right,exp2_design_attribution,occlusion_recovery,trial_001,event_014,exp1_system_characterization/occlusion_recovery,78,45,0.5769230769230769,0.8457126021385193,12.003888835460359
20260717_205539_controller_right,exp2_design_attribution,occlusion_recovery,trial_001,event_014,exp1_system_characterization/occlusion_recovery,78,46,0.5897435897435898,0.8386938571929932,11.778805982518099
20260717_205539_controller_right,exp2_design_attribution,occlusion_recovery,trial_001,event_014,exp1_system_characterization/occlusion_recovery,78,47,0.6025641025641025,0.8296924829483032,11.562786133354466
20260717_205539_controller_right,exp2_design_attribution,occlusion_recovery,trial_001,event_014,exp1_system_characterization/occlusion_recovery,78,48,0.6153846153846154,0.826685905456543,12.011526084404196
20260717_205539_controller_right,exp2_design_attribution,occlusion_recovery,trial_001,event_014,exp1_system_characterization/occlusion_recovery,78,49,0.6282051282051282,0.8130162954330444,11.952407160052532
20260717_205539_controller_right,exp2_design_attribution,occlusion_recovery,trial_001,event_014,exp1_system_characterization/occlusion_recovery,78,50,0.6410256410256411,0.7872883677482605,11.745088624717958
20260717_205539_controller_right,exp2_design_attribution,occlusion_recovery,trial_001,event_014,exp1_system_characterization/occlusion_recovery,78,51,0.6538461538461539,0.7829679846763611,11.799400182262955
20260717_205539_controller_right,exp2_design_attribution,occlusion_recovery,trial_001,event_014,exp1_system_characterization/occlusion_recovery,78,52,0.6666666666666666,0.755867600440979,11.702252633165592
20260717_205539_controller_right,exp2_design_attribution,occlusion_recovery,trial_001,event_014,exp1_system_characterization/occlusion_recovery,78,53,0.6794871794871795,0.7513497471809387,11.677041669648032
20260717_205539_controller_right,exp2_design_attribution,occlusion_recovery,trial_001,event_014,exp1_system_characterization/occlusion_recovery,78,54,0.6923076923076923,0.7299687266349792,11.486656714230103
20260717_205539_controller_right,exp2_design_attribution,occlusion_recovery,trial_001,event_014,exp1_system_characterization/occlusion_recovery,78,55,0.7051282051282052,0.7225766181945801,11.334291014747762
20260717_205539_controller_right,exp2_design_attribution,occlusion_recovery,trial_001,event_014,exp1_system_characterization/occlusion_recovery,78,56,0.717948717948718,0.7204126119613647,11.163942564606177
20260717_205539_controller_right,exp2_design_attribution,occlusion_recovery,trial_001,event_014,exp1_system_characterization/occlusion_recovery,78,57,0.7307692307692307,0.7202989459037781,11.033804310822191
20260717_205539_controller_right,exp2_design_attribution,occlusion_recovery,trial_001,event_014,exp1_system_characterization/occlusion_recovery,78,58,0.7435897435897436,0.7119547724723816,10.909844300772829
20260717_205539_controller_right,exp2_design_attribution,occlusion_recovery,trial_001,event_014,exp1_system_characterization/occlusion_recovery,78,59,0.7564102564102564,0.7086268067359924,10.75963121784059
20260717_205539_controller_right,exp2_design_attribution,occlusion_recovery,trial_001,event_014,exp1_system_characterization/occlusion_recovery,78,60,0.7692307692307693,0.7073643207550049,10.639705375692643
20260717_205539_controller_right,exp2_design_attribution,occlusion_recovery,trial_001,event_014,exp1_system_characterization/occlusion_recovery,78,61,0.782051282051282,0.7043299078941345,10.597471069407034
20260717_205539_controller_right,exp2_design_attribution,occlusion_recovery,trial_001,event_014,exp1_system_characterization/occlusion_recovery,78,62,0.7948717948717948,0.701779842376709,10.449345032068441
20260717_205539_controller_right,exp2_design_attribution,occlusion_recovery,trial_001,event_014,exp1_system_characterization/occlusion_recovery,78,63,0.8076923076923077,0.6975482106208801,10.314693118996829
20260717_205539_controller_right,exp2_design_attribution,occlusion_recovery,trial_001,event_014,exp1_system_characterization/occlusion_recovery,78,64,0.8205128205128205,0.6974011063575745,10.190006269042863
20260717_205539_controller_right,exp2_design_attribution,occlusion_recovery,trial_001,event_014,exp1_system_characterization/occlusion_recovery,78,65,0.8333333333333334,0.678074061870575,10.046211901533292
20260717_205539_controller_right,exp2_design_attribution,occlusion_recovery,trial_001,event_014,exp1_system_characterization/occlusion_recovery,78,66,0.8461538461538461,0.6774743795394897,9.947234108810537
20260717_205539_controller_right,exp2_design_attribution,occlusion_recovery,trial_001,event_014,exp1_system_characterization/occlusion_recovery,78,67,0.8589743589743589,0.6702989339828491,9.851438951528886
20260717_205539_controller_right,exp2_design_attribution,occlusion_recovery,trial_001,event_014,exp1_system_characterization/occlusion_recovery,78,68,0.8717948717948718,0.6628152132034302,9.830786796468889
20260717_205539_controller_right,exp2_design_attribution,occlusion_recovery,trial_001,event_014,exp1_system_characterization/occlusion_recovery,78,69,0.8846153846153846,0.6570128202438354,9.826011696677732
20260717_205539_controller_right,exp2_design_attribution,occlusion_recovery,trial_001,event_014,exp1_system_characterization/occlusion_recovery,78,70,0.8974358974358975,0.6441430449485779,9.802394135742391
20260717_205539_controller_right,exp2_design_attribution,occlusion_recovery,trial_001,event_014,exp1_system_characterization/occlusion_recovery,78,71,0.9102564102564102,0.6414018273353577,9.770646215885
20260717_205539_controller_right,exp2_design_attribution,occlusion_recovery,trial_001,event_014,exp1_system_characterization/occlusion_recovery,78,72,0.9230769230769231,0.6407509446144104,9.747187474271795
20260717_205539_controller_right,exp2_design_attribution,occlusion_recovery,trial_001,event_014,exp1_system_characterization/occlusion_recovery,78,73,0.9358974358974359,0.6392228603363037,9.717434094933406
20260717_205539_controller_right,exp2_design_attribution,occlusion_recovery,trial_001,event_014,exp1_system_characterization/occlusion_recovery,78,74,0.9487179487179487,0.6351298093795776,9.674576260234861
20260717_205539_controller_right,exp2_design_attribution,occlusion_recovery,trial_001,event_014,exp1_system_characterization/occlusion_recovery,78,75,0.9615384615384616,0.6347323656082153,9.659484009700073
20260717_205539_controller_right,exp2_design_attribution,occlusion_recovery,trial_001,event_014,exp1_system_characterization/occlusion_recovery,78,76,0.9743589743589743,0.6316931247711182,9.638517793344484
20260717_205539_controller_right,exp2_design_attribution,occlusion_recovery,trial_001,event_014,exp1_system_characterization/occlusion_recovery,78,77,0.9871794871794872,0.6298912167549133,9.602871619945505
20260717_205539_controller_right,exp2_design_attribution,occlusion_recovery,trial_001,event_014,exp1_system_characterization/occlusion_recovery,78,78,1.0,0.08429861813783646,9.819219779522218
